EventSensor_ns,RowType,Source_Index,Source_SensorTimestamp_ns,Sink_Index,Sink_SensorTimestamp_ns,Sink_SensorTimestamp_Corrected_ns,TimeDifference_ns,TimeDifference_ms
7242027823000,MATCHED,0,7242027823000,0,8830244202000,7242027823000,0,0.000000
7242061155000,MATCHED,1,7242061155000,1,8830277523000,7242061144000,11000,0.011000
7242094464000,MATCHED,2,7242094464000,2,8830310847000,7242094468000,-4000,-0.004000
7242127780000,MATCHED,3,7242127780000,3,8830344161000,7242127782000,-2000,-0.002000
7242161108000,MATCHED,4,7242161108000,4,8830377476000,7242161097000,11000,0.011000
7242194420000,MATCHED,5,7242194420000,5,8830410795000,7242194416000,4000,0.004000
7242227735000,MATCHED,6,7242227735000,6,8830444116000,7242227737000,-2000,-0.002000
7242261058000,MATCHED,7,7242261058000,7,8830477433000,7242261054000,4000,0.004000
7242294375000,MATCHED,8,7242294375000,8,8830510752000,7242294373000,2000,0.002000
7242327691000,MATCHED,9,7242327691000,9,8830544068000,7242327689000,2000,0.002000
7242361006000,MATCHED,10,7242361006000,10,8830577388000,7242361009000,-3000,-0.003000
7242394325000,MATCHED,11,7242394325000,11,8830610707000,7242394328000,-3000,-0.003000
7242427644000,MATCHED,12,7242427644000,12,8830644043000,7242427664000,-20000,-0.020000
7242460962000,MATCHED,13,7242460962000,13,8830677347000,7242460968000,-6000,-0.006000
7242494283000,MATCHED,14,7242494283000,14,8830710669000,7242494290000,-7000,-0.007000
7242527603000,MATCHED,15,7242527603000,15,8830743989000,7242527610000,-7000,-0.007000
7242560922000,MATCHED,16,7242560922000,16,8830777303000,7242560924000,-2000,-0.002000
7242594241000,MATCHED,17,7242594241000,17,8830810616000,7242594237000,4000,0.004000
7242627560000,MATCHED,18,7242627560000,18,8830843932000,7242627553000,7000,0.007000
7242660876000,MATCHED,19,7242660876000,19,8830877250000,7242660871000,5000,0.005000
7242694194000,MATCHED,20,7242694194000,20,8830910569000,7242694190000,4000,0.004000
7242727512000,MATCHED,21,7242727512000,21,8830943895000,7242727516000,-4000,-0.004000
7242760840000,MATCHED,22,7242760840000,22,8830977207000,7242760828000,12000,0.012000
7242794154000,MATCHED,23,7242794154000,23,8831010527000,7242794148000,6000,0.006000
7242827484000,MATCHED,24,7242827484000,24,8831043845000,7242827466000,18000,0.018000
7242860794000,MATCHED,25,7242860794000,25,8831077164000,7242860785000,9000,0.009000
7242894109000,MATCHED,26,7242894109000,26,8831110481000,7242894102000,7000,0.007000
7242927425000,MATCHED,27,7242927425000,27,8831143799000,7242927420000,5000,0.005000
7242960741000,MATCHED,28,7242960741000,28,8831177117000,7242960738000,3000,0.003000
7242994063000,MATCHED,29,7242994063000,29,8831210436000,7242994057000,6000,0.006000
7243027380000,MATCHED,30,7243027380000,30,8831243756000,7243027377000,3000,0.003000
7243060701000,MATCHED,31,7243060701000,31,8831277073000,7243060694000,7000,0.007000
7243094022000,MATCHED,32,7243094022000,32,8831310392000,7243094013000,9000,0.009000
7243127338000,MATCHED,33,7243127338000,33,8831343710000,7243127331000,7000,0.007000
7243160655000,MATCHED,34,7243160655000,34,8831377029000,7243160650000,5000,0.005000
7243193971000,MATCHED,35,7243193971000,35,8831410348000,7243193969000,2000,0.002000
7243227295000,MATCHED,36,7243227295000,36,8831443666000,7243227287000,8000,0.008000
7243260607000,MATCHED,37,7243260607000,37,8831476984000,7243260605000,2000,0.002000
7243293929000,MATCHED,38,7243293929000,38,8831510303000,7243293924000,5000,0.005000
7243327244000,MATCHED,39,7243327244000,39,8831543621000,7243327242000,2000,0.002000
7243360563000,MATCHED,40,7243360563000,40,8831576940000,7243360561000,2000,0.002000
7243393885000,MATCHED,41,7243393885000,41,8831610258000,7243393879000,6000,0.006000
7243427202000,MATCHED,42,7243427202000,42,8831643576000,7243427197000,5000,0.005000
7243460518000,MATCHED,43,7243460518000,43,8831676896000,7243460517000,1000,0.001000
7243493843000,MATCHED,44,7243493843000,44,8831710214000,7243493835000,8000,0.008000
7243527153000,MATCHED,45,7243527153000,45,8831743531000,7243527152000,1000,0.001000
7243560475000,MATCHED,46,7243560475000,46,8831776849000,7243560470000,5000,0.005000
7243593792000,MATCHED,47,7243593792000,47,8831810168000,7243593789000,3000,0.003000
7243627115000,MATCHED,48,7243627115000,48,8831843487000,7243627108000,7000,0.007000
7243660431000,MATCHED,49,7243660431000,49,8831876806000,7243660427000,4000,0.004000
7243693756000,MATCHED,50,7243693756000,50,8831910123000,7243693744000,12000,0.012000
7243727067000,MATCHED,51,7243727067000,51,8831943443000,7243727064000,3000,0.003000
7243760383000,MATCHED,52,7243760383000,52,8831976761000,7243760382000,1000,0.001000
7243793705000,MATCHED,53,7243793705000,53,8832010079000,7243793700000,5000,0.005000
7243827019000,MATCHED,54,7243827019000,54,8832043399000,7243827020000,-1000,-0.001000
7243860338000,MATCHED,55,7243860338000,55,8832076716000,7243860337000,1000,0.001000
7243893660000,MATCHED,56,7243893660000,56,8832110035000,7243893656000,4000,0.004000
7243926977000,MATCHED,57,7243926977000,57,8832143354000,7243926975000,2000,0.002000
7243960300000,MATCHED,58,7243960300000,58,8832176672000,7243960293000,7000,0.007000
7243993618000,MATCHED,59,7243993618000,59,8832209991000,7243993612000,6000,0.006000
7244026934000,MATCHED,60,7244026934000,60,8832243309000,7244026930000,4000,0.004000
7244060249000,MATCHED,61,7244060249000,61,8832276627000,7244060248000,1000,0.001000
7244093570000,MATCHED,62,7244093570000,62,8832309949000,7244093570000,0,0.000000
7244126887000,MATCHED,63,7244126887000,63,8832343264000,7244126885000,2000,0.002000
7244160206000,MATCHED,64,7244160206000,64,8832376584000,7244160205000,1000,0.001000
7244193525000,MATCHED,65,7244193525000,65,8832409901000,7244193522000,3000,0.003000
7244226840000,MATCHED,66,7244226840000,66,8832443219000,7244226840000,0,0.000000
7244260159000,MATCHED,67,7244260159000,67,8832476538000,7244260159000,0,0.000000
7244293479000,MATCHED,68,7244293479000,68,8832509855000,7244293476000,3000,0.003000
7244326799000,MATCHED,69,7244326799000,69,8832543174000,7244326795000,4000,0.004000
7244360117000,MATCHED,70,7244360117000,70,8832576493000,7244360114000,3000,0.003000
7244393437000,MATCHED,71,7244393437000,71,8832609812000,7244393433000,4000,0.004000
7244426754000,MATCHED,72,7244426754000,72,8832643130000,7244426751000,3000,0.003000
7244460072000,MATCHED,73,7244460072000,73,8832676448000,7244460069000,3000,0.003000
7244493393000,MATCHED,74,7244493393000,74,8832709767000,7244493388000,5000,0.005000
7244526713000,MATCHED,75,7244526713000,75,8832743085000,7244526706000,7000,0.007000
7244560029000,MATCHED,76,7244560029000,76,8832776404000,7244560025000,4000,0.004000
7244593353000,MATCHED,77,7244593353000,77,8832809722000,7244593343000,10000,0.010000
7244626679000,MATCHED,78,7244626679000,78,8832843041000,7244626662000,17000,0.017000
7244659996000,MATCHED,79,7244659996000,79,8832876359000,7244659980000,16000,0.016000
7244693307000,MATCHED,80,7244693307000,80,8832909677000,7244693298000,9000,0.009000
7244726625000,MATCHED,81,7244726625000,81,8832942997000,7244726618000,7000,0.007000
7244759947000,MATCHED,82,7244759947000,82,8832976315000,7244759936000,11000,0.011000
7244793256000,MATCHED,83,7244793256000,83,8833009633000,7244793254000,2000,0.002000
7244826574000,MATCHED,84,7244826574000,84,8833042952000,7244826573000,1000,0.001000
7244859895000,MATCHED,85,7244859895000,85,8833076270000,7244859891000,4000,0.004000
7244893212000,MATCHED,86,7244893212000,86,8833109588000,7244893209000,3000,0.003000
7244926531000,MATCHED,87,7244926531000,87,8833142907000,7244926528000,3000,0.003000
7244959852000,MATCHED,88,7244959852000,88,8833176225000,7244959846000,6000,0.006000
7244993170000,MATCHED,89,7244993170000,89,8833209543000,7244993164000,6000,0.006000
7245026494000,MATCHED,90,7245026494000,90,8833242862000,7245026483000,11000,0.011000
7245059821000,MATCHED,91,7245059821000,91,8833276180000,7245059801000,20000,0.020000
7245093142000,MATCHED,92,7245093142000,92,8833309499000,7245093120000,22000,0.022000
7245126461000,MATCHED,93,7245126461000,93,8833342817000,7245126438000,23000,0.023000
7245159766000,MATCHED,94,7245159766000,94,8833376137000,7245159758000,8000,0.008000
7245193082000,MATCHED,95,7245193082000,95,8833409455000,7245193076000,6000,0.006000
7245226409000,MATCHED,96,7245226409000,96,8833442775000,7245226396000,13000,0.013000
7245259716000,MATCHED,97,7245259716000,97,8833476093000,7245259714000,2000,0.002000
7245293039000,MATCHED,98,7245293039000,98,8833509412000,7245293033000,6000,0.006000
7245326355000,MATCHED,99,7245326355000,99,8833542730000,7245326351000,4000,0.004000
7245359678000,MATCHED,100,7245359678000,100,8833576049000,7245359670000,8000,0.008000
7245392991000,MATCHED,101,7245392991000,101,8833609367000,7245392988000,3000,0.003000
7245426308000,MATCHED,102,7245426308000,102,8833642685000,7245426306000,2000,0.002000
7245459626000,MATCHED,103,7245459626000,103,8833676003000,7245459624000,2000,0.002000
7245492949000,MATCHED,104,7245492949000,104,8833709322000,7245492943000,6000,0.006000
7245526263000,MATCHED,105,7245526263000,105,8833742640000,7245526261000,2000,0.002000
7245559583000,MATCHED,106,7245559583000,106,8833775958000,7245559579000,4000,0.004000
7245592902000,MATCHED,107,7245592902000,107,8833809277000,7245592898000,4000,0.004000
7245626219000,MATCHED,108,7245626219000,108,8833842596000,7245626217000,2000,0.002000
7245659546000,MATCHED,109,7245659546000,109,8833875914000,7245659535000,11000,0.011000
7245692863000,MATCHED,110,7245692863000,110,8833909233000,7245692854000,9000,0.009000
7245726176000,MATCHED,111,7245726176000,111,8833942551000,7245726172000,4000,0.004000
7245759499000,MATCHED,112,7245759499000,112,8833975870000,7245759491000,8000,0.008000
7245792814000,MATCHED,113,7245792814000,113,8834009188000,7245792809000,5000,0.005000
7245826134000,MATCHED,114,7245826134000,114,8834042506000,7245826127000,7000,0.007000
7245859446000,MATCHED,115,7245859446000,115,8834075825000,7245859446000,0,0.000000
7245892766000,MATCHED,116,7245892766000,116,8834109143000,7245892764000,2000,0.002000
7245926084000,MATCHED,117,7245926084000,117,8834142462000,7245926083000,1000,0.001000
7245959404000,MATCHED,118,7245959404000,118,8834175780000,7245959401000,3000,0.003000
7245992722000,MATCHED,119,7245992722000,119,8834209099000,7245992720000,2000,0.002000
7246026041000,MATCHED,120,7246026041000,120,8834242417000,7246026038000,3000,0.003000
7246059359000,MATCHED,121,7246059359000,121,8834275736000,7246059357000,2000,0.002000
7246092678000,MATCHED,122,7246092678000,122,8834309052000,7246092673000,5000,0.005000
7246125995000,MATCHED,123,7246125995000,123,8834342378000,7246125999000,-4000,-0.004000
7246159317000,MATCHED,124,7246159317000,124,8834375692000,7246159313000,4000,0.004000
7246192633000,MATCHED,125,7246192633000,125,8834409009000,7246192630000,3000,0.003000
7246225951000,MATCHED,126,7246225951000,126,8834442328000,7246225949000,2000,0.002000
7246259269000,MATCHED,127,7246259269000,127,8834475646000,7246259267000,2000,0.002000
7246292593000,MATCHED,128,7246292593000,128,8834508965000,7246292586000,7000,0.007000
7246325906000,MATCHED,129,7246325906000,129,8834542283000,7246325904000,2000,0.002000
7246359226000,MATCHED,130,7246359226000,130,8834575602000,7246359223000,3000,0.003000
7246392542000,MATCHED,131,7246392542000,131,8834608921000,7246392542000,0,0.000000
7246425863000,MATCHED,132,7246425863000,132,8834642239000,7246425860000,3000,0.003000
7246459181000,MATCHED,133,7246459181000,133,8834675557000,7246459178000,3000,0.003000
7246492502000,MATCHED,134,7246492502000,134,8834708875000,7246492496000,6000,0.006000
7246525820000,MATCHED,135,7246525820000,135,8834742194000,7246525815000,5000,0.005000
7246559139000,MATCHED,136,7246559139000,136,8834775512000,7246559133000,6000,0.006000
7246592456000,MATCHED,137,7246592456000,137,8834808830000,7246592451000,5000,0.005000
7246625776000,MATCHED,138,7246625776000,138,8834842149000,7246625770000,6000,0.006000
7246659091000,MATCHED,139,7246659091000,139,8834875468000,7246659089000,2000,0.002000
7246692411000,MATCHED,140,7246692411000,140,8834908785000,7246692406000,5000,0.005000
7246725728000,MATCHED,141,7246725728000,141,8834942104000,7246725725000,3000,0.003000
7246759047000,MATCHED,142,7246759047000,142,8834975423000,7246759044000,3000,0.003000
7246792366000,MATCHED,143,7246792366000,143,8835008742000,7246792363000,3000,0.003000
7246825684000,MATCHED,144,7246825684000,144,8835042060000,7246825681000,3000,0.003000
7246859002000,MATCHED,145,7246859002000,145,8835075378000,7246858999000,3000,0.003000
7246892326000,MATCHED,146,7246892326000,146,8835108697000,7246892318000,8000,0.008000
7246925636000,MATCHED,147,7246925636000,147,8835142015000,7246925636000,0,0.000000
7246958957000,MATCHED,148,7246958957000,148,8835175333000,7246958954000,3000,0.003000
7246992275000,MATCHED,149,7246992275000,149,8835208653000,7246992274000,1000,0.001000
7247025597000,MATCHED,150,7247025597000,150,8835241971000,7247025592000,5000,0.005000
7247058914000,MATCHED,151,7247058914000,151,8835275292000,7247058913000,1000,0.001000
7247092231000,MATCHED,152,7247092231000,152,8835308609000,7247092230000,1000,0.001000
7247125548000,MATCHED,153,7247125548000,153,8835341925000,7247125546000,2000,0.002000
7247158870000,MATCHED,154,7247158870000,154,8835375244000,7247158865000,5000,0.005000
7247192195000,MATCHED,155,7247192195000,155,8835408563000,7247192184000,11000,0.011000
7247225505000,MATCHED,156,7247225505000,156,8835441881000,7247225502000,3000,0.003000
7247258821000,MATCHED,157,7247258821000,157,8835475200000,7247258821000,0,0.000000
7247292142000,MATCHED,158,7247292142000,158,8835508518000,7247292139000,3000,0.003000
7247325479000,MATCHED,159,7247325479000,159,8835541836000,7247325457000,22000,0.022000
7247358781000,MATCHED,160,7247358781000,160,8835575155000,7247358776000,5000,0.005000
7247392096000,MATCHED,161,7247392096000,161,8835608474000,7247392095000,1000,0.001000
7247425415000,MATCHED,162,7247425415000,162,8835641792000,7247425413000,2000,0.002000
7247458734000,MATCHED,163,7247458734000,163,8835675111000,7247458732000,2000,0.002000
7247492057000,MATCHED,164,7247492057000,164,8835708429000,7247492050000,7000,0.007000
7247525372000,MATCHED,165,7247525372000,165,8835741747000,7247525368000,4000,0.004000
7247558688000,MATCHED,166,7247558688000,166,8835775066000,7247558687000,1000,0.001000
7247592033000,MATCHED,167,7247592033000,167,8835808384000,7247592005000,28000,0.028000
7247625332000,MATCHED,168,7247625332000,168,8835841702000,7247625323000,9000,0.009000
7247658645000,MATCHED,169,7247658645000,169,8835875021000,7247658642000,3000,0.003000
7247691969000,MATCHED,170,7247691969000,170,8835908340000,7247691961000,8000,0.008000
7247725280000,MATCHED,171,7247725280000,171,8835941658000,7247725279000,1000,0.001000
7247758600000,MATCHED,172,7247758600000,172,8835974976000,7247758597000,3000,0.003000
7247791919000,MATCHED,173,7247791919000,173,8836008295000,7247791916000,3000,0.003000
7247825241000,MATCHED,174,7247825241000,174,8836041613000,7247825234000,7000,0.007000
7247858558000,MATCHED,175,7247858558000,175,8836074932000,7247858553000,5000,0.005000
7247891881000,MATCHED,176,7247891881000,176,8836108250000,7247891871000,10000,0.010000
7247925204000,MATCHED,177,7247925204000,177,8836141568000,7247925189000,15000,0.015000
7247958523000,MATCHED,178,7247958523000,178,8836174887000,7247958508000,15000,0.015000
7247991838000,MATCHED,179,7247991838000,179,8836208206000,7247991827000,11000,0.011000
7248025149000,MATCHED,180,7248025149000,180,8836241524000,7248025145000,4000,0.004000
7248058479000,MATCHED,181,7248058479000,181,8836274843000,7248058464000,15000,0.015000
7248091786000,MATCHED,182,7248091786000,182,8836308158000,7248091779000,7000,0.007000
7248125103000,MATCHED,183,7248125103000,183,8836341480000,7248125101000,2000,0.002000
7248158421000,MATCHED,184,7248158421000,184,8836374797000,7248158418000,3000,0.003000
7248191742000,MATCHED,185,7248191742000,185,8836408116000,7248191737000,5000,0.005000
7248225057000,MATCHED,186,7248225057000,186,8836441435000,7248225056000,1000,0.001000
7248258377000,MATCHED,187,7248258377000,187,8836474753000,7248258374000,3000,0.003000
7248291698000,MATCHED,188,7248291698000,188,8836508071000,7248291692000,6000,0.006000
7248325014000,MATCHED,189,7248325014000,189,8836541390000,7248325011000,3000,0.003000
7248358333000,MATCHED,190,7248358333000,190,8836574708000,7248358329000,4000,0.004000
7248391657000,MATCHED,191,7248391657000,191,8836608030000,7248391651000,6000,0.006000
7248424977000,MATCHED,192,7248424977000,192,8836641345000,7248424966000,11000,0.011000
7248458293000,MATCHED,193,7248458293000,193,8836674664000,7248458285000,8000,0.008000
7248491606000,MATCHED,194,7248491606000,194,8836707982000,7248491603000,3000,0.003000
7248524924000,MATCHED,195,7248524924000,195,8836741301000,7248524922000,2000,0.002000
7248558243000,MATCHED,196,7248558243000,196,8836774619000,7248558240000,3000,0.003000
7248591561000,MATCHED,197,7248591561000,197,8836807937000,7248591558000,3000,0.003000
7248624880000,MATCHED,198,7248624880000,198,8836841256000,7248624877000,3000,0.003000
7248658203000,MATCHED,199,7248658203000,199,8836874574000,7248658195000,8000,0.008000
7248691516000,MATCHED,200,7248691516000,200,8836907893000,7248691514000,2000,0.002000
7248724835000,MATCHED,201,7248724835000,201,8836941211000,7248724832000,3000,0.003000
7248758155000,MATCHED,202,7248758155000,202,8836974530000,7248758151000,4000,0.004000
7248791473000,MATCHED,203,7248791473000,203,8837007849000,7248791470000,3000,0.003000
7248824791000,MATCHED,204,7248824791000,204,8837041167000,7248824788000,3000,0.003000
7248858111000,MATCHED,205,7248858111000,205,8837074485000,7248858106000,5000,0.005000
7248891427000,MATCHED,206,7248891427000,206,8837107804000,7248891425000,2000,0.002000
7248924747000,MATCHED,207,7248924747000,207,8837141122000,7248924743000,4000,0.004000
7248958063000,MATCHED,208,7248958063000,208,8837174441000,7248958062000,1000,0.001000
7248991382000,MATCHED,209,7248991382000,209,8837207759000,7248991380000,2000,0.002000
7249024702000,MATCHED,210,7249024702000,210,8837241078000,7249024699000,3000,0.003000
7249058019000,MATCHED,211,7249058019000,211,8837274396000,7249058017000,2000,0.002000
7249091338000,MATCHED,212,7249091338000,212,8837307715000,7249091336000,2000,0.002000
7249124655000,MATCHED,213,7249124655000,213,8837341032000,7249124653000,2000,0.002000
7249157974000,MATCHED,214,7249157974000,214,8837374352000,7249157973000,1000,0.001000
7249191301000,MATCHED,215,7249191301000,215,8837407669000,7249191290000,11000,0.011000
7249224613000,MATCHED,216,7249224613000,216,8837440989000,7249224610000,3000,0.003000
7249257932000,MATCHED,217,7249257932000,217,8837474306000,7249257927000,5000,0.005000
7249291251000,MATCHED,218,7249291251000,218,8837507625000,7249291246000,5000,0.005000
7249324568000,MATCHED,219,7249324568000,219,8837540944000,7249324565000,3000,0.003000
7249357887000,MATCHED,220,7249357887000,220,8837574263000,7249357884000,3000,0.003000
7249391204000,MATCHED,221,7249391204000,221,8837607580000,7249391201000,3000,0.003000
7249424523000,MATCHED,222,7249424523000,222,8837640899000,7249424520000,3000,0.003000
7249457842000,MATCHED,223,7249457842000,223,8837674218000,7249457839000,3000,0.003000
7249491160000,MATCHED,224,7249491160000,224,8837707535000,7249491156000,4000,0.004000
7249524479000,MATCHED,225,7249524479000,225,8837740855000,7249524476000,3000,0.003000
7249557799000,MATCHED,226,7249557799000,226,8837774172000,7249557793000,6000,0.006000
7249591118000,MATCHED,227,7249591118000,227,8837807491000,7249591112000,6000,0.006000
7249624434000,MATCHED,228,7249624434000,228,8837840811000,7249624432000,2000,0.002000
7249657752000,MATCHED,229,7249657752000,229,8837874128000,7249657749000,3000,0.003000
7249691072000,MATCHED,230,7249691072000,230,8837907447000,7249691068000,4000,0.004000
7249724391000,MATCHED,231,7249724391000,231,8837940765000,7249724386000,5000,0.005000
7249757713000,MATCHED,232,7249757713000,232,8837974083000,7249757704000,9000,0.009000
7249791024000,MATCHED,233,7249791024000,233,8838007402000,7249791023000,1000,0.001000
7249824347000,MATCHED,234,7249824347000,234,8838040720000,7249824341000,6000,0.006000
7249857662000,MATCHED,235,7249857662000,235,8838074039000,7249857660000,2000,0.002000
7249890980000,MATCHED,236,7249890980000,236,8838107357000,7249890978000,2000,0.002000
7249924296000,MATCHED,237,7249924296000,237,8838140676000,7249924297000,-1000,-0.001000
7249957615000,MATCHED,238,7249957615000,238,8838173994000,7249957615000,0,0.000000
7249990938000,MATCHED,239,7249990938000,239,8838207312000,7249990933000,5000,0.005000
7250024252000,MATCHED,240,7250024252000,240,8838240632000,7250024253000,-1000,-0.001000
7250057572000,MATCHED,241,7250057572000,241,8838273950000,7250057571000,1000,0.001000
7250090892000,MATCHED,242,7250090892000,242,8838307265000,7250090886000,6000,0.006000
7250124213000,MATCHED,243,7250124213000,243,8838340587000,7250124208000,5000,0.005000
7250157527000,MATCHED,244,7250157527000,244,8838373905000,7250157526000,1000,0.001000
7250190847000,MATCHED,245,7250190847000,245,8838407223000,7250190844000,3000,0.003000
7250224165000,MATCHED,246,7250224165000,246,8838440541000,7250224162000,3000,0.003000
7250257485000,MATCHED,247,7250257485000,247,8838473860000,7250257481000,4000,0.004000
7250290806000,MATCHED,248,7250290806000,248,8838507178000,7250290799000,7000,0.007000
7250324120000,MATCHED,249,7250324120000,249,8838540498000,7250324119000,1000,0.001000
7250357438000,MATCHED,250,7250357438000,250,8838573816000,7250357437000,1000,0.001000
7250390757000,MATCHED,251,7250390757000,251,8838607135000,7250390756000,1000,0.001000
7250424075000,MATCHED,252,7250424075000,252,8838640453000,7250424074000,1000,0.001000
7250457395000,MATCHED,253,7250457395000,253,8838673771000,7250457392000,3000,0.003000
7250490713000,MATCHED,254,7250490713000,254,8838707089000,7250490710000,3000,0.003000
7250524029000,MATCHED,255,7250524029000,255,8838740408000,7250524029000,0,0.000000
7250557350000,MATCHED,256,7250557350000,256,8838773726000,7250557347000,3000,0.003000
7250590667000,MATCHED,257,7250590667000,257,8838807044000,7250590665000,2000,0.002000
7250623988000,MATCHED,258,7250623988000,258,8838840363000,7250623984000,4000,0.004000
7250657305000,MATCHED,259,7250657305000,259,8838873682000,7250657303000,2000,0.002000
7250690623000,MATCHED,260,7250690623000,260,8838907000000,7250690621000,2000,0.002000
7250723941000,MATCHED,261,7250723941000,261,8838940319000,7250723940000,1000,0.001000
7250757259000,MATCHED,262,7250757259000,262,8838973638000,7250757259000,0,0.000000
7250790584000,MATCHED,263,7250790584000,263,8839006957000,7250790578000,6000,0.006000
7250823898000,MATCHED,264,7250823898000,264,8839040273000,7250823894000,4000,0.004000
7250857219000,MATCHED,265,7250857219000,265,8839073592000,7250857213000,6000,0.006000
7250890533000,MATCHED,266,7250890533000,266,8839106911000,7250890532000,1000,0.001000
7250923854000,MATCHED,267,7250923854000,267,8839140229000,7250923850000,4000,0.004000
7250957171000,MATCHED,268,7250957171000,268,8839173547000,7250957168000,3000,0.003000
7250990488000,MATCHED,269,7250990488000,269,8839206866000,7250990487000,1000,0.001000
7251023804000,MATCHED,270,7251023804000,270,8839240185000,7251023806000,-2000,-0.002000
7251057125000,MATCHED,271,7251057125000,271,8839273503000,7251057124000,1000,0.001000
7251090446000,MATCHED,272,7251090446000,272,8839306821000,7251090442000,4000,0.004000
7251123762000,MATCHED,273,7251123762000,273,8839340140000,7251123761000,1000,0.001000
7251157084000,MATCHED,274,7251157084000,274,8839373460000,7251157081000,3000,0.003000
7251190399000,MATCHED,275,7251190399000,275,8839406777000,7251190398000,1000,0.001000
7251223722000,MATCHED,276,7251223722000,276,8839440095000,7251223716000,6000,0.006000
7251257039000,MATCHED,277,7251257039000,277,8839473413000,7251257034000,5000,0.005000
7251290359000,MATCHED,278,7251290359000,278,8839506732000,7251290353000,6000,0.006000
7251323673000,MATCHED,279,7251323673000,279,8839540051000,7251323672000,1000,0.001000
7251356992000,MATCHED,280,7251356992000,280,8839573369000,7251356990000,2000,0.002000
7251390315000,MATCHED,281,7251390315000,281,8839606688000,7251390309000,6000,0.006000
7251423629000,MATCHED,282,7251423629000,282,8839640021000,7251423642000,-13000,-0.013000
7251456950000,MATCHED,283,7251456950000,283,8839673324000,7251456945000,5000,0.005000
7251490268000,MATCHED,284,7251490268000,284,8839706643000,7251490264000,4000,0.004000
7251523593000,MATCHED,285,7251523593000,285,8839739961000,7251523582000,11000,0.011000
7251556907000,MATCHED,286,7251556907000,286,8839773280000,7251556901000,6000,0.006000
7251590224000,MATCHED,287,7251590224000,287,8839806598000,7251590219000,5000,0.005000
7251623545000,MATCHED,288,7251623545000,288,8839839917000,7251623538000,7000,0.007000
7251656862000,MATCHED,289,7251656862000,289,8839873235000,7251656856000,6000,0.006000
7251690179000,MATCHED,290,7251690179000,290,8839906554000,7251690175000,4000,0.004000
7251723501000,MATCHED,291,7251723501000,291,8839939872000,7251723493000,8000,0.008000
7251756814000,MATCHED,292,7251756814000,292,8839973190000,7251756811000,3000,0.003000
7251790133000,MATCHED,293,7251790133000,293,8840006509000,7251790130000,3000,0.003000
7251823452000,MATCHED,294,7251823452000,294,8840039828000,7251823449000,3000,0.003000
7251856770000,MATCHED,295,7251856770000,295,8840073146000,7251856767000,3000,0.003000
7251890092000,MATCHED,296,7251890092000,296,8840106464000,7251890085000,7000,0.007000
7251923409000,MATCHED,297,7251923409000,297,8840139783000,7251923404000,5000,0.005000
7251956725000,MATCHED,298,7251956725000,298,8840173101000,7251956722000,3000,0.003000
7251990045000,MATCHED,299,7251990045000,299,8840206421000,7251990042000,3000,0.003000
7252023366000,MATCHED,300,7252023366000,300,8840239738000,7252023359000,7000,0.007000
7252056684000,MATCHED,301,7252056684000,301,8840273057000,7252056678000,6000,0.006000
7252090003000,MATCHED,302,7252090003000,302,8840306374000,7252089995000,8000,0.008000
7252123321000,MATCHED,303,7252123321000,303,8840339693000,7252123314000,7000,0.007000
7252156636000,MATCHED,304,7252156636000,304,8840373012000,7252156633000,3000,0.003000
7252189959000,MATCHED,305,7252189959000,305,8840406334000,7252189955000,4000,0.004000
7252223278000,MATCHED,306,7252223278000,306,8840439652000,7252223273000,5000,0.005000
7252256594000,MATCHED,307,7252256594000,307,8840472966000,7252256587000,7000,0.007000
7252289914000,MATCHED,308,7252289914000,308,8840506285000,7252289906000,8000,0.008000
7252323230000,MATCHED,309,7252323230000,309,8840539603000,7252323224000,6000,0.006000
7252356552000,MATCHED,310,7252356552000,310,8840572923000,7252356544000,8000,0.008000
7252389866000,MATCHED,311,7252389866000,311,8840606242000,7252389863000,3000,0.003000
7252423187000,MATCHED,312,7252423187000,312,8840639560000,7252423181000,6000,0.006000
7252456504000,MATCHED,313,7252456504000,313,8840672879000,7252456500000,4000,0.004000
7252489819000,MATCHED,314,7252489819000,314,8840706197000,7252489818000,1000,0.001000
7252523146000,MATCHED,315,7252523146000,315,8840739516000,7252523137000,9000,0.009000
7252556460000,MATCHED,316,7252556460000,316,8840772834000,7252556455000,5000,0.005000
7252589779000,MATCHED,317,7252589779000,317,8840806153000,7252589774000,5000,0.005000
7252623095000,MATCHED,318,7252623095000,318,8840839471000,7252623092000,3000,0.003000
7252656414000,MATCHED,319,7252656414000,319,8840872790000,7252656411000,3000,0.003000
7252689732000,MATCHED,320,7252689732000,320,8840906108000,7252689729000,3000,0.003000
7252723052000,MATCHED,321,7252723052000,321,8840939426000,7252723047000,5000,0.005000
7252756369000,MATCHED,322,7252756369000,322,8840972744000,7252756365000,4000,0.004000
7252789689000,MATCHED,323,7252789689000,323,8841006066000,7252789687000,2000,0.002000
7252823006000,MATCHED,324,7252823006000,324,8841039381000,7252823002000,4000,0.004000
7252856325000,MATCHED,325,7252856325000,325,8841072699000,7252856320000,5000,0.005000
7252889642000,MATCHED,326,7252889642000,326,8841106019000,7252889640000,2000,0.002000
7252922966000,MATCHED,327,7252922966000,327,8841139337000,7252922958000,8000,0.008000
7252956283000,MATCHED,328,7252956283000,328,8841172655000,7252956276000,7000,0.007000
7252989596000,MATCHED,329,7252989596000,329,8841205973000,7252989594000,2000,0.002000
7253022914000,MATCHED,330,7253022914000,330,8841239292000,7253022913000,1000,0.001000
7253056233000,MATCHED,331,7253056233000,331,8841272611000,7253056232000,1000,0.001000
7253089552000,MATCHED,332,7253089552000,332,8841305931000,7253089552000,0,0.000000
7253122869000,MATCHED,333,7253122869000,333,8841339248000,7253122869000,0,0.000000
7253156189000,MATCHED,334,7253156189000,334,8841372566000,7253156187000,2000,0.002000
7253189505000,MATCHED,335,7253189505000,335,8841405885000,7253189506000,-1000,-0.001000
7253222823000,MATCHED,336,7253222823000,336,8841439202000,7253222823000,0,0.000000
7253256144000,MATCHED,337,7253256144000,337,8841472522000,7253256143000,1000,0.001000
7253289463000,MATCHED,338,7253289463000,338,8841505840000,7253289461000,2000,0.002000
7253322784000,MATCHED,339,7253322784000,339,8841539158000,7253322779000,5000,0.005000
7253356102000,MATCHED,340,7253356102000,340,8841572476000,7253356097000,5000,0.005000
7253389423000,MATCHED,341,7253389423000,341,8841605795000,7253389416000,7000,0.007000
7253422738000,MATCHED,342,7253422738000,342,8841639113000,7253422734000,4000,0.004000
7253456060000,MATCHED,343,7253456060000,343,8841672431000,7253456052000,8000,0.008000
7253489372000,MATCHED,344,7253489372000,344,8841705750000,7253489371000,1000,0.001000
7253522692000,MATCHED,345,7253522692000,345,8841739068000,7253522689000,3000,0.003000
7253556029000,MATCHED,346,7253556029000,346,8841772387000,7253556008000,21000,0.021000
7253589331000,MATCHED,347,7253589331000,347,8841805705000,7253589326000,5000,0.005000
7253622654000,MATCHED,348,7253622654000,348,8841839024000,7253622645000,9000,0.009000
7253655969000,MATCHED,349,7253655969000,349,8841872343000,7253655964000,5000,0.005000
7253689287000,MATCHED,350,7253689287000,350,8841905660000,7253689281000,6000,0.006000
7253722604000,MATCHED,351,7253722604000,351,8841938980000,7253722601000,3000,0.003000
7253755929000,MATCHED,352,7253755929000,352,8841972297000,7253755918000,11000,0.011000
7253789240000,MATCHED,353,7253789240000,353,8842005616000,7253789237000,3000,0.003000
7253822559000,MATCHED,354,7253822559000,354,8842038935000,7253822556000,3000,0.003000
7253855877000,MATCHED,355,7253855877000,355,8842072254000,7253855875000,2000,0.002000
7253889206000,MATCHED,356,7253889206000,356,8842105572000,7253889193000,13000,0.013000
7253922513000,MATCHED,357,7253922513000,357,8842138890000,7253922511000,2000,0.002000
7253955833000,MATCHED,358,7253955833000,358,8842172208000,7253955829000,4000,0.004000
7253989150000,MATCHED,359,7253989150000,359,8842205527000,7253989148000,2000,0.002000
7254022469000,MATCHED,360,7254022469000,360,8842238845000,7254022466000,3000,0.003000
7254055790000,MATCHED,361,7254055790000,361,8842272164000,7254055785000,5000,0.005000
7254089107000,MATCHED,362,7254089107000,362,8842305482000,7254089103000,4000,0.004000
7254122425000,MATCHED,363,7254122425000,363,8842338801000,7254122422000,3000,0.003000
7254155742000,MATCHED,364,7254155742000,364,8842372119000,7254155740000,2000,0.002000
7254189062000,MATCHED,365,7254189062000,365,8842405438000,7254189059000,3000,0.003000
7254222386000,MATCHED,366,7254222386000,366,8842438756000,7254222377000,9000,0.009000
7254255703000,MATCHED,367,7254255703000,367,8842472074000,7254255695000,8000,0.008000
7254289017000,MATCHED,368,7254289017000,368,8842505392000,7254289013000,4000,0.004000
7254322341000,MATCHED,369,7254322341000,369,8842538711000,7254322332000,9000,0.009000
7254355665000,MATCHED,370,7254355665000,370,8842572030000,7254355651000,14000,0.014000
7254388985000,MATCHED,371,7254388985000,371,8842605348000,7254388969000,16000,0.016000
7254422297000,MATCHED,372,7254422297000,372,8842638667000,7254422288000,9000,0.009000
7254455661000,MATCHED,373,7254455661000,373,8842671985000,7254455606000,55000,0.055000
7254488931000,MATCHED,374,7254488931000,374,8842705304000,7254488925000,6000,0.006000
7254522253000,MATCHED,375,7254522253000,375,8842738622000,7254522243000,10000,0.010000
7254555569000,MATCHED,376,7254555569000,376,8842771941000,7254555562000,7000,0.007000
7254588885000,MATCHED,377,7254588885000,377,8842805259000,7254588880000,5000,0.005000
7254622204000,MATCHED,378,7254622204000,378,8842838578000,7254622199000,5000,0.005000
7254655525000,MATCHED,379,7254655525000,379,8842871896000,7254655517000,8000,0.008000
7254688839000,MATCHED,380,7254688839000,380,8842905215000,7254688836000,3000,0.003000
7254722160000,MATCHED,381,7254722160000,381,8842938534000,7254722155000,5000,0.005000
7254755481000,MATCHED,382,7254755481000,382,8842971850000,7254755471000,10000,0.010000
7254788798000,MATCHED,383,7254788798000,383,8843005170000,7254788791000,7000,0.007000
7254822112000,MATCHED,384,7254822112000,384,8843038488000,7254822109000,3000,0.003000
7254855436000,MATCHED,385,7254855436000,385,8843071806000,7254855427000,9000,0.009000
7254888752000,MATCHED,386,7254888752000,386,8843105125000,7254888746000,6000,0.006000
7254922073000,MATCHED,387,7254922073000,387,8843138443000,7254922064000,9000,0.009000
7254955392000,MATCHED,388,7254955392000,388,8843171762000,7254955383000,9000,0.009000
7254988707000,MATCHED,389,7254988707000,389,8843205082000,7254988703000,4000,0.004000
7255022029000,MATCHED,390,7255022029000,390,8843238399000,7255022020000,9000,0.009000
7255055344000,MATCHED,391,7255055344000,391,8843271718000,7255055339000,5000,0.005000
7255088662000,MATCHED,392,7255088662000,392,8843305037000,7255088658000,4000,0.004000
7255121982000,MATCHED,393,7255121982000,393,8843338355000,7255121976000,6000,0.006000
7255155303000,MATCHED,394,7255155303000,394,8843371674000,7255155295000,8000,0.008000
7255188620000,MATCHED,395,7255188620000,395,8843404992000,7255188613000,7000,0.007000
7255221937000,MATCHED,396,7255221937000,396,8843438310000,7255221931000,6000,0.006000
7255255260000,MATCHED,397,7255255260000,397,8843471628000,7255255249000,11000,0.011000
7255288573000,MATCHED,398,7255288573000,398,8843504946000,7255288567000,6000,0.006000
7255321892000,MATCHED,399,7255321892000,399,8843538265000,7255321886000,6000,0.006000
7255355209000,MATCHED,400,7255355209000,400,8843571583000,7255355204000,5000,0.005000
7255388532000,MATCHED,401,7255388532000,401,8843604903000,7255388524000,8000,0.008000
7255421848000,MATCHED,402,7255421848000,402,8843638220000,7255421841000,7000,0.007000
7255455197000,MATCHED,403,7255455197000,403,8843671539000,7255455160000,37000,0.037000
7255488482000,MATCHED,404,7255488482000,404,8843704857000,7255488478000,4000,0.004000
7255521812000,MATCHED,405,7255521812000,405,8843738175000,7255521796000,16000,0.016000
7255555123000,MATCHED,406,7255555123000,406,8843771494000,7255555115000,8000,0.008000
7255588440000,MATCHED,407,7255588440000,407,8843804813000,7255588434000,6000,0.006000
7255621756000,MATCHED,408,7255621756000,408,8843838130000,7255621751000,5000,0.005000
7255655082000,MATCHED,409,7255655082000,409,8843871449000,7255655070000,12000,0.012000
7255688396000,MATCHED,410,7255688396000,410,8843904768000,7255688389000,7000,0.007000
7255721719000,MATCHED,411,7255721719000,411,8843938087000,7255721708000,11000,0.011000
7255755034000,MATCHED,412,7255755034000,412,8843971405000,7255755026000,8000,0.008000
7255788367000,MATCHED,413,7255788367000,413,8844004723000,7255788344000,23000,0.023000
7255821669000,MATCHED,414,7255821669000,414,8844038041000,7255821662000,7000,0.007000
7255854989000,MATCHED,415,7255854989000,415,8844071360000,7255854981000,8000,0.008000
7255888302000,MATCHED,416,7255888302000,416,8844104679000,7255888300000,2000,0.002000
7255921628000,MATCHED,417,7255921628000,417,8844137997000,7255921618000,10000,0.010000
7255954943000,MATCHED,418,7255954943000,418,8844171316000,7255954937000,6000,0.006000
7255988261000,MATCHED,419,7255988261000,419,8844204635000,7255988256000,5000,0.005000
7256021584000,MATCHED,420,7256021584000,420,8844237952000,7256021573000,11000,0.011000
7256054900000,MATCHED,421,7256054900000,421,8844271272000,7256054893000,7000,0.007000
7256088216000,MATCHED,422,7256088216000,422,8844304588000,7256088209000,7000,0.007000
7256121542000,MATCHED,423,7256121542000,423,8844337918000,7256121539000,3000,0.003000
7256154860000,MATCHED,424,7256154860000,424,8844371228000,7256154849000,11000,0.011000
7256188175000,MATCHED,425,7256188175000,425,8844404544000,7256188165000,10000,0.010000
7256221495000,MATCHED,426,7256221495000,426,8844437863000,7256221484000,11000,0.011000
7256254808000,MATCHED,427,7256254808000,427,8844471182000,7256254803000,5000,0.005000
7256288130000,MATCHED,428,7256288130000,428,8844504500000,7256288121000,9000,0.009000
7256321442000,MATCHED,429,7256321442000,429,8844537819000,7256321440000,2000,0.002000
7256354769000,MATCHED,430,7256354769000,430,8844571137000,7256354758000,11000,0.011000
7256388081000,MATCHED,431,7256388081000,431,8844604456000,7256388077000,4000,0.004000
7256421403000,MATCHED,432,7256421403000,432,8844637774000,7256421395000,8000,0.008000
7256454729000,MATCHED,433,7256454729000,433,8844671092000,7256454713000,16000,0.016000
7256488055000,MATCHED,434,7256488055000,434,8844704411000,7256488032000,23000,0.023000
7256521360000,MATCHED,435,7256521360000,435,8844737730000,7256521351000,9000,0.009000
7256554681000,MATCHED,436,7256554681000,436,8844771048000,7256554669000,12000,0.012000
7256588014000,MATCHED,437,7256588014000,437,8844804366000,7256587987000,27000,0.027000
7256621311000,MATCHED,438,7256621311000,438,8844837685000,7256621306000,5000,0.005000
7256654631000,MATCHED,439,7256654631000,439,8844871002000,7256654623000,8000,0.008000
7256687951000,MATCHED,440,7256687951000,440,8844904321000,7256687942000,9000,0.009000
7256721265000,MATCHED,441,7256721265000,441,8844937640000,7256721261000,4000,0.004000
7256754585000,MATCHED,442,7256754585000,442,8844970959000,7256754580000,5000,0.005000
7256787906000,MATCHED,443,7256787906000,443,8845004277000,7256787898000,8000,0.008000
7256821224000,MATCHED,444,7256821224000,444,8845037596000,7256821217000,7000,0.007000
7256854542000,MATCHED,445,7256854542000,445,8845070915000,7256854536000,6000,0.006000
7256887860000,MATCHED,446,7256887860000,446,8845104232000,7256887853000,7000,0.007000
7256921177000,MATCHED,447,7256921177000,447,8845137550000,7256921171000,6000,0.006000
7256954498000,MATCHED,448,7256954498000,448,8845170868000,7256954489000,9000,0.009000
7256987815000,MATCHED,449,7256987815000,449,8845204188000,7256987809000,6000,0.006000
7257021134000,MATCHED,450,7257021134000,450,8845237506000,7257021127000,7000,0.007000
7257054453000,MATCHED,451,7257054453000,451,8845270824000,7257054445000,8000,0.008000
7257087767000,MATCHED,452,7257087767000,452,8845304143000,7257087764000,3000,0.003000
7257121089000,MATCHED,453,7257121089000,453,8845337461000,7257121082000,7000,0.007000
7257154410000,MATCHED,454,7257154410000,454,8845370780000,7257154401000,9000,0.009000
7257187729000,MATCHED,455,7257187729000,455,8845404099000,7257187720000,9000,0.009000
7257221067000,MATCHED,456,7257221067000,456,8845437417000,7257221038000,29000,0.029000
7257254363000,MATCHED,457,7257254363000,457,8845470735000,7257254356000,7000,0.007000
7257287681000,MATCHED,458,7257287681000,458,8845504054000,7257287675000,6000,0.006000
7257320999000,MATCHED,459,7257320999000,459,8845537373000,7257320994000,5000,0.005000
7257354326000,MATCHED,460,7257354326000,460,8845570691000,7257354312000,14000,0.014000
7257387640000,MATCHED,461,7257387640000,461,8845604032000,7257387653000,-13000,-0.013000
7257420954000,MATCHED,462,7257420954000,462,8845637326000,7257420947000,7000,0.007000
7257454280000,MATCHED,463,7257454280000,463,8845670644000,7257454265000,15000,0.015000
7257487598000,MATCHED,464,7257487598000,464,8845703963000,7257487584000,14000,0.014000
7257520910000,MATCHED,465,7257520910000,465,8845737281000,7257520902000,8000,0.008000
7257554229000,MATCHED,466,7257554229000,466,8845770599000,7257554220000,9000,0.009000
7257587548000,MATCHED,467,7257587548000,467,8845803918000,7257587539000,9000,0.009000
7257620899000,MATCHED,468,7257620899000,468,8845837237000,7257620858000,41000,0.041000
7257654184000,MATCHED,469,7257654184000,469,8845870555000,7257654176000,8000,0.008000
7257687504000,MATCHED,470,7257687504000,470,8845903873000,7257687494000,10000,0.010000
7257720821000,MATCHED,471,7257720821000,471,8845937193000,7257720814000,7000,0.007000
7257754143000,MATCHED,472,7257754143000,472,8845970510000,7257754131000,12000,0.012000
7257787458000,MATCHED,473,7257787458000,473,8846003830000,7257787451000,7000,0.007000
7257820775000,MATCHED,474,7257820775000,474,8846037149000,7257820770000,5000,0.005000
7257854105000,MATCHED,475,7257854105000,475,8846070468000,7257854089000,16000,0.016000
7257887417000,MATCHED,476,7257887417000,476,8846103786000,7257887407000,10000,0.010000
7257920732000,MATCHED,477,7257920732000,477,8846137104000,7257920725000,7000,0.007000
7257954056000,MATCHED,478,7257954056000,478,8846170423000,7257954044000,12000,0.012000
7257987369000,MATCHED,479,7257987369000,479,8846203741000,7257987362000,7000,0.007000
7258020684000,MATCHED,480,7258020684000,480,8846237060000,7258020681000,3000,0.003000
7258054002000,MATCHED,481,7258054002000,481,8846270378000,7258053999000,3000,0.003000
7258087321000,MATCHED,482,7258087321000,482,8846303695000,7258087316000,5000,0.005000
7258120640000,MATCHED,483,7258120640000,483,8846337017000,7258120638000,2000,0.002000
7258153957000,MATCHED,484,7258153957000,484,8846370334000,7258153955000,2000,0.002000
7258187274000,MATCHED,485,7258187274000,485,8846403651000,7258187272000,2000,0.002000
7258220594000,MATCHED,486,7258220594000,486,8846436970000,7258220591000,3000,0.003000
7258253912000,MATCHED,487,7258253912000,487,8846470288000,7258253909000,3000,0.003000
7258287237000,MATCHED,488,7258287237000,488,8846503606000,7258287227000,10000,0.010000
7258320548000,MATCHED,489,7258320548000,489,8846536924000,7258320545000,3000,0.003000
7258353866000,MATCHED,490,7258353866000,490,8846570243000,7258353864000,2000,0.002000
7258387185000,MATCHED,491,7258387185000,491,8846603562000,7258387183000,2000,0.002000
7258420505000,MATCHED,492,7258420505000,492,8846636880000,7258420501000,4000,0.004000
7258453831000,MATCHED,493,7258453831000,493,8846670198000,7258453819000,12000,0.012000
7258487141000,MATCHED,494,7258487141000,494,8846703516000,7258487137000,4000,0.004000
7258520461000,MATCHED,495,7258520461000,495,8846736834000,7258520455000,6000,0.006000
7258553788000,MATCHED,496,7258553788000,496,8846770153000,7258553774000,14000,0.014000
7258587099000,MATCHED,497,7258587099000,497,8846803472000,7258587093000,6000,0.006000
7258620415000,MATCHED,498,7258620415000,498,8846836791000,7258620412000,3000,0.003000
7258653732000,MATCHED,499,7258653732000,499,8846870110000,7258653731000,1000,0.001000
7258687051000,MATCHED,500,7258687051000,500,8846903428000,7258687049000,2000,0.002000
7258720371000,MATCHED,501,7258720371000,501,8846936747000,7258720368000,3000,0.003000
7258753690000,MATCHED,502,7258753690000,502,8846970065000,7258753686000,4000,0.004000
7258787006000,MATCHED,503,7258787006000,503,8847003383000,7258787004000,2000,0.002000
7258820326000,MATCHED,504,7258820326000,504,8847036701000,7258820322000,4000,0.004000
7258853645000,MATCHED,505,7258853645000,505,8847070021000,7258853642000,3000,0.003000
7258886964000,MATCHED,506,7258886964000,506,8847103338000,7258886959000,5000,0.005000
7258920281000,MATCHED,507,7258920281000,507,8847136657000,7258920278000,3000,0.003000
7258953599000,MATCHED,508,7258953599000,508,8847169975000,7258953596000,3000,0.003000
7258986925000,MATCHED,509,7258986925000,509,8847203294000,7258986915000,10000,0.010000
7259020238000,MATCHED,510,7259020238000,510,8847236613000,7259020234000,4000,0.004000
7259053554000,MATCHED,511,7259053554000,511,8847269932000,7259053553000,1000,0.001000
7259086876000,MATCHED,512,7259086876000,512,8847303247000,7259086868000,8000,0.008000
7259120194000,MATCHED,513,7259120194000,513,8847336567000,7259120188000,6000,0.006000
7259153509000,MATCHED,514,7259153509000,514,8847369887000,7259153508000,1000,0.001000
7259186828000,MATCHED,515,7259186828000,515,8847403203000,7259186824000,4000,0.004000
7259220149000,MATCHED,516,7259220149000,516,8847436522000,7259220143000,6000,0.006000
7259253464000,MATCHED,517,7259253464000,517,8847469842000,7259253463000,1000,0.001000
7259286785000,MATCHED,518,7259286785000,518,8847503159000,7259286780000,5000,0.005000
7259320102000,MATCHED,519,7259320102000,519,8847536477000,7259320098000,4000,0.004000
7259353421000,MATCHED,520,7259353421000,520,8847569796000,7259353417000,4000,0.004000
7259386738000,MATCHED,521,7259386738000,521,8847603119000,7259386740000,-2000,-0.002000
7259420058000,MATCHED,522,7259420058000,522,8847636432000,7259420053000,5000,0.005000
7259453389000,MATCHED,523,7259453389000,523,8847669750000,7259453371000,18000,0.018000
7259486694000,MATCHED,524,7259486694000,524,8847703069000,7259486690000,4000,0.004000
7259520018000,MATCHED,525,7259520018000,525,8847736387000,7259520008000,10000,0.010000
7259553334000,MATCHED,526,7259553334000,526,8847769706000,7259553327000,7000,0.007000
7259586653000,MATCHED,527,7259586653000,527,8847803023000,7259586644000,9000,0.009000
7259619967000,MATCHED,528,7259619967000,528,8847836344000,7259619965000,2000,0.002000
7259653286000,MATCHED,529,7259653286000,529,8847869660000,7259653281000,5000,0.005000
7259686606000,MATCHED,530,7259686606000,530,8847902980000,7259686601000,5000,0.005000
7259719923000,MATCHED,531,7259719923000,531,8847936299000,7259719920000,3000,0.003000
7259753242000,MATCHED,532,7259753242000,532,8847969617000,7259753238000,4000,0.004000
7259786560000,MATCHED,533,7259786560000,533,8848002935000,7259786556000,4000,0.004000
7259819879000,MATCHED,534,7259819879000,534,8848036253000,7259819874000,5000,0.005000
7259853199000,MATCHED,535,7259853199000,535,8848069572000,7259853193000,6000,0.006000
7259886516000,MATCHED,536,7259886516000,536,8848102890000,7259886511000,5000,0.005000
7259919838000,MATCHED,537,7259919838000,537,8848136209000,7259919830000,8000,0.008000
7259953159000,MATCHED,538,7259953159000,538,8848169527000,7259953148000,11000,0.011000
7259986476000,MATCHED,539,7259986476000,539,8848202845000,7259986466000,10000,0.010000
7260019797000,MATCHED,540,7260019797000,540,8848236167000,7260019788000,9000,0.009000
7260053108000,MATCHED,541,7260053108000,541,8848269486000,7260053107000,1000,0.001000
7260086429000,MATCHED,542,7260086429000,542,8848302801000,7260086422000,7000,0.007000
7260119746000,MATCHED,543,7260119746000,543,8848336120000,7260119741000,5000,0.005000
7260153065000,MATCHED,544,7260153065000,544,8848369438000,7260153059000,6000,0.006000
7260186382000,MATCHED,545,7260186382000,545,8848402758000,7260186379000,3000,0.003000
7260219701000,MATCHED,546,7260219701000,546,8848436074000,7260219695000,6000,0.006000
7260253018000,MATCHED,547,7260253018000,547,8848469396000,7260253017000,1000,0.001000
7260286337000,MATCHED,548,7260286337000,548,8848502712000,7260286333000,4000,0.004000
7260319659000,MATCHED,549,7260319659000,549,8848536030000,7260319651000,8000,0.008000
7260352974000,MATCHED,550,7260352974000,550,8848569349000,7260352970000,4000,0.004000
7260386293000,MATCHED,551,7260386293000,551,8848602669000,7260386290000,3000,0.003000
7260419615000,MATCHED,552,7260419615000,552,8848635986000,7260419607000,8000,0.008000
7260452936000,MATCHED,553,7260452936000,553,8848669304000,7260452925000,11000,0.011000
7260486259000,MATCHED,554,7260486259000,554,8848702623000,7260486244000,15000,0.015000
7260519569000,MATCHED,555,7260519569000,555,8848735941000,7260519562000,7000,0.007000
7260552889000,MATCHED,556,7260552889000,556,8848769259000,7260552880000,9000,0.009000
7260586204000,MATCHED,557,7260586204000,557,8848802578000,7260586199000,5000,0.005000
7260619524000,MATCHED,558,7260619524000,558,8848835897000,7260619518000,6000,0.006000
7260652841000,MATCHED,559,7260652841000,559,8848869215000,7260652836000,5000,0.005000
7260686159000,MATCHED,560,7260686159000,560,8848902535000,7260686156000,3000,0.003000
7260719480000,MATCHED,561,7260719480000,561,8848935853000,7260719474000,6000,0.006000
7260752796000,MATCHED,562,7260752796000,562,8848969169000,7260752790000,6000,0.006000
7260786115000,MATCHED,563,7260786115000,563,8849002490000,7260786111000,4000,0.004000
7260819437000,MATCHED,564,7260819437000,564,8849035807000,7260819428000,9000,0.009000
7260852752000,MATCHED,565,7260852752000,565,8849069128000,7260852749000,3000,0.003000
7260886070000,MATCHED,566,7260886070000,566,8849102445000,7260886066000,4000,0.004000
7260919392000,MATCHED,567,7260919392000,567,8849135764000,7260919385000,7000,0.007000
7260952709000,MATCHED,568,7260952709000,568,8849169082000,7260952703000,6000,0.006000
7260986030000,MATCHED,569,7260986030000,569,8849202401000,7260986022000,8000,0.008000
7261019360000,MATCHED,570,7261019360000,570,8849235719000,7261019340000,20000,0.020000
7261052675000,MATCHED,571,7261052675000,571,8849269038000,7261052659000,16000,0.016000
7261085981000,MATCHED,572,7261085981000,572,8849302357000,7261085978000,3000,0.003000
7261119303000,MATCHED,573,7261119303000,573,8849335675000,7261119296000,7000,0.007000
7261152619000,MATCHED,574,7261152619000,574,8849368993000,7261152614000,5000,0.005000
7261185935000,MATCHED,575,7261185935000,575,8849402312000,7261185933000,2000,0.002000
7261219256000,MATCHED,576,7261219256000,576,8849435630000,7261219251000,5000,0.005000
7261252573000,MATCHED,577,7261252573000,577,8849468949000,7261252570000,3000,0.003000
7261285892000,MATCHED,578,7261285892000,578,8849502268000,7261285889000,3000,0.003000
7261319213000,MATCHED,579,7261319213000,579,8849535586000,7261319207000,6000,0.006000
7261352529000,MATCHED,580,7261352529000,580,8849568904000,7261352525000,4000,0.004000
7261385846000,MATCHED,581,7261385846000,581,8849602223000,7261385844000,2000,0.002000
7261419167000,MATCHED,582,7261419167000,582,8849635541000,7261419162000,5000,0.005000
7261452496000,MATCHED,583,7261452496000,583,8849668859000,7261452480000,16000,0.016000
7261485802000,MATCHED,584,7261485802000,584,8849702177000,7261485798000,4000,0.004000
7261519125000,MATCHED,585,7261519125000,585,8849735496000,7261519117000,8000,0.008000
7261552440000,MATCHED,586,7261552440000,586,8849768815000,7261552436000,4000,0.004000
7261585757000,MATCHED,587,7261585757000,587,8849802133000,7261585754000,3000,0.003000
7261619077000,MATCHED,588,7261619077000,588,8849835452000,7261619073000,4000,0.004000
7261652395000,MATCHED,589,7261652395000,589,8849868770000,7261652391000,4000,0.004000
7261685713000,MATCHED,590,7261685713000,590,8849902088000,7261685709000,4000,0.004000
7261719032000,MATCHED,591,7261719032000,591,8849935407000,7261719028000,4000,0.004000
7261752349000,MATCHED,592,7261752349000,592,8849968725000,7261752346000,3000,0.003000
7261785669000,MATCHED,593,7261785669000,593,8850002044000,7261785665000,4000,0.004000
7261818987000,MATCHED,594,7261818987000,594,8850035362000,7261818983000,4000,0.004000
7261852306000,MATCHED,595,7261852306000,595,8850068681000,7261852302000,4000,0.004000
7261885625000,MATCHED,596,7261885625000,596,8850101999000,7261885620000,5000,0.005000
7261918943000,MATCHED,597,7261918943000,597,8850135318000,7261918939000,4000,0.004000
7261952260000,MATCHED,598,7261952260000,598,8850168636000,7261952257000,3000,0.003000
7261985580000,MATCHED,599,7261985580000,599,8850201954000,7261985575000,5000,0.005000
7262018904000,MATCHED,600,7262018904000,600,8850235273000,7262018894000,10000,0.010000
7262052217000,MATCHED,601,7262052217000,601,8850268591000,7262052212000,5000,0.005000
7262085540000,MATCHED,602,7262085540000,602,8850301909000,7262085530000,10000,0.010000
7262118855000,MATCHED,603,7262118855000,603,8850335229000,7262118850000,5000,0.005000
7262152173000,MATCHED,604,7262152173000,604,8850368547000,7262152168000,5000,0.005000
7262185491000,MATCHED,605,7262185491000,605,8850401866000,7262185487000,4000,0.004000
7262218810000,MATCHED,606,7262218810000,606,8850435185000,7262218806000,4000,0.004000
7262252128000,MATCHED,607,7262252128000,607,8850468503000,7262252124000,4000,0.004000
7262285446000,MATCHED,608,7262285446000,608,8850501821000,7262285442000,4000,0.004000
7262318766000,MATCHED,609,7262318766000,609,8850535140000,7262318761000,5000,0.005000
7262352085000,MATCHED,610,7262352085000,610,8850568459000,7262352080000,5000,0.005000
7262385403000,MATCHED,611,7262385403000,611,8850601777000,7262385398000,5000,0.005000
7262418724000,MATCHED,612,7262418724000,612,8850635095000,7262418716000,8000,0.008000
7262452041000,MATCHED,613,7262452041000,613,8850668413000,7262452034000,7000,0.007000
7262485361000,MATCHED,614,7262485361000,614,8850701732000,7262485353000,8000,0.008000
7262518679000,MATCHED,615,7262518679000,615,8850735051000,7262518672000,7000,0.007000
7262551995000,MATCHED,616,7262551995000,616,8850768369000,7262551990000,5000,0.005000
7262585315000,MATCHED,617,7262585315000,617,8850801688000,7262585309000,6000,0.006000
7262618636000,MATCHED,618,7262618636000,618,8850835007000,7262618628000,8000,0.008000
7262651951000,MATCHED,619,7262651951000,619,8850868325000,7262651946000,5000,0.005000
7262685270000,MATCHED,620,7262685270000,620,8850901643000,7262685264000,6000,0.006000
7262718589000,MATCHED,621,7262718589000,621,8850934962000,7262718583000,6000,0.006000
7262751908000,MATCHED,622,7262751908000,622,8850968280000,7262751901000,7000,0.007000
7262785226000,MATCHED,623,7262785226000,623,8851001598000,7262785219000,7000,0.007000
7262818544000,MATCHED,624,7262818544000,624,8851034916000,7262818537000,7000,0.007000
7262851864000,MATCHED,625,7262851864000,625,8851068236000,7262851857000,7000,0.007000
7262885182000,MATCHED,626,7262885182000,626,8851101557000,7262885178000,4000,0.004000
7262918509000,MATCHED,627,7262918509000,627,8851134873000,7262918494000,15000,0.015000
7262951820000,MATCHED,628,7262951820000,628,8851168190000,7262951811000,9000,0.009000
7262985135000,MATCHED,629,7262985135000,629,8851201509000,7262985130000,5000,0.005000
7263018454000,MATCHED,630,7263018454000,630,8851234828000,7263018449000,5000,0.005000
7263051772000,MATCHED,631,7263051772000,631,8851268147000,7263051768000,4000,0.004000
7263085091000,MATCHED,632,7263085091000,632,8851301465000,7263085086000,5000,0.005000
7263118409000,MATCHED,633,7263118409000,633,8851334783000,7263118404000,5000,0.005000
7263151728000,MATCHED,634,7263151728000,634,8851368101000,7263151722000,6000,0.006000
7263185046000,MATCHED,635,7263185046000,635,8851401419000,7263185040000,6000,0.006000
7263218368000,MATCHED,636,7263218368000,636,8851434738000,7263218359000,9000,0.009000
7263251684000,MATCHED,637,7263251684000,637,8851468056000,7263251677000,7000,0.007000
7263285002000,MATCHED,638,7263285002000,638,8851501374000,7263284995000,7000,0.007000
7263318321000,MATCHED,639,7263318321000,639,8851534694000,7263318315000,6000,0.006000
7263351639000,MATCHED,640,7263351639000,640,8851568014000,7263351635000,4000,0.004000
7263384958000,MATCHED,641,7263384958000,641,8851601332000,7263384953000,5000,0.005000
7263418277000,MATCHED,642,7263418277000,642,8851634650000,7263418271000,6000,0.006000
7263451596000,MATCHED,643,7263451596000,643,8851667966000,7263451587000,9000,0.009000
7263484914000,MATCHED,644,7263484914000,644,8851701285000,7263484906000,8000,0.008000
7263518231000,MATCHED,645,7263518231000,645,8851734603000,7263518224000,7000,0.007000
7263551550000,MATCHED,646,7263551550000,646,8851767923000,7263551544000,6000,0.006000
7263584868000,MATCHED,647,7263584868000,647,8851801241000,7263584862000,6000,0.006000
7263618187000,MATCHED,648,7263618187000,648,8851834559000,7263618180000,7000,0.007000
7263651505000,MATCHED,649,7263651505000,649,8851867878000,7263651499000,6000,0.006000
7263684824000,MATCHED,650,7263684824000,650,8851901196000,7263684817000,7000,0.007000
7263718142000,MATCHED,651,7263718142000,651,8851934516000,7263718137000,5000,0.005000
7263751461000,MATCHED,652,7263751461000,652,8851967835000,7263751456000,5000,0.005000
7263784778000,MATCHED,653,7263784778000,653,8852001152000,7263784773000,5000,0.005000
7263818100000,MATCHED,654,7263818100000,654,8852034471000,7263818092000,8000,0.008000
7263851421000,MATCHED,655,7263851421000,655,8852067789000,7263851410000,11000,0.011000
7263884734000,MATCHED,656,7263884734000,656,8852101106000,7263884727000,7000,0.007000
7263918053000,MATCHED,657,7263918053000,657,8852134425000,7263918046000,7000,0.007000
7263951371000,MATCHED,658,7263951371000,658,8852167743000,7263951364000,7000,0.007000
7263984689000,MATCHED,659,7263984689000,659,8852201062000,7263984683000,6000,0.006000
7264018009000,MATCHED,660,7264018009000,660,8852234381000,7264018002000,7000,0.007000
7264051327000,MATCHED,661,7264051327000,661,8852267698000,7264051319000,8000,0.008000
7264084643000,MATCHED,662,7264084643000,662,8852301017000,7264084638000,5000,0.005000
7264117975000,MATCHED,663,7264117975000,663,8852334335000,7264117956000,19000,0.019000
7264151283000,MATCHED,664,7264151283000,664,8852367655000,7264151276000,7000,0.007000
7264184599000,MATCHED,665,7264184599000,665,8852400973000,7264184594000,5000,0.005000
7264217918000,MATCHED,666,7264217918000,666,8852434291000,7264217912000,6000,0.006000
7264251237000,MATCHED,667,7264251237000,667,8852467610000,7264251231000,6000,0.006000
7264284555000,MATCHED,668,7264284555000,668,8852500928000,7264284549000,6000,0.006000
7264317875000,MATCHED,669,7264317875000,669,8852534248000,7264317869000,6000,0.006000
7264351193000,MATCHED,670,7264351193000,670,8852567565000,7264351186000,7000,0.007000
7264384511000,MATCHED,671,7264384511000,671,8852600884000,7264384505000,6000,0.006000
7264417829000,MATCHED,672,7264417829000,672,8852634203000,7264417824000,5000,0.005000
7264451148000,MATCHED,673,7264451148000,673,8852667521000,7264451142000,6000,0.006000
7264484467000,MATCHED,674,7264484467000,674,8852700839000,7264484460000,7000,0.007000
7264517785000,MATCHED,675,7264517785000,675,8852734158000,7264517779000,6000,0.006000
7264551103000,MATCHED,676,7264551103000,676,8852767476000,7264551097000,6000,0.006000
7264584423000,MATCHED,677,7264584423000,677,8852800795000,7264584416000,7000,0.007000
7264617741000,MATCHED,678,7264617741000,678,8852834113000,7264617734000,7000,0.007000
7264651070000,MATCHED,679,7264651070000,679,8852867433000,7264651054000,16000,0.016000
7264684377000,MATCHED,680,7264684377000,680,8852900751000,7264684372000,5000,0.005000
7264717695000,MATCHED,681,7264717695000,681,8852934069000,7264717690000,5000,0.005000
7264751013000,MATCHED,682,7264751013000,682,8852967387000,7264751008000,5000,0.005000
7264784333000,MATCHED,683,7264784333000,683,8853000704000,7264784325000,8000,0.008000
7264817653000,MATCHED,684,7264817653000,684,8853034024000,7264817645000,8000,0.008000
7264850969000,MATCHED,685,7264850969000,685,8853067342000,7264850963000,6000,0.006000
7264884288000,MATCHED,686,7264884288000,686,8853100662000,7264884283000,5000,0.005000
7264917606000,MATCHED,687,7264917606000,687,8853133979000,7264917600000,6000,0.006000
7264950925000,MATCHED,688,7264950925000,688,8853167298000,7264950919000,6000,0.006000
7264984244000,MATCHED,689,7264984244000,689,8853200615000,7264984236000,8000,0.008000
7265017562000,MATCHED,690,7265017562000,690,8853233934000,7265017555000,7000,0.007000
7265050881000,MATCHED,691,7265050881000,691,8853267254000,7265050875000,6000,0.006000
7265084199000,MATCHED,692,7265084199000,692,8853300572000,7265084193000,6000,0.006000
7265117517000,MATCHED,693,7265117517000,693,8853333890000,7265117511000,6000,0.006000
7265150836000,MATCHED,694,7265150836000,694,8853367208000,7265150829000,7000,0.007000
7265184155000,MATCHED,695,7265184155000,695,8853400527000,7265184148000,7000,0.007000
7265217473000,MATCHED,696,7265217473000,696,8853433845000,7265217466000,7000,0.007000
7265250791000,MATCHED,697,7265250791000,697,8853467164000,7265250785000,6000,0.006000
7265284110000,MATCHED,698,7265284110000,698,8853500482000,7265284103000,7000,0.007000
7265317428000,MATCHED,699,7265317428000,699,8853533799000,7265317420000,8000,0.008000
7265350746000,MATCHED,700,7265350746000,700,8853567119000,7265350740000,6000,0.006000
7265384065000,MATCHED,701,7265384065000,701,8853600438000,7265384059000,6000,0.006000
7265417383000,MATCHED,702,7265417383000,702,8853633756000,7265417377000,6000,0.006000
7265450703000,MATCHED,703,7265450703000,703,8853667074000,7265450695000,8000,0.008000
7265484022000,MATCHED,704,7265484022000,704,8853700392000,7265484013000,9000,0.009000
7265517338000,MATCHED,705,7265517338000,705,8853733710000,7265517331000,7000,0.007000
7265550656000,MATCHED,706,7265550656000,706,8853767028000,7265550649000,7000,0.007000
7265583975000,MATCHED,707,7265583975000,707,8853800347000,7265583968000,7000,0.007000
7265617295000,MATCHED,708,7265617295000,708,8853833666000,7265617287000,8000,0.008000
7265650612000,MATCHED,709,7265650612000,709,8853866984000,7265650605000,7000,0.007000
7265683932000,MATCHED,710,7265683932000,710,8853900302000,7265683923000,9000,0.009000
7265717251000,MATCHED,711,7265717251000,711,8853933622000,7265717243000,8000,0.008000
7265750569000,MATCHED,712,7265750569000,712,8853966940000,7265750561000,8000,0.008000
7265783888000,MATCHED,713,7265783888000,713,8854000258000,7265783879000,9000,0.009000
7265817205000,MATCHED,714,7265817205000,714,8854033577000,7265817198000,7000,0.007000
7265850524000,MATCHED,715,7265850524000,715,8854066898000,7265850519000,5000,0.005000
7265883842000,MATCHED,716,7265883842000,716,8854100213000,7265883834000,8000,0.008000
7265917159000,MATCHED,717,7265917159000,717,8854133532000,7265917153000,6000,0.006000
7265950478000,MATCHED,718,7265950478000,718,8854166853000,7265950474000,4000,0.004000
7265983796000,MATCHED,719,7265983796000,719,8854200169000,7265983790000,6000,0.006000
7266017119000,MATCHED,720,7266017119000,720,8854233487000,7266017108000,11000,0.011000
7266050435000,MATCHED,721,7266050435000,721,8854266807000,7266050428000,7000,0.007000
7266083754000,MATCHED,722,7266083754000,722,8854300123000,7266083744000,10000,0.010000
7266117071000,MATCHED,723,7266117071000,723,8854333441000,7266117062000,9000,0.009000
7266150386000,MATCHED,724,7266150386000,724,8854366760000,7266150381000,5000,0.005000
7266183704000,MATCHED,725,7266183704000,725,8854400078000,7266183699000,5000,0.005000
7266217024000,MATCHED,726,7266217024000,726,8854433396000,7266217017000,7000,0.007000
7266250340000,MATCHED,727,7266250340000,727,8854466719000,7266250340000,0,0.000000
7266283659000,MATCHED,728,7266283659000,728,8854500034000,7266283655000,4000,0.004000
7266316978000,MATCHED,729,7266316978000,729,8854533351000,7266316972000,6000,0.006000
7266350296000,MATCHED,730,7266350296000,730,8854566671000,7266350292000,4000,0.004000
7266383614000,MATCHED,731,7266383614000,731,8854599990000,7266383611000,3000,0.003000
7266416933000,MATCHED,732,7266416933000,732,8854633308000,7266416929000,4000,0.004000
7266450252000,MATCHED,733,7266450252000,733,8854666625000,7266450246000,6000,0.006000
7266483570000,MATCHED,734,7266483570000,734,8854699943000,7266483564000,6000,0.006000
7266516888000,MATCHED,735,7266516888000,735,8854733263000,7266516884000,4000,0.004000
7266550207000,MATCHED,736,7266550207000,736,8854766580000,7266550201000,6000,0.006000
7266583525000,MATCHED,737,7266583525000,737,8854799900000,7266583521000,4000,0.004000
7266616844000,MATCHED,738,7266616844000,738,8854833218000,7266616839000,5000,0.005000
7266650162000,MATCHED,739,7266650162000,739,8854866535000,7266650156000,6000,0.006000
7266683481000,MATCHED,740,7266683481000,740,8854899855000,7266683476000,5000,0.005000
7266716805000,MATCHED,741,7266716805000,741,8854933175000,7266716796000,9000,0.009000
7266750117000,MATCHED,742,7266750117000,742,8854966492000,7266750113000,4000,0.004000
7266783436000,MATCHED,743,7266783436000,743,8854999813000,7266783434000,2000,0.002000
7266816754000,MATCHED,744,7266816754000,744,8855033129000,7266816750000,4000,0.004000
7266850076000,MATCHED,745,7266850076000,745,8855066448000,7266850069000,7000,0.007000
7266883392000,MATCHED,746,7266883392000,746,8855099767000,7266883388000,4000,0.004000
7266916710000,MATCHED,747,7266916710000,747,8855133084000,7266916705000,5000,0.005000
7266950029000,MATCHED,748,7266950029000,748,8855166403000,7266950024000,5000,0.005000
7266983347000,MATCHED,749,7266983347000,749,8855199724000,7266983345000,2000,0.002000
7267016665000,MATCHED,750,7267016665000,750,8855233040000,7267016661000,4000,0.004000
7267049986000,MATCHED,751,7267049986000,751,8855266359000,7267049980000,6000,0.006000
7267083305000,MATCHED,752,7267083305000,752,8855299676000,7267083297000,8000,0.008000
7267116625000,MATCHED,753,7267116625000,753,8855332995000,7267116616000,9000,0.009000
7267149940000,MATCHED,754,7267149940000,754,8855366313000,7267149934000,6000,0.006000
7267183257000,MATCHED,755,7267183257000,755,8855399634000,7267183255000,2000,0.002000
7267216579000,MATCHED,756,7267216579000,756,8855432951000,7267216572000,7000,0.007000
7267249894000,MATCHED,757,7267249894000,757,8855466270000,7267249891000,3000,0.003000
7267283212000,MATCHED,758,7267283212000,758,8855499589000,7267283210000,2000,0.002000
7267316531000,MATCHED,759,7267316531000,759,8855532907000,7267316528000,3000,0.003000
7267349850000,MATCHED,760,7267349850000,760,8855566226000,7267349847000,3000,0.003000
7267383168000,MATCHED,761,7267383168000,761,8855599545000,7267383166000,2000,0.002000
7267416486000,MATCHED,762,7267416486000,762,8855632863000,7267416484000,2000,0.002000
7267449805000,MATCHED,763,7267449805000,763,8855666181000,7267449802000,3000,0.003000
7267483124000,MATCHED,764,7267483124000,764,8855699500000,7267483121000,3000,0.003000
7267516442000,MATCHED,765,7267516442000,765,8855732819000,7267516440000,2000,0.002000
7267549760000,MATCHED,766,7267549760000,766,8855766137000,7267549758000,2000,0.002000
7267583079000,MATCHED,767,7267583079000,767,8855799454000,7267583075000,4000,0.004000
7267616398000,MATCHED,768,7267616398000,768,8855832773000,7267616394000,4000,0.004000
7267649716000,MATCHED,769,7267649716000,769,8855866091000,7267649712000,4000,0.004000
7267683035000,MATCHED,770,7267683035000,770,8855899410000,7267683031000,4000,0.004000
7267716357000,MATCHED,771,7267716357000,771,8855932729000,7267716350000,7000,0.007000
7267749671000,MATCHED,772,7267749671000,772,8855966048000,7267749669000,2000,0.002000
7267782989000,MATCHED,773,7267782989000,773,8855999365000,7267782986000,3000,0.003000
7267816308000,MATCHED,774,7267816308000,774,8856032684000,7267816305000,3000,0.003000
7267849627000,MATCHED,775,7267849627000,775,8856066002000,7267849623000,4000,0.004000
7267882948000,MATCHED,776,7267882948000,776,8856099321000,7267882942000,6000,0.006000
7267916264000,MATCHED,777,7267916264000,777,8856132639000,7267916260000,4000,0.004000
7267949582000,MATCHED,778,7267949582000,778,8856165957000,7267949578000,4000,0.004000
7267982900000,MATCHED,779,7267982900000,779,8856199276000,7267982897000,3000,0.003000
7268016219000,MATCHED,780,7268016219000,780,8856232594000,7268016215000,4000,0.004000
7268049537000,MATCHED,781,7268049537000,781,8856265914000,7268049535000,2000,0.002000
7268082859000,MATCHED,782,7268082859000,782,8856299229000,7268082850000,9000,0.009000
7268116178000,MATCHED,783,7268116178000,783,8856332550000,7268116171000,7000,0.007000
7268149493000,MATCHED,784,7268149493000,784,8856365868000,7268149489000,4000,0.004000
7268182812000,MATCHED,785,7268182812000,785,8856399186000,7268182807000,5000,0.005000
7268216132000,MATCHED,786,7268216132000,786,8856432505000,7268216126000,6000,0.006000
7268249450000,MATCHED,787,7268249450000,787,8856465823000,7268249444000,6000,0.006000
7268282767000,MATCHED,788,7268282767000,788,8856499143000,7268282764000,3000,0.003000
7268316088000,MATCHED,789,7268316088000,789,8856532461000,7268316082000,6000,0.006000
7268349404000,MATCHED,790,7268349404000,790,8856565779000,7268349400000,4000,0.004000
7268382722000,MATCHED,791,7268382722000,791,8856599098000,7268382719000,3000,0.003000
7268416042000,MATCHED,792,7268416042000,792,8856632417000,7268416038000,4000,0.004000
7268449359000,MATCHED,793,7268449359000,793,8856665734000,7268449355000,4000,0.004000
7268482678000,MATCHED,794,7268482678000,794,8856699053000,7268482674000,4000,0.004000
7268515997000,MATCHED,795,7268515997000,795,8856732371000,7268515992000,5000,0.005000
7268549314000,MATCHED,796,7268549314000,796,8856765690000,7268549311000,3000,0.003000
7268582632000,MATCHED,797,7268582632000,797,8856799007000,7268582628000,4000,0.004000
7268615952000,MATCHED,798,7268615952000,798,8856832324000,7268615945000,7000,0.007000
7268649270000,MATCHED,799,7268649270000,799,8856865644000,7268649265000,5000,0.005000
7268682588000,MATCHED,800,7268682588000,800,8856898962000,7268682583000,5000,0.005000
7268715907000,MATCHED,801,7268715907000,801,8856932283000,7268715904000,3000,0.003000
7268749229000,MATCHED,802,7268749229000,802,8856965600000,7268749221000,8000,0.008000
7268782543000,MATCHED,803,7268782543000,803,8856998916000,7268782537000,6000,0.006000
7268815864000,MATCHED,804,7268815864000,804,8857032236000,7268815857000,7000,0.007000
7268849182000,MATCHED,805,7268849182000,805,8857065554000,7268849175000,7000,0.007000
7268882499000,MATCHED,806,7268882499000,806,8857098873000,7268882494000,5000,0.005000
7268915817000,MATCHED,807,7268915817000,807,8857132193000,7268915814000,3000,0.003000
7268949136000,MATCHED,808,7268949136000,808,8857165511000,7268949132000,4000,0.004000
7268982455000,MATCHED,809,7268982455000,809,8857198830000,7268982451000,4000,0.004000
7269015773000,MATCHED,810,7269015773000,810,8857232148000,7269015769000,4000,0.004000
7269049092000,MATCHED,811,7269049092000,811,8857265466000,7269049087000,5000,0.005000
7269082410000,MATCHED,812,7269082410000,812,8857298785000,7269082406000,4000,0.004000
7269115729000,MATCHED,813,7269115729000,813,8857332104000,7269115725000,4000,0.004000
7269149049000,MATCHED,814,7269149049000,814,8857365423000,7269149044000,5000,0.005000
7269182366000,MATCHED,815,7269182366000,815,8857398740000,7269182361000,5000,0.005000
7269215684000,MATCHED,816,7269215684000,816,8857432059000,7269215680000,4000,0.004000
7269249005000,MATCHED,817,7269249005000,817,8857465377000,7269248998000,7000,0.007000
7269282322000,MATCHED,818,7269282322000,818,8857498696000,7269282317000,5000,0.005000
7269315640000,MATCHED,819,7269315640000,819,8857532014000,7269315635000,5000,0.005000
7269348959000,MATCHED,820,7269348959000,820,8857565332000,7269348953000,6000,0.006000
7269382276000,MATCHED,821,7269382276000,821,8857598652000,7269382273000,3000,0.003000
7269415595000,MATCHED,822,7269415595000,822,8857631970000,7269415591000,4000,0.004000
7269448913000,MATCHED,823,7269448913000,823,8857665290000,7269448911000,2000,0.002000
7269482232000,MATCHED,824,7269482232000,824,8857698606000,7269482227000,5000,0.005000
7269515551000,MATCHED,825,7269515551000,825,8857731925000,7269515546000,5000,0.005000
7269548868000,MATCHED,826,7269548868000,826,8857765243000,7269548864000,4000,0.004000
7269582187000,MATCHED,827,7269582187000,827,8857798563000,7269582184000,3000,0.003000
7269615505000,MATCHED,828,7269615505000,828,8857831882000,7269615503000,2000,0.002000
7269648824000,MATCHED,829,7269648824000,829,8857865199000,7269648820000,4000,0.004000
7269682142000,MATCHED,830,7269682142000,830,8857898517000,7269682138000,4000,0.004000
7269715460000,MATCHED,831,7269715460000,831,8857931835000,7269715456000,4000,0.004000
7269748785000,MATCHED,832,7269748785000,832,8857965153000,7269748774000,11000,0.011000
7269782100000,MATCHED,833,7269782100000,833,8857998472000,7269782093000,7000,0.007000
7269815417000,MATCHED,834,7269815417000,834,8858031790000,7269815411000,6000,0.006000
7269848736000,MATCHED,835,7269848736000,835,8858065109000,7269848730000,6000,0.006000
7269882058000,MATCHED,836,7269882058000,836,8858098427000,7269882048000,10000,0.010000
7269915371000,MATCHED,837,7269915371000,837,8858131746000,7269915367000,4000,0.004000
7269948690000,MATCHED,838,7269948690000,838,8858165064000,7269948685000,5000,0.005000
7269982008000,MATCHED,839,7269982008000,839,8858198382000,7269982003000,5000,0.005000
7270015329000,MATCHED,840,7270015329000,840,8858231701000,7270015322000,7000,0.007000
7270048645000,MATCHED,841,7270048645000,841,8858265019000,7270048640000,5000,0.005000
7270081967000,MATCHED,842,7270081967000,842,8858298336000,7270081957000,10000,0.010000
7270115282000,MATCHED,843,7270115282000,843,8858331657000,7270115278000,4000,0.004000
7270148601000,MATCHED,844,7270148601000,844,8858364975000,7270148596000,5000,0.005000
7270181919000,MATCHED,845,7270181919000,845,8858398293000,7270181914000,5000,0.005000
7270215238000,MATCHED,846,7270215238000,846,8858431612000,7270215233000,5000,0.005000
7270248557000,MATCHED,847,7270248557000,847,8858464931000,7270248552000,5000,0.005000
7270281882000,MATCHED,848,7270281882000,848,8858498249000,7270281870000,12000,0.012000
7270315193000,MATCHED,849,7270315193000,849,8858531568000,7270315189000,4000,0.004000
7270348512000,MATCHED,850,7270348512000,850,8858564885000,7270348506000,6000,0.006000
7270381830000,MATCHED,851,7270381830000,851,8858598206000,7270381827000,3000,0.003000
7270415149000,MATCHED,852,7270415149000,852,8858631522000,7270415143000,6000,0.006000
7270448467000,MATCHED,853,7270448467000,853,8858664842000,7270448463000,4000,0.004000
7270481785000,MATCHED,854,7270481785000,854,8858698161000,7270481782000,3000,0.003000
7270515103000,MATCHED,855,7270515103000,855,8858731478000,7270515099000,4000,0.004000
7270548423000,MATCHED,856,7270548423000,856,8858764797000,7270548418000,5000,0.005000
7270581741000,MATCHED,857,7270581741000,857,8858798115000,7270581736000,5000,0.005000
7270615059000,MATCHED,858,7270615059000,858,8858831434000,7270615055000,4000,0.004000
7270648378000,MATCHED,859,7270648378000,859,8858864752000,7270648373000,5000,0.005000
7270681698000,MATCHED,860,7270681698000,860,8858898070000,7270681691000,7000,0.007000
7270715016000,MATCHED,861,7270715016000,861,8858931389000,7270715010000,6000,0.006000
7270748335000,MATCHED,862,7270748335000,862,8858964707000,7270748328000,7000,0.007000
7270781658000,MATCHED,863,7270781658000,863,8858998026000,7270781647000,11000,0.011000
7270814973000,MATCHED,864,7270814973000,864,8859031344000,7270814965000,8000,0.008000
7270848294000,MATCHED,865,7270848294000,865,8859064663000,7270848284000,10000,0.010000
7270881608000,MATCHED,866,7270881608000,866,8859097982000,7270881603000,5000,0.005000
7270914927000,MATCHED,867,7270914927000,867,8859131301000,7270914922000,5000,0.005000
7270948247000,MATCHED,868,7270948247000,868,8859164620000,7270948241000,6000,0.006000
7270981565000,MATCHED,869,7270981565000,869,8859197938000,7270981559000,6000,0.006000
7271014882000,MATCHED,870,7271014882000,870,8859231257000,7271014878000,4000,0.004000
7271048202000,MATCHED,871,7271048202000,871,8859264574000,7271048195000,7000,0.007000
7271081520000,MATCHED,872,7271081520000,872,8859297893000,7271081514000,6000,0.006000
7271114843000,MATCHED,873,7271114843000,873,8859331212000,7271114833000,10000,0.010000
7271148160000,MATCHED,874,7271148160000,874,8859364531000,7271148152000,8000,0.008000
7271181478000,MATCHED,875,7271181478000,875,8859397848000,7271181469000,9000,0.009000
7271214796000,MATCHED,876,7271214796000,876,8859431167000,7271214788000,8000,0.008000
7271248115000,MATCHED,877,7271248115000,877,8859464485000,7271248106000,9000,0.009000
7271281431000,MATCHED,878,7271281431000,878,8859497804000,7271281425000,6000,0.006000
7271314751000,MATCHED,879,7271314751000,879,8859531123000,7271314744000,7000,0.007000
7271348069000,MATCHED,880,7271348069000,880,8859564441000,7271348062000,7000,0.007000
7271381388000,MATCHED,881,7271381388000,881,8859597759000,7271381380000,8000,0.008000
7271414706000,MATCHED,882,7271414706000,882,8859631078000,7271414699000,7000,0.007000
7271448023000,MATCHED,883,7271448023000,883,8859664397000,7271448018000,5000,0.005000
7271481341000,MATCHED,884,7271481341000,884,8859697715000,7271481336000,5000,0.005000
7271514660000,MATCHED,885,7271514660000,885,8859731034000,7271514655000,5000,0.005000
7271547979000,MATCHED,886,7271547979000,886,8859764352000,7271547973000,6000,0.006000
7271581297000,MATCHED,887,7271581297000,887,8859797671000,7271581292000,5000,0.005000
7271614615000,MATCHED,888,7271614615000,888,8859830989000,7271614610000,5000,0.005000
7271647935000,MATCHED,889,7271647935000,889,8859864306000,7271647927000,8000,0.008000
7271681254000,MATCHED,890,7271681254000,890,8859897626000,7271681247000,7000,0.007000
7271714571000,MATCHED,891,7271714571000,891,8859930944000,7271714565000,6000,0.006000
7271747890000,MATCHED,892,7271747890000,892,8859964262000,7271747883000,7000,0.007000
7271781208000,MATCHED,893,7271781208000,893,8859997581000,7271781202000,6000,0.006000
7271814528000,MATCHED,894,7271814528000,894,8860030900000,7271814521000,7000,0.007000
7271847847000,MATCHED,895,7271847847000,895,8860064218000,7271847839000,8000,0.008000
7271881165000,MATCHED,896,7271881165000,896,8860097536000,7271881157000,8000,0.008000
7271914482000,MATCHED,897,7271914482000,897,8860130855000,7271914476000,6000,0.006000
7271947801000,MATCHED,898,7271947801000,898,8860164173000,7271947794000,7000,0.007000
7271981119000,MATCHED,899,7271981119000,899,8860197492000,7271981113000,6000,0.006000
7272014437000,MATCHED,900,7272014437000,900,8860230810000,7272014431000,6000,0.006000
7272047756000,MATCHED,901,7272047756000,901,8860264128000,7272047749000,7000,0.007000
7272081073000,MATCHED,902,7272081073000,902,8860297446000,7272081067000,6000,0.006000
7272114397000,MATCHED,903,7272114397000,903,8860330767000,7272114388000,9000,0.009000
7272147713000,MATCHED,904,7272147713000,904,8860364084000,7272147705000,8000,0.008000
7272181031000,MATCHED,905,7272181031000,905,8860397402000,7272181023000,8000,0.008000
7272214352000,MATCHED,906,7272214352000,906,8860430721000,7272214342000,10000,0.010000
7272247668000,MATCHED,907,7272247668000,907,8860464039000,7272247660000,8000,0.008000
7272280986000,MATCHED,908,7272280986000,908,8860497358000,7272280979000,7000,0.007000
7272314308000,MATCHED,909,7272314308000,909,8860530676000,7272314297000,11000,0.011000
7272347624000,MATCHED,910,7272347624000,910,8860563994000,7272347615000,9000,0.009000
7272380942000,MATCHED,911,7272380942000,911,8860597313000,7272380934000,8000,0.008000
7272414261000,MATCHED,912,7272414261000,912,8860630632000,7272414253000,8000,0.008000
7272447579000,MATCHED,913,7272447579000,913,8860663951000,7272447572000,7000,0.007000
7272480897000,MATCHED,914,7272480897000,914,8860697269000,7272480890000,7000,0.007000
7272514215000,MATCHED,915,7272514215000,915,8860730586000,7272514207000,8000,0.008000
7272547534000,MATCHED,916,7272547534000,916,8860763906000,7272547527000,7000,0.007000
7272580860000,MATCHED,917,7272580860000,917,8860797224000,7272580845000,15000,0.015000
7272614171000,MATCHED,918,7272614171000,918,8860830542000,7272614163000,8000,0.008000
7272647487000,MATCHED,919,7272647487000,919,8860863861000,7272647482000,5000,0.005000
7272680805000,MATCHED,920,7272680805000,920,8860897179000,7272680800000,5000,0.005000
7272714123000,MATCHED,921,7272714123000,921,8860930498000,7272714119000,4000,0.004000
7272747443000,MATCHED,922,7272747443000,922,8860963815000,7272747436000,7000,0.007000
7272780760000,MATCHED,923,7272780760000,923,8860997134000,7272780755000,5000,0.005000
7272814082000,MATCHED,924,7272814082000,924,8861030453000,7272814074000,8000,0.008000
7272847400000,MATCHED,925,7272847400000,925,8861063772000,7272847393000,7000,0.007000
7272880717000,MATCHED,926,7272880717000,926,8861097090000,7272880711000,6000,0.006000
7272914034000,MATCHED,927,7272914034000,927,8861130408000,7272914029000,5000,0.005000
7272947353000,MATCHED,928,7272947353000,928,8861163727000,7272947348000,5000,0.005000
7272980671000,MATCHED,929,7272980671000,929,8861197045000,7272980666000,5000,0.005000
7273013990000,MATCHED,930,7273013990000,930,8861230364000,7273013985000,5000,0.005000
7273047307000,MATCHED,931,7273047307000,931,8861263682000,7273047303000,4000,0.004000
7273080638000,MATCHED,932,7273080638000,932,8861297001000,7273080622000,16000,0.016000
7273113948000,MATCHED,933,7273113948000,933,8861330320000,7273113941000,7000,0.007000
7273147264000,MATCHED,934,7273147264000,934,8861363639000,7273147260000,4000,0.004000
7273180582000,MATCHED,935,7273180582000,935,8861396960000,7273180581000,1000,0.001000
7273213917000,MATCHED,936,7273213917000,936,8861430275000,7273213896000,21000,0.021000
7273247219000,MATCHED,937,7273247219000,937,8861463593000,7273247214000,5000,0.005000
7273280537000,MATCHED,938,7273280537000,938,8861496912000,7273280533000,4000,0.004000
7273313855000,MATCHED,939,7273313855000,939,8861530230000,7273313851000,4000,0.004000
7273347173000,MATCHED,940,7273347173000,940,8861563549000,7273347170000,3000,0.003000
7273380492000,MATCHED,941,7273380492000,941,8861596866000,7273380487000,5000,0.005000
7273413811000,MATCHED,942,7273413811000,942,8861630186000,7273413807000,4000,0.004000
7273447129000,MATCHED,943,7273447129000,943,8861663504000,7273447125000,4000,0.004000
7273480447000,MATCHED,944,7273480447000,944,8861696822000,7273480443000,4000,0.004000
7273513767000,MATCHED,945,7273513767000,945,8861730141000,7273513762000,5000,0.005000
7273547084000,MATCHED,946,7273547084000,946,8861763459000,7273547080000,4000,0.004000
7273580402000,MATCHED,947,7273580402000,947,8861796777000,7273580398000,4000,0.004000
7273613722000,MATCHED,948,7273613722000,948,8861830096000,7273613717000,5000,0.005000
7273647039000,MATCHED,949,7273647039000,949,8861863415000,7273647036000,3000,0.003000
7273680358000,MATCHED,950,7273680358000,950,8861896733000,7273680354000,4000,0.004000
7273713680000,MATCHED,951,7273713680000,951,8861930052000,7273713673000,7000,0.007000
7273746996000,MATCHED,952,7273746996000,952,8861963371000,7273746992000,4000,0.004000
7273780313000,MATCHED,953,7273780313000,953,8861996689000,7273780310000,3000,0.003000
7273813632000,MATCHED,954,7273813632000,954,8862030007000,7273813628000,4000,0.004000
7273846950000,MATCHED,955,7273846950000,955,8862063325000,7273846946000,4000,0.004000
7273880273000,MATCHED,956,7273880273000,956,8862096644000,7273880265000,8000,0.008000
7273913587000,MATCHED,957,7273913587000,957,8862129962000,7273913583000,4000,0.004000
7273946907000,MATCHED,958,7273946907000,958,8862163281000,7273946902000,5000,0.005000
7273980225000,MATCHED,959,7273980225000,959,8862196599000,7273980220000,5000,0.005000
7274013544000,MATCHED,960,7274013544000,960,8862229917000,7274013538000,6000,0.006000
7274046860000,MATCHED,961,7274046860000,961,8862263236000,7274046857000,3000,0.003000
7274080182000,MATCHED,962,7274080182000,962,8862296552000,7274080173000,9000,0.009000
7274113498000,MATCHED,963,7274113498000,963,8862329875000,7274113496000,2000,0.002000
7274146818000,MATCHED,964,7274146818000,964,8862363191000,7274146812000,6000,0.006000
7274180135000,MATCHED,965,7274180135000,965,8862396509000,7274180130000,5000,0.005000
7274213454000,MATCHED,966,7274213454000,966,8862429828000,7274213449000,5000,0.005000
7274246771000,MATCHED,967,7274246771000,967,8862463146000,7274246767000,4000,0.004000
7274280091000,MATCHED,968,7274280091000,968,8862496464000,7274280085000,6000,0.006000
7274313408000,MATCHED,969,7274313408000,969,8862529783000,7274313404000,4000,0.004000
7274346728000,MATCHED,970,7274346728000,970,8862563102000,7274346723000,5000,0.005000
7274380046000,MATCHED,971,7274380046000,971,8862596420000,7274380041000,5000,0.005000
7274413367000,MATCHED,972,7274413367000,972,8862629739000,7274413360000,7000,0.007000
7274446682000,MATCHED,973,7274446682000,973,8862663057000,7274446678000,4000,0.004000
7274480002000,MATCHED,974,7274480002000,974,8862696375000,7274479996000,6000,0.006000
7274513319000,MATCHED,975,7274513319000,975,8862729694000,7274513315000,4000,0.004000
7274546639000,MATCHED,976,7274546639000,976,8862763013000,7274546634000,5000,0.005000
7274579957000,MATCHED,977,7274579957000,977,8862796331000,7274579952000,5000,0.005000
7274613276000,MATCHED,978,7274613276000,978,8862829650000,7274613271000,5000,0.005000
7274646593000,MATCHED,979,7274646593000,979,8862862969000,7274646590000,3000,0.003000
7274679912000,MATCHED,980,7274679912000,980,8862896287000,7274679908000,4000,0.004000
7274713230000,MATCHED,981,7274713230000,981,8862929605000,7274713226000,4000,0.004000
7274746551000,MATCHED,982,7274746551000,982,8862962924000,7274746545000,6000,0.006000
7274779867000,MATCHED,983,7274779867000,983,8862996242000,7274779863000,4000,0.004000
7274813186000,MATCHED,984,7274813186000,984,8863029560000,7274813181000,5000,0.005000
7274846505000,MATCHED,985,7274846505000,985,8863062878000,7274846499000,6000,0.006000
7274879823000,MATCHED,986,7274879823000,986,8863096197000,7274879818000,5000,0.005000
7274913142000,MATCHED,987,7274913142000,987,8863129515000,7274913136000,6000,0.006000
7274946461000,MATCHED,988,7274946461000,988,8863162836000,7274946457000,4000,0.004000
7274979778000,MATCHED,989,7274979778000,989,8863196153000,7274979774000,4000,0.004000
7275013097000,MATCHED,990,7275013097000,990,8863229473000,7275013094000,3000,0.003000
7275046416000,MATCHED,991,7275046416000,991,8863262788000,7275046409000,7000,0.007000
7275079733000,MATCHED,992,7275079733000,992,8863296107000,7275079728000,5000,0.005000
7275113053000,MATCHED,993,7275113053000,993,8863329426000,7275113047000,6000,0.006000
7275146371000,MATCHED,994,7275146371000,994,8863362744000,7275146365000,6000,0.006000
7275179688000,MATCHED,995,7275179688000,995,8863396062000,7275179683000,5000,0.005000
7275213007000,MATCHED,996,7275213007000,996,8863429382000,7275213003000,4000,0.004000
7275246325000,MATCHED,997,7275246325000,997,8863462703000,7275246324000,1000,0.001000
7275279644000,MATCHED,998,7275279644000,998,8863496024000,7275279645000,-1000,-0.001000
7275312963000,MATCHED,999,7275312963000,999,8863529337000,7275312958000,5000,0.005000
7275346284000,MATCHED,1000,7275346284000,1000,8863562656000,7275346277000,7000,0.007000
7275379602000,MATCHED,1001,7275379602000,1001,8863596030000,7275379651000,-49000,-0.049000
7275412919000,MATCHED,1002,7275412919000,1002,8863629292000,7275412913000,6000,0.006000
7275446239000,MATCHED,1003,7275446239000,1003,8863662611000,7275446232000,7000,0.007000
7275479555000,MATCHED,1004,7275479555000,1004,8863695930000,7275479551000,4000,0.004000
7275512873000,MATCHED,1005,7275512873000,1005,8863729248000,7275512869000,4000,0.004000
7275546194000,MATCHED,1006,7275546194000,1006,8863762566000,7275546187000,7000,0.007000
7275579510000,MATCHED,1007,7275579510000,1007,8863795885000,7275579506000,4000,0.004000
7275612831000,MATCHED,1008,7275612831000,1008,8863829202000,7275612823000,8000,0.008000
7275646148000,MATCHED,1009,7275646148000,1009,8863862522000,7275646143000,5000,0.005000
7275679466000,MATCHED,1010,7275679466000,1010,8863895841000,7275679462000,4000,0.004000
7275712784000,MATCHED,1011,7275712784000,1011,8863929159000,7275712780000,4000,0.004000
7275746105000,MATCHED,1012,7275746105000,1012,8863962477000,7275746098000,7000,0.007000
7275779423000,MATCHED,1013,7275779423000,1013,8863995795000,7275779416000,7000,0.007000
7275812740000,MATCHED,1014,7275812740000,1014,8864029115000,7275812736000,4000,0.004000
7275846057000,MATCHED,1015,7275846057000,1015,8864062432000,7275846053000,4000,0.004000
7275879380000,MATCHED,1016,7275879380000,1016,8864095751000,7275879372000,8000,0.008000
7275912696000,MATCHED,1017,7275912696000,1017,8864129069000,7275912690000,6000,0.006000
7275946018000,MATCHED,1018,7275946018000,1018,8864162388000,7275946009000,9000,0.009000
7275979335000,MATCHED,1019,7275979335000,1019,8864195707000,7275979328000,7000,0.007000
7276012652000,MATCHED,1020,7276012652000,1020,8864229024000,7276012645000,7000,0.007000
7276045969000,MATCHED,1021,7276045969000,1021,8864262343000,7276045964000,5000,0.005000
7276079290000,MATCHED,1022,7276079290000,1022,8864295660000,7276079281000,9000,0.009000
7276112608000,MATCHED,1023,7276112608000,1023,8864328980000,7276112601000,7000,0.007000
7276145925000,MATCHED,1024,7276145925000,1024,8864362298000,7276145919000,6000,0.006000
7276179245000,MATCHED,1025,7276179245000,1025,8864395617000,7276179238000,7000,0.007000
7276212560000,MATCHED,1026,7276212560000,1026,8864428935000,7276212556000,4000,0.004000
7276245879000,MATCHED,1027,7276245879000,1027,8864462254000,7276245875000,4000,0.004000
7276279200000,MATCHED,1028,7276279200000,1028,8864495573000,7276279194000,6000,0.006000
7276312516000,MATCHED,1029,7276312516000,1029,8864528891000,7276312512000,4000,0.004000
7276345836000,MATCHED,1030,7276345836000,1030,8864562208000,7276345829000,7000,0.007000
7276379157000,MATCHED,1031,7276379157000,1031,8864595527000,7276379148000,9000,0.009000
7276412472000,MATCHED,1032,7276412472000,1032,8864628846000,7276412467000,5000,0.005000
7276445792000,MATCHED,1033,7276445792000,1033,8864662167000,7276445788000,4000,0.004000
7276479111000,MATCHED,1034,7276479111000,1034,8864695483000,7276479104000,7000,0.007000
7276512427000,MATCHED,1035,7276512427000,1035,8864728802000,7276512423000,4000,0.004000
7276545755000,MATCHED,1036,7276545755000,1036,8864762120000,7276545741000,14000,0.014000
7276579066000,MATCHED,1037,7276579066000,1037,8864795438000,7276579059000,7000,0.007000
7276612384000,MATCHED,1038,7276612384000,1038,8864828757000,7276612378000,6000,0.006000
7276645700000,MATCHED,1039,7276645700000,1039,8864862075000,7276645696000,4000,0.004000
7276679022000,MATCHED,1040,7276679022000,1040,8864895394000,7276679015000,7000,0.007000
7276712338000,MATCHED,1041,7276712338000,1041,8864928712000,7276712333000,5000,0.005000
7276745657000,MATCHED,1042,7276745657000,1042,8864962031000,7276745652000,5000,0.005000
7276778977000,MATCHED,1043,7276778977000,1043,8864995349000,7276778970000,7000,0.007000
7276812294000,MATCHED,1044,7276812294000,1044,8865028668000,7276812289000,5000,0.005000
7276845612000,MATCHED,1045,7276845612000,1045,8865061986000,7276845607000,5000,0.005000
7276878932000,MATCHED,1046,7276878932000,1046,8865095305000,7276878926000,6000,0.006000
7276912248000,MATCHED,1047,7276912248000,1047,8865128623000,7276912244000,4000,0.004000
7276945570000,MATCHED,1048,7276945570000,1048,8865161941000,7276945562000,8000,0.008000
7276978888000,MATCHED,1049,7276978888000,1049,8865195260000,7276978881000,7000,0.007000
7277012205000,MATCHED,1050,7277012205000,1050,8865228578000,7277012199000,6000,0.006000
7277045522000,MATCHED,1051,7277045522000,1051,8865261896000,7277045517000,5000,0.005000
7277078843000,MATCHED,1052,7277078843000,1052,8865295215000,7277078836000,7000,0.007000
7277112160000,MATCHED,1053,7277112160000,1053,8865328533000,7277112154000,6000,0.006000
7277145480000,MATCHED,1054,7277145480000,1054,8865361852000,7277145473000,7000,0.007000
7277178799000,MATCHED,1055,7277178799000,1055,8865395170000,7277178791000,8000,0.008000
7277212116000,MATCHED,1056,7277212116000,1056,8865428489000,7277212110000,6000,0.006000
7277245433000,MATCHED,1057,7277245433000,1057,8865461807000,7277245428000,5000,0.005000
7277278754000,MATCHED,1058,7277278754000,1058,8865495126000,7277278747000,7000,0.007000
7277312070000,MATCHED,1059,7277312070000,1059,8865528444000,7277312065000,5000,0.005000
7277345391000,MATCHED,1060,7277345391000,1060,8865561763000,7277345384000,7000,0.007000
7277378709000,MATCHED,1061,7277378709000,1061,8865595081000,7277378702000,7000,0.007000
7277412027000,MATCHED,1062,7277412027000,1062,8865628399000,7277412020000,7000,0.007000
7277445344000,MATCHED,1063,7277445344000,1063,8865661718000,7277445339000,5000,0.005000
7277478666000,MATCHED,1064,7277478666000,1064,8865695036000,7277478657000,9000,0.009000
7277511981000,MATCHED,1065,7277511981000,1065,8865728355000,7277511976000,5000,0.005000
7277545302000,MATCHED,1066,7277545302000,1066,8865761674000,7277545295000,7000,0.007000
7277578624000,MATCHED,1067,7277578624000,1067,8865794992000,7277578613000,11000,0.011000
7277611939000,MATCHED,1068,7277611939000,1068,8865828310000,7277611931000,8000,0.008000
7277645259000,MATCHED,1069,7277645259000,1069,8865861629000,7277645250000,9000,0.009000
7277678579000,MATCHED,1070,7277678579000,1070,8865894949000,7277678570000,9000,0.009000
7277711894000,MATCHED,1071,7277711894000,1071,8865928266000,7277711887000,7000,0.007000
7277745214000,MATCHED,1072,7277745214000,1072,8865961585000,7277745206000,8000,0.008000
7277778532000,MATCHED,1073,7277778532000,1073,8865994905000,7277778526000,6000,0.006000
7277811851000,MATCHED,1074,7277811851000,1074,8866028221000,7277811842000,9000,0.009000
7277845168000,MATCHED,1075,7277845168000,1075,8866061539000,7277845160000,8000,0.008000
7277878487000,MATCHED,1076,7277878487000,1076,8866094858000,7277878479000,8000,0.008000
7277911806000,MATCHED,1077,7277911806000,1077,8866128177000,7277911798000,8000,0.008000
7277945125000,MATCHED,1078,7277945125000,1078,8866161494000,7277945115000,10000,0.010000
7277978443000,MATCHED,1079,7277978443000,1079,8866194813000,7277978434000,9000,0.009000
7278011761000,MATCHED,1080,7278011761000,1080,8866228132000,7278011753000,8000,0.008000
7278045081000,MATCHED,1081,7278045081000,1081,8866261450000,7278045071000,10000,0.010000
7278078399000,MATCHED,1082,7278078399000,1082,8866294767000,7278078388000,11000,0.011000
7278111717000,MATCHED,1083,7278111717000,1083,8866328089000,7278111710000,7000,0.007000
7278145035000,MATCHED,1084,7278145035000,1084,8866361406000,7278145027000,8000,0.008000
7278178354000,MATCHED,1085,7278178354000,1085,8866394724000,7278178345000,9000,0.009000
7278211672000,MATCHED,1086,7278211672000,1086,8866428042000,7278211663000,9000,0.009000
7278244990000,MATCHED,1087,7278244990000,1087,8866461361000,7278244982000,8000,0.008000
7278278309000,MATCHED,1088,7278278309000,1088,8866494681000,7278278302000,7000,0.007000
7278311627000,MATCHED,1089,7278311627000,1089,8866527999000,7278311620000,7000,0.007000
7278344946000,MATCHED,1090,7278344946000,1090,8866561316000,7278344937000,9000,0.009000
7278378264000,MATCHED,1091,7278378264000,1091,8866594635000,7278378256000,8000,0.008000
7278411584000,MATCHED,1092,7278411584000,1092,8866627954000,7278411575000,9000,0.009000
7278444901000,MATCHED,1093,7278444901000,1093,8866661272000,7278444893000,8000,0.008000
7278478221000,MATCHED,1094,7278478221000,1094,8866694590000,7278478211000,10000,0.010000
7278511539000,MATCHED,1095,7278511539000,1095,8866727909000,7278511530000,9000,0.009000
7278544860000,MATCHED,1096,7278544860000,1096,8866761227000,7278544848000,12000,0.012000
7278578177000,MATCHED,1097,7278578177000,1097,8866794546000,7278578167000,10000,0.010000
7278611494000,MATCHED,1098,7278611494000,1098,8866827865000,7278611486000,8000,0.008000
7278644812000,MATCHED,1099,7278644812000,1099,8866861182000,7278644803000,9000,0.009000
7278678131000,MATCHED,1100,7278678131000,1100,8866894502000,7278678123000,8000,0.008000
7278711450000,MATCHED,1101,7278711450000,1101,8866927820000,7278711441000,9000,0.009000
7278744768000,MATCHED,1102,7278744768000,1102,8866961137000,7278744758000,10000,0.010000
7278778088000,MATCHED,1103,7278778088000,1103,8866994457000,7278778078000,10000,0.010000
7278811406000,MATCHED,1104,7278811406000,1104,8867027775000,7278811396000,10000,0.010000
7278844724000,MATCHED,1105,7278844724000,1105,8867061093000,7278844714000,10000,0.010000
7278878043000,MATCHED,1106,7278878043000,1106,8867094412000,7278878033000,10000,0.010000
7278911361000,MATCHED,1107,7278911361000,1107,8867127730000,7278911351000,10000,0.010000
7278944679000,MATCHED,1108,7278944679000,1108,8867161049000,7278944670000,9000,0.009000
7278977998000,MATCHED,1109,7278977998000,1109,8867194368000,7278977989000,9000,0.009000
7279011317000,MATCHED,1110,7279011317000,1110,8867227686000,7279011307000,10000,0.010000
7279044634000,MATCHED,1111,7279044634000,1111,8867261004000,7279044625000,9000,0.009000
7279077954000,MATCHED,1112,7279077954000,1112,8867294322000,7279077943000,11000,0.011000
7279111274000,MATCHED,1113,7279111274000,1113,8867327641000,7279111262000,12000,0.012000
7279144590000,MATCHED,1114,7279144590000,1114,8867360959000,7279144580000,10000,0.010000
7279177909000,MATCHED,1115,7279177909000,1115,8867394278000,7279177899000,10000,0.010000
7279211227000,MATCHED,1116,7279211227000,1116,8867427596000,7279211217000,10000,0.010000
7279244545000,MATCHED,1117,7279244545000,1117,8867460914000,7279244535000,10000,0.010000
7279277864000,MATCHED,1118,7279277864000,1118,8867494234000,7279277855000,9000,0.009000
7279311182000,MATCHED,1119,7279311182000,1119,8867527553000,7279311174000,8000,0.008000
7279344501000,MATCHED,1120,7279344501000,1120,8867560870000,7279344491000,10000,0.010000
7279377820000,MATCHED,1121,7279377820000,1121,8867594189000,7279377810000,10000,0.010000
7279411138000,MATCHED,1122,7279411138000,1122,8867627507000,7279411128000,10000,0.010000
7279444456000,MATCHED,1123,7279444456000,1123,8867660826000,7279444447000,9000,0.009000
7279477775000,MATCHED,1124,7279477775000,1124,8867694143000,7279477764000,11000,0.011000
7279511093000,MATCHED,1125,7279511093000,1125,8867727462000,7279511083000,10000,0.010000
7279544411000,MATCHED,1126,7279544411000,1126,8867760780000,7279544401000,10000,0.010000
7279577730000,MATCHED,1127,7279577730000,1127,8867794100000,7279577721000,9000,0.009000
7279611049000,MATCHED,1128,7279611049000,1128,8867827418000,7279611039000,10000,0.010000
7279644367000,MATCHED,1129,7279644367000,1129,8867860735000,7279644356000,11000,0.011000
7279677685000,MATCHED,1130,7279677685000,1130,8867894055000,7279677676000,9000,0.009000
7279711005000,MATCHED,1131,7279711005000,1131,8867927374000,7279710995000,10000,0.010000
7279744323000,MATCHED,1132,7279744323000,1132,8867960692000,7279744313000,10000,0.010000
7279777642000,MATCHED,1133,7279777642000,1133,8867994010000,7279777631000,11000,0.011000
7279810961000,MATCHED,1134,7279810961000,1134,8868027328000,7279810949000,12000,0.012000
7279844278000,MATCHED,1135,7279844278000,1135,8868060647000,7279844268000,10000,0.010000
7279877597000,MATCHED,1136,7279877597000,1136,8868093965000,7279877586000,11000,0.011000
7279910915000,MATCHED,1137,7279910915000,1137,8868127282000,7279910903000,12000,0.012000
7279944233000,MATCHED,1138,7279944233000,1138,8868160600000,7279944221000,12000,0.012000
7279977552000,MATCHED,1139,7279977552000,1139,8868193919000,7279977540000,12000,0.012000
7280010870000,MATCHED,1140,7280010870000,1140,8868227236000,7280010857000,13000,0.013000
7280044189000,MATCHED,1141,7280044189000,1141,8868260557000,7280044178000,11000,0.011000
7280077507000,MATCHED,1142,7280077507000,1142,8868293874000,7280077495000,12000,0.012000
7280110827000,MATCHED,1143,7280110827000,1143,8868327192000,7280110813000,14000,0.014000
7280144145000,MATCHED,1144,7280144145000,1144,8868360514000,7280144135000,10000,0.010000
7280177462000,MATCHED,1145,7280177462000,1145,8868393833000,7280177454000,8000,0.008000
7280210780000,MATCHED,1146,7280210780000,1146,8868427150000,7280210771000,9000,0.009000
7280244099000,MATCHED,1147,7280244099000,1147,8868460467000,7280244088000,11000,0.011000
7280277418000,MATCHED,1148,7280277418000,1148,8868493787000,7280277408000,10000,0.010000
7280310735000,MATCHED,1149,7280310735000,1149,8868527106000,7280310727000,8000,0.008000
7280344055000,MATCHED,1150,7280344055000,1150,8868560424000,7280344045000,10000,0.010000
7280377374000,MATCHED,1151,7280377374000,1151,8868593743000,7280377364000,10000,0.010000
7280410693000,MATCHED,1152,7280410693000,1152,8868627061000,7280410682000,11000,0.011000
7280444011000,MATCHED,1153,7280444011000,1153,8868660377000,7280443998000,13000,0.013000
7280477329000,MATCHED,1154,7280477329000,1154,8868693697000,7280477318000,11000,0.011000
7280510647000,MATCHED,1155,7280510647000,1155,8868727016000,7280510637000,10000,0.010000
7280543967000,MATCHED,1156,7280543967000,1156,8868760334000,7280543955000,12000,0.012000
7280577284000,MATCHED,1157,7280577284000,1157,8868793652000,7280577273000,11000,0.011000
7280610603000,MATCHED,1158,7280610603000,1158,8868826971000,7280610592000,11000,0.011000
7280643922000,MATCHED,1159,7280643922000,1159,8868860289000,7280643910000,12000,0.012000
7280677241000,MATCHED,1160,7280677241000,1160,8868893607000,7280677228000,13000,0.013000
7280710557000,MATCHED,1161,7280710557000,1161,8868926926000,7280710547000,10000,0.010000
7280743876000,MATCHED,1162,7280743876000,1162,8868960245000,7280743866000,10000,0.010000
7280777194000,MATCHED,1163,7280777194000,1163,8868993563000,7280777184000,10000,0.010000
7280810514000,MATCHED,1164,7280810514000,1164,8869026882000,7280810503000,11000,0.011000
7280843833000,MATCHED,1165,7280843833000,1165,8869060201000,7280843822000,11000,0.011000
7280877150000,MATCHED,1166,7280877150000,1166,8869093518000,7280877139000,11000,0.011000
7280910469000,MATCHED,1167,7280910469000,1167,8869126837000,7280910458000,11000,0.011000
7280943788000,MATCHED,1168,7280943788000,1168,8869160156000,7280943777000,11000,0.011000
7280977106000,MATCHED,1169,7280977106000,1169,8869193474000,7280977095000,11000,0.011000
7281010424000,MATCHED,1170,7281010424000,1170,8869226793000,7281010414000,10000,0.010000
7281043744000,MATCHED,1171,7281043744000,1171,8869260112000,7281043733000,11000,0.011000
7281077066000,MATCHED,1172,7281077066000,1172,8869293430000,7281077051000,15000,0.015000
7281110382000,MATCHED,1173,7281110382000,1173,8869326747000,7281110368000,14000,0.014000
7281143695000,MATCHED,1174,7281143695000,1174,8869360067000,7281143688000,7000,0.007000
7281177014000,MATCHED,1175,7281177014000,1175,8869393385000,7281177006000,8000,0.008000
7281210332000,MATCHED,1176,7281210332000,1176,8869426703000,7281210324000,8000,0.008000
7281243651000,MATCHED,1177,7281243651000,1177,8869460021000,7281243642000,9000,0.009000
7281276970000,MATCHED,1178,7281276970000,1178,8869493342000,7281276963000,7000,0.007000
7281310288000,MATCHED,1179,7281310288000,1179,8869526660000,7281310281000,7000,0.007000
7281343605000,MATCHED,1180,7281343605000,1180,8869559977000,7281343598000,7000,0.007000
7281376924000,MATCHED,1181,7281376924000,1181,8869593298000,7281376919000,5000,0.005000
7281410244000,MATCHED,1182,7281410244000,1182,8869626617000,7281410238000,6000,0.006000
7281443561000,MATCHED,1183,7281443561000,1183,8869659931000,7281443552000,9000,0.009000
7281476879000,MATCHED,1184,7281476879000,1184,8869693251000,7281476872000,7000,0.007000
7281510199000,MATCHED,1185,7281510199000,1185,8869726569000,7281510190000,9000,0.009000
7281543519000,MATCHED,1186,7281543519000,1186,8869759887000,7281543508000,11000,0.011000
7281576835000,MATCHED,1187,7281576835000,1187,8869793206000,7281576827000,8000,0.008000
7281610154000,MATCHED,1188,7281610154000,1188,8869826525000,7281610146000,8000,0.008000
7281643471000,MATCHED,1189,7281643471000,1189,8869859843000,7281643464000,7000,0.007000
7281676791000,MATCHED,1190,7281676791000,1190,8869893162000,7281676783000,8000,0.008000
7281710108000,MATCHED,1191,7281710108000,1191,8869926479000,7281710100000,8000,0.008000
7281743428000,MATCHED,1192,7281743428000,1192,8869959797000,7281743418000,10000,0.010000
7281776745000,MATCHED,1193,7281776745000,1193,8869993115000,7281776736000,9000,0.009000
7281810064000,MATCHED,1194,7281810064000,1194,8870026435000,7281810056000,8000,0.008000
7281843383000,MATCHED,1195,7281843383000,1195,8870059752000,7281843373000,10000,0.010000
7281876700000,MATCHED,1196,7281876700000,1196,8870093072000,7281876693000,7000,0.007000
7281910020000,MATCHED,1197,7281910020000,1197,8870126390000,7281910011000,9000,0.009000
7281943339000,MATCHED,1198,7281943339000,1198,8870159708000,7281943329000,10000,0.010000
7281976656000,MATCHED,1199,7281976656000,1199,8870193025000,7281976646000,10000,0.010000
7282009977000,MATCHED,1200,7282009977000,1200,8870226345000,7282009966000,11000,0.011000
7282043299000,MATCHED,1201,7282043299000,1201,8870259664000,7282043285000,14000,0.014000
7282076614000,MATCHED,1202,7282076614000,1202,8870292981000,7282076602000,12000,0.012000
7282109937000,MATCHED,1203,7282109937000,1203,8870326305000,7282109926000,11000,0.011000
7282143251000,MATCHED,1204,7282143251000,1204,8870359620000,7282143241000,10000,0.010000
7282176567000,MATCHED,1205,7282176567000,1205,8870392938000,7282176559000,8000,0.008000
7282209886000,MATCHED,1206,7282209886000,1206,8870426256000,7282209877000,9000,0.009000
7282243203000,MATCHED,1207,7282243203000,1207,8870459574000,7282243195000,8000,0.008000
7282276522000,MATCHED,1208,7282276522000,1208,8870492894000,7282276515000,7000,0.007000
7282309841000,MATCHED,1209,7282309841000,1209,8870526212000,7282309833000,8000,0.008000
7282343160000,MATCHED,1210,7282343160000,1210,8870559530000,7282343151000,9000,0.009000
7282376477000,MATCHED,1211,7282376477000,1211,8870592850000,7282376471000,6000,0.006000
7282409797000,MATCHED,1212,7282409797000,1212,8870626167000,7282409788000,9000,0.009000
7282443114000,MATCHED,1213,7282443114000,1213,8870659485000,7282443106000,8000,0.008000
7282476433000,MATCHED,1214,7282476433000,1214,8870692804000,7282476425000,8000,0.008000
7282509753000,MATCHED,1215,7282509753000,1215,8870726123000,7282509744000,9000,0.009000
7282543072000,MATCHED,1216,7282543072000,1216,8870759440000,7282543061000,11000,0.011000
7282576391000,MATCHED,1217,7282576391000,1217,8870792760000,7282576381000,10000,0.010000
7282609710000,MATCHED,1218,7282609710000,1218,8870826078000,7282609699000,11000,0.011000
7282643025000,MATCHED,1219,7282643025000,1219,8870859396000,7282643017000,8000,0.008000
7282676344000,MATCHED,1220,7282676344000,1220,8870892714000,7282676335000,9000,0.009000
7282709662000,MATCHED,1221,7282709662000,1221,8870926033000,7282709654000,8000,0.008000
7282742983000,MATCHED,1222,7282742983000,1222,8870959352000,7282742973000,10000,0.010000
7282776299000,MATCHED,1223,7282776299000,1223,8870992669000,7282776290000,9000,0.009000
7282809619000,MATCHED,1224,7282809619000,1224,8871025986000,7282809607000,12000,0.012000
7282842940000,MATCHED,1225,7282842940000,1225,8871059305000,7282842926000,14000,0.014000
7282876256000,MATCHED,1226,7282876256000,1226,8871092626000,7282876247000,9000,0.009000
7282909573000,MATCHED,1227,7282909573000,1227,8871125942000,7282909563000,10000,0.010000
7282942892000,MATCHED,1228,7282942892000,1228,8871159260000,7282942881000,11000,0.011000
7282976210000,MATCHED,1229,7282976210000,1229,8871192580000,7282976201000,9000,0.009000
7283009530000,MATCHED,1230,7283009530000,1230,8871225898000,7283009519000,11000,0.011000
7283042847000,MATCHED,1231,7283042847000,1231,8871259218000,7283042839000,8000,0.008000
7283076166000,MATCHED,1232,7283076166000,1232,8871292536000,7283076157000,9000,0.009000
7283109493000,MATCHED,1233,7283109493000,1233,8871325853000,7283109474000,19000,0.019000
7283142803000,MATCHED,1234,7283142803000,1234,8871359171000,7283142792000,11000,0.011000
7283176122000,MATCHED,1235,7283176122000,1235,8871392492000,7283176113000,9000,0.009000
7283209450000,MATCHED,1236,7283209450000,1236,8871425809000,7283209430000,20000,0.020000
7283242758000,MATCHED,1237,7283242758000,1237,8871459127000,7283242748000,10000,0.010000
7283276076000,MATCHED,1238,7283276076000,1238,8871492447000,7283276068000,8000,0.008000
7283309394000,MATCHED,1239,7283309394000,1239,8871525765000,7283309386000,8000,0.008000
7283342714000,MATCHED,1240,7283342714000,1240,8871559082000,7283342703000,11000,0.011000
7283376032000,MATCHED,1241,7283376032000,1241,8871592403000,7283376024000,8000,0.008000
7283409352000,MATCHED,1242,7283409352000,1242,8871625720000,7283409341000,11000,0.011000
7283442668000,MATCHED,1243,7283442668000,1243,8871659037000,7283442658000,10000,0.010000
7283475987000,MATCHED,1244,7283475987000,1244,8871692355000,7283475976000,11000,0.011000
7283509307000,MATCHED,1245,7283509307000,1245,8871725675000,7283509296000,11000,0.011000
7283542626000,MATCHED,1246,7283542626000,1246,8871758993000,7283542614000,12000,0.012000
7283575942000,MATCHED,1247,7283575942000,1247,8871792311000,7283575932000,10000,0.010000
7283609263000,MATCHED,1248,7283609263000,1248,8871825631000,7283609252000,11000,0.011000
7283642580000,MATCHED,1249,7283642580000,1249,8871858948000,7283642569000,11000,0.011000
7283675899000,MATCHED,1250,7283675899000,1250,8871892266000,7283675887000,12000,0.012000
7283709216000,MATCHED,1251,7283709216000,1251,8871925587000,7283709208000,8000,0.008000
7283742536000,MATCHED,1252,7283742536000,1252,8871958905000,7283742526000,10000,0.010000
7283775853000,MATCHED,1253,7283775853000,1253,8871992222000,7283775843000,10000,0.010000
7283809172000,MATCHED,1254,7283809172000,1254,8872025546000,7283809167000,5000,0.005000
7283842490000,MATCHED,1255,7283842490000,1255,8872058861000,7283842482000,8000,0.008000
7283875809000,MATCHED,1256,7283875809000,1256,8872092180000,7283875801000,8000,0.008000
7283909129000,MATCHED,1257,7283909129000,1257,8872125497000,7283909118000,11000,0.011000
7283942446000,MATCHED,1258,7283942446000,1258,8872158816000,7283942437000,9000,0.009000
7283975764000,MATCHED,1259,7283975764000,1259,8872192134000,7283975755000,9000,0.009000
7284009083000,MATCHED,1260,7284009083000,1260,8872225453000,7284009074000,9000,0.009000
7284042401000,MATCHED,1261,7284042401000,1261,8872258772000,7284042393000,8000,0.008000
7284075722000,MATCHED,1262,7284075722000,1262,8872292090000,7284075711000,11000,0.011000
7284109045000,MATCHED,1263,7284109045000,1263,8872325412000,7284109033000,12000,0.012000
7284142359000,MATCHED,1264,7284142359000,1264,8872358730000,7284142351000,8000,0.008000
7284175675000,MATCHED,1265,7284175675000,1265,8872392046000,7284175667000,8000,0.008000
7284208995000,MATCHED,1266,7284208995000,1266,8872425365000,7284208986000,9000,0.009000
7284242314000,MATCHED,1267,7284242314000,1267,8872458683000,7284242304000,10000,0.010000
7284275630000,MATCHED,1268,7284275630000,1268,8872492002000,7284275623000,7000,0.007000
7284308949000,MATCHED,1269,7284308949000,1269,8872525320000,7284308941000,8000,0.008000
7284342268000,MATCHED,1270,7284342268000,1270,8872558638000,7284342259000,9000,0.009000
7284375586000,MATCHED,1271,7284375586000,1271,8872591957000,7284375578000,8000,0.008000
7284408910000,MATCHED,1272,7284408910000,1272,8872625275000,7284408896000,14000,0.014000
7284442227000,MATCHED,1273,7284442227000,1273,8872658594000,7284442215000,12000,0.012000
7284475545000,MATCHED,1274,7284475545000,1274,8872691912000,7284475533000,12000,0.012000
7284508861000,MATCHED,1275,7284508861000,1275,8872725230000,7284508851000,10000,0.010000
7284542181000,MATCHED,1276,7284542181000,1276,8872758549000,7284542170000,11000,0.011000
7284575504000,MATCHED,1277,7284575504000,1277,8872791867000,7284575488000,16000,0.016000
7284608816000,MATCHED,1278,7284608816000,1278,8872825186000,7284608807000,9000,0.009000
7284642133000,MATCHED,1279,7284642133000,1279,8872858504000,7284642125000,8000,0.008000
7284675454000,MATCHED,1280,7284675454000,1280,8872891822000,7284675443000,11000,0.011000
7284708771000,MATCHED,1281,7284708771000,1281,8872925141000,7284708762000,9000,0.009000
7284742090000,MATCHED,1282,7284742090000,1282,8872958459000,7284742080000,10000,0.010000
7284775409000,MATCHED,1283,7284775409000,1283,8872991778000,7284775399000,10000,0.010000
7284808727000,MATCHED,1284,7284808727000,1284,8873025099000,7284808720000,7000,0.007000
7284842045000,MATCHED,1285,7284842045000,1285,8873058416000,7284842037000,8000,0.008000
7284875363000,MATCHED,1286,7284875363000,1286,8873091734000,7284875355000,8000,0.008000
7284908681000,MATCHED,1287,7284908681000,1287,8873125053000,7284908674000,7000,0.007000
7284941999000,MATCHED,1288,7284941999000,1288,8873158371000,7284941992000,7000,0.007000
7284975318000,MATCHED,1289,7284975318000,1289,8873191691000,7284975312000,6000,0.006000
7285008636000,MATCHED,1290,7285008636000,1290,8873225009000,7285008630000,6000,0.006000
7285041954000,MATCHED,1291,7285041954000,1291,8873258330000,7285041951000,3000,0.003000
7285075274000,MATCHED,1292,7285075274000,1292,8873291644000,7285075265000,9000,0.009000
7285108598000,MATCHED,1293,7285108598000,1293,8873324963000,7285108584000,14000,0.014000
7285141911000,MATCHED,1294,7285141911000,1294,8873358281000,7285141902000,9000,0.009000
7285175230000,MATCHED,1295,7285175230000,1295,8873391600000,7285175221000,9000,0.009000
7285208555000,MATCHED,1296,7285208555000,1296,8873424919000,7285208540000,15000,0.015000
7285241869000,MATCHED,1297,7285241869000,1297,8873458239000,7285241860000,9000,0.009000
7285275184000,MATCHED,1298,7285275184000,1298,8873491556000,7285275177000,7000,0.007000
7285308502000,MATCHED,1299,7285308502000,1299,8873524875000,7285308496000,6000,0.006000
7285341821000,MATCHED,1300,7285341821000,1300,8873558193000,7285341814000,7000,0.007000
7285375139000,MATCHED,1301,7285375139000,1301,8873591512000,7285375133000,6000,0.006000
7285408460000,MATCHED,1302,7285408460000,1302,8873624830000,7285408451000,9000,0.009000
7285441776000,MATCHED,1303,7285441776000,1303,8873658151000,7285441772000,4000,0.004000
7285475095000,MATCHED,1304,7285475095000,1304,8873691467000,7285475088000,7000,0.007000
7285508413000,MATCHED,1305,7285508413000,1305,8873724786000,7285508407000,6000,0.006000
7285541731000,MATCHED,1306,7285541731000,1306,8873758103000,7285541724000,7000,0.007000
7285575050000,MATCHED,1307,7285575050000,1307,8873791422000,7285575043000,7000,0.007000
7285608369000,MATCHED,1308,7285608369000,1308,8873824740000,7285608361000,8000,0.008000
7285641687000,MATCHED,1309,7285641687000,1309,8873858059000,7285641680000,7000,0.007000
7285675005000,MATCHED,1310,7285675005000,1310,8873891378000,7285674999000,6000,0.006000
7285708323000,MATCHED,1311,7285708323000,1311,8873924696000,7285708317000,6000,0.006000
7285741647000,MATCHED,1312,7285741647000,1312,8873958015000,7285741636000,11000,0.011000
7285774966000,MATCHED,1313,7285774966000,1313,8873991333000,7285774954000,12000,0.012000
7285808281000,MATCHED,1314,7285808281000,1314,8874024651000,7285808272000,9000,0.009000
7285841598000,MATCHED,1315,7285841598000,1315,8874057970000,7285841591000,7000,0.007000
7285874917000,MATCHED,1316,7285874917000,1316,8874091288000,7285874909000,8000,0.008000
7285908238000,MATCHED,1317,7285908238000,1317,8874124606000,7285908227000,11000,0.011000
7285941553000,MATCHED,1318,7285941553000,1318,8874157925000,7285941546000,7000,0.007000
7285974871000,MATCHED,1319,7285974871000,1319,8874191243000,7285974864000,7000,0.007000
7286008192000,MATCHED,1320,7286008192000,1320,8874224562000,7286008183000,9000,0.009000
7286041508000,MATCHED,1321,7286041508000,1321,8874257880000,7286041501000,7000,0.007000
7286074829000,MATCHED,1322,7286074829000,1322,8874291197000,7286074818000,11000,0.011000
7286108153000,MATCHED,1323,7286108153000,1323,8874324518000,7286108139000,14000,0.014000
7286141464000,MATCHED,1324,7286141464000,1324,8874357836000,7286141457000,7000,0.007000
7286174784000,MATCHED,1325,7286174784000,1325,8874391154000,7286174775000,9000,0.009000
7286208103000,MATCHED,1326,7286208103000,1326,8874424473000,7286208094000,9000,0.009000
7286241423000,MATCHED,1327,7286241423000,1327,8874457790000,7286241411000,12000,0.012000
7286274749000,MATCHED,1328,7286274749000,1328,8874491110000,7286274731000,18000,0.018000
7286308060000,MATCHED,1329,7286308060000,1329,8874524428000,7286308049000,11000,0.011000
7286341375000,MATCHED,1330,7286341375000,1330,8874557747000,7286341368000,7000,0.007000
7286374694000,MATCHED,1331,7286374694000,1331,8874591067000,7286374688000,6000,0.006000
7286408024000,MATCHED,1332,7286408024000,1332,8874624382000,7286408003000,21000,0.021000
7286441330000,MATCHED,1333,7286441330000,1333,8874657702000,7286441323000,7000,0.007000
7286474652000,MATCHED,1334,7286474652000,1334,8874691020000,7286474641000,11000,0.011000
7286507968000,MATCHED,1335,7286507968000,1335,8874724339000,7286507960000,8000,0.008000
7286541290000,MATCHED,1336,7286541290000,1336,8874757657000,7286541278000,12000,0.012000
7286574608000,MATCHED,1337,7286574608000,1337,8874790976000,7286574597000,11000,0.011000
7286607926000,MATCHED,1338,7286607926000,1338,8874824294000,7286607915000,11000,0.011000
7286641244000,MATCHED,1339,7286641244000,1339,8874857613000,7286641234000,10000,0.010000
7286674563000,MATCHED,1340,7286674563000,1340,8874890931000,7286674552000,11000,0.011000
7286707881000,MATCHED,1341,7286707881000,1341,8874924250000,7286707871000,10000,0.010000
7286741201000,MATCHED,1342,7286741201000,1342,8874957571000,7286741192000,9000,0.009000
7286774518000,MATCHED,1343,7286774518000,1343,8874990886000,7286774507000,11000,0.011000
7286807837000,MATCHED,1344,7286807837000,1344,8875024204000,7286807825000,12000,0.012000
7286841155000,MATCHED,1345,7286841155000,1345,8875057522000,7286841143000,12000,0.012000
7286874474000,MATCHED,1346,7286874474000,1346,8875090841000,7286874462000,12000,0.012000
7286907793000,MATCHED,1347,7286907793000,1347,8875124161000,7286907782000,11000,0.011000
7286941110000,MATCHED,1348,7286941110000,1348,8875157478000,7286941099000,11000,0.011000
7286974430000,MATCHED,1349,7286974430000,1349,8875190797000,7286974418000,12000,0.012000
7287007752000,MATCHED,1350,7287007752000,1350,8875224116000,7287007737000,15000,0.015000
7287041066000,MATCHED,1351,7287041066000,1351,8875257435000,7287041056000,10000,0.010000
7287074384000,MATCHED,1352,7287074384000,1352,8875290752000,7287074373000,11000,0.011000
7287107706000,MATCHED,1353,7287107706000,1353,8875324071000,7287107692000,14000,0.014000
7287141020000,MATCHED,1354,7287141020000,1354,8875357390000,7287141011000,9000,0.009000
7287174338000,MATCHED,1355,7287174338000,1355,8875390708000,7287174329000,9000,0.009000
7287207656000,MATCHED,1356,7287207656000,1356,8875424027000,7287207648000,8000,0.008000
7287240975000,MATCHED,1357,7287240975000,1357,8875457345000,7287240966000,9000,0.009000
7287274303000,MATCHED,1358,7287274303000,1358,8875490663000,7287274284000,19000,0.019000
7287307612000,MATCHED,1359,7287307612000,1359,8875523982000,7287307603000,9000,0.009000
7287340930000,MATCHED,1360,7287340930000,1360,8875557299000,7287340920000,10000,0.010000
7287374249000,MATCHED,1361,7287374249000,1361,8875590618000,7287374239000,10000,0.010000
7287407568000,MATCHED,1362,7287407568000,1362,8875623937000,7287407558000,10000,0.010000
7287440885000,MATCHED,1363,7287440885000,1363,8875657255000,7287440876000,9000,0.009000
7287474206000,MATCHED,1364,7287474206000,1364,8875690575000,7287474196000,10000,0.010000
7287507523000,MATCHED,1365,7287507523000,1365,8875723892000,7287507513000,10000,0.010000
7287540841000,MATCHED,1366,7287540841000,1366,8875757213000,7287540834000,7000,0.007000
7287574159000,MATCHED,1367,7287574159000,1367,8875790530000,7287574151000,8000,0.008000
7287607480000,MATCHED,1368,7287607480000,1368,8875823849000,7287607470000,10000,0.010000
7287640797000,MATCHED,1369,7287640797000,1369,8875857167000,7287640788000,9000,0.009000
7287674115000,MATCHED,1370,7287674115000,1370,8875890485000,7287674106000,9000,0.009000
7287707433000,MATCHED,1371,7287707433000,1371,8875923804000,7287707425000,8000,0.008000
7287740752000,MATCHED,1372,7287740752000,1372,8875957123000,7287740744000,8000,0.008000
7287774070000,MATCHED,1373,7287774070000,1373,8875990440000,7287774061000,9000,0.009000
7287807390000,MATCHED,1374,7287807390000,1374,8876023759000,7287807380000,10000,0.010000
7287840707000,MATCHED,1375,7287840707000,1375,8876057078000,7287840699000,8000,0.008000
7287874026000,MATCHED,1376,7287874026000,1376,8876090396000,7287874017000,9000,0.009000
7287907345000,MATCHED,1377,7287907345000,1377,8876123715000,7287907336000,9000,0.009000
7287940663000,MATCHED,1378,7287940663000,1378,8876157033000,7287940654000,9000,0.009000
7287973980000,MATCHED,1379,7287973980000,1379,8876190354000,7287973975000,5000,0.005000
7288007298000,MATCHED,1380,7288007298000,1380,8876223670000,7288007291000,7000,0.007000
7288040616000,MATCHED,1381,7288040616000,1381,8876256988000,7288040609000,7000,0.007000
7288073937000,MATCHED,1382,7288073937000,1382,8876290306000,7288073927000,10000,0.010000
7288107258000,MATCHED,1383,7288107258000,1383,8876323631000,7288107252000,6000,0.006000
7288140574000,MATCHED,1384,7288140574000,1384,8876356943000,7288140564000,10000,0.010000
7288173892000,MATCHED,1385,7288173892000,1385,8876390261000,7288173882000,10000,0.010000
7288207211000,MATCHED,1386,7288207211000,1386,8876423579000,7288207200000,11000,0.011000
7288240528000,MATCHED,1387,7288240528000,1387,8876456898000,7288240519000,9000,0.009000
7288273847000,MATCHED,1388,7288273847000,1388,8876490219000,7288273840000,7000,0.007000
7288307166000,MATCHED,1389,7288307166000,1389,8876523536000,7288307157000,9000,0.009000
7288340485000,MATCHED,1390,7288340485000,1390,8876556854000,7288340475000,10000,0.010000
7288373803000,MATCHED,1391,7288373803000,1391,8876590172000,7288373793000,10000,0.010000
7288407122000,MATCHED,1392,7288407122000,1392,8876623491000,7288407112000,10000,0.010000
7288440441000,MATCHED,1393,7288440441000,1393,8876656809000,7288440430000,11000,0.011000
7288473759000,MATCHED,1394,7288473759000,1394,8876690127000,7288473748000,11000,0.011000
7288507077000,MATCHED,1395,7288507077000,1395,8876723446000,7288507067000,10000,0.010000
7288540395000,MATCHED,1396,7288540395000,1396,8876756764000,7288540385000,10000,0.010000
7288573713000,MATCHED,1397,7288573713000,1397,8876790082000,7288573703000,10000,0.010000
7288607032000,MATCHED,1398,7288607032000,1398,8876823401000,7288607022000,10000,0.010000
7288640350000,MATCHED,1399,7288640350000,1399,8876856720000,7288640341000,9000,0.009000
7288673669000,MATCHED,1400,7288673669000,1400,8876890039000,7288673660000,9000,0.009000
7288706988000,MATCHED,1401,7288706988000,1401,8876923359000,7288706980000,8000,0.008000
7288740307000,MATCHED,1402,7288740307000,1402,8876956675000,7288740296000,11000,0.011000
7288773624000,MATCHED,1403,7288773624000,1403,8876989995000,7288773616000,8000,0.008000
7288806943000,MATCHED,1404,7288806943000,1404,8877023313000,7288806934000,9000,0.009000
7288840263000,MATCHED,1405,7288840263000,1405,8877056632000,7288840253000,10000,0.010000
7288873581000,MATCHED,1406,7288873581000,1406,8877089951000,7288873572000,9000,0.009000
7288906898000,MATCHED,1407,7288906898000,1407,8877123269000,7288906890000,8000,0.008000
7288940218000,MATCHED,1408,7288940218000,1408,8877156587000,7288940208000,10000,0.010000
7288973535000,MATCHED,1409,7288973535000,1409,8877189906000,7288973527000,8000,0.008000
7289006853000,MATCHED,1410,7289006853000,1410,8877223224000,7289006845000,8000,0.008000
7289040172000,MATCHED,1411,7289040172000,1411,8877256543000,7289040164000,8000,0.008000
7289073490000,MATCHED,1412,7289073490000,1412,8877289861000,7289073482000,8000,0.008000
7289106814000,MATCHED,1413,7289106814000,1413,8877323179000,7289106800000,14000,0.014000
7289140129000,MATCHED,1414,7289140129000,1414,8877356497000,7289140118000,11000,0.011000
7289173444000,MATCHED,1415,7289173444000,1415,8877389815000,7289173436000,8000,0.008000
7289206764000,MATCHED,1416,7289206764000,1416,8877423134000,7289206755000,9000,0.009000
7289240083000,MATCHED,1417,7289240083000,1417,8877456453000,7289240074000,9000,0.009000
7289273400000,MATCHED,1418,7289273400000,1418,8877489775000,7289273396000,4000,0.004000
7289306720000,MATCHED,1419,7289306720000,1419,8877523091000,7289306712000,8000,0.008000
7289340038000,MATCHED,1420,7289340038000,1420,8877556407000,7289340028000,10000,0.010000
7289373358000,MATCHED,1421,7289373358000,1421,8877589727000,7289373348000,10000,0.010000
7289406676000,MATCHED,1422,7289406676000,1422,8877623045000,7289406666000,10000,0.010000
7289439992000,MATCHED,1423,7289439992000,1423,8877656364000,7289439985000,7000,0.007000
7289473312000,MATCHED,1424,7289473312000,1424,8877689682000,7289473303000,9000,0.009000
7289506630000,MATCHED,1425,7289506630000,1425,8877723001000,7289506622000,8000,0.008000
7289539948000,MATCHED,1426,7289539948000,1426,8877756320000,7289539941000,7000,0.007000
7289573267000,MATCHED,1427,7289573267000,1427,8877789639000,7289573260000,7000,0.007000
7289606586000,MATCHED,1428,7289606586000,1428,8877822957000,7289606578000,8000,0.008000
7289639905000,MATCHED,1429,7289639905000,1429,8877856275000,7289639896000,9000,0.009000
7289673222000,MATCHED,1430,7289673222000,1430,8877889593000,7289673214000,8000,0.008000
7289706547000,MATCHED,1431,7289706547000,1431,8877922913000,7289706534000,13000,0.013000
7289739860000,MATCHED,1432,7289739860000,1432,8877956230000,7289739851000,9000,0.009000
7289773177000,MATCHED,1433,7289773177000,1433,8877989549000,7289773170000,7000,0.007000
7289806497000,MATCHED,1434,7289806497000,1434,8878022867000,7289806488000,9000,0.009000
7289839816000,MATCHED,1435,7289839816000,1435,8878056185000,7289839806000,10000,0.010000
7289873134000,MATCHED,1436,7289873134000,1436,8878089503000,7289873124000,10000,0.010000
7289906455000,MATCHED,1437,7289906455000,1437,8878122822000,7289906443000,12000,0.012000
7289939771000,MATCHED,1438,7289939771000,1438,8878156141000,7289939762000,9000,0.009000
7289973089000,MATCHED,1439,7289973089000,1439,8878189460000,7289973081000,8000,0.008000
7290006411000,MATCHED,1440,7290006411000,1440,8878222778000,7290006399000,12000,0.012000
7290039725000,MATCHED,1441,7290039725000,1441,8878256096000,7290039717000,8000,0.008000
7290073044000,MATCHED,1442,7290073044000,1442,8878289414000,7290073035000,9000,0.009000
7290106363000,MATCHED,1443,7290106363000,1443,8878322739000,7290106360000,3000,0.003000
7290139682000,MATCHED,1444,7290139682000,1444,8878356052000,7290139673000,9000,0.009000
7290173000000,MATCHED,1445,7290173000000,1445,8878389370000,7290172991000,9000,0.009000
7290206318000,MATCHED,1446,7290206318000,1446,8878422689000,7290206310000,8000,0.008000
7290239636000,MATCHED,1447,7290239636000,1447,8878456015000,7290239636000,0,0.000000
7290272954000,MATCHED,1448,7290272954000,1448,8878489326000,7290272947000,7000,0.007000
7290306274000,MATCHED,1449,7290306274000,1449,8878522644000,7290306265000,9000,0.009000
7290339591000,MATCHED,1450,7290339591000,1450,8878555963000,7290339584000,7000,0.007000
7290372910000,MATCHED,1451,7290372910000,1451,8878589282000,7290372903000,7000,0.007000
7290406229000,MATCHED,1452,7290406229000,1452,8878622600000,7290406221000,8000,0.008000
7290439548000,MATCHED,1453,7290439548000,1453,8878655918000,7290439539000,9000,0.009000
7290472868000,MATCHED,1454,7290472868000,1454,8878689237000,7290472858000,10000,0.010000
7290506185000,MATCHED,1455,7290506185000,1455,8878722556000,7290506177000,8000,0.008000
7290539502000,MATCHED,1456,7290539502000,1456,8878755873000,7290539494000,8000,0.008000
7290572820000,MATCHED,1457,7290572820000,1457,8878789193000,7290572814000,6000,0.006000
7290606140000,MATCHED,1458,7290606140000,1458,8878822511000,7290606132000,8000,0.008000
7290639459000,MATCHED,1459,7290639459000,1459,8878855828000,7290639449000,10000,0.010000
7290672776000,MATCHED,1460,7290672776000,1460,8878889146000,7290672767000,9000,0.009000
7290706094000,MATCHED,1461,7290706094000,1461,8878922465000,7290706086000,8000,0.008000
7290739413000,MATCHED,1462,7290739413000,1462,8878955784000,7290739405000,8000,0.008000
7290772732000,MATCHED,1463,7290772732000,1463,8878989102000,7290772723000,9000,0.009000
7290806051000,MATCHED,1464,7290806051000,1464,8879022421000,7290806042000,9000,0.009000
7290839369000,MATCHED,1465,7290839369000,1465,8879055740000,7290839361000,8000,0.008000
7290872689000,MATCHED,1466,7290872689000,1466,8879089058000,7290872679000,10000,0.010000
7290906006000,MATCHED,1467,7290906006000,1467,8879122378000,7290905999000,7000,0.007000
7290939325000,MATCHED,1468,7290939325000,1468,8879155696000,7290939317000,8000,0.008000
7290972643000,MATCHED,1469,7290972643000,1469,8879189013000,7290972634000,9000,0.009000
7291005963000,MATCHED,1470,7291005963000,1470,8879222332000,7291005953000,10000,0.010000
7291039280000,MATCHED,1471,7291039280000,1471,8879255650000,7291039271000,9000,0.009000
7291072597000,MATCHED,1472,7291072597000,1472,8879288969000,7291072590000,7000,0.007000
7291105918000,MATCHED,1473,7291105918000,1473,8879322288000,7291105909000,9000,0.009000
7291139235000,MATCHED,1474,7291139235000,1474,8879355605000,7291139226000,9000,0.009000
7291172553000,MATCHED,1475,7291172553000,1475,8879388924000,7291172545000,8000,0.008000
7291205872000,MATCHED,1476,7291205872000,1476,8879422243000,7291205864000,8000,0.008000
7291239191000,MATCHED,1477,7291239191000,1477,8879455561000,7291239182000,9000,0.009000
7291272508000,MATCHED,1478,7291272508000,1478,8879488880000,7291272501000,7000,0.007000
7291305827000,MATCHED,1479,7291305827000,1479,8879522198000,7291305819000,8000,0.008000
7291339147000,MATCHED,1480,7291339147000,1480,8879555517000,7291339138000,9000,0.009000
7291372465000,MATCHED,1481,7291372465000,1481,8879588835000,7291372456000,9000,0.009000
7291405783000,MATCHED,1482,7291405783000,1482,8879622154000,7291405775000,8000,0.008000
7291439101000,MATCHED,1483,7291439101000,1483,8879655472000,7291439093000,8000,0.008000
7291472420000,MATCHED,1484,7291472420000,1484,8879688790000,7291472411000,9000,0.009000
7291505743000,MATCHED,1485,7291505743000,1485,8879722109000,7291505730000,13000,0.013000
7291539057000,MATCHED,1486,7291539057000,1486,8879755428000,7291539049000,8000,0.008000
7291572374000,MATCHED,1487,7291572374000,1487,8879788745000,7291572366000,8000,0.008000
7291605694000,MATCHED,1488,7291605694000,1488,8879822065000,7291605686000,8000,0.008000
7291639013000,MATCHED,1489,7291639013000,1489,8879855383000,7291639004000,9000,0.009000
7291672330000,MATCHED,1490,7291672330000,1490,8879888702000,7291672323000,7000,0.007000
7291705649000,MATCHED,1491,7291705649000,1491,8879922020000,7291705641000,8000,0.008000
7291738968000,MATCHED,1492,7291738968000,1492,8879955339000,7291738960000,8000,0.008000
7291772285000,MATCHED,1493,7291772285000,1493,8879988656000,7291772277000,8000,0.008000
7291805605000,MATCHED,1494,7291805605000,1494,8880021975000,7291805596000,9000,0.009000
7291838924000,MATCHED,1495,7291838924000,1495,8880055293000,7291838914000,10000,0.010000
7291872241000,MATCHED,1496,7291872241000,1496,8880088613000,7291872234000,7000,0.007000
7291905564000,MATCHED,1497,7291905564000,1497,8880121930000,7291905551000,13000,0.013000
7291938879000,MATCHED,1498,7291938879000,1498,8880155249000,7291938870000,9000,0.009000
7291972196000,MATCHED,1499,7291972196000,1499,8880188567000,7291972188000,8000,0.008000
7292005518000,MATCHED,1500,7292005518000,1500,8880221886000,7292005507000,11000,0.011000
7292038835000,MATCHED,1501,7292038835000,1501,8880255205000,7292038826000,9000,0.009000
7292072155000,MATCHED,1502,7292072155000,1502,8880288522000,7292072143000,12000,0.012000
7292105474000,MATCHED,1503,7292105474000,1503,8880321841000,7292105462000,12000,0.012000
7292138793000,MATCHED,1504,7292138793000,1504,8880355160000,7292138781000,12000,0.012000
7292172110000,MATCHED,1505,7292172110000,1505,8880388478000,7292172099000,11000,0.011000
7292205428000,MATCHED,1506,7292205428000,1506,8880421797000,7292205418000,10000,0.010000
7292238746000,MATCHED,1507,7292238746000,1507,8880455115000,7292238736000,10000,0.010000
7292272065000,MATCHED,1508,7292272065000,1508,8880488433000,7292272054000,11000,0.011000
7292305384000,MATCHED,1509,7292305384000,1509,8880521752000,7292305373000,11000,0.011000
7292338703000,MATCHED,1510,7292338703000,1510,8880555071000,7292338692000,11000,0.011000
7292372020000,MATCHED,1511,7292372020000,1511,8880588388000,7292372009000,11000,0.011000
7292405339000,MATCHED,1512,7292405339000,1512,8880621707000,7292405328000,11000,0.011000
7292438656000,MATCHED,1513,7292438656000,1513,8880655026000,7292438647000,9000,0.009000
7292471978000,MATCHED,1514,7292471978000,1514,8880688346000,7292471967000,11000,0.011000
7292505295000,MATCHED,1515,7292505295000,1515,8880721662000,7292505283000,12000,0.012000
7292538613000,MATCHED,1516,7292538613000,1516,8880754981000,7292538602000,11000,0.011000
7292571931000,MATCHED,1517,7292571931000,1517,8880788300000,7292571921000,10000,0.010000
7292605248000,MATCHED,1518,7292605248000,1518,8880821618000,7292605239000,9000,0.009000
7292638568000,MATCHED,1519,7292638568000,1519,8880854936000,7292638557000,11000,0.011000
7292671886000,MATCHED,1520,7292671886000,1520,8880888255000,7292671876000,10000,0.010000
7292705205000,MATCHED,1521,7292705205000,1521,8880921573000,7292705194000,11000,0.011000
7292738524000,MATCHED,1522,7292738524000,1522,8880954892000,7292738513000,11000,0.011000
7292771842000,MATCHED,1523,7292771842000,1523,8880988210000,7292771831000,11000,0.011000
7292805160000,MATCHED,1524,7292805160000,1524,8881021529000,7292805150000,10000,0.010000
7292838480000,MATCHED,1525,7292838480000,1525,8881054847000,7292838468000,12000,0.012000
7292871798000,MATCHED,1526,7292871798000,1526,8881088165000,7292871786000,12000,0.012000
7292905117000,MATCHED,1527,7292905117000,1527,8881121485000,7292905106000,11000,0.011000
7292938434000,MATCHED,1528,7292938434000,1528,8881154802000,7292938423000,11000,0.011000
7292971753000,MATCHED,1529,7292971753000,1529,8881188121000,7292971742000,11000,0.011000
7293005070000,MATCHED,1530,7293005070000,1530,8881221440000,7293005061000,9000,0.009000
7293038391000,MATCHED,1531,7293038391000,1531,8881254758000,7293038379000,12000,0.012000
7293071710000,MATCHED,1532,7293071710000,1532,8881288078000,7293071699000,11000,0.011000
7293105027000,MATCHED,1533,7293105027000,1533,8881321395000,7293105016000,11000,0.011000
7293138345000,MATCHED,1534,7293138345000,1534,8881354714000,7293138335000,10000,0.010000
7293171663000,MATCHED,1535,7293171663000,1535,8881388033000,7293171654000,9000,0.009000
7293204983000,MATCHED,1536,7293204983000,1536,8881421351000,7293204972000,11000,0.011000
7293238301000,MATCHED,1537,7293238301000,1537,8881454669000,7293238290000,11000,0.011000
7293271620000,MATCHED,1538,7293271620000,1538,8881487987000,7293271608000,12000,0.012000
7293304938000,MATCHED,1539,7293304938000,1539,8881521306000,7293304927000,11000,0.011000
7293338257000,MATCHED,1540,7293338257000,1540,8881554625000,7293338246000,11000,0.011000
7293371585000,MATCHED,1541,7293371585000,1541,8881587943000,7293371564000,21000,0.021000
7293404905000,MATCHED,1542,7293404905000,1542,8881621261000,7293404882000,23000,0.023000
7293438217000,MATCHED,1543,7293438217000,1543,8881654580000,7293438201000,16000,0.016000
7293471536000,MATCHED,1544,7293471536000,1544,8881687899000,7293471520000,16000,0.016000
7293504852000,MATCHED,1545,7293504852000,1545,8881721217000,7293504838000,14000,0.014000
7293538179000,MATCHED,1546,7293538179000,1546,8881754534000,7293538155000,24000,0.024000
7293571496000,MATCHED,1547,7293571496000,1547,8881787853000,7293571474000,22000,0.022000
7293604808000,MATCHED,1548,7293604808000,1548,8881821172000,7293604793000,15000,0.015000
7293638126000,MATCHED,1549,7293638126000,1549,8881854491000,7293638112000,14000,0.014000
7293671445000,MATCHED,1550,7293671445000,1550,8881887809000,7293671430000,15000,0.015000
7293704769000,MATCHED,1551,7293704769000,1551,8881921127000,7293704748000,21000,0.021000
7293738081000,MATCHED,1552,7293738081000,1552,8881954446000,7293738067000,14000,0.014000
7293771406000,MATCHED,1553,7293771406000,1553,8881987765000,7293771386000,20000,0.020000
7293804749000,MATCHED,1554,7293804749000,1554,8882021083000,7293804704000,45000,0.045000
7293838053000,MATCHED,1555,7293838053000,1555,8882054401000,7293838022000,31000,0.031000
7293871360000,MATCHED,1556,7293871360000,1556,8882087721000,7293871342000,18000,0.018000
7293904694000,MATCHED,1557,7293904694000,1557,8882121038000,7293904659000,35000,0.035000
7293938001000,MATCHED,1558,7293938001000,1558,8882154357000,7293937978000,23000,0.023000
7293971317000,MATCHED,1559,7293971317000,1559,8882187676000,7293971297000,20000,0.020000
7294004630000,MATCHED,1560,7294004630000,1560,8882220995000,7294004616000,14000,0.014000
7294037967000,MATCHED,1561,7294037967000,1561,8882254312000,7294037933000,34000,0.034000
7294071266000,MATCHED,1562,7294071266000,1562,8882287628000,7294071249000,17000,0.017000
7294104579000,MATCHED,1563,7294104579000,1563,8882320948000,7294104569000,10000,0.010000
7294137898000,MATCHED,1564,7294137898000,1564,8882354267000,7294137888000,10000,0.010000
7294171216000,MATCHED,1565,7294171216000,1565,8882387586000,7294171207000,9000,0.009000
7294204533000,MATCHED,1566,7294204533000,1566,8882420905000,7294204526000,7000,0.007000
7294237852000,MATCHED,1567,7294237852000,1567,8882454223000,7294237844000,8000,0.008000
7294271170000,MATCHED,1568,7294271170000,1568,8882487541000,7294271162000,8000,0.008000
7294304489000,MATCHED,1569,7294304489000,1569,8882520860000,7294304481000,8000,0.008000
7294337808000,MATCHED,1570,7294337808000,1570,8882554178000,7294337799000,9000,0.009000
7294371126000,MATCHED,1571,7294371126000,1571,8882587497000,7294371118000,8000,0.008000
7294404444000,MATCHED,1572,7294404444000,1572,8882620815000,7294404436000,8000,0.008000
7294437763000,MATCHED,1573,7294437763000,1573,8882654134000,7294437755000,8000,0.008000
7294471088000,MATCHED,1574,7294471088000,1574,8882687452000,7294471073000,15000,0.015000
7294504401000,MATCHED,1575,7294504401000,1575,8882720771000,7294504392000,9000,0.009000
7294537719000,MATCHED,1576,7294537719000,1576,8882754089000,7294537710000,9000,0.009000
7294571043000,MATCHED,1577,7294571043000,1577,8882787408000,7294571029000,14000,0.014000
7294604357000,MATCHED,1578,7294604357000,1578,8882820726000,7294604347000,10000,0.010000
7294637678000,MATCHED,1579,7294637678000,1579,8882854044000,7294637665000,13000,0.013000
7294670993000,MATCHED,1580,7294670993000,1580,8882887363000,7294670984000,9000,0.009000
7294704312000,MATCHED,1581,7294704312000,1581,8882920681000,7294704302000,10000,0.010000
7294737629000,MATCHED,1582,7294737629000,1582,8882954000000,7294737621000,8000,0.008000
7294770947000,MATCHED,1583,7294770947000,1583,8882987318000,7294770939000,8000,0.008000
7294804269000,MATCHED,1584,7294804269000,1584,8883020637000,7294804258000,11000,0.011000
7294837585000,MATCHED,1585,7294837585000,1585,8883053955000,7294837576000,9000,0.009000
7294870905000,MATCHED,1586,7294870905000,1586,8883087273000,7294870894000,11000,0.011000
7294904222000,MATCHED,1587,7294904222000,1587,8883120592000,7294904213000,9000,0.009000
7294937541000,MATCHED,1588,7294937541000,1588,8883153910000,7294937531000,10000,0.010000
7294970858000,MATCHED,1589,7294970858000,1589,8883187228000,7294970849000,9000,0.009000
7295004178000,MATCHED,1590,7295004178000,1590,8883220548000,7295004169000,9000,0.009000
7295037497000,MATCHED,1591,7295037497000,1591,8883253866000,7295037487000,10000,0.010000
7295070815000,MATCHED,1592,7295070815000,1592,8883287184000,7295070805000,10000,0.010000
7295104133000,MATCHED,1593,7295104133000,1593,8883320503000,7295104124000,9000,0.009000
7295137452000,MATCHED,1594,7295137452000,1594,8883353821000,7295137442000,10000,0.010000
7295170770000,MATCHED,1595,7295170770000,1595,8883387140000,7295170761000,9000,0.009000
7295204089000,MATCHED,1596,7295204089000,1596,8883420458000,7295204079000,10000,0.010000
7295237407000,MATCHED,1597,7295237407000,1597,8883453777000,7295237398000,9000,0.009000
7295270726000,MATCHED,1598,7295270726000,1598,8883487095000,7295270716000,10000,0.010000
7295304045000,MATCHED,1599,7295304045000,1599,8883520414000,7295304035000,10000,0.010000
7295337363000,MATCHED,1600,7295337363000,1600,8883553733000,7295337354000,9000,0.009000
7295370681000,MATCHED,1601,7295370681000,1601,8883587051000,7295370672000,9000,0.009000
7295404001000,MATCHED,1602,7295404001000,1602,8883620370000,7295403991000,10000,0.010000
7295437317000,MATCHED,1603,7295437317000,1603,8883653688000,7295437309000,8000,0.008000
7295470640000,MATCHED,1604,7295470640000,1604,8883687006000,7295470627000,13000,0.013000
7295503954000,MATCHED,1605,7295503954000,1605,8883720325000,7295503946000,8000,0.008000
7295537272000,MATCHED,1606,7295537272000,1606,8883753644000,7295537265000,7000,0.007000
7295570591000,MATCHED,1607,7295570591000,1607,8883786961000,7295570582000,9000,0.009000
7295603910000,MATCHED,1608,7295603910000,1608,8883820281000,7295603902000,8000,0.008000
7295637232000,MATCHED,1609,7295637232000,1609,8883853599000,7295637220000,12000,0.012000
7295670547000,MATCHED,1610,7295670547000,1610,8883886917000,7295670538000,9000,0.009000
7295703865000,MATCHED,1611,7295703865000,1611,8883920236000,7295703857000,8000,0.008000
7295737183000,MATCHED,1612,7295737183000,1612,8883953554000,7295737175000,8000,0.008000
7295770502000,MATCHED,1613,7295770502000,1613,8883986873000,7295770494000,8000,0.008000
7295803831000,MATCHED,1614,7295803831000,1614,8884020191000,7295803812000,19000,0.019000
7295837139000,MATCHED,1615,7295837139000,1615,8884053510000,7295837131000,8000,0.008000
7295870459000,MATCHED,1616,7295870459000,1616,8884086828000,7295870449000,10000,0.010000
7295903776000,MATCHED,1617,7295903776000,1617,8884120147000,7295903768000,8000,0.008000
7295937095000,MATCHED,1618,7295937095000,1618,8884153465000,7295937086000,9000,0.009000
7295970413000,MATCHED,1619,7295970413000,1619,8884186783000,7295970404000,9000,0.009000
7296003731000,MATCHED,1620,7296003731000,1620,8884220101000,7296003722000,9000,0.009000
7296037050000,MATCHED,1621,7296037050000,1621,8884253421000,7296037042000,8000,0.008000
7296070369000,MATCHED,1622,7296070369000,1622,8884286735000,7296070356000,13000,0.013000
7296103687000,MATCHED,1623,7296103687000,1623,8884320057000,7296103678000,9000,0.009000
7296137006000,MATCHED,1624,7296137006000,1624,8884353375000,7296136996000,10000,0.010000
7296170323000,MATCHED,1625,7296170323000,1625,8884386693000,7296170314000,9000,0.009000
7296203643000,MATCHED,1626,7296203643000,1626,8884420012000,7296203633000,10000,0.010000
7296236960000,MATCHED,1627,7296236960000,1627,8884453330000,7296236951000,9000,0.009000
7296270279000,MATCHED,1628,7296270279000,1628,8884486649000,7296270270000,9000,0.009000
7296303597000,MATCHED,1629,7296303597000,1629,8884519968000,7296303589000,8000,0.008000
7296336919000,MATCHED,1630,7296336919000,1630,8884553286000,7296336907000,12000,0.012000
7296370234000,MATCHED,1631,7296370234000,1631,8884586605000,7296370226000,8000,0.008000
7296403554000,MATCHED,1632,7296403554000,1632,8884619923000,7296403544000,10000,0.010000
7296436871000,MATCHED,1633,7296436871000,1633,8884653241000,7296436862000,9000,0.009000
7296470206000,MATCHED,1634,7296470206000,1634,8884686560000,7296470181000,25000,0.025000
7296503509000,MATCHED,1635,7296503509000,1635,8884719879000,7296503500000,9000,0.009000
7296536827000,MATCHED,1636,7296536827000,1636,8884753197000,7296536818000,9000,0.009000
7296570145000,MATCHED,1637,7296570145000,1637,8884786515000,7296570136000,9000,0.009000
7296603464000,MATCHED,1638,7296603464000,1638,8884819837000,7296603458000,6000,0.006000
7296636783000,MATCHED,1639,7296636783000,1639,8884853152000,7296636773000,10000,0.010000
7296670101000,MATCHED,1640,7296670101000,1640,8884886471000,7296670092000,9000,0.009000
7296703418000,MATCHED,1641,7296703418000,1641,8884919791000,7296703412000,6000,0.006000
7296736739000,MATCHED,1642,7296736739000,1642,8884953107000,7296736728000,11000,0.011000
7296770055000,MATCHED,1643,7296770055000,1643,8884986426000,7296770047000,8000,0.008000
7296803374000,MATCHED,1644,7296803374000,1644,8885019745000,7296803366000,8000,0.008000
7296836696000,MATCHED,1645,7296836696000,1645,8885053063000,7296836684000,12000,0.012000
7296870013000,MATCHED,1646,7296870013000,1646,8885086381000,7296870002000,11000,0.011000
7296903330000,MATCHED,1647,7296903330000,1647,8885119700000,7296903321000,9000,0.009000
7296936649000,MATCHED,1648,7296936649000,1648,8885153019000,7296936640000,9000,0.009000
7296969967000,MATCHED,1649,7296969967000,1649,8885186337000,7296969958000,9000,0.009000
7297003286000,MATCHED,1650,7297003286000,1650,8885219656000,7297003277000,9000,0.009000
7297036604000,MATCHED,1651,7297036604000,1651,8885252977000,7297036598000,6000,0.006000
7297069923000,MATCHED,1652,7297069923000,1652,8885286292000,7297069913000,10000,0.010000
7297103242000,MATCHED,1653,7297103242000,1653,8885319610000,7297103231000,11000,0.011000
7297136559000,MATCHED,1654,7297136559000,1654,8885352930000,7297136551000,8000,0.008000
7297169877000,MATCHED,1655,7297169877000,1655,8885386248000,7297169869000,8000,0.008000
7297203196000,MATCHED,1656,7297203196000,1656,8885419566000,7297203187000,9000,0.009000
7297236514000,MATCHED,1657,7297236514000,1657,8885452885000,7297236506000,8000,0.008000
7297269834000,MATCHED,1658,7297269834000,1658,8885486203000,7297269824000,10000,0.010000
7297303151000,MATCHED,1659,7297303151000,1659,8885519521000,7297303142000,9000,0.009000
7297336471000,MATCHED,1660,7297336471000,1660,8885552840000,7297336461000,10000,0.010000
7297369788000,MATCHED,1661,7297369788000,1661,8885586158000,7297369779000,9000,0.009000
7297403107000,MATCHED,1662,7297403107000,1662,8885619476000,7297403097000,10000,0.010000
7297436433000,MATCHED,1663,7297436433000,1663,8885652795000,7297436416000,17000,0.017000
7297469749000,MATCHED,1664,7297469749000,1664,8885686113000,7297469734000,15000,0.015000
7297503062000,MATCHED,1665,7297503062000,1665,8885719432000,7297503053000,9000,0.009000
7297536380000,MATCHED,1666,7297536380000,1666,8885752750000,7297536371000,9000,0.009000
7297569698000,MATCHED,1667,7297569698000,1667,8885786068000,7297569689000,9000,0.009000
7297603019000,MATCHED,1668,7297603019000,1668,8885819387000,7297603008000,11000,0.011000
7297636336000,MATCHED,1669,7297636336000,1669,8885852706000,7297636327000,9000,0.009000
7297669654000,MATCHED,1670,7297669654000,1670,8885886025000,7297669646000,8000,0.008000
7297702972000,MATCHED,1671,7297702972000,1671,8885919344000,7297702965000,7000,0.007000
7297736291000,MATCHED,1672,7297736291000,1672,8885952660000,7297736281000,10000,0.010000
7297769608000,MATCHED,1673,7297769608000,1673,8885985980000,7297769601000,7000,0.007000
7297802928000,MATCHED,1674,7297802928000,1674,8886019298000,7297802919000,9000,0.009000
7297836246000,MATCHED,1675,7297836246000,1675,8886052617000,7297836238000,8000,0.008000
7297869566000,MATCHED,1676,7297869566000,1676,8886085935000,7297869556000,10000,0.010000
7297902882000,MATCHED,1677,7297902882000,1677,8886119253000,7297902874000,8000,0.008000
7297936202000,MATCHED,1678,7297936202000,1678,8886152573000,7297936194000,8000,0.008000
7297969523000,MATCHED,1679,7297969523000,1679,8886185890000,7297969511000,12000,0.012000
7298002839000,MATCHED,1680,7298002839000,1680,8886219209000,7298002830000,9000,0.009000
7298036161000,MATCHED,1681,7298036161000,1681,8886252528000,7298036149000,12000,0.012000
7298069475000,MATCHED,1682,7298069475000,1682,8886285843000,7298069464000,11000,0.011000
7298102794000,MATCHED,1683,7298102794000,1683,8886319165000,7298102786000,8000,0.008000
7298136116000,MATCHED,1684,7298136116000,1684,8886352483000,7298136104000,12000,0.012000
7298169431000,MATCHED,1685,7298169431000,1685,8886385802000,7298169423000,8000,0.008000
7298202748000,MATCHED,1686,7298202748000,1686,8886419119000,7298202740000,8000,0.008000
7298236067000,MATCHED,1687,7298236067000,1687,8886452439000,7298236060000,7000,0.007000
7298269386000,MATCHED,1688,7298269386000,1688,8886485757000,7298269378000,8000,0.008000
7298302703000,MATCHED,1689,7298302703000,1689,8886519075000,7298302696000,7000,0.007000
7298336024000,MATCHED,1690,7298336024000,1690,8886552394000,7298336015000,9000,0.009000
7298369340000,MATCHED,1691,7298369340000,1691,8886585713000,7298369334000,6000,0.006000
7298402662000,MATCHED,1692,7298402662000,1692,8886619031000,7298402652000,10000,0.010000
7298435979000,MATCHED,1693,7298435979000,1693,8886652350000,7298435971000,8000,0.008000
7298469312000,MATCHED,1694,7298469312000,1694,8886685667000,7298469288000,24000,0.024000
7298502619000,MATCHED,1695,7298502619000,1695,8886718985000,7298502606000,13000,0.013000
7298535937000,MATCHED,1696,7298535937000,1696,8886752305000,7298535926000,11000,0.011000
7298569256000,MATCHED,1697,7298569256000,1697,8886785623000,7298569244000,12000,0.012000
7298602573000,MATCHED,1698,7298602573000,1698,8886818941000,7298602562000,11000,0.011000
7298635893000,MATCHED,1699,7298635893000,1699,8886852260000,7298635881000,12000,0.012000
7298669210000,MATCHED,1700,7298669210000,1700,8886885578000,7298669199000,11000,0.011000
7298702529000,MATCHED,1701,7298702529000,1701,8886918897000,7298702518000,11000,0.011000
7298735847000,MATCHED,1702,7298735847000,1702,8886952215000,7298735836000,11000,0.011000
7298769166000,MATCHED,1703,7298769166000,1703,8886985535000,7298769156000,10000,0.010000
7298802484000,MATCHED,1704,7298802484000,1704,8887018852000,7298802473000,11000,0.011000
7298835803000,MATCHED,1705,7298835803000,1705,8887052171000,7298835792000,11000,0.011000
7298869121000,MATCHED,1706,7298869121000,1706,8887085490000,7298869111000,10000,0.010000
7298902439000,MATCHED,1707,7298902439000,1707,8887118808000,7298902429000,10000,0.010000
7298935758000,MATCHED,1708,7298935758000,1708,8887152126000,7298935747000,11000,0.011000
7298969078000,MATCHED,1709,7298969078000,1709,8887185444000,7298969065000,13000,0.013000
7299002395000,MATCHED,1710,7299002395000,1710,8887218763000,7299002384000,11000,0.011000
7299035714000,MATCHED,1711,7299035714000,1711,8887252082000,7299035703000,11000,0.011000
7299069031000,MATCHED,1712,7299069031000,1712,8887285400000,7299069021000,10000,0.010000
7299102350000,MATCHED,1713,7299102350000,1713,8887318718000,7299102339000,11000,0.011000
7299135686000,MATCHED,1714,7299135686000,1714,8887352036000,7299135657000,29000,0.029000
7299168988000,MATCHED,1715,7299168988000,1715,8887385355000,7299168976000,12000,0.012000
7299202307000,MATCHED,1716,7299202307000,1716,8887418674000,7299202295000,12000,0.012000
7299235627000,MATCHED,1717,7299235627000,1717,8887451992000,7299235613000,14000,0.014000
7299268944000,MATCHED,1718,7299268944000,1718,8887485310000,7299268931000,13000,0.013000
7299302262000,MATCHED,1719,7299302262000,1719,8887518630000,7299302251000,11000,0.011000
7299335582000,MATCHED,1720,7299335582000,1720,8887551948000,7299335569000,13000,0.013000
7299368899000,MATCHED,1721,7299368899000,1721,8887585265000,7299368886000,13000,0.013000
7299402216000,MATCHED,1722,7299402216000,1722,8887618585000,7299402206000,10000,0.010000
7299435536000,MATCHED,1723,7299435536000,1723,8887651903000,7299435524000,12000,0.012000
7299468859000,MATCHED,1724,7299468859000,1724,8887685222000,7299468843000,16000,0.016000
7299502175000,MATCHED,1725,7299502175000,1725,8887718540000,7299502161000,14000,0.014000
7299535491000,MATCHED,1726,7299535491000,1726,8887751859000,7299535480000,11000,0.011000
7299568809000,MATCHED,1727,7299568809000,1727,8887785177000,7299568798000,11000,0.011000
7299602128000,MATCHED,1728,7299602128000,1728,8887818496000,7299602117000,11000,0.011000
7299635446000,MATCHED,1729,7299635446000,1729,8887851814000,7299635435000,11000,0.011000
7299668765000,MATCHED,1730,7299668765000,1730,8887885132000,7299668753000,12000,0.012000
7299702080000,MATCHED,1731,7299702080000,1731,8887918451000,7299702072000,8000,0.008000
7299735399000,MATCHED,1732,7299735399000,1732,8887951769000,7299735390000,9000,0.009000
7299768720000,MATCHED,1733,7299768720000,1733,8887985088000,7299768709000,11000,0.011000
7299802038000,MATCHED,1734,7299802038000,1734,8888018407000,7299802028000,10000,0.010000
7299835357000,MATCHED,1735,7299835357000,1735,8888051725000,7299835346000,11000,0.011000
7299868675000,MATCHED,1736,7299868675000,1736,8888085043000,7299868664000,11000,0.011000
7299901996000,MATCHED,1737,7299901996000,1737,8888118361000,7299901982000,14000,0.014000
7299935314000,MATCHED,1738,7299935314000,1738,8888151680000,7299935301000,13000,0.013000
7299968631000,MATCHED,1739,7299968631000,1739,8888184998000,7299968619000,12000,0.012000
7300001950000,MATCHED,1740,7300001950000,1740,8888218317000,7300001938000,12000,0.012000
7300035268000,MATCHED,1741,7300035268000,1741,8888251636000,7300035257000,11000,0.011000
7300068585000,MATCHED,1742,7300068585000,1742,8888284956000,7300068577000,8000,0.008000
7300101910000,MATCHED,1743,7300101910000,1743,8888318274000,7300101895000,15000,0.015000
7300135223000,MATCHED,1744,7300135223000,1744,8888351591000,7300135212000,11000,0.011000
7300168542000,MATCHED,1745,7300168542000,1745,8888384909000,7300168530000,12000,0.012000
7300201861000,MATCHED,1746,7300201861000,1746,8888418227000,7300201848000,13000,0.013000
7300235179000,MATCHED,1747,7300235179000,1747,8888451546000,7300235167000,12000,0.012000
7300268497000,MATCHED,1748,7300268497000,1748,8888484864000,7300268485000,12000,0.012000
7300301816000,MATCHED,1749,7300301816000,1749,8888518183000,7300301804000,12000,0.012000
7300335136000,MATCHED,1750,7300335136000,1750,8888551502000,7300335123000,13000,0.013000
7300368455000,MATCHED,1751,7300368455000,1751,8888584820000,7300368441000,14000,0.014000
7300401770000,MATCHED,1752,7300401770000,1752,8888618138000,7300401759000,11000,0.011000
7300435089000,MATCHED,1753,7300435089000,1753,8888651457000,7300435078000,11000,0.011000
7300468408000,MATCHED,1754,7300468408000,1754,8888684781000,7300468402000,6000,0.006000
7300501725000,MATCHED,1755,7300501725000,1755,8888718094000,7300501715000,10000,0.010000
7300535043000,MATCHED,1756,7300535043000,1756,8888751413000,7300535034000,9000,0.009000
7300568362000,MATCHED,1757,7300568362000,1757,8888784731000,7300568352000,10000,0.010000
7300601680000,MATCHED,1758,7300601680000,1758,8888818050000,7300601671000,9000,0.009000
7300634998000,MATCHED,1759,7300634998000,1759,8888851367000,7300634988000,10000,0.010000
7300668317000,MATCHED,1760,7300668317000,1760,8888884686000,7300668307000,10000,0.010000
7300701635000,MATCHED,1761,7300701635000,1761,8888918005000,7300701626000,9000,0.009000
7300734956000,MATCHED,1762,7300734956000,1762,8888951322000,7300734943000,13000,0.013000
7300768274000,MATCHED,1763,7300768274000,1763,8888984641000,7300768262000,12000,0.012000
7300801590000,MATCHED,1764,7300801590000,1764,8889017960000,7300801581000,9000,0.009000
7300834912000,MATCHED,1765,7300834912000,1765,8889051278000,7300834899000,13000,0.013000
7300868229000,MATCHED,1766,7300868229000,1766,8889084597000,7300868218000,11000,0.011000
7300901548000,MATCHED,1767,7300901548000,1767,8889117915000,7300901536000,12000,0.012000
7300934865000,MATCHED,1768,7300934865000,1768,8889151233000,7300934854000,11000,0.011000
7300968183000,MATCHED,1769,7300968183000,1769,8889184552000,7300968173000,10000,0.010000
7301001501000,MATCHED,1770,7301001501000,1770,8889217873000,7301001494000,7000,0.007000
7301034820000,MATCHED,1771,7301034820000,1771,8889251189000,7301034810000,10000,0.010000
7301068139000,MATCHED,1772,7301068139000,1772,8889284509000,7301068130000,9000,0.009000
7301101458000,MATCHED,1773,7301101458000,1773,8889317827000,7301101448000,10000,0.010000
7301134775000,MATCHED,1774,7301134775000,1774,8889351144000,7301134765000,10000,0.010000
7301168094000,MATCHED,1775,7301168094000,1775,8889384464000,7301168085000,9000,0.009000
7301201412000,MATCHED,1776,7301201412000,1776,8889417782000,7301201403000,9000,0.009000
7301234732000,MATCHED,1777,7301234732000,1777,8889451100000,7301234721000,11000,0.011000
7301268052000,MATCHED,1778,7301268052000,1778,8889484419000,7301268040000,12000,0.012000
7301301369000,MATCHED,1779,7301301369000,1779,8889517737000,7301301358000,11000,0.011000
7301334691000,MATCHED,1780,7301334691000,1780,8889551057000,7301334678000,13000,0.013000
7301368020000,MATCHED,1781,7301368020000,1781,8889584374000,7301367995000,25000,0.025000
7301401325000,MATCHED,1782,7301401325000,1782,8889617692000,7301401313000,12000,0.012000
7301434643000,MATCHED,1783,7301434643000,1783,8889651010000,7301434631000,12000,0.012000
7301467962000,MATCHED,1784,7301467962000,1784,8889684330000,7301467951000,11000,0.011000
7301501281000,MATCHED,1785,7301501281000,1785,8889717648000,7301501269000,12000,0.012000
7301534598000,MATCHED,1786,7301534598000,1786,8889750966000,7301534587000,11000,0.011000
7301567917000,MATCHED,1787,7301567917000,1787,8889784285000,7301567906000,11000,0.011000
7301601236000,MATCHED,1788,7301601236000,1788,8889817603000,7301601224000,12000,0.012000
7301634562000,MATCHED,1789,7301634562000,1789,8889850922000,7301634543000,19000,0.019000
7301667875000,MATCHED,1790,7301667875000,1790,8889884241000,7301667862000,13000,0.013000
7301701193000,MATCHED,1791,7301701193000,1791,8889917558000,7301701179000,14000,0.014000
7301734509000,MATCHED,1792,7301734509000,1792,8889950877000,7301734498000,11000,0.011000
7301767826000,MATCHED,1793,7301767826000,1793,8889984195000,7301767816000,10000,0.010000
7301801147000,MATCHED,1794,7301801147000,1794,8890017514000,7301801135000,12000,0.012000
7301834465000,MATCHED,1795,7301834465000,1795,8890050832000,7301834453000,12000,0.012000
7301867782000,MATCHED,1796,7301867782000,1796,8890084151000,7301867772000,10000,0.010000
7301901103000,MATCHED,1797,7301901103000,1797,8890117470000,7301901091000,12000,0.012000
7301934418000,MATCHED,1798,7301934418000,1798,8890150788000,7301934409000,9000,0.009000
7301967738000,MATCHED,1799,7301967738000,1799,8890184106000,7301967727000,11000,0.011000
7302001095000,MATCHED,1800,7302001095000,1800,8890217425000,7302001046000,49000,0.049000
7302034374000,MATCHED,1801,7302034374000,1801,8890250744000,7302034365000,9000,0.009000
7302067696000,MATCHED,1802,7302067696000,1802,8890284061000,7302067682000,14000,0.014000
7302101010000,MATCHED,1803,7302101010000,1803,8890317383000,7302101004000,6000,0.006000
7302134329000,MATCHED,1804,7302134329000,1804,8890350700000,7302134321000,8000,0.008000
7302167649000,MATCHED,1805,7302167649000,1805,8890384018000,7302167639000,10000,0.010000
7302200967000,MATCHED,1806,7302200967000,1806,8890417335000,7302200956000,11000,0.011000
7302234287000,MATCHED,1807,7302234287000,1807,8890450654000,7302234275000,12000,0.012000
7302267603000,MATCHED,1808,7302267603000,1808,8890483974000,7302267595000,8000,0.008000
7302300921000,MATCHED,1809,7302300921000,1809,8890517292000,7302300913000,8000,0.008000
7302334254000,MATCHED,1810,7302334254000,1810,8890550610000,7302334231000,23000,0.023000
7302367562000,MATCHED,1811,7302367562000,1811,8890583929000,7302367550000,12000,0.012000
7302400876000,MATCHED,1812,7302400876000,1812,8890617247000,7302400868000,8000,0.008000
7302434195000,MATCHED,1813,7302434195000,1813,8890650565000,7302434186000,9000,0.009000
7302467513000,MATCHED,1814,7302467513000,1814,8890683884000,7302467505000,8000,0.008000
7302500833000,MATCHED,1815,7302500833000,1815,8890717203000,7302500824000,9000,0.009000
7302534151000,MATCHED,1816,7302534151000,1816,8890750521000,7302534142000,9000,0.009000
7302567469000,MATCHED,1817,7302567469000,1817,8890783840000,7302567461000,8000,0.008000
7302600787000,MATCHED,1818,7302600787000,1818,8890817157000,7302600778000,9000,0.009000
7302634106000,MATCHED,1819,7302634106000,1819,8890850475000,7302634096000,10000,0.010000
7302667425000,MATCHED,1820,7302667425000,1820,8890883794000,7302667415000,10000,0.010000
7302700743000,MATCHED,1821,7302700743000,1821,8890917112000,7302700733000,10000,0.010000
7302734062000,MATCHED,1822,7302734062000,1822,8890950431000,7302734052000,10000,0.010000
7302767380000,MATCHED,1823,7302767380000,1823,8890983750000,7302767371000,9000,0.009000
7302800698000,MATCHED,1824,7302800698000,1824,8891017068000,7302800689000,9000,0.009000
7302834021000,MATCHED,1825,7302834021000,1825,8891050386000,7302834007000,14000,0.014000
7302867337000,MATCHED,1826,7302867337000,1826,8891083705000,7302867326000,11000,0.011000
7302900654000,MATCHED,1827,7302900654000,1827,8891117023000,7302900644000,10000,0.010000
7302933972000,MATCHED,1828,7302933972000,1828,8891150342000,7302933963000,9000,0.009000
7302967291000,MATCHED,1829,7302967291000,1829,8891183660000,7302967281000,10000,0.010000
7303000609000,MATCHED,1830,7303000609000,1830,8891216978000,7303000599000,10000,0.010000
7303033928000,MATCHED,1831,7303033928000,1831,8891250297000,7303033918000,10000,0.010000
7303067246000,MATCHED,1832,7303067246000,1832,8891283615000,7303067236000,10000,0.010000
7303100563000,MATCHED,1833,7303100563000,1833,8891316934000,7303100555000,8000,0.008000
7303133881000,MATCHED,1834,7303133881000,1834,8891350252000,7303133873000,8000,0.008000
7303167201000,MATCHED,1835,7303167201000,1835,8891383571000,7303167192000,9000,0.009000
7303200519000,MATCHED,1836,7303200519000,1836,8891416890000,7303200511000,8000,0.008000
7303233839000,MATCHED,1837,7303233839000,1837,8891450208000,7303233829000,10000,0.010000
7303267157000,MATCHED,1838,7303267157000,1838,8891483526000,7303267147000,10000,0.010000
7303300474000,MATCHED,1839,7303300474000,1839,8891516845000,7303300466000,8000,0.008000
7303333792000,MATCHED,1840,7303333792000,1840,8891550163000,7303333784000,8000,0.008000
7303367114000,MATCHED,1841,7303367114000,1841,8891583482000,7303367103000,11000,0.011000
7303400432000,MATCHED,1842,7303400432000,1842,8891616800000,7303400421000,11000,0.011000
7303433749000,MATCHED,1843,7303433749000,1843,8891650118000,7303433739000,10000,0.010000
7303467068000,MATCHED,1844,7303467068000,1844,8891683437000,7303467058000,10000,0.010000
7303500388000,MATCHED,1845,7303500388000,1845,8891716756000,7303500377000,11000,0.011000
7303533703000,MATCHED,1846,7303533703000,1846,8891750074000,7303533695000,8000,0.008000
7303567024000,MATCHED,1847,7303567024000,1847,8891783393000,7303567014000,10000,0.010000
7303600340000,MATCHED,1848,7303600340000,1848,8891816711000,7303600332000,8000,0.008000
7303633661000,MATCHED,1849,7303633661000,1849,8891850029000,7303633650000,11000,0.011000
7303666980000,MATCHED,1850,7303666980000,1850,8891883348000,7303666969000,11000,0.011000
7303700296000,MATCHED,1851,7303700296000,1851,8891916667000,7303700288000,8000,0.008000
7303733619000,MATCHED,1852,7303733619000,1852,8891949985000,7303733606000,13000,0.013000
7303766934000,MATCHED,1853,7303766934000,1853,8891983303000,7303766924000,10000,0.010000
7303800251000,MATCHED,1854,7303800251000,1854,8892016622000,7303800243000,8000,0.008000
7303833571000,MATCHED,1855,7303833571000,1855,8892049940000,7303833561000,10000,0.010000
7303866890000,MATCHED,1856,7303866890000,1856,8892083258000,7303866879000,11000,0.011000
7303900207000,MATCHED,1857,7303900207000,1857,8892116578000,7303900199000,8000,0.008000
7303933525000,MATCHED,1858,7303933525000,1858,8892149895000,7303933516000,9000,0.009000
7303966846000,MATCHED,1859,7303966846000,1859,8892183214000,7303966835000,11000,0.011000
7304000165000,MATCHED,1860,7304000165000,1860,8892216533000,7304000154000,11000,0.011000
7304033482000,MATCHED,1861,7304033482000,1861,8892249851000,7304033472000,10000,0.010000
7304066802000,MATCHED,1862,7304066802000,1862,8892283168000,7304066789000,13000,0.013000
7304100118000,MATCHED,1863,7304100118000,1863,8892316488000,7304100109000,9000,0.009000
7304133436000,MATCHED,1864,7304133436000,1864,8892349806000,7304133427000,9000,0.009000
7304166757000,MATCHED,1865,7304166757000,1865,8892383125000,7304166746000,11000,0.011000
7304200074000,MATCHED,1866,7304200074000,1866,8892416444000,7304200065000,9000,0.009000
7304233395000,MATCHED,1867,7304233395000,1867,8892449762000,7304233383000,12000,0.012000
7304266711000,MATCHED,1868,7304266711000,1868,8892483080000,7304266701000,10000,0.010000
7304300030000,MATCHED,1869,7304300030000,1869,8892516399000,7304300020000,10000,0.010000
7304333349000,MATCHED,1870,7304333349000,1870,8892549717000,7304333338000,11000,0.011000
7304366667000,MATCHED,1871,7304366667000,1871,8892583036000,7304366657000,10000,0.010000
7304399990000,MATCHED,1872,7304399990000,1872,8892616355000,7304399976000,14000,0.014000
7304433305000,MATCHED,1873,7304433305000,1873,8892649673000,7304433294000,11000,0.011000
7304466623000,MATCHED,1874,7304466623000,1874,8892682993000,7304466614000,9000,0.009000
7304499940000,MATCHED,1875,7304499940000,1875,8892716311000,7304499932000,8000,0.008000
7304533259000,MATCHED,1876,7304533259000,1876,8892749628000,7304533249000,10000,0.010000
7304566579000,MATCHED,1877,7304566579000,1877,8892782947000,7304566568000,11000,0.011000
7304599897000,MATCHED,1878,7304599897000,1878,8892816265000,7304599886000,11000,0.011000
7304633214000,MATCHED,1879,7304633214000,1879,8892849583000,7304633204000,10000,0.010000
7304666534000,MATCHED,1880,7304666534000,1880,8892882902000,7304666523000,11000,0.011000
7304699852000,MATCHED,1881,7304699852000,1881,8892916220000,7304699841000,11000,0.011000
7304733170000,MATCHED,1882,7304733170000,1882,8892949538000,7304733159000,11000,0.011000
7304766489000,MATCHED,1883,7304766489000,1883,8892982857000,7304766478000,11000,0.011000
7304799806000,MATCHED,1884,7304799806000,1884,8893016176000,7304799797000,9000,0.009000
7304833127000,MATCHED,1885,7304833127000,1885,8893049494000,7304833115000,12000,0.012000
7304866444000,MATCHED,1886,7304866444000,1886,8893082812000,7304866433000,11000,0.011000
7304899762000,MATCHED,1887,7304899762000,1887,8893116131000,7304899752000,10000,0.010000
7304933080000,MATCHED,1888,7304933080000,1888,8893149450000,7304933071000,9000,0.009000
7304966400000,MATCHED,1889,7304966400000,1889,8893182768000,7304966389000,11000,0.011000
7304999717000,MATCHED,1890,7304999717000,1890,8893216087000,7304999708000,9000,0.009000
7305033036000,MATCHED,1891,7305033036000,1891,8893249406000,7305033027000,9000,0.009000
7305066355000,MATCHED,1892,7305066355000,1892,8893282723000,7305066344000,11000,0.011000
7305099674000,MATCHED,1893,7305099674000,1893,8893316043000,7305099664000,10000,0.010000
7305132992000,MATCHED,1894,7305132992000,1894,8893349360000,7305132981000,11000,0.011000
7305166310000,MATCHED,1895,7305166310000,1895,8893382679000,7305166300000,10000,0.010000
7305199628000,MATCHED,1896,7305199628000,1896,8893415997000,7305199618000,10000,0.010000
7305232948000,MATCHED,1897,7305232948000,1897,8893449316000,7305232937000,11000,0.011000
7305266265000,MATCHED,1898,7305266265000,1898,8893482635000,7305266256000,9000,0.009000
7305299584000,MATCHED,1899,7305299584000,1899,8893515953000,7305299574000,10000,0.010000
7305332901000,MATCHED,1900,7305332901000,1900,8893549271000,7305332892000,9000,0.009000
7305366226000,MATCHED,1901,7305366226000,1901,8893582590000,7305366211000,15000,0.015000
7305399538000,MATCHED,1902,7305399538000,1902,8893615909000,7305399530000,8000,0.008000
7305432858000,MATCHED,1903,7305432858000,1903,8893649227000,7305432848000,10000,0.010000
7305466176000,MATCHED,1904,7305466176000,1904,8893682544000,7305466165000,11000,0.011000
7305499494000,MATCHED,1905,7305499494000,1905,8893715863000,7305499484000,10000,0.010000
7305532812000,MATCHED,1906,7305532812000,1906,8893749182000,7305532803000,9000,0.009000
7305566131000,MATCHED,1907,7305566131000,1907,8893782500000,7305566121000,10000,0.010000
7305599449000,MATCHED,1908,7305599449000,1908,8893815819000,7305599440000,9000,0.009000
7305632769000,MATCHED,1909,7305632769000,1909,8893849137000,7305632758000,11000,0.011000
7305666088000,MATCHED,1910,7305666088000,1910,8893882456000,7305666077000,11000,0.011000
7305699405000,MATCHED,1911,7305699405000,1911,8893915775000,7305699396000,9000,0.009000
7305732724000,MATCHED,1912,7305732724000,1912,8893949092000,7305732713000,11000,0.011000
7305766042000,MATCHED,1913,7305766042000,1913,8893982411000,7305766032000,10000,0.010000
7305799360000,MATCHED,1914,7305799360000,1914,8894015730000,7305799351000,9000,0.009000
7305832679000,MATCHED,1915,7305832679000,1915,8894049048000,7305832669000,10000,0.010000
7305866001000,MATCHED,1916,7305866001000,1916,8894082367000,7305865988000,13000,0.013000
7305899316000,MATCHED,1917,7305899316000,1917,8894115686000,7305899307000,9000,0.009000
7305932634000,MATCHED,1918,7305932634000,1918,8894149004000,7305932625000,9000,0.009000
7305965953000,MATCHED,1919,7305965953000,1919,8894182323000,7305965944000,9000,0.009000
7305999273000,MATCHED,1920,7305999273000,1920,8894215640000,7305999261000,12000,0.012000
7306032590000,MATCHED,1921,7306032590000,1921,8894248960000,7306032581000,9000,0.009000
7306065909000,MATCHED,1922,7306065909000,1922,8894282277000,7306065898000,11000,0.011000
7306099226000,MATCHED,1923,7306099226000,1923,8894315607000,7306099228000,-2000,-0.002000
7306132546000,MATCHED,1924,7306132546000,1924,8894348914000,7306132535000,11000,0.011000
7306165865000,MATCHED,1925,7306165865000,1925,8894382234000,7306165855000,10000,0.010000
7306199182000,MATCHED,1926,7306199182000,1926,8894415552000,7306199173000,9000,0.009000
7306232500000,MATCHED,1927,7306232500000,1927,8894448869000,7306232490000,10000,0.010000
7306265819000,MATCHED,1928,7306265819000,1928,8894482188000,7306265809000,10000,0.010000
7306299138000,MATCHED,1929,7306299138000,1929,8894515507000,7306299128000,10000,0.010000
7306332456000,MATCHED,1930,7306332456000,1930,8894548825000,7306332446000,10000,0.010000
7306365774000,MATCHED,1931,7306365774000,1931,8894582144000,7306365765000,9000,0.009000
7306399098000,MATCHED,1932,7306399098000,1932,8894615462000,7306399083000,15000,0.015000
7306432412000,MATCHED,1933,7306432412000,1933,8894648780000,7306432401000,11000,0.011000
7306465730000,MATCHED,1934,7306465730000,1934,8894682099000,7306465720000,10000,0.010000
7306499048000,MATCHED,1935,7306499048000,1935,8894715418000,7306499039000,9000,0.009000
7306532367000,MATCHED,1936,7306532367000,1936,8894748737000,7306532358000,9000,0.009000
7306565687000,MATCHED,1937,7306565687000,1937,8894782055000,7306565676000,11000,0.011000
7306599003000,MATCHED,1938,7306599003000,1938,8894815374000,7306598995000,8000,0.008000
7306632323000,MATCHED,1939,7306632323000,1939,8894848692000,7306632313000,10000,0.010000
7306665642000,MATCHED,1940,7306665642000,1940,8894882011000,7306665632000,10000,0.010000
7306698960000,MATCHED,1941,7306698960000,1941,8894915330000,7306698951000,9000,0.009000
7306732279000,MATCHED,1942,7306732279000,1942,8894948648000,7306732269000,10000,0.010000
7306765598000,MATCHED,1943,7306765598000,1943,8894981966000,7306765587000,11000,0.011000
7306798918000,MATCHED,1944,7306798918000,1944,8895015283000,7306798904000,14000,0.014000
7306832236000,MATCHED,1945,7306832236000,1945,8895048602000,7306832223000,13000,0.013000
7306865554000,MATCHED,1946,7306865554000,1946,8895081920000,7306865541000,13000,0.013000
7306898873000,MATCHED,1947,7306898873000,1947,8895115240000,7306898861000,12000,0.012000
7306932191000,MATCHED,1948,7306932191000,1948,8895148557000,7306932178000,13000,0.013000
7306965510000,MATCHED,1949,7306965510000,1949,8895181876000,7306965497000,13000,0.013000
7306998828000,MATCHED,1950,7306998828000,1950,8895215195000,7306998816000,12000,0.012000
7307032146000,MATCHED,1951,7307032146000,1951,8895248513000,7307032134000,12000,0.012000
7307065465000,MATCHED,1952,7307065465000,1952,8895281832000,7307065453000,12000,0.012000
7307098783000,MATCHED,1953,7307098783000,1953,8895315150000,7307098771000,12000,0.012000
7307132108000,MATCHED,1954,7307132108000,1954,8895348469000,7307132090000,18000,0.018000
7307165420000,MATCHED,1955,7307165420000,1955,8895381787000,7307165408000,12000,0.012000
7307198739000,MATCHED,1956,7307198739000,1956,8895415106000,7307198727000,12000,0.012000
7307232056000,MATCHED,1957,7307232056000,1957,8895448424000,7307232045000,11000,0.011000
7307265375000,MATCHED,1958,7307265375000,1958,8895481742000,7307265363000,12000,0.012000
7307298694000,MATCHED,1959,7307298694000,1959,8895515061000,7307298682000,12000,0.012000
7307332012000,MATCHED,1960,7307332012000,1960,8895548379000,7307332000000,12000,0.012000
7307365334000,MATCHED,1961,7307365334000,1961,8895581699000,7307365320000,14000,0.014000
7307398654000,MATCHED,1962,7307398654000,1962,8895615016000,7307398637000,17000,0.017000
7307431965000,MATCHED,1963,7307431965000,1963,8895648334000,7307431955000,10000,0.010000
7307465290000,MATCHED,1964,7307465290000,1964,8895681653000,7307465274000,16000,0.016000
7307498611000,MATCHED,1965,7307498611000,1965,8895714972000,7307498593000,18000,0.018000
7307531930000,MATCHED,1966,7307531930000,1966,8895748290000,7307531911000,19000,0.019000
7307565253000,MATCHED,1967,7307565253000,1967,8895781609000,7307565230000,23000,0.023000
7307598567000,MATCHED,1968,7307598567000,1968,8895814928000,7307598549000,18000,0.018000
7307631882000,MATCHED,1969,7307631882000,1969,8895848245000,7307631866000,16000,0.016000
7307665197000,MATCHED,1970,7307665197000,1970,8895881564000,7307665185000,12000,0.012000
7307698522000,MATCHED,1971,7307698522000,1971,8895914883000,7307698504000,18000,0.018000
7307731840000,MATCHED,1972,7307731840000,1972,8895948200000,7307731821000,19000,0.019000
7307765157000,MATCHED,1973,7307765157000,1973,8895981520000,7307765141000,16000,0.016000
7307798476000,MATCHED,1974,7307798476000,1974,8896014838000,7307798459000,17000,0.017000
7307831795000,MATCHED,1975,7307831795000,1975,8896048157000,7307831778000,17000,0.017000
7307865111000,MATCHED,1976,7307865111000,1976,8896081476000,7307865097000,14000,0.014000
7307898433000,MATCHED,1977,7307898433000,1977,8896114793000,7307898414000,19000,0.019000
7307931752000,MATCHED,1978,7307931752000,1978,8896148112000,7307931733000,19000,0.019000
7307965070000,MATCHED,1979,7307965070000,1979,8896181430000,7307965051000,19000,0.019000
7307998389000,MATCHED,1980,7307998389000,1980,8896214749000,7307998370000,19000,0.019000
7308031708000,MATCHED,1981,7308031708000,1981,8896248067000,7308031688000,20000,0.020000
7308065024000,MATCHED,1982,7308065024000,1982,8896281384000,7308065005000,19000,0.019000
7308098344000,MATCHED,1983,7308098344000,1983,8896314705000,7308098326000,18000,0.018000
7308131662000,MATCHED,1984,7308131662000,1984,8896348022000,7308131643000,19000,0.019000
7308164977000,MATCHED,1985,7308164977000,1985,8896381341000,7308164962000,15000,0.015000
7308198300000,MATCHED,1986,7308198300000,1986,8896414660000,7308198281000,19000,0.019000
7308231625000,MATCHED,1987,7308231625000,1987,8896447978000,7308231599000,26000,0.026000
7308264931000,MATCHED,1988,7308264931000,1988,8896481296000,7308264917000,14000,0.014000
7308298264000,MATCHED,1989,7308298264000,1989,8896514614000,7308298235000,29000,0.029000
7308331567000,MATCHED,1990,7308331567000,1990,8896547934000,7308331555000,12000,0.012000
7308364888000,MATCHED,1991,7308364888000,1991,8896581252000,7308364873000,15000,0.015000
7308398208000,MATCHED,1992,7308398208000,1992,8896614570000,7308398191000,17000,0.017000
7308431529000,MATCHED,1993,7308431529000,1993,8896647889000,7308431510000,19000,0.019000
7308464846000,MATCHED,1994,7308464846000,1994,8896681208000,7308464829000,17000,0.017000
7308498157000,MATCHED,1995,7308498157000,1995,8896714526000,7308498147000,10000,0.010000
7308531483000,MATCHED,1996,7308531483000,1996,8896747845000,7308531466000,17000,0.017000
7308564798000,MATCHED,1997,7308564798000,1997,8896781163000,7308564784000,14000,0.014000
7308598121000,MATCHED,1998,7308598121000,1998,8896814482000,7308598103000,18000,0.018000
7308631437000,MATCHED,1999,7308631437000,1999,8896847800000,7308631421000,16000,0.016000
7308664754000,MATCHED,2000,7308664754000,2000,8896881118000,7308664739000,15000,0.015000
7308698077000,MATCHED,2001,7308698077000,2001,8896914436000,7308698057000,20000,0.020000
7308731394000,MATCHED,2002,7308731394000,2002,8896947756000,7308731377000,17000,0.017000
7308764713000,MATCHED,2003,7308764713000,2003,8896981073000,7308764694000,19000,0.019000
7308798025000,MATCHED,2004,7308798025000,2004,8897014392000,7308798013000,12000,0.012000
7308831353000,MATCHED,2005,7308831353000,2005,8897047710000,7308831331000,22000,0.022000
7308864666000,MATCHED,2006,7308864666000,2006,8897081028000,7308864649000,17000,0.017000
7308897991000,MATCHED,2007,7308897991000,2007,8897114355000,7308897976000,15000,0.015000
7308931309000,MATCHED,2008,7308931309000,2008,8897147665000,7308931286000,23000,0.023000
7308964619000,MATCHED,2009,7308964619000,2009,8897180984000,7308964605000,14000,0.014000
7308997942000,MATCHED,2010,7308997942000,2010,8897214304000,7308997925000,17000,0.017000
7309031255000,MATCHED,2011,7309031255000,2011,8897247622000,7309031243000,12000,0.012000
7309064575000,MATCHED,2012,7309064575000,2012,8897280940000,7309064561000,14000,0.014000
7309097898000,MATCHED,2013,7309097898000,2013,8897314258000,7309097879000,19000,0.019000
7309131215000,MATCHED,2014,7309131215000,2014,8897347577000,7309131198000,17000,0.017000
7309164534000,MATCHED,2015,7309164534000,2015,8897380895000,7309164516000,18000,0.018000
7309197852000,MATCHED,2016,7309197852000,2016,8897414214000,7309197835000,17000,0.017000
7309231177000,MATCHED,2017,7309231177000,2017,8897447537000,7309231158000,19000,0.019000
7309264485000,MATCHED,2018,7309264485000,2018,8897480851000,7309264472000,13000,0.013000
7309297811000,MATCHED,2019,7309297811000,2019,8897514168000,7309297789000,22000,0.022000
7309331130000,MATCHED,2020,7309331130000,2020,8897547488000,7309331109000,21000,0.021000
7309364441000,MATCHED,2021,7309364441000,2021,8897580806000,7309364427000,14000,0.014000
7309397763000,MATCHED,2022,7309397763000,2022,8897614124000,7309397745000,18000,0.018000
7309431081000,MATCHED,2023,7309431081000,2023,8897647442000,7309431063000,18000,0.018000
7309464401000,MATCHED,2024,7309464401000,2024,8897680761000,7309464382000,19000,0.019000
7309497721000,MATCHED,2025,7309497721000,2025,8897714080000,7309497701000,20000,0.020000
7309531049000,MATCHED,2026,7309531049000,2026,8897747399000,7309531020000,29000,0.029000
7309564353000,MATCHED,2027,7309564353000,2027,8897780717000,7309564338000,15000,0.015000
7309597714000,MATCHED,2028,7309597714000,2028,8897814035000,7309597656000,58000,0.058000
7309631002000,MATCHED,2029,7309631002000,2029,8897847353000,7309630974000,28000,0.028000
7309664307000,MATCHED,2030,7309664307000,2030,8897880672000,7309664293000,14000,0.014000
7309697626000,MATCHED,2031,7309697626000,2031,8897913991000,7309697612000,14000,0.014000
7309730955000,MATCHED,2032,7309730955000,2032,8897947309000,7309730930000,25000,0.025000
7309764262000,MATCHED,2033,7309764262000,2033,8897980626000,7309764247000,15000,0.015000
7309797590000,MATCHED,2034,7309797590000,2034,8898013946000,7309797567000,23000,0.023000
7309830909000,MATCHED,2035,7309830909000,2035,8898047264000,7309830885000,24000,0.024000
7309864230000,MATCHED,2036,7309864230000,2036,8898080583000,7309864204000,26000,0.026000
7309897543000,MATCHED,2037,7309897543000,2037,8898113901000,7309897522000,21000,0.021000
7309930869000,MATCHED,2038,7309930869000,2038,8898147219000,7309930840000,29000,0.029000
7309964174000,MATCHED,2039,7309964174000,2039,8898180538000,7309964159000,15000,0.015000
7309997510000,MATCHED,2040,7309997510000,2040,8898213856000,7309997477000,33000,0.033000
7310030815000,MATCHED,2041,7310030815000,2041,8898247175000,7310030796000,19000,0.019000
7310064126000,MATCHED,2042,7310064126000,2042,8898280491000,7310064112000,14000,0.014000
7310097451000,MATCHED,2043,7310097451000,2043,8898313812000,7310097433000,18000,0.018000
7310130767000,MATCHED,2044,7310130767000,2044,8898347131000,7310130752000,15000,0.015000
7310164080000,MATCHED,2045,7310164080000,2045,8898380449000,7310164070000,10000,0.010000
7310197401000,MATCHED,2046,7310197401000,2046,8898413768000,7310197389000,12000,0.012000
7310230725000,MATCHED,2047,7310230725000,2047,8898447086000,7310230707000,18000,0.018000
7310264036000,MATCHED,2048,7310264036000,2048,8898480404000,7310264025000,11000,0.011000
7310297355000,MATCHED,2049,7310297355000,2049,8898513723000,7310297344000,11000,0.011000
7310330673000,MATCHED,2050,7310330673000,2050,8898547042000,7310330663000,10000,0.010000
7310363991000,MATCHED,2051,7310363991000,2051,8898580360000,7310363981000,10000,0.010000
7310397308000,MATCHED,2052,7310397308000,2052,8898613679000,7310397300000,8000,0.008000
7310430626000,MATCHED,2053,7310430626000,2053,8898646997000,7310430618000,8000,0.008000
7310463944000,MATCHED,2054,7310463944000,2054,8898680315000,7310463936000,8000,0.008000
7310497262000,MATCHED,2055,7310497262000,2055,8898713633000,7310497254000,8000,0.008000
7310530581000,MATCHED,2056,7310530581000,2056,8898746953000,7310530574000,7000,0.007000
7310563899000,MATCHED,2057,7310563899000,2057,8898780271000,7310563892000,7000,0.007000
7310597219000,MATCHED,2058,7310597219000,2058,8898813589000,7310597210000,9000,0.009000
7310630537000,MATCHED,2059,7310630537000,2059,8898846908000,7310630529000,8000,0.008000
7310663855000,MATCHED,2060,7310663855000,2060,8898880225000,7310663846000,9000,0.009000
7310697174000,MATCHED,2061,7310697174000,2061,8898913544000,7310697165000,9000,0.009000
7310730492000,MATCHED,2062,7310730492000,2062,8898946863000,7310730484000,8000,0.008000
7310763810000,MATCHED,2063,7310763810000,2063,8898980181000,7310763802000,8000,0.008000
7310797129000,MATCHED,2064,7310797129000,2064,8899013499000,7310797120000,9000,0.009000
7310830447000,MATCHED,2065,7310830447000,2065,8899046817000,7310830438000,9000,0.009000
7310863771000,MATCHED,2066,7310863771000,2066,8899080136000,7310863757000,14000,0.014000
7310897086000,MATCHED,2067,7310897086000,2067,8899113455000,7310897076000,10000,0.010000
7310930405000,MATCHED,2068,7310930405000,2068,8899146773000,7310930394000,11000,0.011000
7310963722000,MATCHED,2069,7310963722000,2069,8899180091000,7310963712000,10000,0.010000
7310997041000,MATCHED,2070,7310997041000,2070,8899213410000,7310997031000,10000,0.010000
7311030360000,MATCHED,2071,7311030360000,2071,8899246729000,7311030350000,10000,0.010000
7311063678000,MATCHED,2072,7311063678000,2072,8899280047000,7311063668000,10000,0.010000
7311096997000,MATCHED,2073,7311096997000,2073,8899313365000,7311096986000,11000,0.011000
7311130316000,MATCHED,2074,7311130316000,2074,8899346685000,7311130306000,10000,0.010000
7311163633000,MATCHED,2075,7311163633000,2075,8899380003000,7311163624000,9000,0.009000
7311196953000,MATCHED,2076,7311196953000,2076,8899413321000,7311196942000,11000,0.011000
7311230270000,MATCHED,2077,7311230270000,2077,8899446640000,7311230261000,9000,0.009000
7311263589000,MATCHED,2078,7311263589000,2078,8899479958000,7311263579000,10000,0.010000
7311296908000,MATCHED,2079,7311296908000,2079,8899513277000,7311296898000,10000,0.010000
7311330226000,MATCHED,2080,7311330226000,2080,8899546595000,7311330216000,10000,0.010000
7311363546000,MATCHED,2081,7311363546000,2081,8899579914000,7311363535000,11000,0.011000
7311396863000,MATCHED,2082,7311396863000,2082,8899613232000,7311396853000,10000,0.010000
7311430181000,MATCHED,2083,7311430181000,2083,8899646551000,7311430172000,9000,0.009000
7311463499000,MATCHED,2084,7311463499000,2084,8899679869000,7311463490000,9000,0.009000
7311496818000,MATCHED,2085,7311496818000,2085,8899713188000,7311496809000,9000,0.009000
7311530136000,MATCHED,2086,7311530136000,2086,8899746506000,7311530127000,9000,0.009000
7311563454000,MATCHED,2087,7311563454000,2087,8899779825000,7311563446000,8000,0.008000
7311596774000,MATCHED,2088,7311596774000,2088,8899813144000,7311596765000,9000,0.009000
7311630093000,MATCHED,2089,7311630093000,2089,8899846461000,7311630082000,11000,0.011000
7311663410000,MATCHED,2090,7311663410000,2090,8899879780000,7311663401000,9000,0.009000
7311696729000,MATCHED,2091,7311696729000,2091,8899913099000,7311696720000,9000,0.009000
7311730047000,MATCHED,2092,7311730047000,2092,8899946417000,7311730038000,9000,0.009000
7311763367000,MATCHED,2093,7311763367000,2093,8899979735000,7311763356000,11000,0.011000
7311796685000,MATCHED,2094,7311796685000,2094,8900013053000,7311796674000,11000,0.011000
7311830002000,MATCHED,2095,7311830002000,2095,8900046373000,7311829994000,8000,0.008000
7311863321000,MATCHED,2096,7311863321000,2096,8900079691000,7311863312000,9000,0.009000
7311896642000,MATCHED,2097,7311896642000,2097,8900113010000,7311896631000,11000,0.011000
7311929958000,MATCHED,2098,7311929958000,2098,8900146327000,7311929948000,10000,0.010000
7311963276000,MATCHED,2099,7311963276000,2099,8900179647000,7311963268000,8000,0.008000
7311996598000,MATCHED,2100,7311996598000,2100,8900212964000,7311996585000,13000,0.013000
7312029915000,MATCHED,2101,7312029915000,2101,8900246284000,7312029905000,10000,0.010000
7312063234000,MATCHED,2102,7312063234000,2102,8900279599000,7312063220000,14000,0.014000
7312096551000,MATCHED,2103,7312096551000,2103,8900312922000,7312096543000,8000,0.008000
7312129870000,MATCHED,2104,7312129870000,2104,8900346238000,7312129859000,11000,0.011000
7312163187000,MATCHED,2105,7312163187000,2105,8900379556000,7312163177000,10000,0.010000
7312196508000,MATCHED,2106,7312196508000,2106,8900412875000,7312196496000,12000,0.012000
7312229823000,MATCHED,2107,7312229823000,2107,8900446193000,7312229814000,9000,0.009000
7312263143000,MATCHED,2108,7312263143000,2108,8900479513000,7312263134000,9000,0.009000
7312296462000,MATCHED,2109,7312296462000,2109,8900512830000,7312296451000,11000,0.011000
7312329780000,MATCHED,2110,7312329780000,2110,8900546149000,7312329770000,10000,0.010000
7312363098000,MATCHED,2111,7312363098000,2111,8900579467000,7312363088000,10000,0.010000
7312396417000,MATCHED,2112,7312396417000,2112,8900612785000,7312396406000,11000,0.011000
7312429736000,MATCHED,2113,7312429736000,2113,8900646104000,7312429725000,11000,0.011000
7312463054000,MATCHED,2114,7312463054000,2114,8900679422000,7312463043000,11000,0.011000
7312496377000,MATCHED,2115,7312496377000,2115,8900712741000,7312496362000,15000,0.015000
7312529693000,MATCHED,2116,7312529693000,2116,8900746060000,7312529681000,12000,0.012000
7312563010000,MATCHED,2117,7312563010000,2117,8900779379000,7312563000000,10000,0.010000
7312596329000,MATCHED,2118,7312596329000,2118,8900812697000,7312596318000,11000,0.011000
7312629647000,MATCHED,2119,7312629647000,2119,8900846016000,7312629637000,10000,0.010000
7312662964000,MATCHED,2120,7312662964000,2120,8900879334000,7312662955000,9000,0.009000
7312696283000,MATCHED,2121,7312696283000,2121,8900912652000,7312696273000,10000,0.010000
7312729602000,MATCHED,2122,7312729602000,2122,8900945970000,7312729591000,11000,0.011000
7312762920000,MATCHED,2123,7312762920000,2123,8900979288000,7312762909000,11000,0.011000
7312796239000,MATCHED,2124,7312796239000,2124,8901012607000,7312796228000,11000,0.011000
7312829556000,MATCHED,2125,7312829556000,2125,8901045926000,7312829547000,9000,0.009000
7312862875000,MATCHED,2126,7312862875000,2126,8901079244000,7312862865000,10000,0.010000
7312896195000,MATCHED,2127,7312896195000,2127,8901112563000,7312896184000,11000,0.011000
7312929513000,MATCHED,2128,7312929513000,2128,8901145881000,7312929502000,11000,0.011000
7312962831000,MATCHED,2129,7312962831000,2129,8901179200000,7312962821000,10000,0.010000
7312996151000,MATCHED,2130,7312996151000,2130,8901212518000,7312996139000,12000,0.012000
7313029468000,MATCHED,2131,7313029468000,2131,8901245837000,7313029458000,10000,0.010000
7313062786000,MATCHED,2132,7313062786000,2132,8901279155000,7313062776000,10000,0.010000
7313096106000,MATCHED,2133,7313096106000,2133,8901312473000,7313096094000,12000,0.012000
7313129422000,MATCHED,2134,7313129422000,2134,8901345792000,7313129413000,9000,0.009000
7313162741000,MATCHED,2135,7313162741000,2135,8901379110000,7313162731000,10000,0.010000
7313196063000,MATCHED,2136,7313196063000,2136,8901412429000,7313196050000,13000,0.013000
7313229378000,MATCHED,2137,7313229378000,2137,8901445747000,7313229368000,10000,0.010000
7313262699000,MATCHED,2138,7313262699000,2138,8901479066000,7313262687000,12000,0.012000
7313296018000,MATCHED,2139,7313296018000,2139,8901512385000,7313296006000,12000,0.012000
7313329334000,MATCHED,2140,7313329334000,2140,8901545702000,7313329323000,11000,0.011000
7313362652000,MATCHED,2141,7313362652000,2141,8901579021000,7313362642000,10000,0.010000
7313395971000,MATCHED,2142,7313395971000,2142,8901612340000,7313395961000,10000,0.010000
7313429290000,MATCHED,2143,7313429290000,2143,8901645658000,7313429279000,11000,0.011000
7313462607000,MATCHED,2144,7313462607000,2144,8901678976000,7313462597000,10000,0.010000
7313495926000,MATCHED,2145,7313495926000,2145,8901712295000,7313495916000,10000,0.010000
7313529245000,MATCHED,2146,7313529245000,2146,8901745613000,7313529234000,11000,0.011000
7313562564000,MATCHED,2147,7313562564000,2147,8901778935000,7313562556000,8000,0.008000
7313595883000,MATCHED,2148,7313595883000,2148,8901812251000,7313595872000,11000,0.011000
7313629201000,MATCHED,2149,7313629201000,2149,8901845569000,7313629190000,11000,0.011000
7313662519000,MATCHED,2150,7313662519000,2150,8901878888000,7313662509000,10000,0.010000
7313695837000,MATCHED,2151,7313695837000,2151,8901912206000,7313695827000,10000,0.010000
7313729155000,MATCHED,2152,7313729155000,2152,8901945525000,7313729146000,9000,0.009000
7313762473000,MATCHED,2153,7313762473000,2153,8901978843000,7313762464000,9000,0.009000
7313795793000,MATCHED,2154,7313795793000,2154,8902012161000,7313795782000,11000,0.011000
7313829110000,MATCHED,2155,7313829110000,2155,8902045481000,7313829102000,8000,0.008000
7313862428000,MATCHED,2156,7313862428000,2156,8902078798000,7313862419000,9000,0.009000
7313895748000,MATCHED,2157,7313895748000,2157,8902112117000,7313895738000,10000,0.010000
7313929068000,MATCHED,2158,7313929068000,2158,8902145436000,7313929057000,11000,0.011000
7313962386000,MATCHED,2159,7313962386000,2159,8902178754000,7313962375000,11000,0.011000
7313995706000,MATCHED,2160,7313995706000,2160,8902212072000,7313995693000,13000,0.013000
7314029024000,MATCHED,2161,7314029024000,2161,8902245390000,7314029011000,13000,0.013000
7314062342000,MATCHED,2162,7314062342000,2162,8902278706000,7314062327000,15000,0.015000
7314095659000,MATCHED,2163,7314095659000,2163,8902312028000,7314095649000,10000,0.010000
7314128977000,MATCHED,2164,7314128977000,2164,8902345346000,7314128967000,10000,0.010000
7314162296000,MATCHED,2165,7314162296000,2165,8902378665000,7314162286000,10000,0.010000
7314195617000,MATCHED,2166,7314195617000,2166,8902411983000,7314195604000,13000,0.013000
7314228933000,MATCHED,2167,7314228933000,2167,8902445301000,7314228922000,11000,0.011000
7314262251000,MATCHED,2168,7314262251000,2168,8902478620000,7314262241000,10000,0.010000
7314295570000,MATCHED,2169,7314295570000,2169,8902511938000,7314295559000,11000,0.011000
7314328888000,MATCHED,2170,7314328888000,2170,8902545256000,7314328877000,11000,0.011000
7314362206000,MATCHED,2171,7314362206000,2171,8902578577000,7314362198000,8000,0.008000
7314395526000,MATCHED,2172,7314395526000,2172,8902611893000,7314395514000,12000,0.012000
7314428844000,MATCHED,2173,7314428844000,2173,8902645213000,7314428834000,10000,0.010000
7314462162000,MATCHED,2174,7314462162000,2174,8902678530000,7314462151000,11000,0.011000
7314495482000,MATCHED,2175,7314495482000,2175,8902711849000,7314495470000,12000,0.012000
7314528799000,MATCHED,2176,7314528799000,2176,8902745168000,7314528789000,10000,0.010000
7314562124000,MATCHED,2177,7314562124000,2177,8902778486000,7314562107000,17000,0.017000
7314595437000,MATCHED,2178,7314595437000,2178,8902811805000,7314595426000,11000,0.011000
7314628755000,MATCHED,2179,7314628755000,2179,8902845124000,7314628745000,10000,0.010000
7314662073000,MATCHED,2180,7314662073000,2180,8902878441000,7314662062000,11000,0.011000
7314695390000,MATCHED,2181,7314695390000,2181,8902911759000,7314695380000,10000,0.010000
7314728710000,MATCHED,2182,7314728710000,2182,8902945078000,7314728699000,11000,0.011000
7314762029000,MATCHED,2183,7314762029000,2183,8902978396000,7314762017000,12000,0.012000
7314795346000,MATCHED,2184,7314795346000,2184,8903011715000,7314795336000,10000,0.010000
7314828665000,MATCHED,2185,7314828665000,2185,8903045034000,7314828655000,10000,0.010000
7314861985000,MATCHED,2186,7314861985000,2186,8903078352000,7314861973000,12000,0.012000
7314895303000,MATCHED,2187,7314895303000,2187,8903111671000,7314895292000,11000,0.011000
7314928620000,MATCHED,2188,7314928620000,2188,8903144989000,7314928610000,10000,0.010000
7314961938000,MATCHED,2189,7314961938000,2189,8903178308000,7314961929000,9000,0.009000
7314995272000,MATCHED,2190,7314995272000,2190,8903211626000,7314995247000,25000,0.025000
7315028577000,MATCHED,2191,7315028577000,2191,8903244945000,7315028566000,11000,0.011000
7315061894000,MATCHED,2192,7315061894000,2192,8903278261000,7315061882000,12000,0.012000
7315095213000,MATCHED,2193,7315095213000,2193,8903311579000,7315095200000,13000,0.013000
7315128531000,MATCHED,2194,7315128531000,2194,8903344898000,7315128519000,12000,0.012000
7315161850000,MATCHED,2195,7315161850000,2195,8903378215000,7315161836000,14000,0.014000
7315195179000,MATCHED,2196,7315195179000,2196,8903411534000,7315195155000,24000,0.024000
7315228490000,MATCHED,2197,7315228490000,2197,8903444853000,7315228474000,16000,0.016000
7315261807000,MATCHED,2198,7315261807000,2198,8903478182000,7315261803000,4000,0.004000
7315295124000,MATCHED,2199,7315295124000,2199,8903511492000,7315295113000,11000,0.011000
7315328444000,MATCHED,2200,7315328444000,2200,8903544811000,7315328432000,12000,0.012000
7315361760000,MATCHED,2201,7315361760000,2201,8903578131000,7315361752000,8000,0.008000
7315395079000,MATCHED,2202,7315395079000,2202,8903611448000,7315395069000,10000,0.010000
7315428397000,MATCHED,2203,7315428397000,2203,8903644765000,7315428386000,11000,0.011000
7315461715000,MATCHED,2204,7315461715000,2204,8903678085000,7315461706000,9000,0.009000
7315495034000,MATCHED,2205,7315495034000,2205,8903711403000,7315495024000,10000,0.010000
7315528355000,MATCHED,2206,7315528355000,2206,8903744721000,7315528342000,13000,0.013000
7315561671000,MATCHED,2207,7315561671000,2207,8903778040000,7315561661000,10000,0.010000
7315594991000,MATCHED,2208,7315594991000,2208,8903811357000,7315594978000,13000,0.013000
7315628310000,MATCHED,2209,7315628310000,2209,8903844677000,7315628298000,12000,0.012000
7315661626000,MATCHED,2210,7315661626000,2210,8903877995000,7315661616000,10000,0.010000
7315694945000,MATCHED,2211,7315694945000,2211,8903911314000,7315694935000,10000,0.010000
7315728264000,MATCHED,2212,7315728264000,2212,8903944632000,7315728253000,11000,0.011000
7315761582000,MATCHED,2213,7315761582000,2213,8903977951000,7315761572000,10000,0.010000
7315794901000,MATCHED,2214,7315794901000,2214,8904011272000,7315794893000,8000,0.008000
7315828221000,MATCHED,2215,7315828221000,2215,8904044587000,7315828208000,13000,0.013000
7315861538000,MATCHED,2216,7315861538000,2216,8904077905000,7315861526000,12000,0.012000
7315894856000,MATCHED,2217,7315894856000,2217,8904111223000,7315894844000,12000,0.012000
7315928175000,MATCHED,2218,7315928175000,2218,8904144543000,7315928164000,11000,0.011000
7315961493000,MATCHED,2219,7315961493000,2219,8904177862000,7315961483000,10000,0.010000
7315994811000,MATCHED,2220,7315994811000,2220,8904211179000,7315994800000,11000,0.011000
7316028131000,MATCHED,2221,7316028131000,2221,8904244499000,7316028120000,11000,0.011000
7316061449000,MATCHED,2222,7316061449000,2222,8904277815000,7316061436000,13000,0.013000
7316094767000,MATCHED,2223,7316094767000,2223,8904311133000,7316094754000,13000,0.013000
7316128086000,MATCHED,2224,7316128086000,2224,8904344452000,7316128073000,13000,0.013000
7316161403000,MATCHED,2225,7316161403000,2225,8904377769000,7316161390000,13000,0.013000
7316194724000,MATCHED,2226,7316194724000,2226,8904411089000,7316194710000,14000,0.014000
7316228040000,MATCHED,2227,7316228040000,2227,8904444408000,7316228029000,11000,0.011000
7316261360000,MATCHED,2228,7316261360000,2228,8904477727000,7316261348000,12000,0.012000
7316294676000,MATCHED,2229,7316294676000,2229,8904511046000,7316294667000,9000,0.009000
7316327996000,MATCHED,2230,7316327996000,2230,8904544364000,7316327985000,11000,0.011000
7316361314000,MATCHED,2231,7316361314000,2231,8904577682000,7316361303000,11000,0.011000
7316394633000,MATCHED,2232,7316394633000,2232,8904611000000,7316394621000,12000,0.012000
7316427951000,MATCHED,2233,7316427951000,2233,8904644319000,7316427940000,11000,0.011000
7316461270000,MATCHED,2234,7316461270000,2234,8904677636000,7316461257000,13000,0.013000
7316494588000,MATCHED,2235,7316494588000,2235,8904710954000,7316494575000,13000,0.013000
7316527907000,MATCHED,2236,7316527907000,2236,8904744273000,7316527894000,13000,0.013000
7316561225000,MATCHED,2237,7316561225000,2237,8904777592000,7316561213000,12000,0.012000
7316594545000,MATCHED,2238,7316594545000,2238,8904810910000,7316594531000,14000,0.014000
7316627864000,MATCHED,2239,7316627864000,2239,8904844228000,7316627849000,15000,0.015000
7316661181000,MATCHED,2240,7316661181000,2240,8904877547000,7316661168000,13000,0.013000
7316694503000,MATCHED,2241,7316694503000,2241,8904910867000,7316694488000,15000,0.015000
7316727816000,MATCHED,2242,7316727816000,2242,8904944183000,7316727804000,12000,0.012000
7316761135000,MATCHED,2243,7316761135000,2243,8904977502000,7316761123000,12000,0.012000
7316794454000,MATCHED,2244,7316794454000,2244,8905010820000,7316794441000,13000,0.013000
7316827772000,MATCHED,2245,7316827772000,2245,8905044139000,7316827760000,12000,0.012000
7316861090000,MATCHED,2246,7316861090000,2246,8905077457000,7316861078000,12000,0.012000
7316894409000,MATCHED,2247,7316894409000,2247,8905110776000,7316894397000,12000,0.012000
7316927727000,MATCHED,2248,7316927727000,2248,8905144095000,7316927716000,11000,0.011000
7316961046000,MATCHED,2249,7316961046000,2249,8905177412000,7316961033000,13000,0.013000
7316994364000,MATCHED,2250,7316994364000,2250,8905210732000,7316994353000,11000,0.011000
7317027687000,MATCHED,2251,7317027687000,2251,8905244052000,7317027673000,14000,0.014000
7317061002000,MATCHED,2252,7317061002000,2252,8905277369000,7317060990000,12000,0.012000
7317094320000,MATCHED,2253,7317094320000,2253,8905310687000,7317094308000,12000,0.012000
7317127639000,MATCHED,2254,7317127639000,2254,8905344010000,7317127631000,8000,0.008000
7317160957000,MATCHED,2255,7317160957000,2255,8905377324000,7317160945000,12000,0.012000
7317194275000,MATCHED,2256,7317194275000,2256,8905410643000,7317194264000,11000,0.011000
7317227596000,MATCHED,2257,7317227596000,2257,8905443961000,7317227582000,14000,0.014000
7317260913000,MATCHED,2258,7317260913000,2258,8905477279000,7317260900000,13000,0.013000
7317294230000,MATCHED,2259,7317294230000,2259,8905510601000,7317294222000,8000,0.008000
7317327549000,MATCHED,2260,7317327549000,2260,8905543918000,7317327539000,10000,0.010000
7317360867000,MATCHED,2261,7317360867000,2261,8905577236000,7317360857000,10000,0.010000
7317394185000,MATCHED,2262,7317394185000,2262,8905610553000,7317394174000,11000,0.011000
7317427504000,MATCHED,2263,7317427504000,2263,8905643871000,7317427492000,12000,0.012000
7317460826000,MATCHED,2264,7317460826000,2264,8905677191000,7317460812000,14000,0.014000
7317494144000,MATCHED,2265,7317494144000,2265,8905710509000,7317494130000,14000,0.014000
7317527465000,MATCHED,2266,7317527465000,2266,8905743827000,7317527448000,17000,0.017000
7317560782000,MATCHED,2267,7317560782000,2267,8905777147000,7317560768000,14000,0.014000
7317594100000,MATCHED,2268,7317594100000,2268,8905810464000,7317594085000,15000,0.015000
7317627418000,MATCHED,2269,7317627418000,2269,8905843784000,7317627405000,13000,0.013000
7317660735000,MATCHED,2270,7317660735000,2270,8905877104000,7317660725000,10000,0.010000
7317694055000,MATCHED,2271,7317694055000,2271,8905910421000,7317694042000,13000,0.013000
7317727372000,MATCHED,2272,7317727372000,2272,8905943738000,7317727359000,13000,0.013000
7317760691000,MATCHED,2273,7317760691000,2273,8905977058000,7317760679000,12000,0.012000
7317794009000,MATCHED,2274,7317794009000,2274,8906010375000,7317793996000,13000,0.013000
7317827333000,MATCHED,2275,7317827333000,2275,8906043694000,7317827315000,18000,0.018000
7317860646000,MATCHED,2276,7317860646000,2276,8906077012000,7317860633000,13000,0.013000
7317893967000,MATCHED,2277,7317893967000,2277,8906110331000,7317893952000,15000,0.015000
7317927283000,MATCHED,2278,7317927283000,2278,8906143648000,7317927269000,14000,0.014000
7317960602000,MATCHED,2279,7317960602000,2279,8906176967000,7317960588000,14000,0.014000
7317993920000,MATCHED,2280,7317993920000,2280,8906210286000,7317993907000,13000,0.013000
7318027241000,MATCHED,2281,7318027241000,2281,8906243606000,7318027227000,14000,0.014000
7318060558000,MATCHED,2282,7318060558000,2282,8906276922000,7318060543000,15000,0.015000
7318093876000,MATCHED,2283,7318093876000,2283,8906310241000,7318093862000,14000,0.014000
7318127199000,MATCHED,2284,7318127199000,2284,8906343560000,7318127181000,18000,0.018000
7318160512000,MATCHED,2285,7318160512000,2285,8906376877000,7318160498000,14000,0.014000
7318193830000,MATCHED,2286,7318193830000,2286,8906410197000,7318193818000,12000,0.012000
7318227148000,MATCHED,2287,7318227148000,2287,8906443515000,7318227136000,12000,0.012000
7318260469000,MATCHED,2288,7318260469000,2288,8906476833000,7318260454000,15000,0.015000
7318293788000,MATCHED,2289,7318293788000,2289,8906510152000,7318293773000,15000,0.015000
7318327106000,MATCHED,2290,7318327106000,2290,8906543470000,7318327091000,15000,0.015000
7318360425000,MATCHED,2291,7318360425000,2291,8906576790000,7318360411000,14000,0.014000
7318393744000,MATCHED,2292,7318393744000,2292,8906610107000,7318393728000,16000,0.016000
7318427061000,MATCHED,2293,7318427061000,2293,8906643426000,7318427047000,14000,0.014000
7318460380000,MATCHED,2294,7318460380000,2294,8906676745000,7318460366000,14000,0.014000
7318493699000,MATCHED,2295,7318493699000,2295,8906710065000,7318493686000,13000,0.013000
7318527017000,MATCHED,2296,7318527017000,2296,8906743384000,7318527005000,12000,0.012000
7318560335000,MATCHED,2297,7318560335000,2297,8906776702000,7318560323000,12000,0.012000
7318593658000,MATCHED,2298,7318593658000,2298,8906810020000,7318593641000,17000,0.017000
7318626972000,MATCHED,2299,7318626972000,2299,8906843338000,7318626959000,13000,0.013000
7318660289000,MATCHED,2300,7318660289000,2300,8906876657000,7318660278000,11000,0.011000
7318693609000,MATCHED,2301,7318693609000,2301,8906909975000,7318693596000,13000,0.013000
7318726928000,MATCHED,2302,7318726928000,2302,8906943291000,7318726912000,16000,0.016000
7318760247000,MATCHED,2303,7318760247000,2303,8906976610000,7318760231000,16000,0.016000
7318793564000,MATCHED,2304,7318793564000,2304,8907009928000,7318793549000,15000,0.015000
7318826889000,MATCHED,2305,7318826889000,2305,8907043247000,7318826868000,21000,0.021000
7318860204000,MATCHED,2306,7318860204000,2306,8907076566000,7318860187000,17000,0.017000
7318893521000,MATCHED,2307,7318893521000,2307,8907109883000,7318893504000,17000,0.017000
7318926840000,MATCHED,2308,7318926840000,2308,8907143202000,7318926823000,17000,0.017000
7318960157000,MATCHED,2309,7318960157000,2309,8907176520000,7318960141000,16000,0.016000
7318993477000,MATCHED,2310,7318993477000,2310,8907209840000,7318993461000,16000,0.016000
7319026796000,MATCHED,2311,7319026796000,2311,8907243159000,7319026780000,16000,0.016000
7319060113000,MATCHED,2312,7319060113000,2312,8907276476000,7319060097000,16000,0.016000
7319093432000,MATCHED,2313,7319093432000,2313,8907309795000,7319093416000,16000,0.016000
7319126749000,MATCHED,2314,7319126749000,2314,8907343113000,7319126734000,15000,0.015000
7319160068000,MATCHED,2315,7319160068000,2315,8907376432000,7319160053000,15000,0.015000
7319193384000,MATCHED,2316,7319193384000,2316,8907409750000,7319193371000,13000,0.013000
7319226702000,MATCHED,2317,7319226702000,2317,8907443069000,7319226690000,12000,0.012000
7319260023000,MATCHED,2318,7319260023000,2318,8907476387000,7319260008000,15000,0.015000
7319293342000,MATCHED,2319,7319293342000,2319,8907509709000,7319293330000,12000,0.012000
7319326661000,MATCHED,2320,7319326661000,2320,8907543026000,7319326647000,14000,0.014000
7319359980000,MATCHED,2321,7319359980000,2321,8907576345000,7319359966000,14000,0.014000
7319393297000,MATCHED,2322,7319393297000,2322,8907609663000,7319393284000,13000,0.013000
7319426616000,MATCHED,2323,7319426616000,2323,8907642981000,7319426602000,14000,0.014000
7319459934000,MATCHED,2324,7319459934000,2324,8907676300000,7319459921000,13000,0.013000
7319493252000,MATCHED,2325,7319493252000,2325,8907709619000,7319493240000,12000,0.012000
7319526571000,MATCHED,2326,7319526571000,2326,8907742938000,7319526559000,12000,0.012000
7319559890000,MATCHED,2327,7319559890000,2327,8907776256000,7319559877000,13000,0.013000
7319593210000,MATCHED,2328,7319593210000,2328,8907809574000,7319593195000,15000,0.015000
7319626526000,MATCHED,2329,7319626526000,2329,8907842894000,7319626515000,11000,0.011000
7319659846000,MATCHED,2330,7319659846000,2330,8907876211000,7319659832000,14000,0.014000
7319693162000,MATCHED,2331,7319693162000,2331,8907909533000,7319693154000,8000,0.008000
7319726483000,MATCHED,2332,7319726483000,2332,8907942851000,7319726472000,11000,0.011000
7319759800000,MATCHED,2333,7319759800000,2333,8907976166000,7319759787000,13000,0.013000
7319793117000,MATCHED,2334,7319793117000,2334,8908009485000,7319793106000,11000,0.011000
7319826436000,MATCHED,2335,7319826436000,2335,8908042803000,7319826424000,12000,0.012000
7319859754000,MATCHED,2336,7319859754000,2336,8908076121000,7319859742000,12000,0.012000
7319893074000,MATCHED,2337,7319893074000,2337,8908109440000,7319893061000,13000,0.013000
7319926391000,MATCHED,2338,7319926391000,2338,8908142758000,7319926379000,12000,0.012000
7319959709000,MATCHED,2339,7319959709000,2339,8908176077000,7319959698000,11000,0.011000
7319993028000,MATCHED,2340,7319993028000,2340,8908209396000,7319993017000,11000,0.011000
7320026349000,MATCHED,2341,7320026349000,2341,8908242716000,7320026337000,12000,0.012000
7320059667000,MATCHED,2342,7320059667000,2342,8908276031000,7320059652000,15000,0.015000
7320092990000,MATCHED,2343,7320092990000,2343,8908309349000,7320092970000,20000,0.020000
7320126302000,MATCHED,2344,7320126302000,2344,8908342667000,7320126288000,14000,0.014000
7320159621000,MATCHED,2345,7320159621000,2345,8908375986000,7320159607000,14000,0.014000
7320192941000,MATCHED,2346,7320192941000,2346,8908409304000,7320192925000,16000,0.016000
7320226259000,MATCHED,2347,7320226259000,2347,8908442623000,7320226244000,15000,0.015000
7320259576000,MATCHED,2348,7320259576000,2348,8908475942000,7320259563000,13000,0.013000
7320292894000,MATCHED,2349,7320292894000,2349,8908509263000,7320292884000,10000,0.010000
7320326215000,MATCHED,2350,7320326215000,2350,8908542585000,7320326206000,9000,0.009000
7320359533000,MATCHED,2351,7320359533000,2351,8908575900000,7320359521000,12000,0.012000
7320392851000,MATCHED,2352,7320392851000,2352,8908609218000,7320392839000,12000,0.012000
7320426171000,MATCHED,2353,7320426171000,2353,8908642536000,7320426157000,14000,0.014000
7320459487000,MATCHED,2354,7320459487000,2354,8908675853000,7320459474000,13000,0.013000
7320492808000,MATCHED,2355,7320492808000,2355,8908709172000,7320492793000,15000,0.015000
7320526124000,MATCHED,2356,7320526124000,2356,8908742490000,7320526111000,13000,0.013000
7320559446000,MATCHED,2357,7320559446000,2357,8908775809000,7320559430000,16000,0.016000
7320592763000,MATCHED,2358,7320592763000,2358,8908809128000,7320592749000,14000,0.014000
7320626087000,MATCHED,2359,7320626087000,2359,8908842447000,7320626068000,19000,0.019000
7320659400000,MATCHED,2360,7320659400000,2360,8908875766000,7320659387000,13000,0.013000
7320692716000,MATCHED,2361,7320692716000,2361,8908909084000,7320692705000,11000,0.011000
7320726036000,MATCHED,2362,7320726036000,2362,8908942404000,7320726025000,11000,0.011000
7320759352000,MATCHED,2363,7320759352000,2363,8908975720000,7320759341000,11000,0.011000
7320792671000,MATCHED,2364,7320792671000,2364,8909009038000,7320792659000,12000,0.012000
7320825989000,MATCHED,2365,7320825989000,2365,8909042355000,7320825976000,13000,0.013000
7320859308000,MATCHED,2366,7320859308000,2366,8909075673000,7320859294000,14000,0.014000
7320892629000,MATCHED,2367,7320892629000,2367,8909108992000,7320892613000,16000,0.016000
7320925947000,MATCHED,2368,7320925947000,2368,8909142310000,7320925931000,16000,0.016000
7320959267000,MATCHED,2369,7320959267000,2369,8909175631000,7320959252000,15000,0.015000
7320992584000,MATCHED,2370,7320992584000,2370,8909208948000,7320992569000,15000,0.015000
7321025904000,MATCHED,2371,7321025904000,2371,8909242267000,7321025888000,16000,0.016000
7321059222000,MATCHED,2372,7321059222000,2372,8909275586000,7321059207000,15000,0.015000
7321092539000,MATCHED,2373,7321092539000,2373,8909308905000,7321092526000,13000,0.013000
7321125857000,MATCHED,2374,7321125857000,2374,8909342223000,7321125844000,13000,0.013000
7321159176000,MATCHED,2375,7321159176000,2375,8909375542000,7321159163000,13000,0.013000
7321192497000,MATCHED,2376,7321192497000,2376,8909408861000,7321192482000,15000,0.015000
7321225813000,MATCHED,2377,7321225813000,2377,8909442179000,7321225800000,13000,0.013000
7321259131000,MATCHED,2378,7321259131000,2378,8909475497000,7321259118000,13000,0.013000
7321292448000,MATCHED,2379,7321292448000,2379,8909508816000,7321292437000,11000,0.011000
7321325765000,MATCHED,2380,7321325765000,2380,8909542134000,7321325755000,10000,0.010000
7321359084000,MATCHED,2381,7321359084000,2381,8909575452000,7321359073000,11000,0.011000
7321392405000,MATCHED,2382,7321392405000,2382,8909608771000,7321392392000,13000,0.013000
7321425721000,MATCHED,2383,7321425721000,2383,8909642090000,7321425711000,10000,0.010000
7321459043000,MATCHED,2384,7321459043000,2384,8909675409000,7321459030000,13000,0.013000
7321492359000,MATCHED,2385,7321492359000,2385,8909708727000,7321492348000,11000,0.011000
7321525677000,MATCHED,2386,7321525677000,2386,8909742046000,7321525667000,10000,0.010000
7321558996000,MATCHED,2387,7321558996000,2387,8909775364000,7321558985000,11000,0.011000
7321592314000,MATCHED,2388,7321592314000,2388,8909808682000,7321592303000,11000,0.011000
7321625634000,MATCHED,2389,7321625634000,2389,8909842001000,7321625622000,12000,0.012000
7321658951000,MATCHED,2390,7321658951000,2390,8909875319000,7321658940000,11000,0.011000
7321692269000,MATCHED,2391,7321692269000,2391,8909908638000,7321692259000,10000,0.010000
7321725595000,MATCHED,2392,7321725595000,2392,8909941957000,7321725578000,17000,0.017000
7321758909000,MATCHED,2393,7321758909000,2393,8909975275000,7321758896000,13000,0.013000
7321792227000,MATCHED,2394,7321792227000,2394,8910008593000,7321792214000,13000,0.013000
7321825546000,MATCHED,2395,7321825546000,2395,8910041913000,7321825534000,12000,0.012000
7321858864000,MATCHED,2396,7321858864000,2396,8910075231000,7321858852000,12000,0.012000
7321892182000,MATCHED,2397,7321892182000,2397,8910108549000,7321892170000,12000,0.012000
7321925501000,MATCHED,2398,7321925501000,2398,8910141867000,7321925488000,13000,0.013000
7321958821000,MATCHED,2399,7321958821000,2399,8910175186000,7321958807000,14000,0.014000
7321992139000,MATCHED,2400,7321992139000,2400,8910208504000,7321992125000,14000,0.014000
7322025459000,MATCHED,2401,7322025459000,2401,8910241824000,7322025445000,14000,0.014000
7322058775000,MATCHED,2402,7322058775000,2402,8910275141000,7322058762000,13000,0.013000
7322092093000,MATCHED,2403,7322092093000,2403,8910308460000,7322092081000,12000,0.012000
7322125412000,MATCHED,2404,7322125412000,2404,8910341778000,7322125399000,13000,0.013000
7322158732000,MATCHED,2405,7322158732000,2405,8910375097000,7322158718000,14000,0.014000
7322192048000,MATCHED,2406,7322192048000,2406,8910408414000,7322192035000,13000,0.013000
7322225367000,MATCHED,2407,7322225367000,2407,8910441733000,7322225354000,13000,0.013000
7322258687000,MATCHED,2408,7322258687000,2408,8910475052000,7322258673000,14000,0.014000
7322292004000,MATCHED,2409,7322292004000,2409,8910508371000,7322291992000,12000,0.012000
7322325322000,MATCHED,2410,7322325322000,2410,8910541690000,7322325311000,11000,0.011000
7322358640000,MATCHED,2411,7322358640000,2411,8910575007000,7322358628000,12000,0.012000
7322391960000,MATCHED,2412,7322391960000,2412,8910608326000,7322391947000,13000,0.013000
7322425278000,MATCHED,2413,7322425278000,2413,8910641645000,7322425266000,12000,0.012000
7322458597000,MATCHED,2414,7322458597000,2414,8910674963000,7322458584000,13000,0.013000
7322491916000,MATCHED,2415,7322491916000,2415,8910708281000,7322491902000,14000,0.014000
7322525232000,MATCHED,2416,7322525232000,2416,8910741600000,7322525221000,11000,0.011000
7322558552000,MATCHED,2417,7322558552000,2417,8910774919000,7322558540000,12000,0.012000
7322591870000,MATCHED,2418,7322591870000,2418,8910808236000,7322591857000,13000,0.013000
7322625189000,MATCHED,2419,7322625189000,2419,8910841556000,7322625177000,12000,0.012000
7322658509000,MATCHED,2420,7322658509000,2420,8910874874000,7322658495000,14000,0.014000
7322691826000,MATCHED,2421,7322691826000,2421,8910908192000,7322691813000,13000,0.013000
7322725144000,MATCHED,2422,7322725144000,2422,8910941511000,7322725132000,12000,0.012000
7322758462000,MATCHED,2423,7322758462000,2423,8910974829000,7322758450000,12000,0.012000
7322791781000,MATCHED,2424,7322791781000,2424,8911008147000,7322791768000,13000,0.013000
7322825100000,MATCHED,2425,7322825100000,2425,8911041466000,7322825087000,13000,0.013000
7322858419000,MATCHED,2426,7322858419000,2426,8911074785000,7322858406000,13000,0.013000
7322891738000,MATCHED,2427,7322891738000,2427,8911108103000,7322891724000,14000,0.014000
7322925056000,MATCHED,2428,7322925056000,2428,8911141421000,7322925042000,14000,0.014000
7322958374000,MATCHED,2429,7322958374000,2429,8911174740000,7322958361000,13000,0.013000
7322991691000,MATCHED,2430,7322991691000,2430,8911208058000,7322991679000,12000,0.012000
7323025012000,MATCHED,2431,7323025012000,2431,8911241377000,7323024998000,14000,0.014000
7323058329000,MATCHED,2432,7323058329000,2432,8911274696000,7323058317000,12000,0.012000
7323091648000,MATCHED,2433,7323091648000,2433,8911308017000,7323091638000,10000,0.010000
7323124967000,MATCHED,2434,7323124967000,2434,8911341332000,7323124953000,14000,0.014000
7323158284000,MATCHED,2435,7323158284000,2435,8911374650000,7323158271000,13000,0.013000
7323191604000,MATCHED,2436,7323191604000,2436,8911407969000,7323191590000,14000,0.014000
7323224922000,MATCHED,2437,7323224922000,2437,8911441288000,7323224909000,13000,0.013000
7323258244000,MATCHED,2438,7323258244000,2438,8911474606000,7323258227000,17000,0.017000
7323291559000,MATCHED,2439,7323291559000,2439,8911507924000,7323291545000,14000,0.014000
7323324878000,MATCHED,2440,7323324878000,2440,8911541243000,7323324864000,14000,0.014000
7323358195000,MATCHED,2441,7323358195000,2441,8911574562000,7323358183000,12000,0.012000
7323391514000,MATCHED,2442,7323391514000,2442,8911607881000,7323391502000,12000,0.012000
7323424831000,MATCHED,2443,7323424831000,2443,8911641198000,7323424819000,12000,0.012000
7323458150000,MATCHED,2444,7323458150000,2444,8911674517000,7323458138000,12000,0.012000
7323491468000,MATCHED,2445,7323491468000,2445,8911707835000,7323491456000,12000,0.012000
7323524787000,MATCHED,2446,7323524787000,2446,8911741154000,7323524775000,12000,0.012000
7323558105000,MATCHED,2447,7323558105000,2447,8911774472000,7323558093000,12000,0.012000
7323591423000,MATCHED,2448,7323591423000,2448,8911807791000,7323591412000,11000,0.011000
7323624743000,MATCHED,2449,7323624743000,2449,8911841109000,7323624730000,13000,0.013000
7323658062000,MATCHED,2450,7323658062000,2450,8911874428000,7323658049000,13000,0.013000
7323691379000,MATCHED,2451,7323691379000,2451,8911907747000,7323691368000,11000,0.011000
7323724698000,MATCHED,2452,7323724698000,2452,8911941065000,7323724686000,12000,0.012000
7323758014000,MATCHED,2453,7323758014000,2453,8911974383000,7323758004000,10000,0.010000
7323791333000,MATCHED,2454,7323791333000,2454,8912007701000,7323791322000,11000,0.011000
7323824651000,MATCHED,2455,7323824651000,2455,8912041020000,7323824641000,10000,0.010000
7323857970000,MATCHED,2456,7323857970000,2456,8912074339000,7323857960000,10000,0.010000
7323891291000,MATCHED,2457,7323891291000,2457,8912107656000,7323891277000,14000,0.014000
7323924608000,MATCHED,2458,7323924608000,2458,8912140975000,7323924596000,12000,0.012000
7323957927000,MATCHED,2459,7323957927000,2459,8912174294000,7323957915000,12000,0.012000
7323991246000,MATCHED,2460,7323991246000,2460,8912207612000,7323991233000,13000,0.013000
7324024564000,MATCHED,2461,7324024564000,2461,8912240931000,7324024552000,12000,0.012000
7324057883000,MATCHED,2462,7324057883000,2462,8912274248000,7324057869000,14000,0.014000
7324091201000,MATCHED,2463,7324091201000,2463,8912307567000,7324091188000,13000,0.013000
7324124520000,MATCHED,2464,7324124520000,2464,8912340886000,7324124507000,13000,0.013000
7324157838000,MATCHED,2465,7324157838000,2465,8912374204000,7324157825000,13000,0.013000
7324191157000,MATCHED,2466,7324191157000,2466,8912407523000,7324191144000,13000,0.013000
7324224476000,MATCHED,2467,7324224476000,2467,8912440842000,7324224463000,13000,0.013000
7324257794000,MATCHED,2468,7324257794000,2468,8912474159000,7324257780000,14000,0.014000
7324291117000,MATCHED,2469,7324291117000,2469,8912507478000,7324291099000,18000,0.018000
7324324429000,MATCHED,2470,7324324429000,2470,8912540797000,7324324418000,11000,0.011000
7324357747000,MATCHED,2471,7324357747000,2471,8912574115000,7324357736000,11000,0.011000
7324391064000,MATCHED,2472,7324391064000,2472,8912607433000,7324391054000,10000,0.010000
7324424384000,MATCHED,2473,7324424384000,2473,8912640752000,7324424373000,11000,0.011000
7324457703000,MATCHED,2474,7324457703000,2474,8912674071000,7324457692000,11000,0.011000
7324491024000,MATCHED,2475,7324491024000,2475,8912707389000,7324491010000,14000,0.014000
7324524341000,MATCHED,2476,7324524341000,2476,8912740707000,7324524328000,13000,0.013000
7324557661000,MATCHED,2477,7324557661000,2477,8912774026000,7324557647000,14000,0.014000
7324590979000,MATCHED,2478,7324590979000,2478,8912807344000,7324590965000,14000,0.014000
7324624299000,MATCHED,2479,7324624299000,2479,8912840663000,7324624284000,15000,0.015000
7324657615000,MATCHED,2480,7324657615000,2480,8912873982000,7324657603000,12000,0.012000
7324690934000,MATCHED,2481,7324690934000,2481,8912907301000,7324690922000,12000,0.012000
7324724260000,MATCHED,2482,7324724260000,2482,8912940619000,7324724240000,20000,0.020000
7324757571000,MATCHED,2483,7324757571000,2483,8912973937000,7324757558000,13000,0.013000
7324790887000,MATCHED,2484,7324790887000,2484,8913007256000,7324790877000,10000,0.010000
7324824206000,MATCHED,2485,7324824206000,2485,8913040574000,7324824195000,11000,0.011000
7324857524000,MATCHED,2486,7324857524000,2486,8913073892000,7324857513000,11000,0.011000
7324890842000,MATCHED,2487,7324890842000,2487,8913107211000,7324890832000,10000,0.010000
7324924161000,MATCHED,2488,7324924161000,2488,8913140529000,7324924150000,11000,0.011000
7324957479000,MATCHED,2489,7324957479000,2489,8913173848000,7324957469000,10000,0.010000
7324990801000,MATCHED,2490,7324990801000,2490,8913207167000,7324990788000,13000,0.013000
7325024119000,MATCHED,2491,7325024119000,2491,8913240485000,7325024106000,13000,0.013000
7325057437000,MATCHED,2492,7325057437000,2492,8913273804000,7325057425000,12000,0.012000
7325090755000,MATCHED,2493,7325090755000,2493,8913307122000,7325090743000,12000,0.012000
7325124074000,MATCHED,2494,7325124074000,2494,8913340440000,7325124061000,13000,0.013000
7325157393000,MATCHED,2495,7325157393000,2495,8913373759000,7325157380000,13000,0.013000
7325190711000,MATCHED,2496,7325190711000,2496,8913407077000,7325190698000,13000,0.013000
7325224029000,MATCHED,2497,7325224029000,2497,8913440395000,7325224016000,13000,0.013000
7325257348000,MATCHED,2498,7325257348000,2498,8913473714000,7325257335000,13000,0.013000
7325290666000,MATCHED,2499,7325290666000,2499,8913507033000,7325290654000,12000,0.012000
7325323985000,MATCHED,2500,7325323985000,2500,8913540351000,7325323972000,13000,0.013000
7325357304000,MATCHED,2501,7325357304000,2501,8913573670000,7325357291000,13000,0.013000
7325390622000,MATCHED,2502,7325390622000,2502,8913606988000,7325390609000,13000,0.013000
7325423941000,MATCHED,2503,7325423941000,2503,8913640306000,7325423927000,14000,0.014000
7325457259000,MATCHED,2504,7325457259000,2504,8913673626000,7325457247000,12000,0.012000
7325490578000,MATCHED,2505,7325490578000,2505,8913706945000,7325490566000,12000,0.012000
7325523897000,MATCHED,2506,7325523897000,2506,8913740262000,7325523883000,14000,0.014000
7325557216000,MATCHED,2507,7325557216000,2507,8913773581000,7325557202000,14000,0.014000
7325590533000,MATCHED,2508,7325590533000,2508,8913806899000,7325590520000,13000,0.013000
7325623851000,MATCHED,2509,7325623851000,2509,8913840217000,7325623838000,13000,0.013000
7325657170000,MATCHED,2510,7325657170000,2510,8913873536000,7325657157000,13000,0.013000
7325690488000,MATCHED,2511,7325690488000,2511,8913906855000,7325690476000,12000,0.012000
7325723808000,MATCHED,2512,7325723808000,2512,8913940173000,7325723794000,14000,0.014000
7325757125000,MATCHED,2513,7325757125000,2513,8913973492000,7325757113000,12000,0.012000
7325790444000,MATCHED,2514,7325790444000,2514,8914006809000,7325790430000,14000,0.014000
7325823767000,MATCHED,2515,7325823767000,2515,8914040128000,7325823749000,18000,0.018000
7325857081000,MATCHED,2516,7325857081000,2516,8914073446000,7325857067000,14000,0.014000
7325890401000,MATCHED,2517,7325890401000,2517,8914106765000,7325890386000,15000,0.015000
7325923719000,MATCHED,2518,7325923719000,2518,8914140084000,7325923705000,14000,0.014000
7325957036000,MATCHED,2519,7325957036000,2519,8914173403000,7325957024000,12000,0.012000
7325990356000,MATCHED,2520,7325990356000,2520,8914206720000,7325990341000,15000,0.015000
7326023674000,MATCHED,2521,7326023674000,2521,8914240039000,7326023660000,14000,0.014000
7326056992000,MATCHED,2522,7326056992000,2522,8914273355000,7326056976000,16000,0.016000
7326090319000,MATCHED,2523,7326090319000,2523,8914306677000,7326090298000,21000,0.021000
7326123644000,MATCHED,2524,7326123644000,2524,8914339994000,7326123615000,29000,0.029000
7326156947000,MATCHED,2525,7326156947000,2525,8914373313000,7326156934000,13000,0.013000
7326190262000,MATCHED,2526,7326190262000,2526,8914406632000,7326190253000,9000,0.009000
7326223580000,MATCHED,2527,7326223580000,2527,8914439950000,7326223571000,9000,0.009000
7326256900000,MATCHED,2528,7326256900000,2528,8914473268000,7326256889000,11000,0.011000
7326290217000,MATCHED,2529,7326290217000,2529,8914506587000,7326290208000,9000,0.009000
7326323553000,MATCHED,2530,7326323553000,2530,8914539905000,7326323526000,27000,0.027000
7326356856000,MATCHED,2531,7326356856000,2531,8914573224000,7326356845000,11000,0.011000
7326390173000,MATCHED,2532,7326390173000,2532,8914606543000,7326390164000,9000,0.009000
7326423491000,MATCHED,2533,7326423491000,2533,8914639861000,7326423482000,9000,0.009000
7326456810000,MATCHED,2534,7326456810000,2534,8914673180000,7326456801000,9000,0.009000
7326490128000,MATCHED,2535,7326490128000,2535,8914706498000,7326490119000,9000,0.009000
7326523448000,MATCHED,2536,7326523448000,2536,8914739815000,7326523436000,12000,0.012000
7326556765000,MATCHED,2537,7326556765000,2537,8914773135000,7326556756000,9000,0.009000
7326590084000,MATCHED,2538,7326590084000,2538,8914806453000,7326590074000,10000,0.010000
7326623403000,MATCHED,2539,7326623403000,2539,8914839772000,7326623393000,10000,0.010000
7326656721000,MATCHED,2540,7326656721000,2540,8914873089000,7326656710000,11000,0.011000
7326690039000,MATCHED,2541,7326690039000,2541,8914906408000,7326690029000,10000,0.010000
7326723357000,MATCHED,2542,7326723357000,2542,8914939728000,7326723349000,8000,0.008000
7326756686000,MATCHED,2543,7326756686000,2543,8914973045000,7326756666000,20000,0.020000
7326790027000,MATCHED,2544,7326790027000,2544,8915006364000,7326789985000,42000,0.042000
7326823329000,MATCHED,2545,7326823329000,2545,8915039683000,7326823304000,25000,0.025000
7326856634000,MATCHED,2546,7326856634000,2546,8915073001000,7326856622000,12000,0.012000
7326889955000,MATCHED,2547,7326889955000,2547,8915106319000,7326889940000,15000,0.015000
7326923269000,MATCHED,2548,7326923269000,2548,8915139637000,7326923258000,11000,0.011000
7326956587000,MATCHED,2549,7326956587000,2549,8915172956000,7326956577000,10000,0.010000
7326989905000,MATCHED,2550,7326989905000,2550,8915206275000,7326989896000,9000,0.009000
7327023225000,MATCHED,2551,7327023225000,2551,8915239593000,7327023214000,11000,0.011000
7327056542000,MATCHED,2552,7327056542000,2552,8915272911000,7327056532000,10000,0.010000
7327089862000,MATCHED,2553,7327089862000,2553,8915306230000,7327089851000,11000,0.011000
7327123178000,MATCHED,2554,7327123178000,2554,8915339549000,7327123170000,8000,0.008000
7327156498000,MATCHED,2555,7327156498000,2555,8915372867000,7327156488000,10000,0.010000
7327189816000,MATCHED,2556,7327189816000,2556,8915406185000,7327189806000,10000,0.010000
7327223134000,MATCHED,2557,7327223134000,2557,8915439504000,7327223125000,9000,0.009000
7327256453000,MATCHED,2558,7327256453000,2558,8915472822000,7327256443000,10000,0.010000
7327289773000,MATCHED,2559,7327289773000,2559,8915506148000,7327289769000,4000,0.004000
7327323090000,MATCHED,2560,7327323090000,2560,8915539460000,7327323081000,9000,0.009000
7327356412000,MATCHED,2561,7327356412000,2561,8915572777000,7327356398000,14000,0.014000
7327389730000,MATCHED,2562,7327389730000,2562,8915606096000,7327389717000,13000,0.013000
7327423047000,MATCHED,2563,7327423047000,2563,8915639414000,7327423035000,12000,0.012000
7327456365000,MATCHED,2564,7327456365000,2564,8915672732000,7327456353000,12000,0.012000
7327489685000,MATCHED,2565,7327489685000,2565,8915706051000,7327489672000,13000,0.013000
7327523002000,MATCHED,2566,7327523002000,2566,8915739370000,7327522991000,11000,0.011000
7327556321000,MATCHED,2567,7327556321000,2567,8915772688000,7327556309000,12000,0.012000
7327589642000,MATCHED,2568,7327589642000,2568,8915806007000,7327589628000,14000,0.014000
7327622958000,MATCHED,2569,7327622958000,2569,8915839325000,7327622946000,12000,0.012000
7327656276000,MATCHED,2570,7327656276000,2570,8915872644000,7327656265000,11000,0.011000
7327689594000,MATCHED,2571,7327689594000,2571,8915905962000,7327689583000,11000,0.011000
7327722912000,MATCHED,2572,7327722912000,2572,8915939281000,7327722902000,10000,0.010000
7327756232000,MATCHED,2573,7327756232000,2573,8915972599000,7327756220000,12000,0.012000
7327789551000,MATCHED,2574,7327789551000,2574,8916005917000,7327789538000,13000,0.013000
7327822870000,MATCHED,2575,7327822870000,2575,8916039237000,7327822858000,12000,0.012000
7327856190000,MATCHED,2576,7327856190000,2576,8916072555000,7327856176000,14000,0.014000
7327889504000,MATCHED,2577,7327889504000,2577,8916105873000,7327889494000,10000,0.010000
7327922824000,MATCHED,2578,7327922824000,2578,8916139192000,7327922813000,11000,0.011000
7327956143000,MATCHED,2579,7327956143000,2579,8916172510000,7327956131000,12000,0.012000
7327989460000,MATCHED,2580,7327989460000,2580,8916205829000,7327989450000,10000,0.010000
7328022779000,MATCHED,2581,7328022779000,2581,8916239147000,7328022768000,11000,0.011000
7328056099000,MATCHED,2582,7328056099000,2582,8916272465000,7328056086000,13000,0.013000
7328089416000,MATCHED,2583,7328089416000,2583,8916305784000,7328089405000,11000,0.011000
7328122734000,MATCHED,2584,7328122734000,2584,8916339103000,7328122724000,10000,0.010000
7328156053000,MATCHED,2585,7328156053000,2585,8916372421000,7328156042000,11000,0.011000
7328189372000,MATCHED,2586,7328189372000,2586,8916405740000,7328189361000,11000,0.011000
7328222690000,MATCHED,2587,7328222690000,2587,8916439058000,7328222679000,11000,0.011000
7328256010000,MATCHED,2588,7328256010000,2588,8916472376000,7328255997000,13000,0.013000
7328289326000,MATCHED,2589,7328289326000,2589,8916505695000,7328289316000,10000,0.010000
7328322645000,MATCHED,2590,7328322645000,2590,8916539013000,7328322634000,11000,0.011000
7328355965000,MATCHED,2591,7328355965000,2591,8916572332000,7328355953000,12000,0.012000
7328389282000,MATCHED,2592,7328389282000,2592,8916605650000,7328389271000,11000,0.011000
7328422601000,MATCHED,2593,7328422601000,2593,8916638969000,7328422590000,11000,0.011000
7328455920000,MATCHED,2594,7328455920000,2594,8916672287000,7328455908000,12000,0.012000
7328489238000,MATCHED,2595,7328489238000,2595,8916705604000,7328489225000,13000,0.013000
7328522558000,MATCHED,2596,7328522558000,2596,8916738924000,7328522545000,13000,0.013000
7328555876000,MATCHED,2597,7328555876000,2597,8916772242000,7328555863000,13000,0.013000
7328589193000,MATCHED,2598,7328589193000,2598,8916805561000,7328589182000,11000,0.011000
7328622514000,MATCHED,2599,7328622514000,2599,8916838879000,7328622500000,14000,0.014000
7328655831000,MATCHED,2600,7328655831000,2600,8916872198000,7328655819000,12000,0.012000
7328689149000,MATCHED,2601,7328689149000,2601,8916905517000,7328689138000,11000,0.011000
7328722466000,MATCHED,2602,7328722466000,2602,8916938835000,7328722456000,10000,0.010000
7328755786000,MATCHED,2603,7328755786000,2603,8916972153000,7328755774000,12000,0.012000
7328789104000,MATCHED,2604,7328789104000,2604,8917005471000,7328789092000,12000,0.012000
7328822422000,MATCHED,2605,7328822422000,2605,8917038790000,7328822411000,11000,0.011000
7328855742000,MATCHED,2606,7328855742000,2606,8917072109000,7328855730000,12000,0.012000
7328889059000,MATCHED,2607,7328889059000,2607,8917105427000,7328889048000,11000,0.011000
7328922378000,MATCHED,2608,7328922378000,2608,8917138746000,7328922367000,11000,0.011000
7328955698000,MATCHED,2609,7328955698000,2609,8917172064000,7328955685000,13000,0.013000
7328989018000,MATCHED,2610,7328989018000,2610,8917205382000,7328989003000,15000,0.015000
7329022335000,MATCHED,2611,7329022335000,2611,8917238701000,7329022322000,13000,0.013000
7329055652000,MATCHED,2612,7329055652000,2612,8917272032000,7329055653000,-1000,-0.001000
7329088970000,MATCHED,2613,7329088970000,2613,8917305338000,7329088959000,11000,0.011000
7329122289000,MATCHED,2614,7329122289000,2614,8917338657000,7329122278000,11000,0.011000
7329155607000,MATCHED,2615,7329155607000,2615,8917371975000,7329155596000,11000,0.011000
7329188926000,MATCHED,2616,7329188926000,2616,8917405293000,7329188914000,12000,0.012000
7329222244000,MATCHED,2617,7329222244000,2617,8917438612000,7329222233000,11000,0.011000
7329255564000,MATCHED,2618,7329255564000,2618,8917471930000,7329255551000,13000,0.013000
7329288881000,MATCHED,2619,7329288881000,2619,8917505248000,7329288869000,12000,0.012000
7329322199000,MATCHED,2620,7329322199000,2620,8917538567000,7329322188000,11000,0.011000
7329355519000,MATCHED,2621,7329355519000,2621,8917571886000,7329355507000,12000,0.012000
7329388837000,MATCHED,2622,7329388837000,2622,8917605203000,7329388824000,13000,0.013000
7329422156000,MATCHED,2623,7329422156000,2623,8917638521000,7329422142000,14000,0.014000
7329455475000,MATCHED,2624,7329455475000,2624,8917671841000,7329455462000,13000,0.013000
7329488793000,MATCHED,2625,7329488793000,2625,8917705158000,7329488779000,14000,0.014000
7329522112000,MATCHED,2626,7329522112000,2626,8917738478000,7329522099000,13000,0.013000
7329555430000,MATCHED,2627,7329555430000,2627,8917771796000,7329555417000,13000,0.013000
7329588747000,MATCHED,2628,7329588747000,2628,8917805116000,7329588737000,10000,0.010000
7329622067000,MATCHED,2629,7329622067000,2629,8917838433000,7329622054000,13000,0.013000
7329655385000,MATCHED,2630,7329655385000,2630,8917871752000,7329655373000,12000,0.012000
7329688702000,MATCHED,2631,7329688702000,2631,8917905071000,7329688692000,10000,0.010000
7329722021000,MATCHED,2632,7329722021000,2632,8917938390000,7329722011000,10000,0.010000
7329755341000,MATCHED,2633,7329755341000,2633,8917971707000,7329755328000,13000,0.013000
7329788658000,MATCHED,2634,7329788658000,2634,8918005026000,7329788647000,11000,0.011000
7329821977000,MATCHED,2635,7329821977000,2635,8918038344000,7329821965000,12000,0.012000
7329855295000,MATCHED,2636,7329855295000,2636,8918071663000,7329855284000,11000,0.011000
7329888616000,MATCHED,2637,7329888616000,2637,8918104981000,7329888602000,14000,0.014000
7329921931000,MATCHED,2638,7329921931000,2638,8918138300000,7329921921000,10000,0.010000
7329955251000,MATCHED,2639,7329955251000,2639,8918171619000,7329955240000,11000,0.011000
7329988569000,MATCHED,2640,7329988569000,2640,8918204937000,7329988558000,11000,0.011000
7330021889000,MATCHED,2641,7330021889000,2641,8918238255000,7330021876000,13000,0.013000
7330055207000,MATCHED,2642,7330055207000,2642,8918271572000,7330055193000,14000,0.014000
7330088525000,MATCHED,2643,7330088525000,2643,8918304893000,7330088514000,11000,0.011000
7330121843000,MATCHED,2644,7330121843000,2644,8918338211000,7330121832000,11000,0.011000
7330155165000,MATCHED,2645,7330155165000,2645,8918371528000,7330155149000,16000,0.016000
7330188480000,MATCHED,2646,7330188480000,2646,8918404847000,7330188468000,12000,0.012000
7330221797000,MATCHED,2647,7330221797000,2647,8918438166000,7330221787000,10000,0.010000
7330255117000,MATCHED,2648,7330255117000,2648,8918471484000,7330255105000,12000,0.012000
7330288436000,MATCHED,2649,7330288436000,2649,8918504804000,7330288425000,11000,0.011000
7330321754000,MATCHED,2650,7330321754000,2650,8918538121000,7330321742000,12000,0.012000
7330355073000,MATCHED,2651,7330355073000,2651,8918571440000,7330355061000,12000,0.012000
7330388391000,MATCHED,2652,7330388391000,2652,8918604758000,7330388379000,12000,0.012000
7330421709000,MATCHED,2653,7330421709000,2653,8918638076000,7330421697000,12000,0.012000
7330455028000,MATCHED,2654,7330455028000,2654,8918671395000,7330455016000,12000,0.012000
7330488346000,MATCHED,2655,7330488346000,2655,8918704713000,7330488334000,12000,0.012000
7330521668000,MATCHED,2656,7330521668000,2656,8918738032000,7330521653000,15000,0.015000
7330554982000,MATCHED,2657,7330554982000,2657,8918771350000,7330554971000,11000,0.011000
7330588301000,MATCHED,2658,7330588301000,2658,8918804669000,7330588290000,11000,0.011000
7330621621000,MATCHED,2659,7330621621000,2659,8918837987000,7330621608000,13000,0.013000
7330654938000,MATCHED,2660,7330654938000,2660,8918871306000,7330654927000,11000,0.011000
7330688257000,MATCHED,2661,7330688257000,2661,8918904625000,7330688246000,11000,0.011000
7330721575000,MATCHED,2662,7330721575000,2662,8918937943000,7330721564000,11000,0.011000
7330754897000,MATCHED,2663,7330754897000,2663,8918971261000,7330754882000,15000,0.015000
7330788212000,MATCHED,2664,7330788212000,2664,8919004580000,7330788201000,11000,0.011000
7330821531000,MATCHED,2665,7330821531000,2665,8919037899000,7330821520000,11000,0.011000
7330854850000,MATCHED,2666,7330854850000,2666,8919071216000,7330854837000,13000,0.013000
7330888167000,MATCHED,2667,7330888167000,2667,8919104535000,7330888156000,11000,0.011000
7330921487000,MATCHED,2668,7330921487000,2668,8919137853000,7330921474000,13000,0.013000
7330954805000,MATCHED,2669,7330954805000,2669,8919171172000,7330954793000,12000,0.012000
7330988123000,MATCHED,2670,7330988123000,2670,8919204491000,7330988112000,11000,0.011000
7331021442000,MATCHED,2671,7331021442000,2671,8919237809000,7331021430000,12000,0.012000
7331054761000,MATCHED,2672,7331054761000,2672,8919271128000,7331054749000,12000,0.012000
7331088078000,MATCHED,2673,7331088078000,2673,8919304445000,7331088066000,12000,0.012000
7331121400000,MATCHED,2674,7331121400000,2674,8919337765000,7331121386000,14000,0.014000
7331154719000,MATCHED,2675,7331154719000,2675,8919371084000,7331154705000,14000,0.014000
7331188037000,MATCHED,2676,7331188037000,2676,8919404402000,7331188023000,14000,0.014000
7331221355000,MATCHED,2677,7331221355000,2677,8919437721000,7331221342000,13000,0.013000
7331254673000,MATCHED,2678,7331254673000,2678,8919471039000,7331254660000,13000,0.013000
7331287992000,MATCHED,2679,7331287992000,2679,8919504356000,7331287977000,15000,0.015000
7331321310000,MATCHED,2680,7331321310000,2680,8919537675000,7331321296000,14000,0.014000
7331354629000,MATCHED,2681,7331354629000,2681,8919570993000,7331354614000,15000,0.015000
7331387949000,MATCHED,2682,7331387949000,2682,8919604311000,7331387932000,17000,0.017000
7331421265000,MATCHED,2683,7331421265000,2683,8919637628000,7331421249000,16000,0.016000
7331454584000,MATCHED,2684,7331454584000,2684,8919670947000,7331454568000,16000,0.016000
7331487902000,MATCHED,2685,7331487902000,2685,8919704265000,7331487886000,16000,0.016000
7331521220000,MATCHED,2686,7331521220000,2686,8919737584000,7331521205000,15000,0.015000
7331554540000,MATCHED,2687,7331554540000,2687,8919770903000,7331554524000,16000,0.016000
7331587855000,MATCHED,2688,7331587855000,2688,8919804221000,7331587842000,13000,0.013000
7331621174000,MATCHED,2689,7331621174000,2689,8919837540000,7331621161000,13000,0.013000
7331654495000,MATCHED,2690,7331654495000,2690,8919870858000,7331654479000,16000,0.016000
7331687814000,MATCHED,2691,7331687814000,2691,8919904177000,7331687798000,16000,0.016000
7331721131000,MATCHED,2692,7331721131000,2692,8919937497000,7331721118000,13000,0.013000
7331754452000,MATCHED,2693,7331754452000,2693,8919970815000,7331754436000,16000,0.016000
7331787775000,MATCHED,2694,7331787775000,2694,8920004134000,7331787755000,20000,0.020000
7331821087000,MATCHED,2695,7331821087000,2695,8920037452000,7331821073000,14000,0.014000
7331854407000,MATCHED,2696,7331854407000,2696,8920070770000,7331854391000,16000,0.016000
7331887724000,MATCHED,2697,7331887724000,2697,8920104089000,7331887710000,14000,0.014000
7331921043000,MATCHED,2698,7331921043000,2698,8920137408000,7331921029000,14000,0.014000
7331954361000,MATCHED,2699,7331954361000,2699,8920170726000,7331954347000,14000,0.014000
7331987680000,MATCHED,2700,7331987680000,2700,8920204044000,7331987665000,15000,0.015000
7332020997000,MATCHED,2701,7332020997000,2701,8920237363000,7332020984000,13000,0.013000
7332054319000,MATCHED,2702,7332054319000,2702,8920270680000,7332054301000,18000,0.018000
7332087642000,MATCHED,2703,7332087642000,2703,8920304001000,7332087622000,20000,0.020000
7332120953000,MATCHED,2704,7332120953000,2704,8920337318000,7332120939000,14000,0.014000
7332154277000,MATCHED,2705,7332154277000,2705,8920370637000,7332154258000,19000,0.019000
7332187594000,MATCHED,2706,7332187594000,2706,8920403956000,7332187577000,17000,0.017000
7332220911000,MATCHED,2707,7332220911000,2707,8920437273000,7332220894000,17000,0.017000
7332254262000,MATCHED,2708,7332254262000,2708,8920470592000,7332254213000,49000,0.049000
7332287548000,MATCHED,2709,7332287548000,2709,8920503910000,7332287531000,17000,0.017000
7332320866000,MATCHED,2710,7332320866000,2710,8920537229000,7332320850000,16000,0.016000
7332354180000,MATCHED,2711,7332354180000,2711,8920570547000,7332354168000,12000,0.012000
7332387501000,MATCHED,2712,7332387501000,2712,8920603865000,7332387486000,15000,0.015000
7332420826000,MATCHED,2713,7332420826000,2713,8920637185000,7332420806000,20000,0.020000
7332454140000,MATCHED,2714,7332454140000,2714,8920670503000,7332454124000,16000,0.016000
7332487467000,MATCHED,2715,7332487467000,2715,8920703821000,7332487442000,25000,0.025000
7332520773000,MATCHED,2716,7332520773000,2716,8920737140000,7332520761000,12000,0.012000
7332554090000,MATCHED,2717,7332554090000,2717,8920770458000,7332554079000,11000,0.011000
7332587411000,MATCHED,2718,7332587411000,2718,8920803777000,7332587398000,13000,0.013000
7332620737000,MATCHED,2719,7332620737000,2719,8920837095000,7332620716000,21000,0.021000
7332654046000,MATCHED,2720,7332654046000,2720,8920870413000,7332654034000,12000,0.012000
7332687364000,MATCHED,2721,7332687364000,2721,8920903732000,7332687353000,11000,0.011000
7332720683000,MATCHED,2722,7332720683000,2722,8920937050000,7332720671000,12000,0.012000
7332754007000,MATCHED,2723,7332754007000,2723,8920970370000,7332753991000,16000,0.016000
7332787319000,MATCHED,2724,7332787319000,2724,8921003688000,7332787309000,10000,0.010000
7332820637000,MATCHED,2725,7332820637000,2725,8921037006000,7332820627000,10000,0.010000
7332853957000,MATCHED,2726,7332853957000,2726,8921070324000,7332853945000,12000,0.012000
7332887275000,MATCHED,2727,7332887275000,2727,8921103642000,7332887263000,12000,0.012000
7332920594000,MATCHED,2728,7332920594000,2728,8921136962000,7332920583000,11000,0.011000
7332953913000,MATCHED,2729,7332953913000,2729,8921170280000,7332953901000,12000,0.012000
7332987230000,MATCHED,2730,7332987230000,2730,8921203599000,7332987220000,10000,0.010000
7333020547000,MATCHED,2731,7333020547000,2731,8921236917000,7333020538000,9000,0.009000
7333053867000,MATCHED,2732,7333053867000,2732,8921270237000,7333053858000,9000,0.009000
7333087194000,MATCHED,2733,7333087194000,2733,8921303553000,7333087174000,20000,0.020000
7333120506000,MATCHED,2734,7333120506000,2734,8921336873000,7333120494000,12000,0.012000
7333153825000,MATCHED,2735,7333153825000,2735,8921370191000,7333153812000,13000,0.013000
7333187143000,MATCHED,2736,7333187143000,2736,8921403510000,7333187131000,12000,0.012000
7333220461000,MATCHED,2737,7333220461000,2737,8921436828000,7333220449000,12000,0.012000
7333253780000,MATCHED,2738,7333253780000,2738,8921470146000,7333253767000,13000,0.013000
7333287098000,MATCHED,2739,7333287098000,2739,8921503464000,7333287085000,13000,0.013000
7333320416000,MATCHED,2740,7333320416000,2740,8921536782000,7333320403000,13000,0.013000
7333353734000,MATCHED,2741,7333353734000,2741,8921570100000,7333353721000,13000,0.013000
7333387053000,MATCHED,2742,7333387053000,2742,8921603421000,7333387042000,11000,0.011000
7333420371000,MATCHED,2743,7333420371000,2743,8921636737000,7333420358000,13000,0.013000
7333453689000,MATCHED,2744,7333453689000,2744,8921670054000,7333453675000,14000,0.014000
7333487017000,MATCHED,2745,7333487017000,2745,8921703372000,7333486993000,24000,0.024000
7333520327000,MATCHED,2746,7333520327000,2746,8921736693000,7333520314000,13000,0.013000
7333553646000,MATCHED,2747,7333553646000,2747,8921770009000,7333553630000,16000,0.016000
7333586964000,MATCHED,2748,7333586964000,2748,8921803328000,7333586949000,15000,0.015000
7333620288000,MATCHED,2749,7333620288000,2749,8921836648000,7333620269000,19000,0.019000
7333653601000,MATCHED,2750,7333653601000,2750,8921869965000,7333653586000,15000,0.015000
7333686919000,MATCHED,2751,7333686919000,2751,8921903284000,7333686905000,14000,0.014000
7333720241000,MATCHED,2752,7333720241000,2752,8921936603000,7333720224000,17000,0.017000
7333753556000,MATCHED,2753,7333753556000,2753,8921969920000,7333753541000,15000,0.015000
7333786875000,MATCHED,2754,7333786875000,2754,8922003239000,7333786860000,15000,0.015000
7333820193000,MATCHED,2755,7333820193000,2755,8922036557000,7333820178000,15000,0.015000
7333853511000,MATCHED,2756,7333853511000,2756,8922069878000,7333853499000,12000,0.012000
7333886830000,MATCHED,2757,7333886830000,2757,8922103195000,7333886816000,14000,0.014000
7333920149000,MATCHED,2758,7333920149000,2758,8922136514000,7333920135000,14000,0.014000
7333953467000,MATCHED,2759,7333953467000,2759,8922169831000,7333953452000,15000,0.015000
7333986786000,MATCHED,2760,7333986786000,2760,8922203149000,7333986770000,16000,0.016000
7334020108000,MATCHED,2761,7334020108000,2761,8922236469000,7334020090000,18000,0.018000
7334053428000,MATCHED,2762,7334053428000,2762,8922269787000,7334053408000,20000,0.020000
7334086742000,MATCHED,2763,7334086742000,2763,8922303105000,7334086726000,16000,0.016000
7334120064000,MATCHED,2764,7334120064000,2764,8922336425000,7334120046000,18000,0.018000
7334153375000,MATCHED,2765,7334153375000,2765,8922369745000,7334153366000,9000,0.009000
7334186700000,MATCHED,2766,7334186700000,2766,8922403063000,7334186684000,16000,0.016000
7334220016000,MATCHED,2767,7334220016000,2767,8922436381000,7334220002000,14000,0.014000
7334253331000,MATCHED,2768,7334253331000,2768,8922469700000,7334253321000,10000,0.010000
7334286650000,MATCHED,2769,7334286650000,2769,8922503019000,7334286640000,10000,0.010000
7334319971000,MATCHED,2770,7334319971000,2770,8922536336000,7334319957000,14000,0.014000
7334353288000,MATCHED,2771,7334353288000,2771,8922569655000,7334353276000,12000,0.012000
7334386607000,MATCHED,2772,7334386607000,2772,8922602973000,7334386594000,13000,0.013000
7334419924000,MATCHED,2773,7334419924000,2773,8922636292000,7334419913000,11000,0.011000
7334453254000,MATCHED,2774,7334453254000,2774,8922669610000,7334453231000,23000,0.023000
7334486578000,MATCHED,2775,7334486578000,2775,8922702929000,7334486550000,28000,0.028000
7334519901000,MATCHED,2776,7334519901000,2776,8922736248000,7334519869000,32000,0.032000
7334553198000,MATCHED,2777,7334553198000,2777,8922769566000,7334553187000,11000,0.011000
7334586516000,MATCHED,2778,7334586516000,2778,8922802884000,7334586505000,11000,0.011000
7334619840000,MATCHED,2779,7334619840000,2779,8922836203000,7334619824000,16000,0.016000
7334653153000,MATCHED,2780,7334653153000,2780,8922869521000,7334653142000,11000,0.011000
7334686471000,MATCHED,2781,7334686471000,2781,8922902839000,7334686460000,11000,0.011000
7334719795000,MATCHED,2782,7334719795000,2782,8922936158000,7334719779000,16000,0.016000
7334753118000,MATCHED,2783,7334753118000,2783,8922969476000,7334753097000,21000,0.021000
7334786426000,MATCHED,2784,7334786426000,2784,8923002794000,7334786415000,11000,0.011000
7334819745000,MATCHED,2785,7334819745000,2785,8923036113000,7334819734000,11000,0.011000
7334853067000,MATCHED,2786,7334853067000,2786,8923069432000,7334853053000,14000,0.014000
7334886385000,MATCHED,2787,7334886385000,2787,8923102751000,7334886372000,13000,0.013000
7334919704000,MATCHED,2788,7334919704000,2788,8923136068000,7334919689000,15000,0.015000
7334953020000,MATCHED,2789,7334953020000,2789,8923169388000,7334953009000,11000,0.011000
7334986338000,MATCHED,2790,7334986338000,2790,8923202706000,7334986327000,11000,0.011000
7335019668000,MATCHED,2791,7335019668000,2791,8923236026000,7335019647000,21000,0.021000
7335052978000,MATCHED,2792,7335052978000,2792,8923269341000,7335052962000,16000,0.016000
7335086294000,MATCHED,2793,7335086294000,2793,8923302659000,7335086280000,14000,0.014000
7335119611000,MATCHED,2794,7335119611000,2794,8923335977000,7335119598000,13000,0.013000
7335152932000,MATCHED,2795,7335152932000,2795,8923369296000,7335152917000,15000,0.015000
7335186249000,MATCHED,2796,7335186249000,2796,8923402615000,7335186236000,13000,0.013000
7335219568000,MATCHED,2797,7335219568000,2797,8923435933000,7335219554000,14000,0.014000
7335252887000,MATCHED,2798,7335252887000,2798,8923469252000,7335252873000,14000,0.014000
7335286206000,MATCHED,2799,7335286206000,2799,8923502571000,7335286192000,14000,0.014000
7335319525000,MATCHED,2800,7335319525000,2800,8923535889000,7335319510000,15000,0.015000
7335352842000,MATCHED,2801,7335352842000,2801,8923569209000,7335352830000,12000,0.012000
7335386160000,MATCHED,2802,7335386160000,2802,8923602526000,7335386147000,13000,0.013000
7335419478000,MATCHED,2803,7335419478000,2803,8923635847000,7335419468000,10000,0.010000
7335452797000,MATCHED,2804,7335452797000,2804,8923669163000,7335452784000,13000,0.013000
7335486140000,MATCHED,2805,7335486140000,2805,8923702481000,7335486102000,38000,0.038000
7335519433000,MATCHED,2806,7335519433000,2806,8923735800000,7335519421000,12000,0.012000
7335552752000,MATCHED,2807,7335552752000,2807,8923769117000,7335552738000,14000,0.014000
7335586070000,MATCHED,2808,7335586070000,2808,8923802436000,7335586057000,13000,0.013000
7335619397000,MATCHED,2809,7335619397000,2809,8923835756000,7335619377000,20000,0.020000
7335652709000,MATCHED,2810,7335652709000,2810,8923869074000,7335652695000,14000,0.014000
7335686025000,MATCHED,2811,7335686025000,2811,8923902394000,7335686015000,10000,0.010000
7335719355000,MATCHED,2812,7335719355000,2812,8923935710000,7335719331000,24000,0.024000
7335752671000,MATCHED,2813,7335752671000,2813,8923969029000,7335752650000,21000,0.021000
7335785990000,MATCHED,2814,7335785990000,2814,8924002348000,7335785969000,21000,0.021000
7335819317000,MATCHED,2815,7335819317000,2815,8924035666000,7335819287000,30000,0.030000
7335852629000,MATCHED,2816,7335852629000,2816,8924068984000,7335852605000,24000,0.024000
7335885952000,MATCHED,2817,7335885952000,2817,8924102303000,7335885924000,28000,0.028000
7335919258000,MATCHED,2818,7335919258000,2818,8924135622000,7335919243000,15000,0.015000
7335952574000,MATCHED,2819,7335952574000,2819,8924168940000,7335952561000,13000,0.013000
7335985893000,MATCHED,2820,7335985893000,2820,8924202259000,7335985880000,13000,0.013000
7336019211000,MATCHED,2821,7336019211000,2821,8924235578000,7336019199000,12000,0.012000
7336052532000,MATCHED,2822,7336052532000,2822,8924268896000,7336052517000,15000,0.015000
7336085849000,MATCHED,2823,7336085849000,2823,8924302216000,7336085837000,12000,0.012000
7336119165000,MATCHED,2824,7336119165000,2824,8924335533000,7336119154000,11000,0.011000
7336152494000,MATCHED,2825,7336152494000,2825,8924368853000,7336152474000,20000,0.020000
7336185806000,MATCHED,2826,7336185806000,2826,8924402170000,7336185791000,15000,0.015000
7336219122000,MATCHED,2827,7336219122000,2827,8924435489000,7336219110000,12000,0.012000
7336252440000,MATCHED,2828,7336252440000,2828,8924468807000,7336252428000,12000,0.012000
7336285759000,MATCHED,2829,7336285759000,2829,8924502126000,7336285747000,12000,0.012000
7336319077000,MATCHED,2830,7336319077000,2830,8924535446000,7336319067000,10000,0.010000
7336352397000,MATCHED,2831,7336352397000,2831,8924568765000,7336352386000,11000,0.011000
7336385714000,MATCHED,2832,7336385714000,2832,8924602082000,7336385703000,11000,0.011000
7336419033000,MATCHED,2833,7336419033000,2833,8924635400000,7336419021000,12000,0.012000
7336452351000,MATCHED,2834,7336452351000,2834,8924668719000,7336452340000,11000,0.011000
7336485673000,MATCHED,2835,7336485673000,2835,8924702037000,7336485658000,15000,0.015000
7336518988000,MATCHED,2836,7336518988000,2836,8924735356000,7336518977000,11000,0.011000
7336552306000,MATCHED,2837,7336552306000,2837,8924768674000,7336552295000,11000,0.011000
7336585627000,MATCHED,2838,7336585627000,2838,8924801992000,7336585613000,14000,0.014000
7336618949000,MATCHED,2839,7336618949000,2839,8924835310000,7336618931000,18000,0.018000
7336652263000,MATCHED,2840,7336652263000,2840,8924868630000,7336652251000,12000,0.012000
7336685581000,MATCHED,2841,7336685581000,2841,8924901948000,7336685569000,12000,0.012000
7336718899000,MATCHED,2842,7336718899000,2842,8924935266000,7336718887000,12000,0.012000
7336752218000,MATCHED,2843,7336752218000,2843,8924968584000,7336752205000,13000,0.013000
7336785536000,MATCHED,2844,7336785536000,2844,8925001903000,7336785524000,12000,0.012000
7336818855000,MATCHED,2845,7336818855000,2845,8925035221000,7336818842000,13000,0.013000
7336852175000,MATCHED,2846,7336852175000,2846,8925068540000,7336852161000,14000,0.014000
7336885492000,MATCHED,2847,7336885492000,2847,8925101858000,7336885479000,13000,0.013000
7336918811000,MATCHED,2848,7336918811000,2848,8925135177000,7336918798000,13000,0.013000
7336952129000,MATCHED,2849,7336952129000,2849,8925168495000,7336952116000,13000,0.013000
7336985448000,MATCHED,2850,7336985448000,2850,8925201814000,7336985435000,13000,0.013000
7337018765000,MATCHED,2851,7337018765000,2851,8925235133000,7337018754000,11000,0.011000
7337052083000,MATCHED,2852,7337052083000,2852,8925268453000,7337052074000,9000,0.009000
7337085404000,MATCHED,2853,7337085404000,2853,8925301771000,7337085392000,12000,0.012000
7337118721000,MATCHED,2854,7337118721000,2854,8925335088000,7337118709000,12000,0.012000
7337152041000,MATCHED,2855,7337152041000,2855,8925368407000,7337152028000,13000,0.013000
7337185363000,MATCHED,2856,7337185363000,2856,8925401727000,7337185348000,15000,0.015000
7337218678000,MATCHED,2857,7337218678000,2857,8925435043000,7337218664000,14000,0.014000
7337251996000,MATCHED,2858,7337251996000,2858,8925468362000,7337251983000,13000,0.013000
7337285315000,MATCHED,2859,7337285315000,2859,8925501680000,7337285301000,14000,0.014000
7337318635000,MATCHED,2860,7337318635000,2860,8925534998000,7337318619000,16000,0.016000
7337351952000,MATCHED,2861,7337351952000,2861,8925568319000,7337351940000,12000,0.012000
7337385272000,MATCHED,2862,7337385272000,2862,8925601636000,7337385257000,15000,0.015000
7337418590000,MATCHED,2863,7337418590000,2863,8925634956000,7337418577000,13000,0.013000
7337451909000,MATCHED,2864,7337451909000,2864,8925668272000,7337451893000,16000,0.016000
7337485233000,MATCHED,2865,7337485233000,2865,8925701589000,7337485210000,23000,0.023000
7337518546000,MATCHED,2866,7337518546000,2866,8925734908000,7337518529000,17000,0.017000
7337551864000,MATCHED,2867,7337551864000,2867,8925768226000,7337551847000,17000,0.017000
7337585181000,MATCHED,2868,7337585181000,2868,8925801544000,7337585165000,16000,0.016000
7337618508000,MATCHED,2869,7337618508000,2869,8925834864000,7337618485000,23000,0.023000
7337651821000,MATCHED,2870,7337651821000,2870,8925868181000,7337651802000,19000,0.019000
7337685138000,MATCHED,2871,7337685138000,2871,8925901504000,7337685125000,13000,0.013000
7337718457000,MATCHED,2872,7337718457000,2872,8925934818000,7337718439000,18000,0.018000
7337751776000,MATCHED,2873,7337751776000,2873,8925968137000,7337751758000,18000,0.018000
7337785094000,MATCHED,2874,7337785094000,2874,8926001457000,7337785078000,16000,0.016000
7337818413000,MATCHED,2875,7337818413000,2875,8926034774000,7337818395000,18000,0.018000
7337851730000,MATCHED,2876,7337851730000,2876,8926068092000,7337851713000,17000,0.017000
7337885048000,MATCHED,2877,7337885048000,2877,8926101411000,7337885032000,16000,0.016000
7337918368000,MATCHED,2878,7337918368000,2878,8926134729000,7337918350000,18000,0.018000
7337951686000,MATCHED,2879,7337951686000,2879,8926168047000,7337951668000,18000,0.018000
7337985005000,MATCHED,2880,7337985005000,2880,8926201366000,7337984987000,18000,0.018000
7338018323000,MATCHED,2881,7338018323000,2881,8926234687000,7338018308000,15000,0.015000
7338051641000,MATCHED,2882,7338051641000,2882,8926268007000,7338051628000,13000,0.013000
7338084961000,MATCHED,2883,7338084961000,2883,8926301322000,7338084943000,18000,0.018000
7338118278000,MATCHED,2884,7338118278000,2884,8926334640000,7338118261000,17000,0.017000
7338151597000,MATCHED,2885,7338151597000,2885,8926367959000,7338151580000,17000,0.017000
7338184916000,MATCHED,2886,7338184916000,2886,8926401278000,7338184899000,17000,0.017000
7338218233000,MATCHED,2887,7338218233000,2887,8926434596000,7338218217000,16000,0.016000
7338251556000,MATCHED,2888,7338251556000,2888,8926467915000,7338251536000,20000,0.020000
7338284871000,MATCHED,2889,7338284871000,2889,8926501233000,7338284854000,17000,0.017000
7338318189000,MATCHED,2890,7338318189000,2890,8926534551000,7338318172000,17000,0.017000
7338351507000,MATCHED,2891,7338351507000,2891,8926567870000,7338351491000,16000,0.016000
7338384825000,MATCHED,2892,7338384825000,2892,8926601188000,7338384809000,16000,0.016000
7338418146000,MATCHED,2893,7338418146000,2893,8926634506000,7338418127000,19000,0.019000
7338451464000,MATCHED,2894,7338451464000,2894,8926667825000,7338451446000,18000,0.018000
7338484782000,MATCHED,2895,7338484782000,2895,8926701144000,7338484765000,17000,0.017000
7338518100000,MATCHED,2896,7338518100000,2896,8926734461000,7338518082000,18000,0.018000
7338551423000,MATCHED,2897,7338551423000,2897,8926767781000,7338551402000,21000,0.021000
7338584735000,MATCHED,2898,7338584735000,2898,8926801099000,7338584720000,15000,0.015000
7338618056000,MATCHED,2899,7338618056000,2899,8926834417000,7338618038000,18000,0.018000
7338651373000,MATCHED,2900,7338651373000,2900,8926867736000,7338651357000,16000,0.016000
7338684698000,MATCHED,2901,7338684698000,2901,8926901055000,7338684676000,22000,0.022000
7338718017000,MATCHED,2902,7338718017000,2902,8926934373000,7338717994000,23000,0.023000
7338751337000,MATCHED,2903,7338751337000,2903,8926967691000,7338751312000,25000,0.025000
7338784651000,MATCHED,2904,7338784651000,2904,8927001009000,7338784630000,21000,0.021000
7338817974000,MATCHED,2905,7338817974000,2905,8927034328000,7338817949000,25000,0.025000
7338851294000,MATCHED,2906,7338851294000,2906,8927067646000,7338851267000,27000,0.027000
7338884604000,MATCHED,2907,7338884604000,2907,8927100965000,7338884586000,18000,0.018000
7338917936000,MATCHED,2908,7338917936000,2908,8927134285000,7338917906000,30000,0.030000
7338951243000,MATCHED,2909,7338951243000,2909,8927167603000,7338951224000,19000,0.019000
7338984581000,MATCHED,2910,7338984581000,2910,8927200921000,7338984542000,39000,0.039000
7339017884000,MATCHED,2911,7339017884000,2911,8927234240000,7339017861000,23000,0.023000
7339051213000,MATCHED,2912,7339051213000,2912,8927267557000,7339051178000,35000,0.035000
7339084529000,MATCHED,2913,7339084529000,2913,8927300876000,7339084497000,32000,0.032000
7339117841000,MATCHED,2914,7339117841000,2914,8927334195000,7339117816000,25000,0.025000
7339151163000,MATCHED,2915,7339151163000,2915,8927367512000,7339151133000,30000,0.030000
7339184476000,MATCHED,2916,7339184476000,2916,8927400831000,7339184452000,24000,0.024000
7339217793000,MATCHED,2917,7339217793000,2917,8927434149000,7339217770000,23000,0.023000
7339251110000,MATCHED,2918,7339251110000,2918,8927467468000,7339251089000,21000,0.021000
7339284427000,MATCHED,2919,7339284427000,2919,8927500787000,7339284408000,19000,0.019000
7339317756000,MATCHED,2920,7339317756000,2920,8927534104000,7339317725000,31000,0.031000
7339351099000,MATCHED,2921,7339351099000,2921,8927567425000,7339351046000,53000,0.053000
7339384387000,MATCHED,2922,7339384387000,2922,8927600742000,7339384363000,24000,0.024000
7339417719000,MATCHED,2923,7339417719000,2923,8927634060000,7339417681000,38000,0.038000
7339451026000,MATCHED,2924,7339451026000,2924,8927667380000,7339451001000,25000,0.025000
7339484364000,MATCHED,2925,7339484364000,2925,8927700697000,7339484318000,46000,0.046000
7339517662000,MATCHED,2926,7339517662000,2926,8927734016000,7339517637000,25000,0.025000
7339550979000,MATCHED,2927,7339550979000,2927,8927767333000,7339550954000,25000,0.025000
7339584313000,MATCHED,2928,7339584313000,2928,8927800653000,7339584274000,39000,0.039000
7339617621000,MATCHED,2929,7339617621000,2929,8927833971000,7339617592000,29000,0.029000
7339650983000,MATCHED,2930,7339650983000,2930,8927867290000,7339650911000,72000,0.072000
7339684252000,MATCHED,2931,7339684252000,2931,8927900610000,7339684231000,21000,0.021000
7339717565000,MATCHED,2932,7339717565000,2932,8927933926000,7339717547000,18000,0.018000
7339750888000,MATCHED,2933,7339750888000,2933,8927967245000,7339750866000,22000,0.022000
7339784205000,MATCHED,2934,7339784205000,2934,8928000563000,7339784184000,21000,0.021000
7339817539000,MATCHED,2935,7339817539000,2935,8928033883000,7339817504000,35000,0.035000
7339850840000,MATCHED,2936,7339850840000,2936,8928067201000,7339850822000,18000,0.018000
7339884159000,MATCHED,2937,7339884159000,2937,8928100520000,7339884141000,18000,0.018000
7339917492000,MATCHED,2938,7339917492000,2938,8928133838000,7339917459000,33000,0.033000
7339950797000,MATCHED,2939,7339950797000,2939,8928167155000,7339950776000,21000,0.021000
7339984114000,MATCHED,2940,7339984114000,2940,8928200475000,7339984096000,18000,0.018000
7340017434000,MATCHED,2941,7340017434000,2941,8928233794000,7340017415000,19000,0.019000
7340050756000,MATCHED,2942,7340050756000,2942,8928267111000,7340050732000,24000,0.024000
7340084072000,MATCHED,2943,7340084072000,2943,8928300430000,7340084051000,21000,0.021000
7340117409000,MATCHED,2944,7340117409000,2944,8928333748000,7340117369000,40000,0.040000
7340150730000,MATCHED,2945,7340150730000,2945,8928367067000,7340150688000,42000,0.042000
7340184049000,MATCHED,2946,7340184049000,2946,8928400385000,7340184006000,43000,0.043000
7340217350000,MATCHED,2947,7340217350000,2947,8928433704000,7340217325000,25000,0.025000
7340250670000,MATCHED,2948,7340250670000,2948,8928467022000,7340250643000,27000,0.027000
7340283989000,MATCHED,2949,7340283989000,2949,8928500340000,7340283961000,28000,0.028000
7340317299000,MATCHED,2950,7340317299000,2950,8928533662000,7340317283000,16000,0.016000
7340350619000,MATCHED,2951,7340350619000,2951,8928566979000,7340350600000,19000,0.019000
7340383941000,MATCHED,2952,7340383941000,2952,8928600298000,7340383919000,22000,0.022000
7340417251000,MATCHED,2953,7340417251000,2953,8928633615000,7340417236000,15000,0.015000
7340450582000,MATCHED,2954,7340450582000,2954,8928666934000,7340450555000,27000,0.027000
7340483888000,MATCHED,2955,7340483888000,2955,8928700253000,7340483874000,14000,0.014000
7340517206000,MATCHED,2956,7340517206000,2956,8928733572000,7340517193000,13000,0.013000
7340550524000,MATCHED,2957,7340550524000,2957,8928766890000,7340550511000,13000,0.013000
7340583844000,MATCHED,2958,7340583844000,2958,8928800208000,7340583829000,15000,0.015000
7340617187000,MATCHED,2959,7340617187000,2959,8928833530000,7340617151000,36000,0.036000
7340650480000,MATCHED,2960,7340650480000,2960,8928866847000,7340650468000,12000,0.012000
7340683799000,MATCHED,2961,7340683799000,2961,8928900165000,7340683786000,13000,0.013000
7340717117000,MATCHED,2962,7340717117000,2962,8928933483000,7340717104000,13000,0.013000
7340750436000,MATCHED,2963,7340750436000,2963,8928966801000,7340750422000,14000,0.014000
7340783753000,MATCHED,2964,7340783753000,2964,8929000119000,7340783740000,13000,0.013000
7340817073000,MATCHED,2965,7340817073000,2965,8929033438000,7340817059000,14000,0.014000
7340850396000,MATCHED,2966,7340850396000,2966,8929066755000,7340850376000,20000,0.020000
7340883718000,MATCHED,2967,7340883718000,2967,8929100074000,7340883695000,23000,0.023000
7340917033000,MATCHED,2968,7340917033000,2968,8929133393000,7340917014000,19000,0.019000
7340950344000,MATCHED,2969,7340950344000,2969,8929166711000,7340950332000,12000,0.012000
7340983676000,MATCHED,2970,7340983676000,2970,8929200030000,7340983651000,25000,0.025000
7341016981000,MATCHED,2971,7341016981000,2971,8929233350000,7341016971000,10000,0.010000
7341050303000,MATCHED,2972,7341050303000,2972,8929266667000,7341050288000,15000,0.015000
7341083617000,MATCHED,2973,7341083617000,2973,8929299987000,7341083608000,9000,0.009000
7341116937000,MATCHED,2974,7341116937000,2974,8929333305000,7341116926000,11000,0.011000
7341150255000,MATCHED,2975,7341150255000,2975,8929366625000,7341150246000,9000,0.009000
7341183583000,MATCHED,2976,7341183583000,2976,8929399942000,7341183563000,20000,0.020000
7341216898000,MATCHED,2977,7341216898000,2977,8929433259000,7341216880000,18000,0.018000
7341250218000,MATCHED,2978,7341250218000,2978,8929466578000,7341250199000,19000,0.019000
7341283533000,MATCHED,2979,7341283533000,2979,8929499897000,7341283518000,15000,0.015000
7341316856000,MATCHED,2980,7341316856000,2980,8929533215000,7341316836000,20000,0.020000
7341350167000,MATCHED,2981,7341350167000,2981,8929566534000,7341350155000,12000,0.012000
7341383487000,MATCHED,2982,7341383487000,2982,8929599853000,7341383474000,13000,0.013000
7341416803000,MATCHED,2983,7341416803000,2983,8929633171000,7341416792000,11000,0.011000
7341450124000,MATCHED,2984,7341450124000,2984,8929666490000,7341450111000,13000,0.013000
7341483442000,MATCHED,2985,7341483442000,2985,8929699806000,7341483427000,15000,0.015000
7341516764000,MATCHED,2986,7341516764000,2986,8929733124000,7341516745000,19000,0.019000
7341550077000,MATCHED,2987,7341550077000,2987,8929766443000,7341550064000,13000,0.013000
7341583398000,MATCHED,2988,7341583398000,2988,8929799761000,7341583382000,16000,0.016000
7341616723000,MATCHED,2989,7341616723000,2989,8929833080000,7341616701000,22000,0.022000
7341650031000,MATCHED,2990,7341650031000,2990,8929866398000,7341650019000,12000,0.012000
7341683358000,MATCHED,2991,7341683358000,2991,8929899722000,7341683343000,15000,0.015000
7341716671000,MATCHED,2992,7341716671000,2992,8929933035000,7341716656000,15000,0.015000
7341749990000,MATCHED,2993,7341749990000,2993,8929966352000,7341749973000,17000,0.017000
7341783328000,MATCHED,2994,7341783328000,2994,8929999672000,7341783293000,35000,0.035000
7341816633000,MATCHED,2995,7341816633000,2995,8930032991000,7341816612000,21000,0.021000
7341849954000,MATCHED,2996,7341849954000,2996,8930066308000,7341849929000,25000,0.025000
7341883268000,MATCHED,2997,7341883268000,2997,8930099627000,7341883248000,20000,0.020000
7341916589000,MATCHED,2998,7341916589000,2998,8930132946000,7341916567000,22000,0.022000
7341949902000,MATCHED,2999,7341949902000,2999,8930166267000,7341949888000,14000,0.014000
7341983221000,MATCHED,3000,7341983221000,3000,8930199585000,7341983206000,15000,0.015000
7342016542000,MATCHED,3001,7342016542000,3001,8930232903000,7342016524000,18000,0.018000
7342049857000,MATCHED,3002,7342049857000,3002,8930266219000,7342049840000,17000,0.017000
7342083181000,MATCHED,3003,7342083181000,3003,8930299538000,7342083159000,22000,0.022000
7342116500000,MATCHED,3004,7342116500000,3004,8930332856000,7342116477000,23000,0.023000
7342149815000,MATCHED,3005,7342149815000,3005,8930366175000,7342149796000,19000,0.019000
7342183133000,MATCHED,3006,7342183133000,3006,8930399493000,7342183114000,19000,0.019000
7342216461000,MATCHED,3007,7342216461000,3007,8930432814000,7342216435000,26000,0.026000
7342249776000,MATCHED,3008,7342249776000,3008,8930466132000,7342249753000,23000,0.023000
7342283095000,MATCHED,3009,7342283095000,3009,8930499451000,7342283072000,23000,0.023000
7342316409000,MATCHED,3010,7342316409000,3010,8930532769000,7342316390000,19000,0.019000
7342349732000,MATCHED,3011,7342349732000,3011,8930566088000,7342349709000,23000,0.023000
7342383049000,MATCHED,3012,7342383049000,3012,8930599406000,7342383027000,22000,0.022000
7342416368000,MATCHED,3013,7342416368000,3013,8930632725000,7342416346000,22000,0.022000
7342449688000,MATCHED,3014,7342449688000,3014,8930666043000,7342449664000,24000,0.024000
7342483004000,MATCHED,3015,7342483004000,3015,8930699361000,7342482982000,22000,0.022000
7342516322000,MATCHED,3016,7342516322000,3016,8930732680000,7342516301000,21000,0.021000
7342549639000,MATCHED,3017,7342549639000,3017,8930765998000,7342549619000,20000,0.020000
7342582956000,MATCHED,3018,7342582956000,3018,8930799316000,7342582937000,19000,0.019000
7342616278000,MATCHED,3019,7342616278000,3019,8930832635000,7342616256000,22000,0.022000
7342649612000,MATCHED,3020,7342649612000,3020,8930865954000,7342649575000,37000,0.037000
7342682909000,MATCHED,3021,7342682909000,3021,8930899273000,7342682894000,15000,0.015000
7342716231000,MATCHED,3022,7342716231000,3022,8930932592000,7342716213000,18000,0.018000
7342749555000,MATCHED,3023,7342749555000,3023,8930965910000,7342749531000,24000,0.024000
7342782868000,MATCHED,3024,7342782868000,3024,8930999228000,7342782849000,19000,0.019000
7342816183000,MATCHED,3025,7342816183000,3025,8931032546000,7342816167000,16000,0.016000
7342849526000,MATCHED,3026,7342849526000,3026,8931065864000,7342849485000,41000,0.041000
7342882829000,MATCHED,3027,7342882829000,3027,8931099183000,7342882804000,25000,0.025000
7342916140000,MATCHED,3028,7342916140000,3028,8931132501000,7342916122000,18000,0.018000
7342949473000,MATCHED,3029,7342949473000,3029,8931165819000,7342949440000,33000,0.033000
7342982778000,MATCHED,3030,7342982778000,3030,8931199139000,7342982760000,18000,0.018000
7343016104000,MATCHED,3031,7343016104000,3031,8931232457000,7343016078000,26000,0.026000
7343049421000,MATCHED,3032,7343049421000,3032,8931265775000,7343049396000,25000,0.025000
7343082741000,MATCHED,3033,7343082741000,3033,8931299094000,7343082715000,26000,0.026000
7343116060000,MATCHED,3034,7343116060000,3034,8931332412000,7343116033000,27000,0.027000
7343149373000,MATCHED,3035,7343149373000,3035,8931365731000,7343149352000,21000,0.021000
7343182700000,MATCHED,3036,7343182700000,3036,8931399050000,7343182671000,29000,0.029000
7343216052000,MATCHED,3037,7343216052000,3037,8931432368000,7343215989000,63000,0.063000
7343249326000,MATCHED,3038,7343249326000,3038,8931465686000,7343249307000,19000,0.019000
7343282646000,MATCHED,3039,7343282646000,3039,8931499004000,7343282625000,21000,0.021000
7343315964000,MATCHED,3040,7343315964000,3040,8931532324000,7343315945000,19000,0.019000
7343349288000,MATCHED,3041,7343349288000,3041,8931565643000,7343349264000,24000,0.024000
7343382600000,MATCHED,3042,7343382600000,3042,8931598960000,7343382581000,19000,0.019000
7343415920000,MATCHED,3043,7343415920000,3043,8931632279000,7343415900000,20000,0.020000
7343449245000,MATCHED,3044,7343449245000,3044,8931665599000,7343449220000,25000,0.025000
7343482554000,MATCHED,3045,7343482554000,3045,8931698916000,7343482537000,17000,0.017000
7343515875000,MATCHED,3046,7343515875000,3046,8931732234000,7343515855000,20000,0.020000
7343549196000,MATCHED,3047,7343549196000,3047,8931765552000,7343549173000,23000,0.023000
7343582577000,MATCHED,3048,7343582577000,3048,8931798871000,7343582492000,85000,0.085000
7343615829000,MATCHED,3049,7343615829000,3049,8931832190000,7343615811000,18000,0.018000
7343649149000,MATCHED,3050,7343649149000,3050,8931865508000,7343649129000,20000,0.020000
7343682472000,MATCHED,3051,7343682472000,3051,8931898832000,7343682453000,19000,0.019000
7343715790000,MATCHED,3052,7343715790000,3052,8931932146000,7343715767000,23000,0.023000
7343749116000,MATCHED,3053,7343749116000,3053,8931965464000,7343749085000,31000,0.031000
7343782428000,MATCHED,3054,7343782428000,3054,8931998782000,7343782403000,25000,0.025000
7343815754000,MATCHED,3055,7343815754000,3055,8932032101000,7343815722000,32000,0.032000
7343849072000,MATCHED,3056,7343849072000,3056,8932065418000,7343849039000,33000,0.033000
7343882378000,MATCHED,3057,7343882378000,3057,8932098736000,7343882357000,21000,0.021000
7343915705000,MATCHED,3058,7343915705000,3058,8932132055000,7343915676000,29000,0.029000
7343949044000,MATCHED,3059,7343949044000,3059,8932165374000,7343948995000,49000,0.049000
7343982367000,MATCHED,3060,7343982367000,3060,8932198692000,7343982313000,54000,0.054000
7344015660000,MATCHED,3061,7344015660000,3061,8932232012000,7344015633000,27000,0.027000
7344048969000,MATCHED,3062,7344048969000,3062,8932265327000,7344048948000,21000,0.021000
7344082291000,MATCHED,3063,7344082291000,3063,8932298652000,7344082273000,18000,0.018000
7344115609000,MATCHED,3064,7344115609000,3064,8932331966000,7344115587000,22000,0.022000
7344148926000,MATCHED,3065,7344148926000,3065,8932365285000,7344148906000,20000,0.020000
7344182242000,MATCHED,3066,7344182242000,3066,8932398604000,7344182225000,17000,0.017000
7344215570000,MATCHED,3067,7344215570000,3067,8932431922000,7344215543000,27000,0.027000
7344248899000,MATCHED,3068,7344248899000,3068,8932465241000,7344248862000,37000,0.037000
7344282200000,MATCHED,3069,7344282200000,3069,8932498559000,7344282180000,20000,0.020000
7344315533000,MATCHED,3070,7344315533000,3070,8932531878000,7344315499000,34000,0.034000
7344348841000,MATCHED,3071,7344348841000,3071,8932565204000,7344348825000,16000,0.016000
7344382156000,MATCHED,3072,7344382156000,3072,8932598515000,7344382136000,20000,0.020000
7344415485000,MATCHED,3073,7344415485000,3073,8932631833000,7344415454000,31000,0.031000
7344448794000,MATCHED,3074,7344448794000,3074,8932665152000,7344448773000,21000,0.021000
7344482118000,MATCHED,3075,7344482118000,3075,8932698470000,7344482091000,27000,0.027000
7344515451000,MATCHED,3076,7344515451000,3076,8932731788000,7344515409000,42000,0.042000
7344548785000,MATCHED,3077,7344548785000,3077,8932765107000,7344548728000,57000,0.057000
7344582078000,MATCHED,3078,7344582078000,3078,8932798425000,7344582046000,32000,0.032000
7344615389000,MATCHED,3079,7344615389000,3079,8932831744000,7344615365000,24000,0.024000
7344648704000,MATCHED,3080,7344648704000,3080,8932865062000,7344648683000,21000,0.021000
7344682036000,MATCHED,3081,7344682036000,3081,8932898381000,7344682002000,34000,0.034000
7344715352000,MATCHED,3082,7344715352000,3082,8932931699000,7344715320000,32000,0.032000
7344748659000,MATCHED,3083,7344748659000,3083,8932965018000,7344748639000,20000,0.020000
7344781979000,MATCHED,3084,7344781979000,3084,8932998336000,7344781957000,22000,0.022000
7344815290000,MATCHED,3085,7344815290000,3085,8933031655000,7344815276000,14000,0.014000
7344848611000,MATCHED,3086,7344848611000,3086,8933064973000,7344848594000,17000,0.017000
7344881934000,MATCHED,3087,7344881934000,3087,8933098291000,7344881912000,22000,0.022000
7344915259000,MATCHED,3088,7344915259000,3088,8933131609000,7344915230000,29000,0.029000
7344948572000,MATCHED,3089,7344948572000,3089,8933164928000,7344948549000,23000,0.023000
7344981885000,MATCHED,3090,7344981885000,3090,8933198248000,7344981869000,16000,0.016000
7345015214000,MATCHED,3091,7345015214000,3091,8933231566000,7345015187000,27000,0.027000
7345048526000,MATCHED,3092,7345048526000,3092,8933264884000,7345048505000,21000,0.021000
7345081841000,MATCHED,3093,7345081841000,3093,8933298203000,7345081824000,17000,0.017000
7345115162000,MATCHED,3094,7345115162000,3094,8933331521000,7345115142000,20000,0.020000
7345148488000,MATCHED,3095,7345148488000,3095,8933364840000,7345148461000,27000,0.027000
7345181800000,MATCHED,3096,7345181800000,3096,8933398158000,7345181779000,21000,0.021000
7345215124000,MATCHED,3097,7345215124000,3097,8933431476000,7345215097000,27000,0.027000
7345248432000,MATCHED,3098,7345248432000,3098,8933464795000,7345248416000,16000,0.016000
7345281761000,MATCHED,3099,7345281761000,3099,8933498113000,7345281734000,27000,0.027000
7345315072000,MATCHED,3100,7345315072000,3100,8933531432000,7345315053000,19000,0.019000
7345348392000,MATCHED,3101,7345348392000,3101,8933564751000,7345348372000,20000,0.020000
7345381713000,MATCHED,3102,7345381713000,3102,8933598070000,7345381691000,22000,0.022000
7345415033000,MATCHED,3103,7345415033000,3103,8933631387000,7345415008000,25000,0.025000
7345448346000,MATCHED,3104,7345448346000,3104,8933664706000,7345448327000,19000,0.019000
7345481669000,MATCHED,3105,7345481669000,3105,8933698025000,7345481646000,23000,0.023000
7345514996000,MATCHED,3106,7345514996000,3106,8933731342000,7345514963000,33000,0.033000
7345548300000,MATCHED,3107,7345548300000,3107,8933764661000,7345548282000,18000,0.018000
7345581628000,MATCHED,3108,7345581628000,3108,8933797979000,7345581600000,28000,0.028000
7345614955000,MATCHED,3109,7345614955000,3109,8933831297000,7345614918000,37000,0.037000
7345648255000,MATCHED,3110,7345648255000,3110,8933864616000,7345648237000,18000,0.018000
7345681590000,MATCHED,3111,7345681590000,3111,8933897935000,7345681556000,34000,0.034000
7345714918000,MATCHED,3112,7345714918000,3112,8933931253000,7345714874000,44000,0.044000
7345748208000,MATCHED,3113,7345748208000,3113,8933964572000,7345748193000,15000,0.015000
7345781574000,MATCHED,3114,7345781574000,3114,8933997890000,7345781511000,63000,0.063000
7345814863000,MATCHED,3115,7345814863000,3115,8934031208000,7345814829000,34000,0.034000
7345848172000,MATCHED,3116,7345848172000,3116,8934064527000,7345848148000,24000,0.024000
7345881492000,MATCHED,3117,7345881492000,3117,8934097845000,7345881466000,26000,0.026000
7345914802000,MATCHED,3118,7345914802000,3118,8934131164000,7345914785000,17000,0.017000
7345948120000,MATCHED,3119,7345948120000,3119,8934164482000,7345948103000,17000,0.017000
7345981444000,MATCHED,3120,7345981444000,3120,8934197801000,7345981422000,22000,0.022000
7346014760000,MATCHED,3121,7346014760000,3121,8934231120000,7346014741000,19000,0.019000
7346048077000,MATCHED,3122,7346048077000,3122,8934264437000,7346048058000,19000,0.019000
7346081398000,MATCHED,3123,7346081398000,3123,8934297758000,7346081379000,19000,0.019000
7346114714000,MATCHED,3124,7346114714000,3124,8934331076000,7346114697000,17000,0.017000
7346148039000,MATCHED,3125,7346148039000,3125,8934364393000,7346148014000,25000,0.025000
7346181356000,MATCHED,3126,7346181356000,3126,8934397712000,7346181333000,23000,0.023000
7346214675000,MATCHED,3127,7346214675000,3127,8934431029000,7346214650000,25000,0.025000
7346248002000,MATCHED,3128,7346248002000,3128,8934464348000,7346247969000,33000,0.033000
7346281314000,MATCHED,3129,7346281314000,3129,8934497667000,7346281288000,26000,0.026000
7346314632000,MATCHED,3130,7346314632000,3130,8934530985000,7346314606000,26000,0.026000
7346347954000,MATCHED,3131,7346347954000,3131,8934564304000,7346347925000,29000,0.029000
7346381298000,MATCHED,3132,7346381298000,3132,8934597621000,7346381242000,56000,0.056000
7346414591000,MATCHED,3133,7346414591000,3133,8934630940000,7346414561000,30000,0.030000
7346447905000,MATCHED,3134,7346447905000,3134,8934664259000,7346447880000,25000,0.025000
7346481223000,MATCHED,3135,7346481223000,3135,8934697577000,7346481198000,25000,0.025000
7346514549000,MATCHED,3136,7346514549000,3136,8934730896000,7346514517000,32000,0.032000
7346547858000,MATCHED,3137,7346547858000,3137,8934764215000,7346547836000,22000,0.022000
7346581174000,MATCHED,3138,7346581174000,3138,8934797532000,7346581153000,21000,0.021000
7346614488000,MATCHED,3139,7346614488000,3139,8934830851000,7346614472000,16000,0.016000
7346647812000,MATCHED,3140,7346647812000,3140,8934864169000,7346647790000,22000,0.022000
7346681128000,MATCHED,3141,7346681128000,3141,8934897488000,7346681109000,19000,0.019000
7346714449000,MATCHED,3142,7346714449000,3142,8934930807000,7346714428000,21000,0.021000
7346747766000,MATCHED,3143,7346747766000,3143,8934964125000,7346747746000,20000,0.020000
7346781110000,MATCHED,3144,7346781110000,3144,8934997444000,7346781065000,45000,0.045000
7346814404000,MATCHED,3145,7346814404000,3145,8935030762000,7346814383000,21000,0.021000
7346847730000,MATCHED,3146,7346847730000,3146,8935064081000,7346847702000,28000,0.028000
7346881036000,MATCHED,3147,7346881036000,3147,8935097399000,7346881020000,16000,0.016000
7346914374000,MATCHED,3148,7346914374000,3148,8935130717000,7346914338000,36000,0.036000
7346947671000,MATCHED,3149,7346947671000,3149,8935164036000,7346947657000,14000,0.014000
7346980992000,MATCHED,3150,7346980992000,3150,8935197355000,7346980976000,16000,0.016000
7347014349000,MATCHED,3151,7347014349000,3151,8935230673000,7347014294000,55000,0.055000
7347047628000,MATCHED,3152,7347047628000,3152,8935263992000,7347047613000,15000,0.015000
7347080956000,MATCHED,3153,7347080956000,3153,8935297310000,7347080931000,25000,0.025000
7347114269000,MATCHED,3154,7347114269000,3154,8935330628000,7347114249000,20000,0.020000
7347147585000,MATCHED,3155,7347147585000,3155,8935363946000,7347147567000,18000,0.018000
7347180903000,MATCHED,3156,7347180903000,3156,8935397265000,7347180886000,17000,0.017000
7347214221000,MATCHED,3157,7347214221000,3157,8935430584000,7347214205000,16000,0.016000
7347247537000,MATCHED,3158,7347247537000,3158,8935463902000,7347247523000,14000,0.014000
7347280858000,MATCHED,3159,7347280858000,3159,8935497221000,7347280842000,16000,0.016000
7347314179000,MATCHED,3160,7347314179000,3160,8935530539000,7347314160000,19000,0.019000
7347347517000,MATCHED,3161,7347347517000,3161,8935563858000,7347347479000,38000,0.038000
7347380815000,MATCHED,3162,7347380815000,3162,8935597176000,7347380797000,18000,0.018000
7347414135000,MATCHED,3163,7347414135000,3163,8935630494000,7347414115000,20000,0.020000
7347447465000,MATCHED,3164,7347447465000,3164,8935663813000,7347447434000,31000,0.031000
7347480772000,MATCHED,3165,7347480772000,3165,8935697137000,7347480758000,14000,0.014000
7347514088000,MATCHED,3166,7347514088000,3166,8935730451000,7347514072000,16000,0.016000
7347547417000,MATCHED,3167,7347547417000,3167,8935763769000,7347547390000,27000,0.027000
7347580731000,MATCHED,3168,7347580731000,3168,8935797088000,7347580709000,22000,0.022000
7347614051000,MATCHED,3169,7347614051000,3169,8935830406000,7347614027000,24000,0.024000
7347647376000,MATCHED,3170,7347647376000,3170,8935863725000,7347647346000,30000,0.030000
7347680691000,MATCHED,3171,7347680691000,3171,8935897043000,7347680664000,27000,0.027000
7347714017000,MATCHED,3172,7347714017000,3172,8935930361000,7347713982000,35000,0.035000
7347747328000,MATCHED,3173,7347747328000,3173,8935963680000,7347747301000,27000,0.027000
7347780635000,MATCHED,3174,7347780635000,3174,8935996999000,7347780620000,15000,0.015000
7347813964000,MATCHED,3175,7347813964000,3175,8936030317000,7347813938000,26000,0.026000
7347847279000,MATCHED,3176,7347847279000,3176,8936063637000,7347847258000,21000,0.021000
7347880603000,MATCHED,3177,7347880603000,3177,8936096954000,7347880575000,28000,0.028000
7347913910000,MATCHED,3178,7347913910000,3178,8936130273000,7347913894000,16000,0.016000
7347947233000,MATCHED,3179,7347947233000,3179,8936163591000,7347947212000,21000,0.021000
7347980548000,MATCHED,3180,7347980548000,3180,8936196909000,7347980530000,18000,0.018000
7348013866000,MATCHED,3181,7348013866000,3181,8936230228000,7348013849000,17000,0.017000
7348047189000,MATCHED,3182,7348047189000,3182,8936263546000,7348047167000,22000,0.022000
7348080501000,MATCHED,3183,7348080501000,3183,8936296865000,7348080486000,15000,0.015000
7348113825000,MATCHED,3184,7348113825000,3184,8936330183000,7348113804000,21000,0.021000
7348147138000,MATCHED,3185,7348147138000,3185,8936363501000,7348147122000,16000,0.016000
7348180457000,MATCHED,3186,7348180457000,3186,8936396820000,7348180441000,16000,0.016000
7348213774000,MATCHED,3187,7348213774000,3187,8936430139000,7348213760000,14000,0.014000
7348247102000,MATCHED,3188,7348247102000,3188,8936463457000,7348247078000,24000,0.024000
7348280413000,MATCHED,3189,7348280413000,3189,8936496776000,7348280397000,16000,0.016000
7348313732000,MATCHED,3190,7348313732000,3190,8936530094000,7348313715000,17000,0.017000
7348347057000,MATCHED,3191,7348347057000,3191,8936563413000,7348347034000,23000,0.023000
7348380371000,MATCHED,3192,7348380371000,3192,8936596731000,7348380352000,19000,0.019000
7348413682000,MATCHED,3193,7348413682000,3193,8936630049000,7348413670000,12000,0.012000
7348447008000,MATCHED,3194,7348447008000,3194,8936663368000,7348446989000,19000,0.019000
7348480326000,MATCHED,3195,7348480326000,3195,8936696686000,7348480307000,19000,0.019000
7348513642000,MATCHED,3196,7348513642000,3196,8936730005000,7348513626000,16000,0.016000
7348546965000,MATCHED,3197,7348546965000,3197,8936763324000,7348546945000,20000,0.020000
7348580278000,MATCHED,3198,7348580278000,3198,8936796642000,7348580263000,15000,0.015000
7348613625000,MATCHED,3199,7348613625000,3199,8936829961000,7348613582000,43000,0.043000
7348646923000,MATCHED,3200,7348646923000,3200,8936863281000,7348646902000,21000,0.021000
7348680234000,MATCHED,3201,7348680234000,3201,8936896597000,7348680218000,16000,0.016000
7348713558000,MATCHED,3202,7348713558000,3202,8936929915000,7348713536000,22000,0.022000
7348746875000,MATCHED,3203,7348746875000,3203,8936963234000,7348746855000,20000,0.020000
7348780188000,MATCHED,3204,7348780188000,3204,8936996552000,7348780173000,15000,0.015000
7348813519000,MATCHED,3205,7348813519000,3205,8937029871000,7348813492000,27000,0.027000
7348846834000,MATCHED,3206,7348846834000,3206,8937063189000,7348846810000,24000,0.024000
7348880145000,MATCHED,3207,7348880145000,3207,8937096508000,7348880129000,16000,0.016000
7348913467000,MATCHED,3208,7348913467000,3208,8937129826000,7348913447000,20000,0.020000
7348946791000,MATCHED,3209,7348946791000,3209,8937163144000,7348946765000,26000,0.026000
7348980103000,MATCHED,3210,7348980103000,3210,8937196463000,7348980084000,19000,0.019000
7349013425000,MATCHED,3211,7349013425000,3211,8937229781000,7349013402000,23000,0.023000
7349046746000,MATCHED,3212,7349046746000,3212,8937263101000,7349046722000,24000,0.024000
7349080072000,MATCHED,3213,7349080072000,3213,8937296419000,7349080040000,32000,0.032000
7349113383000,MATCHED,3214,7349113383000,3214,8937329738000,7349113359000,24000,0.024000
7349146699000,MATCHED,3215,7349146699000,3215,8937363055000,7349146676000,23000,0.023000
7349180080000,MATCHED,3216,7349180080000,3216,8937396375000,7349179996000,84000,0.084000
7349213333000,MATCHED,3217,7349213333000,3217,8937429693000,7349213314000,19000,0.019000
7349246652000,MATCHED,3218,7349246652000,3218,8937463011000,7349246632000,20000,0.020000
7349279973000,MATCHED,3219,7349279973000,3219,8937496333000,7349279954000,19000,0.019000
7349313289000,MATCHED,3220,7349313289000,3220,8937529649000,7349313270000,19000,0.019000
7349346611000,MATCHED,3221,7349346611000,3221,8937562966000,7349346587000,24000,0.024000
7349379929000,MATCHED,3222,7349379929000,3222,8937596285000,7349379906000,23000,0.023000
7349413250000,MATCHED,3223,7349413250000,3223,8937629604000,7349413225000,25000,0.025000
7349446564000,MATCHED,3224,7349446564000,3224,8937662923000,7349446544000,20000,0.020000
7349479881000,MATCHED,3225,7349479881000,3225,8937696241000,7349479862000,19000,0.019000
7349513200000,MATCHED,3226,7349513200000,3226,8937729559000,7349513180000,20000,0.020000
7349546518000,MATCHED,3227,7349546518000,3227,8937762877000,7349546498000,20000,0.020000
7349579839000,MATCHED,3228,7349579839000,3228,8937796196000,7349579817000,22000,0.022000
7349613159000,MATCHED,3229,7349613159000,3229,8937829514000,7349613135000,24000,0.024000
7349646476000,MATCHED,3230,7349646476000,3230,8937862832000,7349646453000,23000,0.023000
7349679800000,MATCHED,3231,7349679800000,3231,8937896150000,7349679771000,29000,0.029000
7349713111000,MATCHED,3232,7349713111000,3232,8937929469000,7349713090000,21000,0.021000
7349746429000,MATCHED,3233,7349746429000,3233,8937962787000,7349746408000,21000,0.021000
7349779757000,MATCHED,3234,7349779757000,3234,8937996106000,7349779727000,30000,0.030000
7349813065000,MATCHED,3235,7349813065000,3235,8938029424000,7349813045000,20000,0.020000
7349846379000,MATCHED,3236,7349846379000,3236,8938062743000,7349846364000,15000,0.015000
7349879703000,MATCHED,3237,7349879703000,3237,8938096062000,7349879683000,20000,0.020000
7349913019000,MATCHED,3238,7349913019000,3238,8938129381000,7349913002000,17000,0.017000
7349946342000,MATCHED,3239,7349946342000,3239,8938162699000,7349946320000,22000,0.022000
7349979662000,MATCHED,3240,7349979662000,3240,8938196020000,7349979641000,21000,0.021000
7350012975000,MATCHED,3241,7350012975000,3241,8938229336000,7350012957000,18000,0.018000
7350046295000,MATCHED,3242,7350046295000,3242,8938262653000,7350046274000,21000,0.021000
7350079617000,MATCHED,3243,7350079617000,3243,8938295973000,7350079594000,23000,0.023000
7350112934000,MATCHED,3244,7350112934000,3244,8938329291000,7350112912000,22000,0.022000
7350146252000,MATCHED,3245,7350146252000,3245,8938362610000,7350146231000,21000,0.021000
7350179574000,MATCHED,3246,7350179574000,3246,8938395928000,7350179549000,25000,0.025000
7350212884000,MATCHED,3247,7350212884000,3247,8938429247000,7350212868000,16000,0.016000
7350246210000,MATCHED,3248,7350246210000,3248,8938462565000,7350246186000,24000,0.024000
7350279527000,MATCHED,3249,7350279527000,3249,8938495884000,7350279505000,22000,0.022000
7350312840000,MATCHED,3250,7350312840000,3250,8938529202000,7350312823000,17000,0.017000
7350346161000,MATCHED,3251,7350346161000,3251,8938562521000,7350346142000,19000,0.019000
7350379489000,MATCHED,3252,7350379489000,3252,8938595840000,7350379461000,28000,0.028000
7350412799000,MATCHED,3253,7350412799000,3253,8938629157000,7350412778000,21000,0.021000
7350446121000,MATCHED,3254,7350446121000,3254,8938662477000,7350446098000,23000,0.023000
7350479437000,MATCHED,3255,7350479437000,3255,8938695794000,7350479415000,22000,0.022000
7350512754000,MATCHED,3256,7350512754000,3256,8938729113000,7350512734000,20000,0.020000
7350546074000,MATCHED,3257,7350546074000,3257,8938762432000,7350546053000,21000,0.021000
7350579389000,MATCHED,3258,7350579389000,3258,8938795751000,7350579372000,17000,0.017000
7350612708000,MATCHED,3259,7350612708000,3259,8938829069000,7350612690000,18000,0.018000
7350646029000,MATCHED,3260,7350646029000,3260,8938862387000,7350646008000,21000,0.021000
7350679348000,MATCHED,3261,7350679348000,3261,8938895706000,7350679327000,21000,0.021000
7350712664000,MATCHED,3262,7350712664000,3262,8938929025000,7350712646000,18000,0.018000
7350745984000,MATCHED,3263,7350745984000,3263,8938962343000,7350745964000,20000,0.020000
7350779303000,MATCHED,3264,7350779303000,3264,8938995662000,7350779283000,20000,0.020000
7350812622000,MATCHED,3265,7350812622000,3265,8939028980000,7350812601000,21000,0.021000
7350845947000,MATCHED,3266,7350845947000,3266,8939062298000,7350845919000,28000,0.028000
7350879257000,MATCHED,3267,7350879257000,3267,8939095617000,7350879238000,19000,0.019000
7350912572000,MATCHED,3268,7350912572000,3268,8939128934000,7350912555000,17000,0.017000
7350945937000,MATCHED,3269,7350945937000,3269,8939162253000,7350945874000,63000,0.063000
7350979236000,MATCHED,3270,7350979236000,3270,8939195571000,7350979192000,44000,0.044000
7351012531000,MATCHED,3271,7351012531000,3271,8939228889000,7351012510000,21000,0.021000
7351045853000,MATCHED,3272,7351045853000,3272,8939262208000,7351045829000,24000,0.024000
7351079173000,MATCHED,3273,7351079173000,3273,8939295528000,7351079149000,24000,0.024000
7351112484000,MATCHED,3274,7351112484000,3274,8939328847000,7351112468000,16000,0.016000
7351145802000,MATCHED,3275,7351145802000,3275,8939362165000,7351145786000,16000,0.016000
7351179119000,MATCHED,3276,7351179119000,3276,8939395483000,7351179104000,15000,0.015000
7351212438000,MATCHED,3277,7351212438000,3277,8939428801000,7351212422000,16000,0.016000
7351245757000,MATCHED,3278,7351245757000,3278,8939462119000,7351245740000,17000,0.017000
7351279081000,MATCHED,3279,7351279081000,3279,8939495438000,7351279059000,22000,0.022000
7351312392000,MATCHED,3280,7351312392000,3280,8939528756000,7351312377000,15000,0.015000
7351345710000,MATCHED,3281,7351345710000,3281,8939562075000,7351345696000,14000,0.014000
7351379032000,MATCHED,3282,7351379032000,3282,8939595394000,7351379015000,17000,0.017000
7351412351000,MATCHED,3283,7351412351000,3283,8939628711000,7351412332000,19000,0.019000
7351445673000,MATCHED,3284,7351445673000,3284,8939662029000,7351445650000,23000,0.023000
7351478991000,MATCHED,3285,7351478991000,3285,8939695348000,7351478969000,22000,0.022000
7351512305000,MATCHED,3286,7351512305000,3286,8939728667000,7351512288000,17000,0.017000
7351545627000,MATCHED,3287,7351545627000,3287,8939761986000,7351545607000,20000,0.020000
7351578950000,MATCHED,3288,7351578950000,3288,8939795301000,7351578922000,28000,0.028000
7351612272000,MATCHED,3289,7351612272000,3289,8939828619000,7351612240000,32000,0.032000
7351645576000,MATCHED,3290,7351645576000,3290,8939861939000,7351645560000,16000,0.016000
7351678892000,MATCHED,3291,7351678892000,3291,8939895259000,7351678880000,12000,0.012000
7351712211000,MATCHED,3292,7351712211000,3292,8939928576000,7351712197000,14000,0.014000
7351745528000,MATCHED,3293,7351745528000,3293,8939961894000,7351745515000,13000,0.013000
7351778847000,MATCHED,3294,7351778847000,3294,8939995212000,7351778833000,14000,0.014000
7351812164000,MATCHED,3295,7351812164000,3295,8940028534000,7351812155000,9000,0.009000
7351845485000,MATCHED,3296,7351845485000,3296,8940061849000,7351845470000,15000,0.015000
7351878810000,MATCHED,3297,7351878810000,3297,8940095168000,7351878789000,21000,0.021000
7351912129000,MATCHED,3298,7351912129000,3298,8940128486000,7351912107000,22000,0.022000
7351945440000,MATCHED,3299,7351945440000,3299,8940161806000,7351945427000,13000,0.013000
7351978763000,MATCHED,3300,7351978763000,3300,8940195124000,7351978745000,18000,0.018000
7352012077000,MATCHED,3301,7352012077000,3301,8940228444000,7352012065000,12000,0.012000
7352045398000,MATCHED,3302,7352045398000,3302,8940261760000,7352045381000,17000,0.017000
7352078718000,MATCHED,3303,7352078718000,3303,8940295079000,7352078700000,18000,0.018000
7352112033000,MATCHED,3304,7352112033000,3304,8940328396000,7352112017000,16000,0.016000
7352145375000,MATCHED,3305,7352145375000,3305,8940361716000,7352145337000,38000,0.038000
7352178673000,MATCHED,3306,7352178673000,3306,8940395034000,7352178655000,18000,0.018000
7352211987000,MATCHED,3307,7352211987000,3307,8940428352000,7352211973000,14000,0.014000
7352245305000,MATCHED,3308,7352245305000,3308,8940461670000,7352245291000,14000,0.014000
7352278625000,MATCHED,3309,7352278625000,3309,8940494989000,7352278610000,15000,0.015000
7352311942000,MATCHED,3310,7352311942000,3310,8940528308000,7352311929000,13000,0.013000
7352345260000,MATCHED,3311,7352345260000,3311,8940561627000,7352345248000,12000,0.012000
7352378579000,MATCHED,3312,7352378579000,3312,8940594947000,7352378568000,11000,0.011000
7352411900000,MATCHED,3313,7352411900000,3313,8940628265000,7352411886000,14000,0.014000
7352445218000,MATCHED,3314,7352445218000,3314,8940661583000,7352445204000,14000,0.014000
7352478556000,MATCHED,3315,7352478556000,3315,8940694901000,7352478522000,34000,0.034000
7352511855000,MATCHED,3316,7352511855000,3316,8940728222000,7352511843000,12000,0.012000
7352545172000,MATCHED,3317,7352545172000,3317,8940761539000,7352545160000,12000,0.012000
7352578492000,MATCHED,3318,7352578492000,3318,8940794858000,7352578479000,13000,0.013000
7352611813000,MATCHED,3319,7352611813000,3319,8940828176000,7352611797000,16000,0.016000
7352645132000,MATCHED,3320,7352645132000,3320,8940861494000,7352645115000,17000,0.017000
7352678446000,MATCHED,3321,7352678446000,3321,8940894814000,7352678435000,11000,0.011000
7352711764000,MATCHED,3322,7352711764000,3322,8940928132000,7352711753000,11000,0.011000
7352745083000,MATCHED,3323,7352745083000,3323,8940961450000,7352745071000,12000,0.012000
7352778401000,MATCHED,3324,7352778401000,3324,8940994768000,7352778389000,12000,0.012000
7352811724000,MATCHED,3325,7352811724000,3325,8941028088000,7352811709000,15000,0.015000
7352845039000,MATCHED,3326,7352845039000,3326,8941061406000,7352845027000,12000,0.012000
7352878357000,MATCHED,3327,7352878357000,3327,8941094724000,7352878345000,12000,0.012000
7352911675000,MATCHED,3328,7352911675000,3328,8941128042000,7352911663000,12000,0.012000
7352944997000,MATCHED,3329,7352944997000,3329,8941161361000,7352944982000,15000,0.015000
7352978321000,MATCHED,3330,7352978321000,3330,8941194679000,7352978300000,21000,0.021000
7353011641000,MATCHED,3331,7353011641000,3331,8941227998000,7353011619000,22000,0.022000
7353044951000,MATCHED,3332,7353044951000,3332,8941261316000,7353044937000,14000,0.014000
7353078270000,MATCHED,3333,7353078270000,3333,8941294633000,7353078254000,16000,0.016000
7353111588000,MATCHED,3334,7353111588000,3334,8941327952000,7353111573000,15000,0.015000
7353144906000,MATCHED,3335,7353144906000,3335,8941361271000,7353144892000,14000,0.014000
7353178237000,MATCHED,3336,7353178237000,3336,8941394589000,7353178210000,27000,0.027000
7353211544000,MATCHED,3337,7353211544000,3337,8941427907000,7353211528000,16000,0.016000
7353244862000,MATCHED,3338,7353244862000,3338,8941461225000,7353244846000,16000,0.016000
7353278181000,MATCHED,3339,7353278181000,3339,8941494545000,7353278166000,15000,0.015000
7353311505000,MATCHED,3340,7353311505000,3340,8941527863000,7353311484000,21000,0.021000
7353344818000,MATCHED,3341,7353344818000,3341,8941561182000,7353344803000,15000,0.015000
7353378137000,MATCHED,3342,7353378137000,3342,8941594498000,7353378119000,18000,0.018000
7353411456000,MATCHED,3343,7353411456000,3343,8941627817000,7353411438000,18000,0.018000
7353444777000,MATCHED,3344,7353444777000,3344,8941661136000,7353444757000,20000,0.020000
7353478096000,MATCHED,3345,7353478096000,3345,8941694454000,7353478075000,21000,0.021000
7353511414000,MATCHED,3346,7353511414000,3346,8941727773000,7353511394000,20000,0.020000
7353544737000,MATCHED,3347,7353544737000,3347,8941761094000,7353544715000,22000,0.022000
7353578049000,MATCHED,3348,7353578049000,3348,8941794410000,7353578031000,18000,0.018000
7353611375000,MATCHED,3349,7353611375000,3349,8941827729000,7353611350000,25000,0.025000
7353644689000,MATCHED,3350,7353644689000,3350,8941861046000,7353644667000,22000,0.022000
7353678003000,MATCHED,3351,7353678003000,3351,8941894367000,7353677988000,15000,0.015000
7353711321000,MATCHED,3352,7353711321000,3352,8941927683000,7353711304000,17000,0.017000
7353744641000,MATCHED,3353,7353744641000,3353,8941961002000,7353744623000,18000,0.018000
7353777956000,MATCHED,3354,7353777956000,3354,8941994321000,7353777942000,14000,0.014000
7353811285000,MATCHED,3355,7353811285000,3355,8942027639000,7353811260000,25000,0.025000
7353844604000,MATCHED,3356,7353844604000,3356,8942060958000,7353844579000,25000,0.025000
7353877924000,MATCHED,3357,7353877924000,3357,8942094278000,7353877899000,25000,0.025000
7353911232000,MATCHED,3358,7353911232000,3358,8942127594000,7353911215000,17000,0.017000
7353944550000,MATCHED,3359,7353944550000,3359,8942160912000,7353944533000,17000,0.017000
7353977870000,MATCHED,3360,7353977870000,3360,8942194232000,7353977853000,17000,0.017000
7354011189000,MATCHED,3361,7354011189000,3361,8942227551000,7354011172000,17000,0.017000
7354044505000,MATCHED,3362,7354044505000,3362,8942260868000,7354044489000,16000,0.016000
7354077825000,MATCHED,3363,7354077825000,3363,8942294187000,7354077808000,17000,0.017000
7354111142000,MATCHED,3364,7354111142000,3364,8942327504000,7354111125000,17000,0.017000
7354144462000,MATCHED,3365,7354144462000,3365,8942360824000,7354144445000,17000,0.017000
7354177781000,MATCHED,3366,7354177781000,3366,8942394141000,7354177762000,19000,0.019000
7354211097000,MATCHED,3367,7354211097000,3367,8942427461000,7354211082000,15000,0.015000
7354244417000,MATCHED,3368,7354244417000,3368,8942460779000,7354244400000,17000,0.017000
7354277735000,MATCHED,3369,7354277735000,3369,8942494098000,7354277719000,16000,0.016000
7354311054000,MATCHED,3370,7354311054000,3370,8942527417000,7354311038000,16000,0.016000
7354344371000,MATCHED,3371,7354344371000,3371,8942560736000,7354344357000,14000,0.014000
7354377689000,MATCHED,3372,7354377689000,3372,8942594054000,7354377675000,14000,0.014000
7354411009000,MATCHED,3373,7354411009000,3373,8942627371000,7354410992000,17000,0.017000
7354444327000,MATCHED,3374,7354444327000,3374,8942660690000,7354444311000,16000,0.016000
7354477647000,MATCHED,3375,7354477647000,3375,8942694008000,7354477629000,18000,0.018000
7354510967000,MATCHED,3376,7354510967000,3376,8942727326000,7354510947000,20000,0.020000
7354544283000,MATCHED,3377,7354544283000,3377,8942760645000,7354544266000,17000,0.017000
7354577605000,MATCHED,3378,7354577605000,3378,8942793963000,7354577584000,21000,0.021000
7354610919000,MATCHED,3379,7354610919000,3379,8942827282000,7354610903000,16000,0.016000
7354644246000,MATCHED,3380,7354644246000,3380,8942860600000,7354644221000,25000,0.025000
7354677565000,MATCHED,3381,7354677565000,3381,8942893920000,7354677541000,24000,0.024000
7354710880000,MATCHED,3382,7354710880000,3382,8942927238000,7354710859000,21000,0.021000
7354744203000,MATCHED,3383,7354744203000,3383,8942960556000,7354744177000,26000,0.026000
7354777515000,MATCHED,3384,7354777515000,3384,8942993875000,7354777496000,19000,0.019000
7354810844000,MATCHED,3385,7354810844000,3385,8943027193000,7354810814000,30000,0.030000
7354844152000,MATCHED,3386,7354844152000,3386,8943060512000,7354844133000,19000,0.019000
7354877469000,MATCHED,3387,7354877469000,3387,8943093831000,7354877452000,17000,0.017000
7354910786000,MATCHED,3388,7354910786000,3388,8943127148000,7354910769000,17000,0.017000
7354944106000,MATCHED,3389,7354944106000,3389,8943160467000,7354944088000,18000,0.018000
7354977426000,MATCHED,3390,7354977426000,3390,8943193785000,7354977406000,20000,0.020000
7355010743000,MATCHED,3391,7355010743000,3391,8943227105000,7355010726000,17000,0.017000
7355044063000,MATCHED,3392,7355044063000,3392,8943260423000,7355044044000,19000,0.019000
7355077387000,MATCHED,3393,7355077387000,3393,8943293740000,7355077361000,26000,0.026000
7355110705000,MATCHED,3394,7355110705000,3394,8943327061000,7355110682000,23000,0.023000
7355144016000,MATCHED,3395,7355144016000,3395,8943360379000,7355144000000,16000,0.016000
7355177334000,MATCHED,3396,7355177334000,3396,8943393699000,7355177320000,14000,0.014000
7355210651000,MATCHED,3397,7355210651000,3397,8943427017000,7355210638000,13000,0.013000
7355243969000,MATCHED,3398,7355243969000,3398,8943460335000,7355243956000,13000,0.013000
7355277289000,MATCHED,3399,7355277289000,3399,8943493653000,7355277274000,15000,0.015000
7355310605000,MATCHED,3400,7355310605000,3400,8943526971000,7355310592000,13000,0.013000
7355343926000,MATCHED,3401,7355343926000,3401,8943560291000,7355343912000,14000,0.014000
7355377247000,MATCHED,3402,7355377247000,3402,8943593610000,7355377231000,16000,0.016000
7355410562000,MATCHED,3403,7355410562000,3403,8943626927000,7355410548000,14000,0.014000
7355443880000,MATCHED,3404,7355443880000,3404,8943660246000,7355443867000,13000,0.013000
7355477205000,MATCHED,3405,7355477205000,3405,8943693564000,7355477185000,20000,0.020000
7355510518000,MATCHED,3406,7355510518000,3406,8943726882000,7355510503000,15000,0.015000
7355543837000,MATCHED,3407,7355543837000,3407,8943760202000,7355543823000,14000,0.014000
7355577159000,MATCHED,3408,7355577159000,3408,8943793519000,7355577140000,19000,0.019000
7355610473000,MATCHED,3409,7355610473000,3409,8943826835000,7355610456000,17000,0.017000
7355643791000,MATCHED,3410,7355643791000,3410,8943860155000,7355643776000,15000,0.015000
7355677108000,MATCHED,3411,7355677108000,3411,8943893473000,7355677094000,14000,0.014000
7355710426000,MATCHED,3412,7355710426000,3412,8943926791000,7355710412000,14000,0.014000
7355743747000,MATCHED,3413,7355743747000,3413,8943960110000,7355743731000,16000,0.016000
7355777063000,MATCHED,3414,7355777063000,3414,8943993428000,7355777049000,14000,0.014000
7355810385000,MATCHED,3415,7355810385000,3415,8944026749000,7355810370000,15000,0.015000
7355843702000,MATCHED,3416,7355843702000,3416,8944060068000,7355843689000,13000,0.013000
7355877018000,MATCHED,3417,7355877018000,3417,8944093385000,7355877006000,12000,0.012000
7355910338000,MATCHED,3418,7355910338000,3418,8944126704000,7355910325000,13000,0.013000
7355943659000,MATCHED,3419,7355943659000,3419,8944160022000,7355943643000,16000,0.016000
7355976974000,MATCHED,3420,7355976974000,3420,8944193341000,7355976962000,12000,0.012000
7356010293000,MATCHED,3421,7356010293000,3421,8944226660000,7356010281000,12000,0.012000
7356043619000,MATCHED,3422,7356043619000,3422,8944259976000,7356043597000,22000,0.022000
7356076933000,MATCHED,3423,7356076933000,3423,8944293301000,7356076922000,11000,0.011000
7356110248000,MATCHED,3424,7356110248000,3424,8944326615000,7356110236000,12000,0.012000
7356143569000,MATCHED,3425,7356143569000,3425,8944359934000,7356143555000,14000,0.014000
7356176885000,MATCHED,3426,7356176885000,3426,8944393252000,7356176873000,12000,0.012000
7356210203000,MATCHED,3427,7356210203000,3427,8944426571000,7356210192000,11000,0.011000
7356243521000,MATCHED,3428,7356243521000,3428,8944459891000,7356243512000,9000,0.009000
7356276840000,MATCHED,3429,7356276840000,3429,8944493208000,7356276829000,11000,0.011000
7356310159000,MATCHED,3430,7356310159000,3430,8944526527000,7356310148000,11000,0.011000
7356343479000,MATCHED,3431,7356343479000,3431,8944559845000,7356343466000,13000,0.013000
7356376807000,MATCHED,3432,7356376807000,3432,8944593164000,7356376785000,22000,0.022000
7356410116000,MATCHED,3433,7356410116000,3433,8944626482000,7356410103000,13000,0.013000
7356443433000,MATCHED,3434,7356443433000,3434,8944659800000,7356443421000,12000,0.012000
7356476752000,MATCHED,3435,7356476752000,3435,8944693119000,7356476740000,12000,0.012000
7356510071000,MATCHED,3436,7356510071000,3436,8944726438000,7356510059000,12000,0.012000
7356543391000,MATCHED,3437,7356543391000,3437,8944759756000,7356543377000,14000,0.014000
7356576710000,MATCHED,3438,7356576710000,3438,8944793074000,7356576695000,15000,0.015000
7356610026000,MATCHED,3439,7356610026000,3439,8944826393000,7356610014000,12000,0.012000
7356643344000,MATCHED,3440,7356643344000,3440,8944859711000,7356643332000,12000,0.012000
7356676665000,MATCHED,3441,7356676665000,3441,8944893030000,7356676651000,14000,0.014000
7356709984000,MATCHED,3442,7356709984000,3442,8944926348000,7356709969000,15000,0.015000
7356743305000,MATCHED,3443,7356743305000,3443,8944959667000,7356743288000,17000,0.017000
7356776620000,MATCHED,3444,7356776620000,3444,8944992985000,7356776606000,14000,0.014000
7356809939000,MATCHED,3445,7356809939000,3445,8945026304000,7356809925000,14000,0.014000
7356843262000,MATCHED,3446,7356843262000,3446,8945059622000,7356843243000,19000,0.019000
7356876576000,MATCHED,3447,7356876576000,3447,8945092941000,7356876562000,14000,0.014000
7356909893000,MATCHED,3448,7356909893000,3448,8945126260000,7356909881000,12000,0.012000
7356943213000,MATCHED,3449,7356943213000,3449,8945159578000,7356943199000,14000,0.014000
7356976529000,MATCHED,3450,7356976529000,3450,8945192896000,7356976517000,12000,0.012000
7357009849000,MATCHED,3451,7357009849000,3451,8945226215000,7357009836000,13000,0.013000
7357043166000,MATCHED,3452,7357043166000,3452,8945259532000,7357043153000,13000,0.013000
7357076486000,MATCHED,3453,7357076486000,3453,8945292850000,7357076471000,15000,0.015000
7357109803000,MATCHED,3454,7357109803000,3454,8945326169000,7357109790000,13000,0.013000
7357143127000,MATCHED,3455,7357143127000,3455,8945359488000,7357143109000,18000,0.018000
7357176441000,MATCHED,3456,7357176441000,3456,8945392806000,7357176427000,14000,0.014000
7357209762000,MATCHED,3457,7357209762000,3457,8945426125000,7357209746000,16000,0.016000
7357243078000,MATCHED,3458,7357243078000,3458,8945459443000,7357243064000,14000,0.014000
7357276395000,MATCHED,3459,7357276395000,3459,8945492761000,7357276382000,13000,0.013000
7357309714000,MATCHED,3460,7357309714000,3460,8945526079000,7357309700000,14000,0.014000
7357343031000,MATCHED,3461,7357343031000,3461,8945559400000,7357343021000,10000,0.010000
7357376351000,MATCHED,3462,7357376351000,3462,8945592718000,7357376339000,12000,0.012000
7357409671000,MATCHED,3463,7357409671000,3463,8945626036000,7357409657000,14000,0.014000
7357442989000,MATCHED,3464,7357442989000,3464,8945659355000,7357442976000,13000,0.013000
7357476307000,MATCHED,3465,7357476307000,3465,8945692674000,7357476295000,12000,0.012000
7357509625000,MATCHED,3466,7357509625000,3466,8945725992000,7357509613000,12000,0.012000
7357542943000,MATCHED,3467,7357542943000,3467,8945759310000,7357542931000,12000,0.012000
7357576262000,MATCHED,3468,7357576262000,3468,8945792629000,7357576250000,12000,0.012000
7357609582000,MATCHED,3469,7357609582000,3469,8945825945000,7357609566000,16000,0.016000
7357642901000,MATCHED,3470,7357642901000,3470,8945859264000,7357642885000,16000,0.016000
7357676223000,MATCHED,3471,7357676223000,3471,8945892583000,7357676204000,19000,0.019000
7357709535000,MATCHED,3472,7357709535000,3472,8945925902000,7357709523000,12000,0.012000
7357742857000,MATCHED,3473,7357742857000,3473,8945959220000,7357742841000,16000,0.016000
7357776172000,MATCHED,3474,7357776172000,3474,8945992539000,7357776160000,12000,0.012000
7357809490000,MATCHED,3475,7357809490000,3475,8946025858000,7357809479000,11000,0.011000
7357842809000,MATCHED,3476,7357842809000,3476,8946059175000,7357842796000,13000,0.013000
7357876127000,MATCHED,3477,7357876127000,3477,8946092494000,7357876115000,12000,0.012000
7357909453000,MATCHED,3478,7357909453000,3478,8946125813000,7357909434000,19000,0.019000
7357942765000,MATCHED,3479,7357942765000,3479,8946159130000,7357942751000,14000,0.014000
7357976082000,MATCHED,3480,7357976082000,3480,8946192448000,7357976069000,13000,0.013000
7358009401000,MATCHED,3481,7358009401000,3481,8946225769000,7358009390000,11000,0.011000
7358042719000,MATCHED,3482,7358042719000,3482,8946259086000,7358042707000,12000,0.012000
7358076039000,MATCHED,3483,7358076039000,3483,8946292404000,7358076025000,14000,0.014000
7358109357000,MATCHED,3484,7358109357000,3484,8946325722000,7358109343000,14000,0.014000
7358142676000,MATCHED,3485,7358142676000,3485,8946359041000,7358142662000,14000,0.014000
7358176000000,MATCHED,3486,7358176000000,3486,8946392359000,7358175980000,20000,0.020000
7358209312000,MATCHED,3487,7358209312000,3487,8946425678000,7358209299000,13000,0.013000
7358242631000,MATCHED,3488,7358242631000,3488,8946458996000,7358242617000,14000,0.014000
7358275950000,MATCHED,3489,7358275950000,3489,8946492314000,7358275935000,15000,0.015000
7358309268000,MATCHED,3490,7358309268000,3490,8946525634000,7358309255000,13000,0.013000
7358342585000,MATCHED,3491,7358342585000,3491,8946558951000,7358342572000,13000,0.013000
7358375904000,MATCHED,3492,7358375904000,3492,8946592270000,7358375891000,13000,0.013000
7358409223000,MATCHED,3493,7358409223000,3493,8946625589000,7358409210000,13000,0.013000
7358442541000,MATCHED,3494,7358442541000,3494,8946658908000,7358442529000,12000,0.012000
7358475860000,MATCHED,3495,7358475860000,3495,8946692226000,7358475847000,13000,0.013000
7358509183000,MATCHED,3496,7358509183000,3496,8946725544000,7358509165000,18000,0.018000
7358542496000,MATCHED,3497,7358542496000,3497,8946758862000,7358542483000,13000,0.013000
7358575817000,MATCHED,3498,7358575817000,3498,8946792180000,7358575801000,16000,0.016000
7358609133000,MATCHED,3499,7358609133000,3499,8946825499000,7358609120000,13000,0.013000
7358642453000,MATCHED,3500,7358642453000,3500,8946858818000,7358642439000,14000,0.014000
7358675771000,MATCHED,3501,7358675771000,3501,8946892137000,7358675758000,13000,0.013000
7358709090000,MATCHED,3502,7358709090000,3502,8946925454000,7358709075000,15000,0.015000
7358742408000,MATCHED,3503,7358742408000,3503,8946958773000,7358742394000,14000,0.014000
7358775731000,MATCHED,3504,7358775731000,3504,8946992091000,7358775712000,19000,0.019000
7358809048000,MATCHED,3505,7358809048000,3505,8947025411000,7358809032000,16000,0.016000
7358842367000,MATCHED,3506,7358842367000,3506,8947058728000,7358842349000,18000,0.018000
7358875685000,MATCHED,3507,7358875685000,3507,8947092047000,7358875668000,17000,0.017000
7358909004000,MATCHED,3508,7358909004000,3508,8947125366000,7358908987000,17000,0.017000
7358942322000,MATCHED,3509,7358942322000,3509,8947158684000,7358942305000,17000,0.017000
7358975641000,MATCHED,3510,7358975641000,3510,8947192002000,7358975623000,18000,0.018000
7359008964000,MATCHED,3511,7359008964000,3511,8947225321000,7359008942000,22000,0.022000
7359042280000,MATCHED,3512,7359042280000,3512,8947258639000,7359042260000,20000,0.020000
7359075593000,MATCHED,3513,7359075593000,3513,8947291958000,7359075579000,14000,0.014000
7359108912000,MATCHED,3514,7359108912000,3514,8947325276000,7359108897000,15000,0.015000
7359142231000,MATCHED,3515,7359142231000,3515,8947358594000,7359142215000,16000,0.016000
7359175550000,MATCHED,3516,7359175550000,3516,8947391915000,7359175536000,14000,0.014000
7359208867000,MATCHED,3517,7359208867000,3517,8947425233000,7359208854000,13000,0.013000
7359242187000,MATCHED,3518,7359242187000,3518,8947458550000,7359242171000,16000,0.016000
7359275503000,MATCHED,3519,7359275503000,3519,8947491868000,7359275489000,14000,0.014000
7359308824000,MATCHED,3520,7359308824000,3520,8947525187000,7359308808000,16000,0.016000
7359342141000,MATCHED,3521,7359342141000,3521,8947558506000,7359342127000,14000,0.014000
7359375460000,MATCHED,3522,7359375460000,3522,8947591826000,7359375447000,13000,0.013000
7359408779000,MATCHED,3523,7359408779000,3523,8947625144000,7359408765000,14000,0.014000
7359442097000,MATCHED,3524,7359442097000,3524,8947658463000,7359442084000,13000,0.013000
7359475415000,MATCHED,3525,7359475415000,3525,8947691780000,7359475401000,14000,0.014000
7359508735000,MATCHED,3526,7359508735000,3526,8947725099000,7359508720000,15000,0.015000
7359542052000,MATCHED,3527,7359542052000,3527,8947758417000,7359542038000,14000,0.014000
7359575370000,MATCHED,3528,7359575370000,3528,8947791737000,7359575358000,12000,0.012000
7359608689000,MATCHED,3529,7359608689000,3529,8947825055000,7359608676000,13000,0.013000
7359642013000,MATCHED,3530,7359642013000,3530,8947858372000,7359641993000,20000,0.020000
7359675336000,MATCHED,3531,7359675336000,3531,8947891690000,7359675311000,25000,0.025000
7359708647000,MATCHED,3532,7359708647000,3532,8947925009000,7359708630000,17000,0.017000
7359741963000,MATCHED,3533,7359741963000,3533,8947958327000,7359741948000,15000,0.015000
7359775281000,MATCHED,3534,7359775281000,3534,8947991646000,7359775267000,14000,0.014000
7359808600000,MATCHED,3535,7359808600000,3535,8948024964000,7359808585000,15000,0.015000
7359841918000,MATCHED,3536,7359841918000,3536,8948058283000,7359841904000,14000,0.014000
7359875236000,MATCHED,3537,7359875236000,3537,8948091601000,7359875222000,14000,0.014000
7359908556000,MATCHED,3538,7359908556000,3538,8948124920000,7359908541000,15000,0.015000
7359941875000,MATCHED,3539,7359941875000,3539,8948158238000,7359941859000,16000,0.016000
7359975192000,MATCHED,3540,7359975192000,3540,8948191556000,7359975177000,15000,0.015000
7360008510000,MATCHED,3541,7360008510000,3541,8948224876000,7360008497000,13000,0.013000
7360041830000,MATCHED,3542,7360041830000,3542,8948258193000,7360041814000,16000,0.016000
7360075148000,MATCHED,3543,7360075148000,3543,8948291516000,7360075137000,11000,0.011000
7360108466000,MATCHED,3544,7360108466000,3544,8948324832000,7360108453000,13000,0.013000
7360141785000,MATCHED,3545,7360141785000,3545,8948358150000,7360141771000,14000,0.014000
7360175104000,MATCHED,3546,7360175104000,3546,8948391469000,7360175090000,14000,0.014000
7360208421000,MATCHED,3547,7360208421000,3547,8948424788000,7360208409000,12000,0.012000
7360241740000,MATCHED,3548,7360241740000,3548,8948458107000,7360241728000,12000,0.012000
7360275059000,MATCHED,3549,7360275059000,3549,8948491424000,7360275045000,14000,0.014000
7360308380000,MATCHED,3550,7360308380000,3550,8948524743000,7360308364000,16000,0.016000
7360341696000,MATCHED,3551,7360341696000,3551,8948558062000,7360341683000,13000,0.013000
7360375013000,MATCHED,3552,7360375013000,3552,8948591380000,7360375001000,12000,0.012000
7360408335000,MATCHED,3553,7360408335000,3553,8948624698000,7360408319000,16000,0.016000
7360441651000,MATCHED,3554,7360441651000,3554,8948658017000,7360441638000,13000,0.013000
7360474975000,MATCHED,3555,7360474975000,3555,8948691335000,7360474956000,19000,0.019000
7360508289000,MATCHED,3556,7360508289000,3556,8948724654000,7360508275000,14000,0.014000
7360541606000,MATCHED,3557,7360541606000,3557,8948757972000,7360541593000,13000,0.013000
7360574925000,MATCHED,3558,7360574925000,3558,8948791290000,7360574911000,14000,0.014000
7360608244000,MATCHED,3559,7360608244000,3559,8948824609000,7360608230000,14000,0.014000
7360641561000,MATCHED,3560,7360641561000,3560,8948857928000,7360641549000,12000,0.012000
7360674880000,MATCHED,3561,7360674880000,3561,8948891246000,7360674867000,13000,0.013000
7360708202000,MATCHED,3562,7360708202000,3562,8948924565000,7360708186000,16000,0.016000
7360741519000,MATCHED,3563,7360741519000,3563,8948957883000,7360741504000,15000,0.015000
7360774835000,MATCHED,3564,7360774835000,3564,8948991201000,7360774822000,13000,0.013000
7360808156000,MATCHED,3565,7360808156000,3565,8949024520000,7360808141000,15000,0.015000
7360841473000,MATCHED,3566,7360841473000,3566,8949057838000,7360841459000,14000,0.014000
7360874791000,MATCHED,3567,7360874791000,3567,8949091156000,7360874777000,14000,0.014000
7360908111000,MATCHED,3568,7360908111000,3568,8949124476000,7360908097000,14000,0.014000
7360941431000,MATCHED,3569,7360941431000,3569,8949157793000,7360941414000,17000,0.017000
7360974749000,MATCHED,3570,7360974749000,3570,8949191112000,7360974733000,16000,0.016000
7361008067000,MATCHED,3571,7361008067000,3571,8949224430000,7361008051000,16000,0.016000
7361041389000,MATCHED,3572,7361041389000,3572,8949257749000,7361041370000,19000,0.019000
7361074703000,MATCHED,3573,7361074703000,3573,8949291067000,7361074688000,15000,0.015000
7361108022000,MATCHED,3574,7361108022000,3574,8949324386000,7361108007000,15000,0.015000
7361141339000,MATCHED,3575,7361141339000,3575,8949357705000,7361141326000,13000,0.013000
7361174656000,MATCHED,3576,7361174656000,3576,8949391022000,7361174643000,13000,0.013000
7361207976000,MATCHED,3577,7361207976000,3577,8949424341000,7361207962000,14000,0.014000
7361241294000,MATCHED,3578,7361241294000,3578,8949457660000,7361241281000,13000,0.013000
7361274612000,MATCHED,3579,7361274612000,3579,8949490978000,7361274599000,13000,0.013000
7361307932000,MATCHED,3580,7361307932000,3580,8949524297000,7361307918000,14000,0.014000
7361341249000,MATCHED,3581,7361341249000,3581,8949557617000,7361341238000,11000,0.011000
7361374568000,MATCHED,3582,7361374568000,3582,8949590934000,7361374555000,13000,0.013000
7361407886000,MATCHED,3583,7361407886000,3583,8949624252000,7361407873000,13000,0.013000
7361441206000,MATCHED,3584,7361441206000,3584,8949657572000,7361441193000,13000,0.013000
7361474525000,MATCHED,3585,7361474525000,3585,8949690888000,7361474509000,16000,0.016000
7361507842000,MATCHED,3586,7361507842000,3586,8949724208000,7361507829000,13000,0.013000
7361541160000,MATCHED,3587,7361541160000,3587,8949757527000,7361541148000,12000,0.012000
7361574478000,MATCHED,3588,7361574478000,3588,8949790847000,7361574468000,10000,0.010000
7361607797000,MATCHED,3589,7361607797000,3589,8949824164000,7361607785000,12000,0.012000
7361641116000,MATCHED,3590,7361641116000,3590,8949857481000,7361641102000,14000,0.014000
7361674434000,MATCHED,3591,7361674434000,3591,8949890799000,7361674420000,14000,0.014000
7361707754000,MATCHED,3592,7361707754000,3592,8949924117000,7361707738000,16000,0.016000
7361741071000,MATCHED,3593,7361741071000,3593,8949957436000,7361741057000,14000,0.014000
7361774396000,MATCHED,3594,7361774396000,3594,8949990756000,7361774377000,19000,0.019000
7361807710000,MATCHED,3595,7361807710000,3595,8950024074000,7361807695000,15000,0.015000
7361841026000,MATCHED,3596,7361841026000,3596,8950057393000,7361841014000,12000,0.012000
7361874345000,MATCHED,3597,7361874345000,3597,8950090710000,7361874331000,14000,0.014000
7361907665000,MATCHED,3598,7361907665000,3598,8950124029000,7361907650000,15000,0.015000
7361940982000,MATCHED,3599,7361940982000,3599,8950157349000,7361940970000,12000,0.012000
7361974302000,MATCHED,3600,7361974302000,3600,8950190666000,7361974287000,15000,0.015000
7362007619000,MATCHED,3601,7362007619000,3601,8950223988000,7362007609000,10000,0.010000
7362040938000,MATCHED,3602,7362040938000,3602,8950257303000,7362040924000,14000,0.014000
7362074258000,MATCHED,3603,7362074258000,3603,8950290621000,7362074242000,16000,0.016000
7362107575000,MATCHED,3604,7362107575000,3604,8950323941000,7362107562000,13000,0.013000
7362140894000,MATCHED,3605,7362140894000,3605,8950357259000,7362140880000,14000,0.014000
7362174212000,MATCHED,3606,7362174212000,3606,8950390577000,7362174198000,14000,0.014000
7362207532000,MATCHED,3607,7362207532000,3607,8950423896000,7362207517000,15000,0.015000
7362240849000,MATCHED,3608,7362240849000,3608,8950457214000,7362240835000,14000,0.014000
7362274167000,MATCHED,3609,7362274167000,3609,8950490534000,7362274155000,12000,0.012000
7362307489000,MATCHED,3610,7362307489000,3610,8950523851000,7362307472000,17000,0.017000
7362340803000,MATCHED,3611,7362340803000,3611,8950557170000,7362340791000,12000,0.012000
7362374122000,MATCHED,3612,7362374122000,3612,8950590488000,7362374109000,13000,0.013000
7362407441000,MATCHED,3613,7362407441000,3613,8950623807000,7362407428000,13000,0.013000
7362440759000,MATCHED,3614,7362440759000,3614,8950657126000,7362440747000,12000,0.012000
7362474078000,MATCHED,3615,7362474078000,3615,8950690443000,7362474064000,14000,0.014000
7362507397000,MATCHED,3616,7362507397000,3616,8950723761000,7362507382000,15000,0.015000
7362540715000,MATCHED,3617,7362540715000,3617,8950757081000,7362540702000,13000,0.013000
7362574035000,MATCHED,3618,7362574035000,3618,8950790397000,7362574018000,17000,0.017000
7362607352000,MATCHED,3619,7362607352000,3619,8950823718000,7362607339000,13000,0.013000
7362640670000,MATCHED,3620,7362640670000,3620,8950857037000,7362640658000,12000,0.012000
7362673988000,MATCHED,3621,7362673988000,3621,8950890354000,7362673975000,13000,0.013000
7362707316000,MATCHED,3622,7362707316000,3622,8950923672000,7362707293000,23000,0.023000
7362740626000,MATCHED,3623,7362740626000,3623,8950956991000,7362740612000,14000,0.014000
7362773943000,MATCHED,3624,7362773943000,3624,8950990309000,7362773930000,13000,0.013000
7362807262000,MATCHED,3625,7362807262000,3625,8951023628000,7362807249000,13000,0.013000
7362840581000,MATCHED,3626,7362840581000,3626,8951056946000,7362840567000,14000,0.014000
7362873900000,MATCHED,3627,7362873900000,3627,8951090265000,7362873886000,14000,0.014000
7362907217000,MATCHED,3628,7362907217000,3628,8951123584000,7362907205000,12000,0.012000
7362940536000,MATCHED,3629,7362940536000,3629,8951156902000,7362940523000,13000,0.013000
7362973855000,MATCHED,3630,7362973855000,3630,8951190221000,7362973842000,13000,0.013000
7363007172000,MATCHED,3631,7363007172000,3631,8951223539000,7363007160000,12000,0.012000
7363040492000,MATCHED,3632,7363040492000,3632,8951256857000,7363040478000,14000,0.014000
7363073812000,MATCHED,3633,7363073812000,3633,8951290176000,7363073797000,15000,0.015000
7363107129000,MATCHED,3634,7363107129000,3634,8951323494000,7363107115000,14000,0.014000
7363140447000,MATCHED,3635,7363140447000,3635,8951356813000,7363140434000,13000,0.013000
7363173765000,MATCHED,3636,7363173765000,3636,8951390131000,7363173752000,13000,0.013000
7363207084000,MATCHED,3637,7363207084000,3637,8951423449000,7363207070000,14000,0.014000
7363240402000,MATCHED,3638,7363240402000,3638,8951456768000,7363240389000,13000,0.013000
7363273721000,MATCHED,3639,7363273721000,3639,8951490090000,7363273711000,10000,0.010000
7363307040000,MATCHED,3640,7363307040000,3640,8951523407000,7363307028000,12000,0.012000
7363340358000,MATCHED,3641,7363340358000,3641,8951556721000,7363340342000,16000,0.016000
7363373676000,MATCHED,3642,7363373676000,3642,8951590040000,7363373661000,15000,0.015000
7363406994000,MATCHED,3643,7363406994000,3643,8951623359000,7363406980000,14000,0.014000
7363440313000,MATCHED,3644,7363440313000,3644,8951656678000,7363440299000,14000,0.014000
7363473633000,MATCHED,3645,7363473633000,3645,8951689996000,7363473617000,16000,0.016000
7363506953000,MATCHED,3646,7363506953000,3646,8951723314000,7363506935000,18000,0.018000
7363540269000,MATCHED,3647,7363540269000,3647,8951756633000,7363540254000,15000,0.015000
7363573588000,MATCHED,3648,7363573588000,3648,8951789950000,7363573571000,17000,0.017000
7363606906000,MATCHED,3649,7363606906000,3649,8951823272000,7363606893000,13000,0.013000
7363640223000,MATCHED,3650,7363640223000,3650,8951856588000,7363640209000,14000,0.014000
7363673543000,MATCHED,3651,7363673543000,3651,8951889908000,7363673529000,14000,0.014000
7363706860000,MATCHED,3652,7363706860000,3652,8951923225000,7363706846000,14000,0.014000
7363740187000,MATCHED,3653,7363740187000,3653,8951956544000,7363740165000,22000,0.022000
7363773500000,MATCHED,3654,7363773500000,3654,8951989861000,7363773482000,18000,0.018000
7363806817000,MATCHED,3655,7363806817000,3655,8952023180000,7363806801000,16000,0.016000
7363840133000,MATCHED,3656,7363840133000,3656,8952056499000,7363840120000,13000,0.013000
7363873453000,MATCHED,3657,7363873453000,3657,8952089818000,7363873439000,14000,0.014000
7363906775000,MATCHED,3658,7363906775000,3658,8952123135000,7363906756000,19000,0.019000
7363940093000,MATCHED,3659,7363940093000,3659,8952156455000,7363940076000,17000,0.017000
7363973414000,MATCHED,3660,7363973414000,3660,8952189772000,7363973393000,21000,0.021000
7364006727000,MATCHED,3661,7364006727000,3661,8952223091000,7364006712000,15000,0.015000
7364040047000,MATCHED,3662,7364040047000,3662,8952256408000,7364040029000,18000,0.018000
7364073367000,MATCHED,3663,7364073367000,3663,8952289728000,7364073349000,18000,0.018000
7364106685000,MATCHED,3664,7364106685000,3664,8952323046000,7364106667000,18000,0.018000
7364140005000,MATCHED,3665,7364140005000,3665,8952356365000,7364139986000,19000,0.019000
7364173321000,MATCHED,3666,7364173321000,3666,8952389683000,7364173304000,17000,0.017000
7364206640000,MATCHED,3667,7364206640000,3667,8952423001000,7364206622000,18000,0.018000
7364239959000,MATCHED,3668,7364239959000,3668,8952456320000,7364239941000,18000,0.018000
7364273278000,MATCHED,3669,7364273278000,3669,8952489638000,7364273259000,19000,0.019000
7364306596000,MATCHED,3670,7364306596000,3670,8952522957000,7364306578000,18000,0.018000
7364339914000,MATCHED,3671,7364339914000,3671,8952556276000,7364339897000,17000,0.017000
7364373232000,MATCHED,3672,7364373232000,3672,8952589596000,7364373217000,15000,0.015000
7364406550000,MATCHED,3673,7364406550000,3673,8952622912000,7364406533000,17000,0.017000
7364439869000,MATCHED,3674,7364439869000,3674,8952656230000,7364439851000,18000,0.018000
7364473189000,MATCHED,3675,7364473189000,3675,8952689549000,7364473170000,19000,0.019000
7364506507000,MATCHED,3676,7364506507000,3676,8952722867000,7364506488000,19000,0.019000
7364539825000,MATCHED,3677,7364539825000,3677,8952756185000,7364539806000,19000,0.019000
7364573143000,MATCHED,3678,7364573143000,3678,8952789504000,7364573125000,18000,0.018000
7364606461000,MATCHED,3679,7364606461000,3679,8952822823000,7364606444000,17000,0.017000
7364639781000,MATCHED,3680,7364639781000,3680,8952856141000,7364639762000,19000,0.019000
7364673098000,MATCHED,3681,7364673098000,3681,8952889459000,7364673080000,18000,0.018000
7364706417000,MATCHED,3682,7364706417000,3682,8952922778000,7364706399000,18000,0.018000
7364739736000,MATCHED,3683,7364739736000,3683,8952956097000,7364739718000,18000,0.018000
7364773053000,MATCHED,3684,7364773053000,3684,8952989416000,7364773037000,16000,0.016000
7364806373000,MATCHED,3685,7364806373000,3685,8953022733000,7364806354000,19000,0.019000
7364839693000,MATCHED,3686,7364839693000,3686,8953056053000,7364839674000,19000,0.019000
7364873009000,MATCHED,3687,7364873009000,3687,8953089371000,7364872992000,17000,0.017000
7364906328000,MATCHED,3688,7364906328000,3688,8953122689000,7364906310000,18000,0.018000
7364939647000,MATCHED,3689,7364939647000,3689,8953156008000,7364939629000,18000,0.018000
7364972964000,MATCHED,3690,7364972964000,3690,8953189326000,7364972947000,17000,0.017000
7365006283000,MATCHED,3691,7365006283000,3691,8953222644000,7365006265000,18000,0.018000
7365039601000,MATCHED,3692,7365039601000,3692,8953255965000,7365039586000,15000,0.015000
7365072921000,MATCHED,3693,7365072921000,3693,8953289283000,7365072904000,17000,0.017000
7365106239000,MATCHED,3694,7365106239000,3694,8953322601000,7365106222000,17000,0.017000
7365139559000,MATCHED,3695,7365139559000,3695,8953355919000,7365139540000,19000,0.019000
7365172879000,MATCHED,3696,7365172879000,3696,8953389238000,7365172859000,20000,0.020000
7365206195000,MATCHED,3697,7365206195000,3697,8953422556000,7365206177000,18000,0.018000
7365239516000,MATCHED,3698,7365239516000,3698,8953455875000,7365239496000,20000,0.020000
7365272831000,MATCHED,3699,7365272831000,3699,8953489193000,7365272814000,17000,0.017000
7365306150000,MATCHED,3700,7365306150000,3700,8953522513000,7365306134000,16000,0.016000
7365339471000,MATCHED,3701,7365339471000,3701,8953555833000,7365339454000,17000,0.017000
7365372785000,MATCHED,3702,7365372785000,3702,8953589151000,7365372772000,13000,0.013000
7365406104000,MATCHED,3703,7365406104000,3703,8953622468000,7365406089000,15000,0.015000
7365439423000,MATCHED,3704,7365439423000,3704,8953655786000,7365439407000,16000,0.016000
7365472743000,MATCHED,3705,7365472743000,3705,8953689104000,7365472725000,18000,0.018000
7365506062000,MATCHED,3706,7365506062000,3706,8953722422000,7365506043000,19000,0.019000
7365539380000,MATCHED,3707,7365539380000,3707,8953755743000,7365539364000,16000,0.016000
7365572699000,MATCHED,3708,7365572699000,3708,8953789061000,7365572682000,17000,0.017000
7365606016000,MATCHED,3709,7365606016000,3709,8953822380000,7365606001000,15000,0.015000
7365639336000,MATCHED,3710,7365639336000,3710,8953855698000,7365639319000,17000,0.017000
7365672652000,MATCHED,3711,7365672652000,3711,8953889016000,7365672637000,15000,0.015000
7365705972000,MATCHED,3712,7365705972000,3712,8953922335000,7365705956000,16000,0.016000
7365739289000,MATCHED,3713,7365739289000,3713,8953955653000,7365739274000,15000,0.015000
7365772608000,MATCHED,3714,7365772608000,3714,8953988972000,7365772593000,15000,0.015000
7365805929000,MATCHED,3715,7365805929000,3715,8954022291000,7365805912000,17000,0.017000
7365839246000,MATCHED,3716,7365839246000,3716,8954055608000,7365839229000,17000,0.017000
7365872563000,MATCHED,3717,7365872563000,3717,8954088928000,7365872549000,14000,0.014000
7365905880000,MATCHED,3718,7365905880000,3718,8954122246000,7365905867000,13000,0.013000
7365939200000,MATCHED,3719,7365939200000,3719,8954155565000,7365939186000,14000,0.014000
7365972518000,MATCHED,3720,7365972518000,3720,8954188883000,7365972504000,14000,0.014000
7366005838000,MATCHED,3721,7366005838000,3721,8954222200000,7366005821000,17000,0.017000
7366039155000,MATCHED,3722,7366039155000,3722,8954255518000,7366039139000,16000,0.016000
7366072476000,MATCHED,3723,7366072476000,3723,8954288838000,7366072459000,17000,0.017000
7366105792000,MATCHED,3724,7366105792000,3724,8954322157000,7366105778000,14000,0.014000
7366139111000,MATCHED,3725,7366139111000,3725,8954355475000,7366139096000,15000,0.015000
7366172429000,MATCHED,3726,7366172429000,3726,8954388794000,7366172415000,14000,0.014000
7366205747000,MATCHED,3727,7366205747000,3727,8954422112000,7366205733000,14000,0.014000
7366239067000,MATCHED,3728,7366239067000,3728,8954455431000,7366239052000,15000,0.015000
7366272385000,MATCHED,3729,7366272385000,3729,8954488749000,7366272370000,15000,0.015000
7366305703000,MATCHED,3730,7366305703000,3730,8954522068000,7366305689000,14000,0.014000
7366339023000,MATCHED,3731,7366339023000,3731,8954555387000,7366339008000,15000,0.015000
7366372343000,MATCHED,3732,7366372343000,3732,8954588706000,7366372327000,16000,0.016000
7366405663000,MATCHED,3733,7366405663000,3733,8954622024000,7366405645000,18000,0.018000
7366438977000,MATCHED,3734,7366438977000,3734,8954655342000,7366438963000,14000,0.014000
7366472297000,MATCHED,3735,7366472297000,3735,8954688660000,7366472281000,16000,0.016000
7366505614000,MATCHED,3736,7366505614000,3736,8954721979000,7366505600000,14000,0.014000
7366538932000,MATCHED,3737,7366538932000,3737,8954755298000,7366538919000,13000,0.013000
7366572251000,MATCHED,3738,7366572251000,3738,8954788616000,7366572237000,14000,0.014000
7366605568000,MATCHED,3739,7366605568000,3739,8954821934000,7366605555000,13000,0.013000
7366638888000,MATCHED,3740,7366638888000,3740,8954855253000,7366638874000,14000,0.014000
7366672207000,MATCHED,3741,7366672207000,3741,8954888571000,7366672192000,15000,0.015000
7366705529000,MATCHED,3742,7366705529000,3742,8954921889000,7366705510000,19000,0.019000
7366738845000,MATCHED,3743,7366738845000,3743,8954955207000,7366738828000,17000,0.017000
7366772165000,MATCHED,3744,7366772165000,3744,8954988525000,7366772146000,19000,0.019000
7366805482000,MATCHED,3745,7366805482000,3745,8955021844000,7366805465000,17000,0.017000
7366838802000,MATCHED,3746,7366838802000,3746,8955055162000,7366838783000,19000,0.019000
7366872120000,MATCHED,3747,7366872120000,3747,8955088480000,7366872101000,19000,0.019000
7366905437000,MATCHED,3748,7366905437000,3748,8955121799000,7366905420000,17000,0.017000
7366938757000,MATCHED,3749,7366938757000,3749,8955155118000,7366938739000,18000,0.018000
7366972073000,MATCHED,3750,7366972073000,3750,8955188436000,7366972057000,16000,0.016000
7367005391000,MATCHED,3751,7367005391000,3751,8955221755000,7367005376000,15000,0.015000
7367038711000,MATCHED,3752,7367038711000,3752,8955255073000,7367038694000,17000,0.017000
7367072029000,MATCHED,3753,7367072029000,3753,8955288391000,7367072012000,17000,0.017000
7367105347000,MATCHED,3754,7367105347000,3754,8955321711000,7367105332000,15000,0.015000
7367138666000,MATCHED,3755,7367138666000,3755,8955355030000,7367138651000,15000,0.015000
7367171984000,MATCHED,3756,7367171984000,3756,8955388347000,7367171968000,16000,0.016000
7367205302000,MATCHED,3757,7367205302000,3757,8955421671000,7367205292000,10000,0.010000
7367238622000,MATCHED,3758,7367238622000,3758,8955454984000,7367238605000,17000,0.017000
7367271940000,MATCHED,3759,7367271940000,3759,8955488302000,7367271923000,17000,0.017000
7367305259000,MATCHED,3760,7367305259000,3760,8955521622000,7367305243000,16000,0.016000
7367338576000,MATCHED,3761,7367338576000,3761,8955554940000,7367338561000,15000,0.015000
7367371896000,MATCHED,3762,7367371896000,3762,8955588257000,7367371878000,18000,0.018000
7367405214000,MATCHED,3763,7367405214000,3763,8955621575000,7367405196000,18000,0.018000
7367438534000,MATCHED,3764,7367438534000,3764,8955654894000,7367438515000,19000,0.019000
7367471851000,MATCHED,3765,7367471851000,3765,8955688212000,7367471833000,18000,0.018000
7367505170000,MATCHED,3766,7367505170000,3766,8955721531000,7367505152000,18000,0.018000
7367538489000,MATCHED,3767,7367538489000,3767,8955754850000,7367538471000,18000,0.018000
7367571805000,MATCHED,3768,7367571805000,3768,8955788168000,7367571789000,16000,0.016000
7367605127000,MATCHED,3769,7367605127000,3769,8955821486000,7367605107000,20000,0.020000
7367638445000,MATCHED,3770,7367638445000,3770,8955854808000,7367638429000,16000,0.016000
7367671762000,MATCHED,3771,7367671762000,3771,8955888125000,7367671746000,16000,0.016000
7367705079000,MATCHED,3772,7367705079000,3772,8955921441000,7367705062000,17000,0.017000
7367738397000,MATCHED,3773,7367738397000,3773,8955954759000,7367738380000,17000,0.017000
7367771719000,MATCHED,3774,7367771719000,3774,8955988077000,7367771698000,21000,0.021000
7367805035000,MATCHED,3775,7367805035000,3775,8956021398000,7367805019000,16000,0.016000
7367838352000,MATCHED,3776,7367838352000,3776,8956054715000,7367838336000,16000,0.016000
7367871672000,MATCHED,3777,7367871672000,3777,8956088033000,7367871654000,18000,0.018000
7367904991000,MATCHED,3778,7367904991000,3778,8956121352000,7367904973000,18000,0.018000
7367938310000,MATCHED,3779,7367938310000,3779,8956154671000,7367938292000,18000,0.018000
7367971627000,MATCHED,3780,7367971627000,3780,8956187989000,7367971610000,17000,0.017000
7368004946000,MATCHED,3781,7368004946000,3781,8956221310000,7368004931000,15000,0.015000
7368038264000,MATCHED,3782,7368038264000,3782,8956254626000,7368038247000,17000,0.017000
7368071584000,MATCHED,3783,7368071584000,3783,8956287945000,7368071566000,18000,0.018000
7368104899000,MATCHED,3784,7368104899000,3784,8956321264000,7368104885000,14000,0.014000
7368138220000,MATCHED,3785,7368138220000,3785,8956354581000,7368138202000,18000,0.018000
7368171537000,MATCHED,3786,7368171537000,3786,8956387900000,7368171521000,16000,0.016000
7368204856000,MATCHED,3787,7368204856000,3787,8956421218000,7368204839000,17000,0.017000
7368238175000,MATCHED,3788,7368238175000,3788,8956454537000,7368238158000,17000,0.017000
7368271492000,MATCHED,3789,7368271492000,3789,8956487855000,7368271476000,16000,0.016000
7368304811000,MATCHED,3790,7368304811000,3790,8956521174000,7368304795000,16000,0.016000
7368338130000,MATCHED,3791,7368338130000,3791,8956554493000,7368338114000,16000,0.016000
7368371451000,MATCHED,3792,7368371451000,3792,8956587811000,7368371432000,19000,0.019000
7368404767000,MATCHED,3793,7368404767000,3793,8956621129000,7368404750000,17000,0.017000
7368438085000,MATCHED,3794,7368438085000,3794,8956654448000,7368438069000,16000,0.016000
7368471404000,MATCHED,3795,7368471404000,3795,8956687766000,7368471387000,17000,0.017000
7368504722000,MATCHED,3796,7368504722000,3796,8956721085000,7368504706000,16000,0.016000
7368538041000,MATCHED,3797,7368538041000,3797,8956754403000,7368538024000,17000,0.017000
7368571359000,MATCHED,3798,7368571359000,3798,8956787721000,7368571342000,17000,0.017000
7368604678000,MATCHED,3799,7368604678000,3799,8956821041000,7368604662000,16000,0.016000
7368637996000,MATCHED,3800,7368637996000,3800,8956854358000,7368637979000,17000,0.017000
7368671315000,MATCHED,3801,7368671315000,3801,8956887678000,7368671299000,16000,0.016000
7368704634000,MATCHED,3802,7368704634000,3802,8956920995000,7368704616000,18000,0.018000
7368737950000,MATCHED,3803,7368737950000,3803,8956954314000,7368737935000,15000,0.015000
7368771270000,MATCHED,3804,7368771270000,3804,8956987632000,7368771253000,17000,0.017000
7368804590000,MATCHED,3805,7368804590000,3805,8957020952000,7368804573000,17000,0.017000
7368837909000,MATCHED,3806,7368837909000,3806,8957054269000,7368837890000,19000,0.019000
7368871227000,MATCHED,3807,7368871227000,3807,8957087588000,7368871209000,18000,0.018000
7368904544000,MATCHED,3808,7368904544000,3808,8957120906000,7368904527000,17000,0.017000
7368937864000,MATCHED,3809,7368937864000,3809,8957154225000,7368937846000,18000,0.018000
7368971182000,MATCHED,3810,7368971182000,3810,8957187543000,7368971164000,18000,0.018000
7369004500000,MATCHED,3811,7369004500000,3811,8957220863000,7369004484000,16000,0.016000
7369037820000,MATCHED,3812,7369037820000,3812,8957254181000,7369037802000,18000,0.018000
7369071137000,MATCHED,3813,7369071137000,3813,8957287498000,7369071119000,18000,0.018000
7369104455000,MATCHED,3814,7369104455000,3814,8957320817000,7369104438000,17000,0.017000
7369137773000,MATCHED,3815,7369137773000,3815,8957354135000,7369137756000,17000,0.017000
7369171093000,MATCHED,3816,7369171093000,3816,8957387454000,7369171075000,18000,0.018000
7369204411000,MATCHED,3817,7369204411000,3817,8957420773000,7369204394000,17000,0.017000
7369237729000,MATCHED,3818,7369237729000,3818,8957454090000,7369237711000,18000,0.018000
7369271048000,MATCHED,3819,7369271048000,3819,8957487409000,7369271030000,18000,0.018000
7369304366000,MATCHED,3820,7369304366000,3820,8957520728000,7369304349000,17000,0.017000
7369337685000,MATCHED,3821,7369337685000,3821,8957554047000,7369337668000,17000,0.017000
7369371004000,MATCHED,3822,7369371004000,3822,8957587365000,7369370986000,18000,0.018000
7369404321000,MATCHED,3823,7369404321000,3823,8957620683000,7369404304000,17000,0.017000
7369437641000,MATCHED,3824,7369437641000,3824,8957654001000,7369437622000,19000,0.019000
7369470959000,MATCHED,3825,7369470959000,3825,8957687320000,7369470941000,18000,0.018000
7369504277000,MATCHED,3826,7369504277000,3826,8957720639000,7369504260000,17000,0.017000
7369537596000,MATCHED,3827,7369537596000,3827,8957753958000,7369537579000,17000,0.017000
7369570915000,MATCHED,3828,7369570915000,3828,8957787275000,7369570896000,19000,0.019000
7369604232000,MATCHED,3829,7369604232000,3829,8957820595000,7369604216000,16000,0.016000
7369637552000,MATCHED,3830,7369637552000,3830,8957853913000,7369637534000,18000,0.018000
7369670869000,MATCHED,3831,7369670869000,3831,8957887233000,7369670854000,15000,0.015000
7369704189000,MATCHED,3832,7369704189000,3832,8957920549000,7369704170000,19000,0.019000
7369737508000,MATCHED,3833,7369737508000,3833,8957953867000,7369737488000,20000,0.020000
7369770826000,MATCHED,3834,7369770826000,3834,8957987185000,7369770806000,20000,0.020000
7369804144000,MATCHED,3835,7369804144000,3835,8958020504000,7369804125000,19000,0.019000
7369837462000,MATCHED,3836,7369837462000,3836,8958053823000,7369837444000,18000,0.018000
7369870780000,MATCHED,3837,7369870780000,3837,8958087142000,7369870763000,17000,0.017000
7369904099000,MATCHED,3838,7369904099000,3838,8958120460000,7369904081000,18000,0.018000
7369937417000,MATCHED,3839,7369937417000,3839,8958153778000,7369937399000,18000,0.018000
7369970735000,MATCHED,3840,7369970735000,3840,8958187096000,7369970717000,18000,0.018000
7370004055000,MATCHED,3841,7370004055000,3841,8958220417000,7370004038000,17000,0.017000
7370037378000,MATCHED,3842,7370037378000,3842,8958253733000,7370037354000,24000,0.024000
7370070694000,MATCHED,3843,7370070694000,3843,8958287053000,7370070674000,20000,0.020000
7370104024000,MATCHED,3844,7370104024000,3844,8958320370000,7370103991000,33000,0.033000
7370137328000,MATCHED,3845,7370137328000,3845,8958353690000,7370137311000,17000,0.017000
7370170647000,MATCHED,3846,7370170647000,3846,8958387008000,7370170629000,18000,0.018000
7370203964000,MATCHED,3847,7370203964000,3847,8958420327000,7370203948000,16000,0.016000
7370237285000,MATCHED,3848,7370237285000,3848,8958453645000,7370237266000,19000,0.019000
7370270603000,MATCHED,3849,7370270603000,3849,8958486964000,7370270585000,18000,0.018000
7370303921000,MATCHED,3850,7370303921000,3850,8958520283000,7370303904000,17000,0.017000
7370337239000,MATCHED,3851,7370337239000,3851,8958553602000,7370337223000,16000,0.016000
7370370558000,MATCHED,3852,7370370558000,3852,8958586919000,7370370540000,18000,0.018000
7370403875000,MATCHED,3853,7370403875000,3853,8958620237000,7370403858000,17000,0.017000
7370437194000,MATCHED,3854,7370437194000,3854,8958653556000,7370437177000,17000,0.017000
7370470513000,MATCHED,3855,7370470513000,3855,8958686875000,7370470496000,17000,0.017000
7370503831000,MATCHED,3856,7370503831000,3856,8958720193000,7370503814000,17000,0.017000
7370537150000,MATCHED,3857,7370537150000,3857,8958753512000,7370537133000,17000,0.017000
7370570468000,MATCHED,3858,7370570468000,3858,8958786830000,7370570451000,17000,0.017000
7370603787000,MATCHED,3859,7370603787000,3859,8958820150000,7370603771000,16000,0.016000
7370637104000,MATCHED,3860,7370637104000,3860,8958853467000,7370637088000,16000,0.016000
7370670423000,MATCHED,3861,7370670423000,3861,8958886787000,7370670408000,15000,0.015000
7370703741000,MATCHED,3862,7370703741000,3862,8958920104000,7370703725000,16000,0.016000
7370737060000,MATCHED,3863,7370737060000,3863,8958953423000,7370737044000,16000,0.016000
7370770379000,MATCHED,3864,7370770379000,3864,8958986742000,7370770363000,16000,0.016000
7370803697000,MATCHED,3865,7370803697000,3865,8959020060000,7370803681000,16000,0.016000
7370837018000,MATCHED,3866,7370837018000,3866,8959053378000,7370836999000,19000,0.019000
7370870342000,MATCHED,3867,7370870342000,3867,8959086697000,7370870318000,24000,0.024000
7370903656000,MATCHED,3868,7370903656000,3868,8959120015000,7370903636000,20000,0.020000
7370936973000,MATCHED,3869,7370936973000,3869,8959153333000,7370936954000,19000,0.019000
7370970295000,MATCHED,3870,7370970295000,3870,8959186652000,7370970273000,22000,0.022000
7371003608000,MATCHED,3871,7371003608000,3871,8959219971000,7371003592000,16000,0.016000
7371036925000,MATCHED,3872,7371036925000,3872,8959253289000,7371036910000,15000,0.015000
7371070251000,MATCHED,3873,7371070251000,3873,8959286606000,7371070227000,24000,0.024000
7371103562000,MATCHED,3874,7371103562000,3874,8959319925000,7371103546000,16000,0.016000
7371136880000,MATCHED,3875,7371136880000,3875,8959353244000,7371136865000,15000,0.015000
7371170199000,MATCHED,3876,7371170199000,3876,8959386564000,7371170185000,14000,0.014000
7371203516000,MATCHED,3877,7371203516000,3877,8959419881000,7371203502000,14000,0.014000
7371236836000,MATCHED,3878,7371236836000,3878,8959453199000,7371236820000,16000,0.016000
7371270154000,MATCHED,3879,7371270154000,3879,8959486518000,7371270139000,15000,0.015000
7371303473000,MATCHED,3880,7371303473000,3880,8959519837000,7371303458000,15000,0.015000
7371336790000,MATCHED,3881,7371336790000,3881,8959553158000,7371336779000,11000,0.011000
7371370110000,MATCHED,3882,7371370110000,3882,8959586475000,7371370096000,14000,0.014000
7371403427000,MATCHED,3883,7371403427000,3883,8959619794000,7371403415000,12000,0.012000
7371436746000,MATCHED,3884,7371436746000,3884,8959653113000,7371436734000,12000,0.012000
7371470066000,MATCHED,3885,7371470066000,3885,8959686430000,7371470051000,15000,0.015000
7371503384000,MATCHED,3886,7371503384000,3886,8959719749000,7371503370000,14000,0.014000
7371536701000,MATCHED,3887,7371536701000,3887,8959753068000,7371536689000,12000,0.012000
7371570020000,MATCHED,3888,7371570020000,3888,8959786388000,7371570009000,11000,0.011000
7371603339000,MATCHED,3889,7371603339000,3889,8959819706000,7371603327000,12000,0.012000
7371636658000,MATCHED,3890,7371636658000,3890,8959853023000,7371636644000,14000,0.014000
7371669976000,MATCHED,3891,7371669976000,3891,8959886342000,7371669963000,13000,0.013000
7371703295000,MATCHED,3892,7371703295000,3892,8959919659000,7371703280000,15000,0.015000
7371736613000,MATCHED,3893,7371736613000,3893,8959952978000,7371736599000,14000,0.014000
7371769931000,MATCHED,3894,7371769931000,3894,8959986295000,7371769916000,15000,0.015000
7371803249000,MATCHED,3895,7371803249000,3895,8960019613000,7371803234000,15000,0.015000
7371836569000,MATCHED,3896,7371836569000,3896,8960052932000,7371836553000,16000,0.016000
7371869886000,MATCHED,3897,7371869886000,3897,8960086250000,7371869871000,15000,0.015000
7371903205000,MATCHED,3898,7371903205000,3898,8960119569000,7371903190000,15000,0.015000
7371936524000,MATCHED,3899,7371936524000,3899,8960152887000,7371936508000,16000,0.016000
7371969842000,MATCHED,3900,7371969842000,3900,8960186206000,7371969827000,15000,0.015000
7372003163000,MATCHED,3901,7372003163000,3901,8960219527000,7372003148000,15000,0.015000
7372036481000,MATCHED,3902,7372036481000,3902,8960252842000,7372036463000,18000,0.018000
7372069798000,MATCHED,3903,7372069798000,3903,8960286161000,7372069782000,16000,0.016000
7372103117000,MATCHED,3904,7372103117000,3904,8960319480000,7372103101000,16000,0.016000
7372136434000,MATCHED,3905,7372136434000,3905,8960352798000,7372136419000,15000,0.015000
7372169753000,MATCHED,3906,7372169753000,3906,8960386116000,7372169737000,16000,0.016000
7372203071000,MATCHED,3907,7372203071000,3907,8960419435000,7372203056000,15000,0.015000
7372236390000,MATCHED,3908,7372236390000,3908,8960452754000,7372236375000,15000,0.015000
7372269708000,MATCHED,3909,7372269708000,3909,8960486072000,7372269693000,15000,0.015000
7372303028000,MATCHED,3910,7372303028000,3910,8960519391000,7372303012000,16000,0.016000
7372336345000,MATCHED,3911,7372336345000,3911,8960552710000,7372336331000,14000,0.014000
7372369664000,MATCHED,3912,7372369664000,3912,8960586027000,7372369648000,16000,0.016000
7372402982000,MATCHED,3913,7372402982000,3913,8960619347000,7372402968000,14000,0.014000
7372436301000,MATCHED,3914,7372436301000,3914,8960652664000,7372436285000,16000,0.016000
7372469619000,MATCHED,3915,7372469619000,3915,8960685983000,7372469604000,15000,0.015000
7372502939000,MATCHED,3916,7372502939000,3916,8960719301000,7372502922000,17000,0.017000
7372536257000,MATCHED,3917,7372536257000,3917,8960752622000,7372536243000,14000,0.014000
7372569575000,MATCHED,3918,7372569575000,3918,8960785940000,7372569561000,14000,0.014000
7372602895000,MATCHED,3919,7372602895000,3919,8960819259000,7372602880000,15000,0.015000
7372636212000,MATCHED,3920,7372636212000,3920,8960852577000,7372636198000,14000,0.014000
7372669530000,MATCHED,3921,7372669530000,3921,8960885895000,7372669516000,14000,0.014000
7372702850000,MATCHED,3922,7372702850000,3922,8960919211000,7372702832000,18000,0.018000
7372736166000,MATCHED,3923,7372736166000,3923,8960952530000,7372736151000,15000,0.015000
7372769487000,MATCHED,3924,7372769487000,3924,8960985848000,7372769469000,18000,0.018000
7372802803000,MATCHED,3925,7372802803000,3925,8961019166000,7372802787000,16000,0.016000
7372836123000,MATCHED,3926,7372836123000,3926,8961052486000,7372836107000,16000,0.016000
7372869441000,MATCHED,3927,7372869441000,3927,8961085803000,7372869424000,17000,0.017000
7372902759000,MATCHED,3928,7372902759000,3928,8961119122000,7372902743000,16000,0.016000
7372936078000,MATCHED,3929,7372936078000,3929,8961152441000,7372936062000,16000,0.016000
7372969396000,MATCHED,3930,7372969396000,3930,8961185759000,7372969380000,16000,0.016000
7373002717000,MATCHED,3931,7373002717000,3931,8961219079000,7373002700000,17000,0.017000
7373036034000,MATCHED,3932,7373036034000,3932,8961252396000,7373036017000,17000,0.017000
7373069352000,MATCHED,3933,7373069352000,3933,8961285714000,7373069335000,17000,0.017000
7373102670000,MATCHED,3934,7373102670000,3934,8961319033000,7373102654000,16000,0.016000
7373135992000,MATCHED,3935,7373135992000,3935,8961352351000,7373135972000,20000,0.020000
7373169306000,MATCHED,3936,7373169306000,3936,8961385669000,7373169290000,16000,0.016000
7373202625000,MATCHED,3937,7373202625000,3937,8961418988000,7373202609000,16000,0.016000
7373235945000,MATCHED,3938,7373235945000,3938,8961452306000,7373235927000,18000,0.018000
7373269262000,MATCHED,3939,7373269262000,3939,8961485625000,7373269246000,16000,0.016000
7373302581000,MATCHED,3940,7373302581000,3940,8961518944000,7373302565000,16000,0.016000
7373335899000,MATCHED,3941,7373335899000,3941,8961552264000,7373335885000,14000,0.014000
7373369218000,MATCHED,3942,7373369218000,3942,8961585581000,7373369202000,16000,0.016000
7373402535000,MATCHED,3943,7373402535000,3943,8961618899000,7373402520000,15000,0.015000
7373435856000,MATCHED,3944,7373435856000,3944,8961652218000,7373435839000,17000,0.017000
7373469173000,MATCHED,3945,7373469173000,3945,8961685536000,7373469157000,16000,0.016000
7373502495000,MATCHED,3946,7373502495000,3946,8961718854000,7373502475000,20000,0.020000
7373535810000,MATCHED,3947,7373535810000,3947,8961752174000,7373535795000,15000,0.015000
7373569129000,MATCHED,3948,7373569129000,3948,8961785492000,7373569113000,16000,0.016000
7373602449000,MATCHED,3949,7373602449000,3949,8961818810000,7373602431000,18000,0.018000
7373635766000,MATCHED,3950,7373635766000,3950,8961852128000,7373635749000,17000,0.017000
7373669084000,MATCHED,3951,7373669084000,3951,8961885452000,7373669073000,11000,0.011000
7373702404000,MATCHED,3952,7373702404000,3952,8961918767000,7373702388000,16000,0.016000
7373735721000,MATCHED,3953,7373735721000,3953,8961952084000,7373735705000,16000,0.016000
7373769040000,MATCHED,3954,7373769040000,3954,8961985404000,7373769025000,15000,0.015000
7373802362000,MATCHED,3955,7373802362000,3955,8962018725000,7373802346000,16000,0.016000
7373835677000,MATCHED,3956,7373835677000,3956,8962052040000,7373835661000,16000,0.016000
7373868995000,MATCHED,3957,7373868995000,3957,8962085360000,7373868981000,14000,0.014000
7373902314000,MATCHED,3958,7373902314000,3958,8962118679000,7373902300000,14000,0.014000
7373935636000,MATCHED,3959,7373935636000,3959,8962151996000,7373935617000,19000,0.019000
7373968952000,MATCHED,3960,7373968952000,3960,8962185315000,7373968936000,16000,0.016000
7374002271000,MATCHED,3961,7374002271000,3961,8962218634000,7374002255000,16000,0.016000
7374035589000,MATCHED,3962,7374035589000,3962,8962251950000,7374035571000,18000,0.018000
7374068911000,MATCHED,3963,7374068911000,3963,8962285271000,7374068892000,19000,0.019000
7374102226000,MATCHED,3964,7374102226000,3964,8962318589000,7374102210000,16000,0.016000
7374135542000,MATCHED,3965,7374135542000,3965,8962351908000,7374135529000,13000,0.013000
7374168862000,MATCHED,3966,7374168862000,3966,8962385226000,7374168847000,15000,0.015000
7374202179000,MATCHED,3967,7374202179000,3967,8962418545000,7374202166000,13000,0.013000
7374235498000,MATCHED,3968,7374235498000,3968,8962451863000,7374235484000,14000,0.014000
7374268816000,MATCHED,3969,7374268816000,3969,8962485182000,7374268803000,13000,0.013000
7374302135000,MATCHED,3970,7374302135000,3970,8962518500000,7374302121000,14000,0.014000
7374335455000,MATCHED,3971,7374335455000,3971,8962551818000,7374335439000,16000,0.016000
7374368772000,MATCHED,3972,7374368772000,3972,8962585137000,7374368758000,14000,0.014000
7374402090000,MATCHED,3973,7374402090000,3973,8962618456000,7374402077000,13000,0.013000
7374435410000,MATCHED,3974,7374435410000,3974,8962651774000,7374435395000,15000,0.015000
7374468728000,MATCHED,3975,7374468728000,3975,8962685093000,7374468714000,14000,0.014000
7374502046000,MATCHED,3976,7374502046000,3976,8962718411000,7374502032000,14000,0.014000
7374535364000,MATCHED,3977,7374535364000,3977,8962751730000,7374535351000,13000,0.013000
7374568686000,MATCHED,3978,7374568686000,3978,8962785048000,7374568669000,17000,0.017000
7374602003000,MATCHED,3979,7374602003000,3979,8962818366000,7374601987000,16000,0.016000
7374635321000,MATCHED,3980,7374635321000,3980,8962851685000,7374635306000,15000,0.015000
7374668638000,MATCHED,3981,7374668638000,3981,8962885004000,7374668625000,13000,0.013000
7374701958000,MATCHED,3982,7374701958000,3982,8962918322000,7374701943000,15000,0.015000
7374735275000,MATCHED,3983,7374735275000,3983,8962951640000,7374735261000,14000,0.014000
7374768594000,MATCHED,3984,7374768594000,3984,8962984959000,7374768580000,14000,0.014000
7374801912000,MATCHED,3985,7374801912000,3985,8963018277000,7374801898000,14000,0.014000
7374835231000,MATCHED,3986,7374835231000,3986,8963051596000,7374835217000,14000,0.014000
7374868551000,MATCHED,3987,7374868551000,3987,8963084915000,7374868536000,15000,0.015000
7374901868000,MATCHED,3988,7374901868000,3988,8963118233000,7374901854000,14000,0.014000
7374935187000,MATCHED,3989,7374935187000,3989,8963151551000,7374935172000,15000,0.015000
7374968506000,MATCHED,3990,7374968506000,3990,8963184870000,7374968491000,15000,0.015000
7375001826000,MATCHED,3991,7375001826000,3991,8963218188000,7375001809000,17000,0.017000
7375035142000,MATCHED,3992,7375035142000,3992,8963251507000,7375035128000,14000,0.014000
7375068462000,MATCHED,3993,7375068462000,3993,8963284825000,7375068446000,16000,0.016000
7375101784000,MATCHED,3994,7375101784000,3994,8963318144000,7375101765000,19000,0.019000
7375135098000,MATCHED,3995,7375135098000,3995,8963351462000,7375135083000,15000,0.015000
7375168417000,MATCHED,3996,7375168417000,3996,8963384781000,7375168402000,15000,0.015000
7375201733000,MATCHED,3997,7375201733000,3997,8963418099000,7375201720000,13000,0.013000
7375235064000,MATCHED,3998,7375235064000,3998,8963451417000,7375235038000,26000,0.026000
7375268382000,MATCHED,3999,7375268382000,3999,8963484737000,7375268358000,24000,0.024000
7375301703000,MATCHED,4000,7375301703000,4000,8963518055000,7375301676000,27000,0.027000
7375335044000,MATCHED,4001,7375335044000,4001,8963551374000,7375334995000,49000,0.049000
7375368331000,MATCHED,4002,7375368331000,4002,8963584692000,7375368313000,18000,0.018000
7375401666000,MATCHED,4003,7375401666000,4003,8963618010000,7375401631000,35000,0.035000
7375434967000,MATCHED,4004,7375434967000,4004,8963651329000,7375434950000,17000,0.017000
7375468288000,MATCHED,4005,7375468288000,4005,8963684647000,7375468268000,20000,0.020000
7375501605000,MATCHED,4006,7375501605000,4006,8963717965000,7375501586000,19000,0.019000
7375534922000,MATCHED,4007,7375534922000,4007,8963751285000,7375534906000,16000,0.016000
7375568243000,MATCHED,4008,7375568243000,4008,8963784602000,7375568223000,20000,0.020000
7375601558000,MATCHED,4009,7375601558000,4009,8963817919000,7375601540000,18000,0.018000
7375634881000,MATCHED,4010,7375634881000,4010,8963851238000,7375634859000,22000,0.022000
7375668198000,MATCHED,4011,7375668198000,4011,8963884556000,7375668177000,21000,0.021000
7375701545000,MATCHED,4012,7375701545000,4012,8963917877000,7375701498000,47000,0.047000
7375734850000,MATCHED,4013,7375734850000,4013,8963951195000,7375734816000,34000,0.034000
7375768155000,MATCHED,4014,7375768155000,4014,8963984513000,7375768134000,21000,0.021000
7375801473000,MATCHED,4015,7375801473000,4015,8964017831000,7375801452000,21000,0.021000
7375834793000,MATCHED,4016,7375834793000,4016,8964051151000,7375834772000,21000,0.021000
7375868106000,MATCHED,4017,7375868106000,4017,8964084469000,7375868090000,16000,0.016000
7375901433000,MATCHED,4018,7375901433000,4018,8964117787000,7375901408000,25000,0.025000
7375934757000,MATCHED,4019,7375934757000,4019,8964151106000,7375934727000,30000,0.030000
7375968061000,MATCHED,4020,7375968061000,4020,8964184425000,7375968046000,15000,0.015000
7376001391000,MATCHED,4021,7376001391000,4021,8964217742000,7376001363000,28000,0.028000
7376034699000,MATCHED,4022,7376034699000,4022,8964251059000,7376034680000,19000,0.019000
7376068043000,MATCHED,4023,7376068043000,4023,8964284380000,7376068001000,42000,0.042000
7376101339000,MATCHED,4024,7376101339000,4024,8964317696000,7376101317000,22000,0.022000
7376134652000,MATCHED,4025,7376134652000,4025,8964351014000,7376134635000,17000,0.017000
7376167974000,MATCHED,4026,7376167974000,4026,8964384336000,7376167957000,17000,0.017000
7376201291000,MATCHED,4027,7376201291000,4027,8964417653000,7376201274000,17000,0.017000
7376234607000,MATCHED,4028,7376234607000,4028,8964450971000,7376234592000,15000,0.015000
7376267924000,MATCHED,4029,7376267924000,4029,8964484290000,7376267911000,13000,0.013000
7376301243000,MATCHED,4030,7376301243000,4030,8964517609000,7376301230000,13000,0.013000
7376334564000,MATCHED,4031,7376334564000,4031,8964550927000,7376334548000,16000,0.016000
7376367884000,MATCHED,4032,7376367884000,4032,8964584246000,7376367867000,17000,0.017000
7376401201000,MATCHED,4033,7376401201000,4033,8964617564000,7376401185000,16000,0.016000
7376434526000,MATCHED,4034,7376434526000,4034,8964650882000,7376434503000,23000,0.023000
7376467835000,MATCHED,4035,7376467835000,4035,8964684201000,7376467822000,13000,0.013000
7376501153000,MATCHED,4036,7376501153000,4036,8964717519000,7376501140000,13000,0.013000
7376534473000,MATCHED,4037,7376534473000,4037,8964750837000,7376534458000,15000,0.015000
7376567792000,MATCHED,4038,7376567792000,4038,8964784156000,7376567777000,15000,0.015000
7376601111000,MATCHED,4039,7376601111000,4039,8964817475000,7376601096000,15000,0.015000
7376634426000,MATCHED,4040,7376634426000,4040,8964850793000,7376634414000,12000,0.012000
7376667745000,MATCHED,4041,7376667745000,4041,8964884112000,7376667733000,12000,0.012000
7376701063000,MATCHED,4042,7376701063000,4042,8964917430000,7376701051000,12000,0.012000
7376734381000,MATCHED,4043,7376734381000,4043,8964950748000,7376734369000,12000,0.012000
7376767703000,MATCHED,4044,7376767703000,4044,8964984067000,7376767688000,15000,0.015000
7376801019000,MATCHED,4045,7376801019000,4045,8965017385000,7376801006000,13000,0.013000
7376834339000,MATCHED,4046,7376834339000,4046,8965050704000,7376834325000,14000,0.014000
7376867656000,MATCHED,4047,7376867656000,4047,8965084022000,7376867643000,13000,0.013000
7376900974000,MATCHED,4048,7376900974000,4048,8965117341000,7376900962000,12000,0.012000
7376934295000,MATCHED,4049,7376934295000,4049,8965150660000,7376934281000,14000,0.014000
7376967616000,MATCHED,4050,7376967616000,4050,8965183977000,7376967598000,18000,0.018000
7377000933000,MATCHED,4051,7377000933000,4051,8965217298000,7377000919000,14000,0.014000
7377034251000,MATCHED,4052,7377034251000,4052,8965250616000,7377034237000,14000,0.014000
7377067593000,MATCHED,4053,7377067593000,4053,8965283934000,7377067555000,38000,0.038000
7377100886000,MATCHED,4054,7377100886000,4054,8965317250000,7377100871000,15000,0.015000
7377134204000,MATCHED,4055,7377134204000,4055,8965350567000,7377134188000,16000,0.016000
7377167526000,MATCHED,4056,7377167526000,4056,8965383887000,7377167508000,18000,0.018000
7377200841000,MATCHED,4057,7377200841000,4057,8965417205000,7377200826000,15000,0.015000
7377234162000,MATCHED,4058,7377234162000,4058,8965450523000,7377234144000,18000,0.018000
7377267478000,MATCHED,4059,7377267478000,4059,8965483842000,7377267463000,15000,0.015000
7377300797000,MATCHED,4060,7377300797000,4060,8965517163000,7377300784000,13000,0.013000
7377334116000,MATCHED,4061,7377334116000,4061,8965550479000,7377334100000,16000,0.016000
7377367438000,MATCHED,4062,7377367438000,4062,8965583798000,7377367419000,19000,0.019000
7377400754000,MATCHED,4063,7377400754000,4063,8965617115000,7377400736000,18000,0.018000
7377434070000,MATCHED,4064,7377434070000,4064,8965650434000,7377434055000,15000,0.015000
7377467388000,MATCHED,4065,7377467388000,4065,8965683754000,7377467375000,13000,0.013000
7377500709000,MATCHED,4066,7377500709000,4066,8965717072000,7377500693000,16000,0.016000
7377534029000,MATCHED,4067,7377534029000,4067,8965750391000,7377534012000,17000,0.017000
7377567346000,MATCHED,4068,7377567346000,4068,8965783708000,7377567329000,17000,0.017000
7377600665000,MATCHED,4069,7377600665000,4069,8965817027000,7377600648000,17000,0.017000
7377633983000,MATCHED,4070,7377633983000,4070,8965850346000,7377633967000,16000,0.016000
7377667302000,MATCHED,4071,7377667302000,4071,8965883664000,7377667285000,17000,0.017000
7377700619000,MATCHED,4072,7377700619000,4072,8965916986000,7377700607000,12000,0.012000
7377733937000,MATCHED,4073,7377733937000,4073,8965950303000,7377733924000,13000,0.013000
7377767257000,MATCHED,4074,7377767257000,4074,8965983619000,7377767240000,17000,0.017000
7377800574000,MATCHED,4075,7377800574000,4075,8966016938000,7377800559000,15000,0.015000
7377833894000,MATCHED,4076,7377833894000,4076,8966050257000,7377833878000,16000,0.016000
7377867212000,MATCHED,4077,7377867212000,4077,8966083576000,7377867197000,15000,0.015000
7377900531000,MATCHED,4078,7377900531000,4078,8966116896000,7377900517000,14000,0.014000
7377933858000,MATCHED,4079,7377933858000,4079,8966150214000,7377933835000,23000,0.023000
7377967168000,MATCHED,4080,7377967168000,4080,8966183533000,7377967154000,14000,0.014000
7378000496000,MATCHED,4081,7378000496000,4081,8966216851000,7378000472000,24000,0.024000
7378033817000,MATCHED,4082,7378033817000,4082,8966250169000,7378033790000,27000,0.027000
7378067124000,MATCHED,4083,7378067124000,4083,8966283488000,7378067109000,15000,0.015000
7378100442000,MATCHED,4084,7378100442000,4084,8966316806000,7378100427000,15000,0.015000
7378133760000,MATCHED,4085,7378133760000,4085,8966350125000,7378133746000,14000,0.014000
7378167079000,MATCHED,4086,7378167079000,4086,8966383444000,7378167065000,14000,0.014000
7378200395000,MATCHED,4087,7378200395000,4087,8966416762000,7378200383000,12000,0.012000
7378233714000,MATCHED,4088,7378233714000,4088,8966450080000,7378233701000,13000,0.013000
7378267033000,MATCHED,4089,7378267033000,4089,8966483398000,7378267019000,14000,0.014000
7378300351000,MATCHED,4090,7378300351000,4090,8966516718000,7378300339000,12000,0.012000
7378333679000,MATCHED,4091,7378333679000,4091,8966550036000,7378333657000,22000,0.022000
7378366990000,MATCHED,4092,7378366990000,4092,8966583355000,7378366976000,14000,0.014000
7378400306000,MATCHED,4093,7378400306000,4093,8966616673000,7378400294000,12000,0.012000
7378433623000,MATCHED,4094,7378433623000,4094,8966649991000,7378433612000,11000,0.011000
7378466952000,MATCHED,4095,7378466952000,4095,8966683309000,7378466930000,22000,0.022000
7378500266000,MATCHED,4096,7378500266000,4096,8966716628000,7378500249000,17000,0.017000
7378533579000,MATCHED,4097,7378533579000,4097,8966749946000,7378533567000,12000,0.012000
7378566898000,MATCHED,4098,7378566898000,4098,8966783266000,7378566887000,11000,0.011000
7378600221000,MATCHED,4099,7378600221000,4099,8966816583000,7378600204000,17000,0.017000
7378633535000,MATCHED,4100,7378633535000,4100,8966849901000,7378633522000,13000,0.013000
7378666858000,MATCHED,4101,7378666858000,4101,8966883220000,7378666841000,17000,0.017000
7378700175000,MATCHED,4102,7378700175000,4102,8966916536000,7378700157000,18000,0.018000
7378733492000,MATCHED,4103,7378733492000,4103,8966949855000,7378733476000,16000,0.016000
7378766815000,MATCHED,4104,7378766815000,4104,8966983173000,7378766794000,21000,0.021000
7378800128000,MATCHED,4105,7378800128000,4105,8967016494000,7378800115000,13000,0.013000
7378833445000,MATCHED,4106,7378833445000,4106,8967049810000,7378833431000,14000,0.014000
7378866766000,MATCHED,4107,7378866766000,4107,8967083129000,7378866750000,16000,0.016000
7378900090000,MATCHED,4108,7378900090000,4108,8967116446000,7378900067000,23000,0.023000
7378933401000,MATCHED,4109,7378933401000,4109,8967149768000,7378933389000,12000,0.012000
7378966721000,MATCHED,4110,7378966721000,4110,8967183084000,7378966705000,16000,0.016000
7379000041000,MATCHED,4111,7379000041000,4111,8967216403000,7379000024000,17000,0.017000
7379033356000,MATCHED,4112,7379033356000,4112,8967249721000,7379033342000,14000,0.014000
7379066674000,MATCHED,4113,7379066674000,4113,8967283039000,7379066660000,14000,0.014000
7379099992000,MATCHED,4114,7379099992000,4114,8967316358000,7379099979000,13000,0.013000
7379133312000,MATCHED,4115,7379133312000,4115,8967349677000,7379133298000,14000,0.014000
7379166630000,MATCHED,4116,7379166630000,4116,8967382997000,7379166618000,12000,0.012000
7379199948000,MATCHED,4117,7379199948000,4117,8967416315000,7379199936000,12000,0.012000
7379233266000,MATCHED,4118,7379233266000,4118,8967449632000,7379233253000,13000,0.013000
7379266585000,MATCHED,4119,7379266585000,4119,8967482950000,7379266571000,14000,0.014000
7379299903000,MATCHED,4120,7379299903000,4120,8967516272000,7379299893000,10000,0.010000
7379333222000,MATCHED,4121,7379333222000,4121,8967549588000,7379333209000,13000,0.013000
7379366540000,MATCHED,4122,7379366540000,4122,8967582906000,7379366527000,13000,0.013000
7379399862000,MATCHED,4123,7379399862000,4123,8967616225000,7379399846000,16000,0.016000
7379433180000,MATCHED,4124,7379433180000,4124,8967649544000,7379433165000,15000,0.015000
7379466499000,MATCHED,4125,7379466499000,4125,8967682862000,7379466483000,16000,0.016000
7379499816000,MATCHED,4126,7379499816000,4126,8967716180000,7379499801000,15000,0.015000
7379533133000,MATCHED,4127,7379533133000,4127,8967749499000,7379533120000,13000,0.013000
7379566451000,MATCHED,4128,7379566451000,4128,8967782817000,7379566438000,13000,0.013000
7379599782000,MATCHED,4129,7379599782000,4129,8967816138000,7379599759000,23000,0.023000
7379633089000,MATCHED,4130,7379633089000,4130,8967849455000,7379633076000,13000,0.013000
7379666407000,MATCHED,4131,7379666407000,4131,8967882773000,7379666394000,13000,0.013000
7379699727000,MATCHED,4132,7379699727000,4132,8967916091000,7379699712000,15000,0.015000
7379733044000,MATCHED,4133,7379733044000,4133,8967949412000,7379733033000,11000,0.011000
7379766363000,MATCHED,4134,7379766363000,4134,8967982728000,7379766349000,14000,0.014000
7379799681000,MATCHED,4135,7379799681000,4135,8968016046000,7379799667000,14000,0.014000
7379832999000,MATCHED,4136,7379832999000,4136,8968049365000,7379832986000,13000,0.013000
7379866318000,MATCHED,4137,7379866318000,4137,8968082683000,7379866304000,14000,0.014000
7379899640000,MATCHED,4138,7379899640000,4138,8968116001000,7379899622000,18000,0.018000
7379932957000,MATCHED,4139,7379932957000,4139,8968149320000,7379932941000,16000,0.016000
7379966278000,MATCHED,4140,7379966278000,4140,8968182638000,7379966259000,19000,0.019000
7379999594000,MATCHED,4141,7379999594000,4141,8968215959000,7379999580000,14000,0.014000
7380032912000,MATCHED,4142,7380032912000,4142,8968249276000,7380032897000,15000,0.015000
7380066231000,MATCHED,4143,7380066231000,4143,8968282596000,7380066217000,14000,0.014000
7380099549000,MATCHED,4144,7380099549000,4144,8968315914000,7380099535000,14000,0.014000
7380132867000,MATCHED,4145,7380132867000,4145,8968349234000,7380132855000,12000,0.012000
7380166186000,MATCHED,4146,7380166186000,4146,8968382551000,7380166172000,14000,0.014000
7380199503000,MATCHED,4147,7380199503000,4147,8968415870000,7380199491000,12000,0.012000
7380232821000,MATCHED,4148,7380232821000,4148,8968449188000,7380232809000,12000,0.012000
7380266140000,MATCHED,4149,7380266140000,4149,8968482507000,7380266128000,12000,0.012000
7380299460000,MATCHED,4150,7380299460000,4150,8968515826000,7380299447000,13000,0.013000
7380332781000,MATCHED,4151,7380332781000,4151,8968549144000,7380332765000,16000,0.016000
7380366098000,MATCHED,4152,7380366098000,4152,8968582462000,7380366083000,15000,0.015000
7380399416000,MATCHED,4153,7380399416000,4153,8968615782000,7380399403000,13000,0.013000
7380432734000,MATCHED,4154,7380432734000,4154,8968649099000,7380432720000,14000,0.014000
7380466050000,MATCHED,4155,7380466050000,4155,8968682418000,7380466039000,11000,0.011000
7380499370000,MATCHED,4156,7380499370000,4156,8968715736000,7380499357000,13000,0.013000
7380532689000,MATCHED,4157,7380532689000,4157,8968749055000,7380532676000,13000,0.013000
7380566006000,MATCHED,4158,7380566006000,4158,8968782372000,7380565993000,13000,0.013000
7380599336000,MATCHED,4159,7380599336000,4159,8968815691000,7380599312000,24000,0.024000
7380632644000,MATCHED,4160,7380632644000,4160,8968849010000,7380632631000,13000,0.013000
7380665962000,MATCHED,4161,7380665962000,4161,8968882328000,7380665949000,13000,0.013000
7380699280000,MATCHED,4162,7380699280000,4162,8968915647000,7380699268000,12000,0.012000
7380732600000,MATCHED,4163,7380732600000,4163,8968948966000,7380732587000,13000,0.013000
7380765917000,MATCHED,4164,7380765917000,4164,8968982284000,7380765905000,12000,0.012000
7380799235000,MATCHED,4165,7380799235000,4165,8969015602000,7380799223000,12000,0.012000
7380832560000,MATCHED,4166,7380832560000,4166,8969048921000,7380832542000,18000,0.018000
7380865878000,MATCHED,4167,7380865878000,4167,8969082240000,7380865861000,17000,0.017000
7380899200000,MATCHED,4168,7380899200000,4168,8969115558000,7380899179000,21000,0.021000
7380932524000,MATCHED,4169,7380932524000,4169,8969148877000,7380932498000,26000,0.026000
7380965831000,MATCHED,4170,7380965831000,4170,8969182195000,7380965816000,15000,0.015000
7380999151000,MATCHED,4171,7380999151000,4171,8969215513000,7380999134000,17000,0.017000
7381032468000,MATCHED,4172,7381032468000,4172,8969248833000,7381032454000,14000,0.014000
7381065786000,MATCHED,4173,7381065786000,4173,8969282151000,7381065772000,14000,0.014000
7381099104000,MATCHED,4174,7381099104000,4174,8969315469000,7381099090000,14000,0.014000
7381132425000,MATCHED,4175,7381132425000,4175,8969348787000,7381132408000,17000,0.017000
7381165743000,MATCHED,4176,7381165743000,4176,8969382106000,7381165727000,16000,0.016000
7381199062000,MATCHED,4177,7381199062000,4177,8969415425000,7381199046000,16000,0.016000
7381232379000,MATCHED,4178,7381232379000,4178,8969448744000,7381232365000,14000,0.014000
7381265699000,MATCHED,4179,7381265699000,4179,8969482062000,7381265683000,16000,0.016000
7381299017000,MATCHED,4180,7381299017000,4180,8969515380000,7381299001000,16000,0.016000
7381332335000,MATCHED,4181,7381332335000,4181,8969548699000,7381332320000,15000,0.015000
7381365653000,MATCHED,4182,7381365653000,4182,8969582017000,7381365638000,15000,0.015000
7381398972000,MATCHED,4183,7381398972000,4183,8969615336000,7381398957000,15000,0.015000
7381432291000,MATCHED,4184,7381432291000,4184,8969648654000,7381432275000,16000,0.016000
7381465609000,MATCHED,4185,7381465609000,4185,8969681972000,7381465593000,16000,0.016000
7381498928000,MATCHED,4186,7381498928000,4186,8969715291000,7381498912000,16000,0.016000
7381532247000,MATCHED,4187,7381532247000,4187,8969748610000,7381532231000,16000,0.016000
7381565574000,MATCHED,4188,7381565574000,4188,8969781928000,7381565549000,25000,0.025000
7381598893000,MATCHED,4189,7381598893000,4189,8969815247000,7381598868000,25000,0.025000
7381632203000,MATCHED,4190,7381632203000,4190,8969848565000,7381632186000,17000,0.017000
7381665534000,MATCHED,4191,7381665534000,4191,8969881883000,7381665504000,30000,0.030000
7381698840000,MATCHED,4192,7381698840000,4192,8969915202000,7381698823000,17000,0.017000
7381732156000,MATCHED,4193,7381732156000,4193,8969948521000,7381732142000,14000,0.014000
7381765472000,MATCHED,4194,7381765472000,4194,8969981841000,7381765462000,10000,0.010000
7381798792000,MATCHED,4195,7381798792000,4195,8970015158000,7381798779000,13000,0.013000
7381832109000,MATCHED,4196,7381832109000,4196,8970048475000,7381832096000,13000,0.013000
7381865429000,MATCHED,4197,7381865429000,4197,8970081794000,7381865415000,14000,0.014000
7381898749000,MATCHED,4198,7381898749000,4198,8970115113000,7381898734000,15000,0.015000
7381932065000,MATCHED,4199,7381932065000,4199,8970148431000,7381932052000,13000,0.013000
7381965384000,MATCHED,4200,7381965384000,4200,8970181749000,7381965370000,14000,0.014000
7381998703000,MATCHED,4201,7381998703000,4201,8970215068000,7381998689000,14000,0.014000
7382032022000,MATCHED,4202,7382032022000,4202,8970248385000,7382032006000,16000,0.016000
7382065341000,MATCHED,4203,7382065341000,4203,8970281705000,7382065326000,15000,0.015000
7382098661000,MATCHED,4204,7382098661000,4204,8970315023000,7382098644000,17000,0.017000
7382131976000,MATCHED,4205,7382131976000,4205,8970348342000,7382131963000,13000,0.013000
7382165294000,MATCHED,4206,7382165294000,4206,8970381661000,7382165282000,12000,0.012000
7382198613000,MATCHED,4207,7382198613000,4207,8970414979000,7382198600000,13000,0.013000
7382231931000,MATCHED,4208,7382231931000,4208,8970448297000,7382231918000,13000,0.013000
7382265250000,MATCHED,4209,7382265250000,4209,8970481615000,7382265236000,14000,0.014000
7382298569000,MATCHED,4210,7382298569000,4210,8970514936000,7382298557000,12000,0.012000
7382331887000,MATCHED,4211,7382331887000,4211,8970548252000,7382331873000,14000,0.014000
7382365205000,MATCHED,4212,7382365205000,4212,8970581571000,7382365192000,13000,0.013000
7382398525000,MATCHED,4213,7382398525000,4213,8970614890000,7382398511000,14000,0.014000
7382431845000,MATCHED,4214,7382431845000,4214,8970648208000,7382431829000,16000,0.016000
7382465160000,MATCHED,4215,7382465160000,4215,8970681527000,7382465148000,12000,0.012000
7382498481000,MATCHED,4216,7382498481000,4216,8970714846000,7382498467000,14000,0.014000
7382531799000,MATCHED,4217,7382531799000,4217,8970748163000,7382531784000,15000,0.015000
7382565118000,MATCHED,4218,7382565118000,4218,8970781482000,7382565103000,15000,0.015000
7382598440000,MATCHED,4219,7382598440000,4219,8970814800000,7382598421000,19000,0.019000
7382631755000,MATCHED,4220,7382631755000,4220,8970848119000,7382631740000,15000,0.015000
7382665071000,MATCHED,4221,7382665071000,4221,8970881437000,7382665058000,13000,0.013000
7382698390000,MATCHED,4222,7382698390000,4222,8970914755000,7382698376000,14000,0.014000
7382731710000,MATCHED,4223,7382731710000,4223,8970948074000,7382731695000,15000,0.015000
7382765026000,MATCHED,4224,7382765026000,4224,8970981392000,7382765013000,13000,0.013000
7382798346000,MATCHED,4225,7382798346000,4225,8971014711000,7382798332000,14000,0.014000
7382831664000,MATCHED,4226,7382831664000,4226,8971048030000,7382831651000,13000,0.013000
7382864984000,MATCHED,4227,7382864984000,4227,8971081348000,7382864969000,15000,0.015000
7382898302000,MATCHED,4228,7382898302000,4228,8971114667000,7382898288000,14000,0.014000
7382931620000,MATCHED,4229,7382931620000,4229,8971147986000,7382931607000,13000,0.013000
7382964940000,MATCHED,4230,7382964940000,4230,8971181304000,7382964925000,15000,0.015000
7382998257000,MATCHED,4231,7382998257000,4231,8971214622000,7382998243000,14000,0.014000
7383031575000,MATCHED,4232,7383031575000,4232,8971247940000,7383031561000,14000,0.014000
7383064893000,MATCHED,4233,7383064893000,4233,8971281259000,7383064880000,13000,0.013000
7383098224000,MATCHED,4234,7383098224000,4234,8971314577000,7383098198000,26000,0.026000
7383131530000,MATCHED,4235,7383131530000,4235,8971347896000,7383131517000,13000,0.013000
7383164850000,MATCHED,4236,7383164850000,4236,8971381214000,7383164835000,15000,0.015000
7383198166000,MATCHED,4237,7383198166000,4237,8971414533000,7383198154000,12000,0.012000
7383231486000,MATCHED,4238,7383231486000,4238,8971447852000,7383231473000,13000,0.013000
7383264803000,MATCHED,4239,7383264803000,4239,8971481170000,7383264791000,12000,0.012000
7383298122000,MATCHED,4240,7383298122000,4240,8971514489000,7383298110000,12000,0.012000
7383331440000,MATCHED,4241,7383331440000,4241,8971547807000,7383331428000,12000,0.012000
7383364759000,MATCHED,4242,7383364759000,4242,8971581126000,7383364747000,12000,0.012000
7383398078000,MATCHED,4243,7383398078000,4243,8971614448000,7383398069000,9000,0.009000
7383431395000,MATCHED,4244,7383431395000,4244,8971647766000,7383431387000,8000,0.008000
7383464714000,MATCHED,4245,7383464714000,4245,8971681081000,7383464702000,12000,0.012000
7383498035000,MATCHED,4246,7383498035000,4246,8971714399000,7383498020000,15000,0.015000
7383531351000,MATCHED,4247,7383531351000,4247,8971747718000,7383531339000,12000,0.012000
7383564672000,MATCHED,4248,7383564672000,4248,8971781036000,7383564657000,15000,0.015000
7383597993000,MATCHED,4249,7383597993000,4249,8971814355000,7383597976000,17000,0.017000
7383631309000,MATCHED,4250,7383631309000,4250,8971847673000,7383631294000,15000,0.015000
7383664625000,MATCHED,4251,7383664625000,4251,8971880992000,7383664613000,12000,0.012000
7383697944000,MATCHED,4252,7383697944000,4252,8971914310000,7383697931000,13000,0.013000
7383731264000,MATCHED,4253,7383731264000,4253,8971947628000,7383731249000,15000,0.015000
7383764581000,MATCHED,4254,7383764581000,4254,8971980947000,7383764568000,13000,0.013000
7383797899000,MATCHED,4255,7383797899000,4255,8972014265000,7383797886000,13000,0.013000
7383831217000,MATCHED,4256,7383831217000,4256,8972047584000,7383831205000,12000,0.012000
7383864536000,MATCHED,4257,7383864536000,4257,8972080903000,7383864524000,12000,0.012000
7383897858000,MATCHED,4258,7383897858000,4258,8972114220000,7383897841000,17000,0.017000
7383931177000,MATCHED,4259,7383931177000,4259,8972147539000,7383931160000,17000,0.017000
7383964493000,MATCHED,4260,7383964493000,4260,8972180857000,7383964478000,15000,0.015000
7383997810000,MATCHED,4261,7383997810000,4261,8972214177000,7383997798000,12000,0.012000
7384031132000,MATCHED,4262,7384031132000,4262,8972247492000,7384031113000,19000,0.019000
7384064447000,MATCHED,4263,7384064447000,4263,8972280816000,7384064437000,10000,0.010000
7384097766000,MATCHED,4264,7384097766000,4264,8972314131000,7384097752000,14000,0.014000
7384131086000,MATCHED,4265,7384131086000,4265,8972347450000,7384131071000,15000,0.015000
7384164407000,MATCHED,4266,7384164407000,4266,8972380768000,7384164389000,18000,0.018000
7384197721000,MATCHED,4267,7384197721000,4267,8972414087000,7384197708000,13000,0.013000
7384231040000,MATCHED,4268,7384231040000,4268,8972447405000,7384231026000,14000,0.014000
7384264358000,MATCHED,4269,7384264358000,4269,8972480724000,7384264345000,13000,0.013000
7384297677000,MATCHED,4270,7384297677000,4270,8972514042000,7384297663000,14000,0.014000
7384330995000,MATCHED,4271,7384330995000,4271,8972547364000,7384330985000,10000,0.010000
7384364318000,MATCHED,4272,7384364318000,4272,8972580680000,7384364301000,17000,0.017000
7384397633000,MATCHED,4273,7384397633000,4273,8972613998000,7384397619000,14000,0.014000
7384430950000,MATCHED,4274,7384430950000,4274,8972647316000,7384430937000,13000,0.013000
7384464269000,MATCHED,4275,7384464269000,4275,8972680635000,7384464256000,13000,0.013000
7384497587000,MATCHED,4276,7384497587000,4276,8972713953000,7384497574000,13000,0.013000
7384530906000,MATCHED,4277,7384530906000,4277,8972747272000,7384530893000,13000,0.013000
7384564224000,MATCHED,4278,7384564224000,4278,8972780590000,7384564211000,13000,0.013000
7384597562000,MATCHED,4279,7384597562000,4279,8972813909000,7384597530000,32000,0.032000
7384630863000,MATCHED,4280,7384630863000,4280,8972847227000,7384630848000,15000,0.015000
7384664183000,MATCHED,4281,7384664183000,4281,8972880546000,7384664167000,16000,0.016000
7384697498000,MATCHED,4282,7384697498000,4282,8972913864000,7384697485000,13000,0.013000
7384730817000,MATCHED,4283,7384730817000,4283,8972947183000,7384730804000,13000,0.013000
7384764136000,MATCHED,4284,7384764136000,4284,8972980501000,7384764122000,14000,0.014000
7384797455000,MATCHED,4285,7384797455000,4285,8973013819000,7384797440000,15000,0.015000
7384830772000,MATCHED,4286,7384830772000,4286,8973047138000,7384830759000,13000,0.013000
7384864093000,MATCHED,4287,7384864093000,4287,8973080457000,7384864078000,15000,0.015000
7384897410000,MATCHED,4288,7384897410000,4288,8973113775000,7384897396000,14000,0.014000
7384930727000,MATCHED,4289,7384930727000,4289,8973147094000,7384930715000,12000,0.012000
7384964048000,MATCHED,4290,7384964048000,4290,8973180412000,7384964033000,15000,0.015000
7384997367000,MATCHED,4291,7384997367000,4291,8973213730000,7384997351000,16000,0.016000
7385030684000,MATCHED,4292,7385030684000,4292,8973247049000,7385030670000,14000,0.014000
7385064008000,MATCHED,4293,7385064008000,4293,8973280367000,7385063988000,20000,0.020000
7385097320000,MATCHED,4294,7385097320000,4294,8973313685000,7385097306000,14000,0.014000
7385130638000,MATCHED,4295,7385130638000,4295,8973347004000,7385130625000,13000,0.013000
7385163955000,MATCHED,4296,7385163955000,4296,8973380323000,7385163944000,11000,0.011000
7385197275000,MATCHED,4297,7385197275000,4297,8973413641000,7385197262000,13000,0.013000
7385230592000,MATCHED,4298,7385230592000,4298,8973446959000,7385230580000,12000,0.012000
7385263917000,MATCHED,4299,7385263917000,4299,8973480278000,7385263899000,18000,0.018000
7385297229000,MATCHED,4300,7385297229000,4300,8973513598000,7385297219000,10000,0.010000
7385330551000,MATCHED,4301,7385330551000,4301,8973546915000,7385330536000,15000,0.015000
7385363866000,MATCHED,4302,7385363866000,4302,8973580233000,7385363854000,12000,0.012000
7385397185000,MATCHED,4303,7385397185000,4303,8973613553000,7385397174000,11000,0.011000
7385430503000,MATCHED,4304,7385430503000,4304,8973646870000,7385430491000,12000,0.012000
7385463821000,MATCHED,4305,7385463821000,4305,8973680189000,7385463810000,11000,0.011000
7385497143000,MATCHED,4306,7385497143000,4306,8973713508000,7385497129000,14000,0.014000
7385530460000,MATCHED,4307,7385530460000,4307,8973746826000,7385530447000,13000,0.013000
7385563779000,MATCHED,4308,7385563779000,4308,8973780144000,7385563765000,14000,0.014000
7385597104000,MATCHED,4309,7385597104000,4309,8973813465000,7385597086000,18000,0.018000
7385630418000,MATCHED,4310,7385630418000,4310,8973846781000,7385630402000,16000,0.016000
7385663736000,MATCHED,4311,7385663736000,4311,8973880100000,7385663721000,15000,0.015000
7385697053000,MATCHED,4312,7385697053000,4312,8973913418000,7385697039000,14000,0.014000
7385730372000,MATCHED,4313,7385730372000,4313,8973946736000,7385730357000,15000,0.015000
7385763689000,MATCHED,4314,7385763689000,4314,8973980056000,7385763677000,12000,0.012000
7385797008000,MATCHED,4315,7385797008000,4315,8974013374000,7385796995000,13000,0.013000
7385830327000,MATCHED,4316,7385830327000,4316,8974046693000,7385830314000,13000,0.013000
7385863644000,MATCHED,4317,7385863644000,4317,8974080011000,7385863632000,12000,0.012000
7385896964000,MATCHED,4318,7385896964000,4318,8974113329000,7385896950000,14000,0.014000
7385930282000,MATCHED,4319,7385930282000,4319,8974146648000,7385930269000,13000,0.013000
7385963600000,MATCHED,4320,7385963600000,4320,8974179966000,7385963587000,13000,0.013000
7385996919000,MATCHED,4321,7385996919000,4321,8974213285000,7385996906000,13000,0.013000
7386030238000,MATCHED,4322,7386030238000,4322,8974246600000,7386030221000,17000,0.017000
7386063559000,MATCHED,4323,7386063559000,4323,8974279922000,7386063543000,16000,0.016000
7386096874000,MATCHED,4324,7386096874000,4324,8974313240000,7386096861000,13000,0.013000
7386130193000,MATCHED,4325,7386130193000,4325,8974346558000,7386130179000,14000,0.014000
7386163512000,MATCHED,4326,7386163512000,4326,8974379877000,7386163498000,14000,0.014000
7386196830000,MATCHED,4327,7386196830000,4327,8974413196000,7386196817000,13000,0.013000
7386230149000,MATCHED,4328,7386230149000,4328,8974446514000,7386230135000,14000,0.014000
7386263467000,MATCHED,4329,7386263467000,4329,8974479833000,7386263454000,13000,0.013000
7386296786000,MATCHED,4330,7386296786000,4330,8974513153000,7386296774000,12000,0.012000
7386330106000,MATCHED,4331,7386330106000,4331,8974546470000,7386330091000,15000,0.015000
7386363422000,MATCHED,4332,7386363422000,4332,8974579788000,7386363409000,13000,0.013000
7386396741000,MATCHED,4333,7386396741000,4333,8974613106000,7386396727000,14000,0.014000
7386430059000,MATCHED,4334,7386430059000,4334,8974646425000,7386430046000,13000,0.013000
7386463378000,MATCHED,4335,7386463378000,4335,8974679744000,7386463365000,13000,0.013000
7386496695000,MATCHED,4336,7386496695000,4336,8974713061000,7386496682000,13000,0.013000
7386530014000,MATCHED,4337,7386530014000,4337,8974746380000,7386530001000,13000,0.013000
7386563332000,MATCHED,4338,7386563332000,4338,8974779699000,7386563320000,12000,0.012000
7386596651000,MATCHED,4339,7386596651000,4339,8974813017000,7386596638000,13000,0.013000
7386629971000,MATCHED,4340,7386629971000,4340,8974846336000,7386629957000,14000,0.014000
7386663291000,MATCHED,4341,7386663291000,4341,8974879655000,7386663276000,15000,0.015000
7386696610000,MATCHED,4342,7386696610000,4342,8974912973000,7386696594000,16000,0.016000
7386729927000,MATCHED,4343,7386729927000,4343,8974946291000,7386729912000,15000,0.015000
7386763244000,MATCHED,4344,7386763244000,4344,8974979610000,7386763231000,13000,0.013000
7386796564000,MATCHED,4345,7386796564000,4345,8975012928000,7386796549000,15000,0.015000
7386829883000,MATCHED,4346,7386829883000,4346,8975046246000,7386829867000,16000,0.016000
7386863202000,MATCHED,4347,7386863202000,4347,8975079565000,7386863186000,16000,0.016000
7386896520000,MATCHED,4348,7386896520000,4348,8975112884000,7386896505000,15000,0.015000
7386929838000,MATCHED,4349,7386929838000,4349,8975146202000,7386929823000,15000,0.015000
7386963156000,MATCHED,4350,7386963156000,4350,8975179521000,7386963142000,14000,0.014000
7386996476000,MATCHED,4351,7386996476000,4351,8975212840000,7386996461000,15000,0.015000
7387029794000,MATCHED,4352,7387029794000,4352,8975246157000,7387029778000,16000,0.016000
7387063112000,MATCHED,4353,7387063112000,4353,8975279476000,7387063097000,15000,0.015000
7387096430000,MATCHED,4354,7387096430000,4354,8975312795000,7387096416000,14000,0.014000
7387129750000,MATCHED,4355,7387129750000,4355,8975346113000,7387129734000,16000,0.016000
7387163070000,MATCHED,4356,7387163070000,4356,8975379431000,7387163052000,18000,0.018000
7387196388000,MATCHED,4357,7387196388000,4357,8975412750000,7387196371000,17000,0.017000
7387229706000,MATCHED,4358,7387229706000,4358,8975446069000,7387229690000,16000,0.016000
7387263025000,MATCHED,4359,7387263025000,4359,8975479386000,7387263007000,18000,0.018000
7387296343000,MATCHED,4360,7387296343000,4360,8975512706000,7387296327000,16000,0.016000
7387329662000,MATCHED,4361,7387329662000,4361,8975546024000,7387329645000,17000,0.017000
7387362979000,MATCHED,4362,7387362979000,4362,8975579342000,7387362963000,16000,0.016000
7387396297000,MATCHED,4363,7387396297000,4363,8975612661000,7387396282000,15000,0.015000
7387429615000,MATCHED,4364,7387429615000,4364,8975645979000,7387429600000,15000,0.015000
7387462934000,MATCHED,4365,7387462934000,4365,8975679297000,7387462918000,16000,0.016000
7387496254000,MATCHED,4366,7387496254000,4366,8975712617000,7387496238000,16000,0.016000
7387529572000,MATCHED,4367,7387529572000,4367,8975745934000,7387529555000,17000,0.017000
7387562890000,MATCHED,4368,7387562890000,4368,8975779252000,7387562873000,17000,0.017000
7387596208000,MATCHED,4369,7387596208000,4369,8975812571000,7387596192000,16000,0.016000
7387629527000,MATCHED,4370,7387629527000,4370,8975845890000,7387629511000,16000,0.016000
7387662845000,MATCHED,4371,7387662845000,4371,8975879208000,7387662829000,16000,0.016000
7387696163000,MATCHED,4372,7387696163000,4372,8975912527000,7387696148000,15000,0.015000
7387729482000,MATCHED,4373,7387729482000,4373,8975945845000,7387729466000,16000,0.016000
7387762801000,MATCHED,4374,7387762801000,4374,8975979164000,7387762785000,16000,0.016000
7387796118000,MATCHED,4375,7387796118000,4375,8976012482000,7387796103000,15000,0.015000
7387829437000,MATCHED,4376,7387829437000,4376,8976045801000,7387829422000,15000,0.015000
7387862760000,MATCHED,4377,7387862760000,4377,8976079119000,7387862740000,20000,0.020000
7387896075000,MATCHED,4378,7387896075000,4378,8976112437000,7387896058000,17000,0.017000
7387929395000,MATCHED,4379,7387929395000,4379,8976145756000,7387929377000,18000,0.018000
7387962712000,MATCHED,4380,7387962712000,4380,8976179075000,7387962696000,16000,0.016000
7387996028000,MATCHED,4381,7387996028000,4381,8976212393000,7387996014000,14000,0.014000
7388029349000,MATCHED,4382,7388029349000,4382,8976245709000,7388029330000,19000,0.019000
7388062666000,MATCHED,4383,7388062666000,4383,8976279030000,7388062651000,15000,0.015000
7388095984000,MATCHED,4384,7388095984000,4384,8976312348000,7388095969000,15000,0.015000
7388129303000,MATCHED,4385,7388129303000,4385,8976345667000,7388129288000,15000,0.015000
7388162622000,MATCHED,4386,7388162622000,4386,8976378985000,7388162606000,16000,0.016000
7388195940000,MATCHED,4387,7388195940000,4387,8976412303000,7388195924000,16000,0.016000
7388229257000,MATCHED,4388,7388229257000,4388,8976445622000,7388229243000,14000,0.014000
7388262577000,MATCHED,4389,7388262577000,4389,8976478940000,7388262561000,16000,0.016000
7388295897000,MATCHED,4390,7388295897000,4390,8976512260000,7388295881000,16000,0.016000
7388329219000,MATCHED,4391,7388329219000,4391,8976545577000,7388329198000,21000,0.021000
7388362531000,MATCHED,4392,7388362531000,4392,8976578896000,7388362517000,14000,0.014000
7388395852000,MATCHED,4393,7388395852000,4393,8976612216000,7388395837000,15000,0.015000
7388429169000,MATCHED,4394,7388429169000,4394,8976645533000,7388429154000,15000,0.015000
7388462487000,MATCHED,4395,7388462487000,4395,8976678851000,7388462472000,15000,0.015000
7388495806000,MATCHED,4396,7388495806000,4396,8976712170000,7388495791000,15000,0.015000
7388529123000,MATCHED,4397,7388529123000,4397,8976745489000,7388529110000,13000,0.013000
7388562444000,MATCHED,4398,7388562444000,4398,8976778807000,7388562428000,16000,0.016000
7388595776000,MATCHED,4399,7388595776000,4399,8976812126000,7388595747000,29000,0.029000
7388629097000,MATCHED,4400,7388629097000,4400,8976845444000,7388629065000,32000,0.032000
7388662419000,MATCHED,4401,7388662419000,4401,8976878762000,7388662383000,36000,0.036000
7388695731000,MATCHED,4402,7388695731000,4402,8976912081000,7388695702000,29000,0.029000
7388729035000,MATCHED,4403,7388729035000,4403,8976945400000,7388729021000,14000,0.014000
7388762352000,MATCHED,4404,7388762352000,4404,8976978717000,7388762338000,14000,0.014000
7388795672000,MATCHED,4405,7388795672000,4405,8977012036000,7388795657000,15000,0.015000
7388828990000,MATCHED,4406,7388828990000,4406,8977045355000,7388828976000,14000,0.014000
7388862310000,MATCHED,4407,7388862310000,4407,8977078673000,7388862294000,16000,0.016000
7388895626000,MATCHED,4408,7388895626000,4408,8977111992000,7388895613000,13000,0.013000
7388928944000,MATCHED,4409,7388928944000,4409,8977145310000,7388928931000,13000,0.013000
7388962262000,MATCHED,4410,7388962262000,4410,8977178629000,7388962250000,12000,0.012000
7388995583000,MATCHED,4411,7388995583000,4411,8977211947000,7388995568000,15000,0.015000
7389028901000,MATCHED,4412,7389028901000,4412,8977245265000,7389028886000,15000,0.015000
7389062218000,MATCHED,4413,7389062218000,4413,8977278584000,7389062205000,13000,0.013000
7389095538000,MATCHED,4414,7389095538000,4414,8977311902000,7389095523000,15000,0.015000
7389128855000,MATCHED,4415,7389128855000,4415,8977345221000,7389128842000,13000,0.013000
7389162174000,MATCHED,4416,7389162174000,4416,8977378540000,7389162161000,13000,0.013000
7389195493000,MATCHED,4417,7389195493000,4417,8977411858000,7389195479000,14000,0.014000
7389228811000,MATCHED,4418,7389228811000,4418,8977445177000,7389228798000,13000,0.013000
7389262128000,MATCHED,4419,7389262128000,4419,8977478495000,7389262116000,12000,0.012000
7389295448000,MATCHED,4420,7389295448000,4420,8977511813000,7389295434000,14000,0.014000
7389328774000,MATCHED,4421,7389328774000,4421,8977545132000,7389328753000,21000,0.021000
7389362090000,MATCHED,4422,7389362090000,4422,8977578450000,7389362071000,19000,0.019000
7389395417000,MATCHED,4423,7389395417000,4423,8977611769000,7389395390000,27000,0.027000
7389428722000,MATCHED,4424,7389428722000,4424,8977645087000,7389428708000,14000,0.014000
7389462039000,MATCHED,4425,7389462039000,4425,8977678405000,7389462026000,13000,0.013000
7389495359000,MATCHED,4426,7389495359000,4426,8977711725000,7389495346000,13000,0.013000
7389528676000,MATCHED,4427,7389528676000,4427,8977745042000,7389528663000,13000,0.013000
7389561995000,MATCHED,4428,7389561995000,4428,8977778361000,7389561982000,13000,0.013000
7389595314000,MATCHED,4429,7389595314000,4429,8977811679000,7389595300000,14000,0.014000
7389628633000,MATCHED,4430,7389628633000,4430,8977844998000,7389628619000,14000,0.014000
7389661952000,MATCHED,4431,7389661952000,4431,8977878317000,7389661938000,14000,0.014000
7389695271000,MATCHED,4432,7389695271000,4432,8977911635000,7389695256000,15000,0.015000
7389728589000,MATCHED,4433,7389728589000,4433,8977944954000,7389728575000,14000,0.014000
7389761907000,MATCHED,4434,7389761907000,4434,8977978272000,7389761893000,14000,0.014000
7389795225000,MATCHED,4435,7389795225000,4435,8978011593000,7389795214000,11000,0.011000
7389828543000,MATCHED,4436,7389828543000,4436,8978044909000,7389828530000,13000,0.013000
7389861862000,MATCHED,4437,7389861862000,4437,8978078227000,7389861848000,14000,0.014000
7389895179000,MATCHED,4438,7389895179000,4438,8978111546000,7389895167000,12000,0.012000
7389928498000,MATCHED,4439,7389928498000,4439,8978144865000,7389928486000,12000,0.012000
7389961818000,MATCHED,4440,7389961818000,4440,8978178183000,7389961804000,14000,0.014000
7389995136000,MATCHED,4441,7389995136000,4441,8978211501000,7389995122000,14000,0.014000
7390028456000,MATCHED,4442,7390028456000,4442,8978244817000,7390028438000,18000,0.018000
7390061772000,MATCHED,4443,7390061772000,4443,8978278138000,7390061759000,13000,0.013000
7390095092000,MATCHED,4444,7390095092000,4444,8978311457000,7390095078000,14000,0.014000
7390128409000,MATCHED,4445,7390128409000,4445,8978344775000,7390128396000,13000,0.013000
7390161727000,MATCHED,4446,7390161727000,4446,8978378094000,7390161715000,12000,0.012000
7390195046000,MATCHED,4447,7390195046000,4447,8978411412000,7390195033000,13000,0.013000
7390228367000,MATCHED,4448,7390228367000,4448,8978444731000,7390228352000,15000,0.015000
7390261683000,MATCHED,4449,7390261683000,4449,8978478049000,7390261670000,13000,0.013000
7390295002000,MATCHED,4450,7390295002000,4450,8978511368000,7390294989000,13000,0.013000
7390328321000,MATCHED,4451,7390328321000,4451,8978544687000,7390328308000,13000,0.013000
7390361638000,MATCHED,4452,7390361638000,4452,8978578005000,7390361626000,12000,0.012000
7390394957000,MATCHED,4453,7390394957000,4453,8978611322000,7390394943000,14000,0.014000
7390428276000,MATCHED,4454,7390428276000,4454,8978644641000,7390428262000,14000,0.014000
7390461594000,MATCHED,4455,7390461594000,4455,8978677960000,7390461581000,13000,0.013000
7390494913000,MATCHED,4456,7390494913000,4456,8978711280000,7390494901000,12000,0.012000
7390528231000,MATCHED,4457,7390528231000,4457,8978744596000,7390528217000,14000,0.014000
7390561549000,MATCHED,4458,7390561549000,4458,8978777916000,7390561537000,12000,0.012000
7390594868000,MATCHED,4459,7390594868000,4459,8978811235000,7390594856000,12000,0.012000
7390628188000,MATCHED,4460,7390628188000,4460,8978844553000,7390628174000,14000,0.014000
7390661506000,MATCHED,4461,7390661506000,4461,8978877870000,7390661491000,15000,0.015000
7390694824000,MATCHED,4462,7390694824000,4462,8978911189000,7390694810000,14000,0.014000
7390728146000,MATCHED,4463,7390728146000,4463,8978944507000,7390728128000,18000,0.018000
7390761469000,MATCHED,4464,7390761469000,4464,8978977826000,7390761447000,22000,0.022000
7390794789000,MATCHED,4465,7390794789000,4465,8979011145000,7390794766000,23000,0.023000
7390828101000,MATCHED,4466,7390828101000,4466,8979044463000,7390828084000,17000,0.017000
7390861421000,MATCHED,4467,7390861421000,4467,8979077782000,7390861403000,18000,0.018000
7390894743000,MATCHED,4468,7390894743000,4468,8979111100000,7390894721000,22000,0.022000
7390928060000,MATCHED,4469,7390928060000,4469,8979144418000,7390928039000,21000,0.021000
7390961379000,MATCHED,4470,7390961379000,4470,8979177737000,7390961358000,21000,0.021000
7390994701000,MATCHED,4471,7390994701000,4471,8979211055000,7390994676000,25000,0.025000
7391028026000,MATCHED,4472,7391028026000,4472,8979244374000,7391027995000,31000,0.031000
7391061336000,MATCHED,4473,7391061336000,4473,8979277693000,7391061314000,22000,0.022000
7391094650000,MATCHED,4474,7391094650000,4474,8979311011000,7391094632000,18000,0.018000
7391127973000,MATCHED,4475,7391127973000,4475,8979344330000,7391127951000,22000,0.022000
7391161292000,MATCHED,4476,7391161292000,4476,8979377648000,7391161269000,23000,0.023000
7391194615000,MATCHED,4477,7391194615000,4477,8979410966000,7391194587000,28000,0.028000
7391227937000,MATCHED,4478,7391227937000,4478,8979444285000,7391227906000,31000,0.031000
7391261245000,MATCHED,4479,7391261245000,4479,8979477603000,7391261224000,21000,0.021000
7391294565000,MATCHED,4480,7391294565000,4480,8979510921000,7391294542000,23000,0.023000
7391327880000,MATCHED,4481,7391327880000,4481,8979544241000,7391327862000,18000,0.018000
7391361196000,MATCHED,4482,7391361196000,4482,8979577559000,7391361180000,16000,0.016000
7391394524000,MATCHED,4483,7391394524000,4483,8979610878000,7391394499000,25000,0.025000
7391427836000,MATCHED,4484,7391427836000,4484,8979644195000,7391427816000,20000,0.020000
7391461155000,MATCHED,4485,7391461155000,4485,8979677514000,7391461135000,20000,0.020000
7391494476000,MATCHED,4486,7391494476000,4486,8979710832000,7391494453000,23000,0.023000
7391527798000,MATCHED,4487,7391527798000,4487,8979744151000,7391527772000,26000,0.026000
7391561121000,MATCHED,4488,7391561121000,4488,8979777469000,7391561090000,31000,0.031000
7391594433000,MATCHED,4489,7391594433000,4489,8979810789000,7391594410000,23000,0.023000
7391627763000,MATCHED,4490,7391627763000,4490,8979844107000,7391627728000,35000,0.035000
7391661069000,MATCHED,4491,7391661069000,4491,8979877425000,7391661046000,23000,0.023000
7391694397000,MATCHED,4492,7391694397000,4492,8979910743000,7391694364000,33000,0.033000
7391727702000,MATCHED,4493,7391727702000,4493,8979944062000,7391727683000,19000,0.019000
7391761027000,MATCHED,4494,7391761027000,4494,8979977380000,7391761001000,26000,0.026000
7391794339000,MATCHED,4495,7391794339000,4495,8980010699000,7391794320000,19000,0.019000
7391827658000,MATCHED,4496,7391827658000,4496,8980044018000,7391827639000,19000,0.019000
7391860980000,MATCHED,4497,7391860980000,4497,8980077336000,7391860957000,23000,0.023000
7391894293000,MATCHED,4498,7391894293000,4498,8980110654000,7391894275000,18000,0.018000
7391927616000,MATCHED,4499,7391927616000,4499,8980143972000,7391927593000,23000,0.023000
7391960932000,MATCHED,4500,7391960932000,4500,8980177291000,7391960912000,20000,0.020000
7391994249000,MATCHED,4501,7391994249000,4501,8980210609000,7391994230000,19000,0.019000
7392027567000,MATCHED,4502,7392027567000,4502,8980243928000,7392027549000,18000,0.018000
7392060885000,MATCHED,4503,7392060885000,4503,8980277248000,7392060869000,16000,0.016000
7392094200000,MATCHED,4504,7392094200000,4504,8980310566000,7392094187000,13000,0.013000
7392127520000,MATCHED,4505,7392127520000,4505,8980343883000,7392127504000,16000,0.016000
7392160842000,MATCHED,4506,7392160842000,4506,8980377202000,7392160823000,19000,0.019000
7392194155000,MATCHED,4507,7392194155000,4507,8980410521000,7392194142000,13000,0.013000
7392227474000,MATCHED,4508,7392227474000,4508,8980443839000,7392227460000,14000,0.014000
7392260799000,MATCHED,4509,7392260799000,4509,8980477157000,7392260778000,21000,0.021000
7392294111000,MATCHED,4510,7392294111000,4510,8980510476000,7392294097000,14000,0.014000
7392327428000,MATCHED,4511,7392327428000,4511,8980543795000,7392327416000,12000,0.012000
7392360753000,MATCHED,4512,7392360753000,4512,8980577114000,7392360735000,18000,0.018000
7392394067000,MATCHED,4513,7392394067000,4513,8980610432000,7392394053000,14000,0.014000
7392427392000,MATCHED,4514,7392427392000,4514,8980643750000,7392427371000,21000,0.021000
7392460704000,MATCHED,4515,7392460704000,4515,8980677068000,7392460689000,15000,0.015000
7392494022000,MATCHED,4516,7392494022000,4516,8980710386000,7392494007000,15000,0.015000
7392527342000,MATCHED,4517,7392527342000,4517,8980743705000,7392527326000,16000,0.016000
7392560659000,MATCHED,4518,7392560659000,4518,8980777023000,7392560644000,15000,0.015000
7392593977000,MATCHED,4519,7392593977000,4519,8980810342000,7392593963000,14000,0.014000
7392627295000,MATCHED,4520,7392627295000,4520,8980843661000,7392627282000,13000,0.013000
7392660614000,MATCHED,4521,7392660614000,4521,8980876979000,7392660600000,14000,0.014000
7392693932000,MATCHED,4522,7392693932000,4522,8980910297000,7392693918000,14000,0.014000
7392727251000,MATCHED,4523,7392727251000,4523,8980943616000,7392727237000,14000,0.014000
7392760571000,MATCHED,4524,7392760571000,4524,8980976935000,7392760556000,15000,0.015000
7392793887000,MATCHED,4525,7392793887000,4525,8981010253000,7392793874000,13000,0.013000
7392827206000,MATCHED,4526,7392827206000,4526,8981043571000,7392827192000,14000,0.014000
7392860524000,MATCHED,4527,7392860524000,4527,8981076891000,7392860512000,12000,0.012000
7392893844000,MATCHED,4528,7392893844000,4528,8981110208000,7392893829000,15000,0.015000
7392927161000,MATCHED,4529,7392927161000,4529,8981143526000,7392927147000,14000,0.014000
7392960482000,MATCHED,4530,7392960482000,4530,8981176845000,7392960466000,16000,0.016000
7392993806000,MATCHED,4531,7392993806000,4531,8981210163000,7392993784000,22000,0.022000
7393027119000,MATCHED,4532,7393027119000,4532,8981243482000,7393027103000,16000,0.016000
7393060439000,MATCHED,4533,7393060439000,4533,8981276800000,7393060421000,18000,0.018000
7393093755000,MATCHED,4534,7393093755000,4534,8981310118000,7393093739000,16000,0.016000
7393127074000,MATCHED,4535,7393127074000,4535,8981343437000,7393127058000,16000,0.016000
7393160391000,MATCHED,4536,7393160391000,4536,8981376755000,7393160376000,15000,0.015000
7393193708000,MATCHED,4537,7393193708000,4537,8981410074000,7393193695000,13000,0.013000
7393227029000,MATCHED,4538,7393227029000,4538,8981443392000,7393227013000,16000,0.016000
7393260346000,MATCHED,4539,7393260346000,4539,8981476711000,7393260332000,14000,0.014000
7393293665000,MATCHED,4540,7393293665000,4540,8981510029000,7393293650000,15000,0.015000
7393326984000,MATCHED,4541,7393326984000,4541,8981543348000,7393326969000,15000,0.015000
7393360300000,MATCHED,4542,7393360300000,4542,8981576667000,7393360288000,12000,0.012000
7393393618000,MATCHED,4543,7393393618000,4543,8981609985000,7393393606000,12000,0.012000
7393426938000,MATCHED,4544,7393426938000,4544,8981643303000,7393426924000,14000,0.014000
7393460259000,MATCHED,4545,7393460259000,4545,8981676622000,7393460243000,16000,0.016000
7393493576000,MATCHED,4546,7393493576000,4546,8981709940000,7393493561000,15000,0.015000
7393526895000,MATCHED,4547,7393526895000,4547,8981743259000,7393526880000,15000,0.015000
7393560213000,MATCHED,4548,7393560213000,4548,8981776578000,7393560199000,14000,0.014000
7393593531000,MATCHED,4549,7393593531000,4549,8981809896000,7393593517000,14000,0.014000
7393626850000,MATCHED,4550,7393626850000,4550,8981843215000,7393626836000,14000,0.014000
7393660168000,MATCHED,4551,7393660168000,4551,8981876534000,7393660155000,13000,0.013000
7393693487000,MATCHED,4552,7393693487000,4552,8981909852000,7393693473000,14000,0.014000
7393726805000,MATCHED,4553,7393726805000,4553,8981943171000,7393726792000,13000,0.013000
7393760125000,MATCHED,4554,7393760125000,4554,8981976489000,7393760110000,15000,0.015000
7393793442000,MATCHED,4555,7393793442000,4555,8982009807000,7393793428000,14000,0.014000
7393826761000,MATCHED,4556,7393826761000,4556,8982043125000,7393826746000,15000,0.015000
7393860081000,MATCHED,4557,7393860081000,4557,8982076444000,7393860065000,16000,0.016000
7393893398000,MATCHED,4558,7393893398000,4558,8982109763000,7393893384000,14000,0.014000
7393926716000,MATCHED,4559,7393926716000,4559,8982143081000,7393926702000,14000,0.014000
7393960034000,MATCHED,4560,7393960034000,4560,8982176399000,7393960020000,14000,0.014000
7393993359000,MATCHED,4561,7393993359000,4561,8982209719000,7393993340000,19000,0.019000
7394026674000,MATCHED,4562,7394026674000,4562,8982243037000,7394026658000,16000,0.016000
7394059993000,MATCHED,4563,7394059993000,4563,8982276355000,7394059976000,17000,0.017000
7394093310000,MATCHED,4564,7394093310000,4564,8982309678000,7394093299000,11000,0.011000
7394126628000,MATCHED,4565,7394126628000,4565,8982342993000,7394126614000,14000,0.014000
7394159946000,MATCHED,4566,7394159946000,4566,8982376311000,7394159932000,14000,0.014000
7394193266000,MATCHED,4567,7394193266000,4567,8982409630000,7394193251000,15000,0.015000
7394226584000,MATCHED,4568,7394226584000,4568,8982442948000,7394226569000,15000,0.015000
7394259902000,MATCHED,4569,7394259902000,4569,8982476266000,7394259887000,15000,0.015000
7394293221000,MATCHED,4570,7394293221000,4570,8982509585000,7394293206000,15000,0.015000
7394326538000,MATCHED,4571,7394326538000,4571,8982542903000,7394326524000,14000,0.014000
7394359858000,MATCHED,4572,7394359858000,4572,8982576221000,7394359842000,16000,0.016000
7394393176000,MATCHED,4573,7394393176000,4573,8982609540000,7394393161000,15000,0.015000
7394426495000,MATCHED,4574,7394426495000,4574,8982642858000,7394426479000,16000,0.016000
7394459813000,MATCHED,4575,7394459813000,4575,8982676177000,7394459798000,15000,0.015000
7394493131000,MATCHED,4576,7394493131000,4576,8982709496000,7394493117000,14000,0.014000
7394526450000,MATCHED,4577,7394526450000,4577,8982742814000,7394526435000,15000,0.015000
7394559768000,MATCHED,4578,7394559768000,4578,8982776132000,7394559753000,15000,0.015000
7394593087000,MATCHED,4579,7394593087000,4579,8982809451000,7394593072000,15000,0.015000
7394626406000,MATCHED,4580,7394626406000,4580,8982842769000,7394626390000,16000,0.016000
7394659724000,MATCHED,4581,7394659724000,4581,8982876087000,7394659708000,16000,0.016000
7394693041000,MATCHED,4582,7394693041000,4582,8982909406000,7394693027000,14000,0.014000
7394726359000,MATCHED,4583,7394726359000,4583,8982942725000,7394726346000,13000,0.013000
7394759679000,MATCHED,4584,7394759679000,4584,8982976043000,7394759664000,15000,0.015000
7394792997000,MATCHED,4585,7394792997000,4585,8983009361000,7394792982000,15000,0.015000
7394826318000,MATCHED,4586,7394826318000,4586,8983042680000,7394826301000,17000,0.017000
7394859636000,MATCHED,4587,7394859636000,4587,8983075998000,7394859619000,17000,0.017000
7394892954000,MATCHED,4588,7394892954000,4588,8983109317000,7394892938000,16000,0.016000
7394926273000,MATCHED,4589,7394926273000,4589,8983142635000,7394926256000,17000,0.017000
7394959592000,MATCHED,4590,7394959592000,4590,8983175953000,7394959574000,18000,0.018000
7394992908000,MATCHED,4591,7394992908000,4591,8983209272000,7394992893000,15000,0.015000
7395026228000,MATCHED,4592,7395026228000,4592,8983242591000,7395026212000,16000,0.016000
7395059545000,MATCHED,4593,7395059545000,4593,8983275909000,7395059530000,15000,0.015000
7395092864000,MATCHED,4594,7395092864000,4594,8983309227000,7395092848000,16000,0.016000
7395126183000,MATCHED,4595,7395126183000,4595,8983342546000,7395126167000,16000,0.016000
7395159502000,MATCHED,4596,7395159502000,4596,8983375864000,7395159485000,17000,0.017000
7395192820000,MATCHED,4597,7395192820000,4597,8983409183000,7395192804000,16000,0.016000
7395226139000,MATCHED,4598,7395226139000,4598,8983442502000,7395226123000,16000,0.016000
7395259457000,MATCHED,4599,7395259457000,4599,8983475820000,7395259441000,16000,0.016000
7395292776000,MATCHED,4600,7395292776000,4600,8983509139000,7395292760000,16000,0.016000
7395326093000,MATCHED,4601,7395326093000,4601,8983542458000,7395326079000,14000,0.014000
7395359413000,MATCHED,4602,7395359413000,4602,8983575776000,7395359397000,16000,0.016000
7395392731000,MATCHED,4603,7395392731000,4603,8983609094000,7395392715000,16000,0.016000
7395426049000,MATCHED,4604,7395426049000,4604,8983642412000,7395426033000,16000,0.016000
7395459368000,MATCHED,4605,7395459368000,4605,8983675731000,7395459352000,16000,0.016000
7395492687000,MATCHED,4606,7395492687000,4606,8983709050000,7395492671000,16000,0.016000
7395526006000,MATCHED,4607,7395526006000,4607,8983742368000,7395525989000,17000,0.017000
7395559326000,MATCHED,4608,7395559326000,4608,8983775686000,7395559307000,19000,0.019000
7395592638000,MATCHED,4609,7395592638000,4609,8983809005000,7395592626000,12000,0.012000
7395625960000,MATCHED,4610,7395625960000,4610,8983842323000,7395625944000,16000,0.016000
7395659276000,MATCHED,4611,7395659276000,4611,8983875642000,7395659263000,13000,0.013000
7395692595000,MATCHED,4612,7395692595000,4612,8983908960000,7395692581000,14000,0.014000
7395725913000,MATCHED,4613,7395725913000,4613,8983942279000,7395725900000,13000,0.013000
7395759232000,MATCHED,4614,7395759232000,4614,8983975597000,7395759218000,14000,0.014000
7395792553000,MATCHED,4615,7395792553000,4615,8984008916000,7395792537000,16000,0.016000
7395825871000,MATCHED,4616,7395825871000,4616,8984042235000,7395825856000,15000,0.015000
7395859189000,MATCHED,4617,7395859189000,4617,8984075552000,7395859173000,16000,0.016000
7395892507000,MATCHED,4618,7395892507000,4618,8984108871000,7395892492000,15000,0.015000
7395925826000,MATCHED,4619,7395925826000,4619,8984142189000,7395925810000,16000,0.016000
7395959145000,MATCHED,4620,7395959145000,4620,8984175508000,7395959129000,16000,0.016000
7395992462000,MATCHED,4621,7395992462000,4621,8984208827000,7395992448000,14000,0.014000
7396025781000,MATCHED,4622,7396025781000,4622,8984242143000,7396025764000,17000,0.017000
7396059101000,MATCHED,4623,7396059101000,4623,8984275464000,7396059085000,16000,0.016000
7396092417000,MATCHED,4624,7396092417000,4624,8984308782000,7396092403000,14000,0.014000
7396125735000,MATCHED,4625,7396125735000,4625,8984342101000,7396125722000,13000,0.013000
7396159055000,MATCHED,4626,7396159055000,4626,8984375420000,7396159041000,14000,0.014000
7396192374000,MATCHED,4627,7396192374000,4627,8984408738000,7396192359000,15000,0.015000
7396225693000,MATCHED,4628,7396225693000,4628,8984442056000,7396225677000,16000,0.016000
7396259010000,MATCHED,4629,7396259010000,4629,8984475375000,7396258996000,14000,0.014000
7396292328000,MATCHED,4630,7396292328000,4630,8984508693000,7396292314000,14000,0.014000
7396325647000,MATCHED,4631,7396325647000,4631,8984542012000,7396325633000,14000,0.014000
7396358965000,MATCHED,4632,7396358965000,4632,8984575330000,7396358951000,14000,0.014000
7396392285000,MATCHED,4633,7396392285000,4633,8984608648000,7396392269000,16000,0.016000
7396425604000,MATCHED,4634,7396425604000,4634,8984641967000,7396425588000,16000,0.016000
7396458920000,MATCHED,4635,7396458920000,4635,8984675285000,7396458906000,14000,0.014000
7396492240000,MATCHED,4636,7396492240000,4636,8984708604000,7396492225000,15000,0.015000
7396525556000,MATCHED,4637,7396525556000,4637,8984741922000,7396525543000,13000,0.013000
7396558875000,MATCHED,4638,7396558875000,4638,8984775240000,7396558861000,14000,0.014000
7396592195000,MATCHED,4639,7396592195000,4639,8984808559000,7396592180000,15000,0.015000
7396625515000,MATCHED,4640,7396625515000,4640,8984841878000,7396625499000,16000,0.016000
7396658831000,MATCHED,4641,7396658831000,4641,8984875196000,7396658817000,14000,0.014000
7396692149000,MATCHED,4642,7396692149000,4642,8984908515000,7396692136000,13000,0.013000
7396725467000,MATCHED,4643,7396725467000,4643,8984941833000,7396725454000,13000,0.013000
7396758786000,MATCHED,4644,7396758786000,4644,8984975152000,7396758773000,13000,0.013000
7396792104000,MATCHED,4645,7396792104000,4645,8985008470000,7396792091000,13000,0.013000
7396825426000,MATCHED,4646,7396825426000,4646,8985041789000,7396825410000,16000,0.016000
7396858742000,MATCHED,4647,7396858742000,4647,8985075108000,7396858729000,13000,0.013000
7396892062000,MATCHED,4648,7396892062000,4648,8985108426000,7396892047000,15000,0.015000
7396925381000,MATCHED,4649,7396925381000,4649,8985141744000,7396925365000,16000,0.016000
7396958698000,MATCHED,4650,7396958698000,4650,8985175063000,7396958684000,14000,0.014000
7396992030000,MATCHED,4651,7396992030000,4651,8985208381000,7396992002000,28000,0.028000
7397025336000,MATCHED,4652,7397025336000,4652,8985241700000,7397025321000,15000,0.015000
7397058657000,MATCHED,4653,7397058657000,4653,8985275018000,7397058639000,18000,0.018000
7397091971000,MATCHED,4654,7397091971000,4654,8985308337000,7397091958000,13000,0.013000
7397125292000,MATCHED,4655,7397125292000,4655,8985341655000,7397125276000,16000,0.016000
7397158610000,MATCHED,4656,7397158610000,4656,8985374973000,7397158594000,16000,0.016000
7397191929000,MATCHED,4657,7397191929000,4657,8985408292000,7397191913000,16000,0.016000
7397225246000,MATCHED,4658,7397225246000,4658,8985441611000,7397225232000,14000,0.014000
7397258564000,MATCHED,4659,7397258564000,4659,8985474929000,7397258550000,14000,0.014000
7397291883000,MATCHED,4660,7397291883000,4660,8985508248000,7397291869000,14000,0.014000
7397325201000,MATCHED,4661,7397325201000,4661,8985541566000,7397325187000,14000,0.014000
7397358520000,MATCHED,4662,7397358520000,4662,8985574885000,7397358506000,14000,0.014000
7397391839000,MATCHED,4663,7397391839000,4663,8985608203000,7397391824000,15000,0.015000
7397425157000,MATCHED,4664,7397425157000,4664,8985641521000,7397425142000,15000,0.015000
7397458473000,MATCHED,4665,7397458473000,4665,8985674840000,7397458461000,12000,0.012000
7397491791000,MATCHED,4666,7397491791000,4666,8985708158000,7397491779000,12000,0.012000
7397525113000,MATCHED,4667,7397525113000,4667,8985741477000,7397525098000,15000,0.015000
7397558429000,MATCHED,4668,7397558429000,4668,8985774796000,7397558417000,12000,0.012000
7397591747000,MATCHED,4669,7397591747000,4669,8985808114000,7397591735000,12000,0.012000
7397625067000,MATCHED,4670,7397625067000,4670,8985841433000,7397625054000,13000,0.013000
7397658386000,MATCHED,4671,7397658386000,4671,8985874751000,7397658372000,14000,0.014000
7397691705000,MATCHED,4672,7397691705000,4672,8985908068000,7397691689000,16000,0.016000
7397725023000,MATCHED,4673,7397725023000,4673,8985941388000,7397725009000,14000,0.014000
7397758342000,MATCHED,4674,7397758342000,4674,8985974706000,7397758327000,15000,0.015000
7397791660000,MATCHED,4675,7397791660000,4675,8986008031000,7397791652000,8000,0.008000
7397824979000,MATCHED,4676,7397824979000,4676,8986041342000,7397824963000,16000,0.016000
7397858297000,MATCHED,4677,7397858297000,4677,8986074664000,7397858285000,12000,0.012000
7397891616000,MATCHED,4678,7397891616000,4678,8986107980000,7397891601000,15000,0.015000
7397924934000,MATCHED,4679,7397924934000,4679,8986141298000,7397924919000,15000,0.015000
7397958254000,MATCHED,4680,7397958254000,4680,8986174617000,7397958238000,16000,0.016000
7397991572000,MATCHED,4681,7397991572000,4681,8986207936000,7397991557000,15000,0.015000
7398024892000,MATCHED,4682,7398024892000,4682,8986241252000,7398024873000,19000,0.019000
7398058211000,MATCHED,4683,7398058211000,4683,8986274573000,7398058194000,17000,0.017000
7398091527000,MATCHED,4684,7398091527000,4684,8986307891000,7398091512000,15000,0.015000
7398124845000,MATCHED,4685,7398124845000,4685,8986341209000,7398124830000,15000,0.015000
7398158164000,MATCHED,4686,7398158164000,4686,8986374527000,7398158148000,16000,0.016000
7398191482000,MATCHED,4687,7398191482000,4687,8986407845000,7398191466000,16000,0.016000
7398224802000,MATCHED,4688,7398224802000,4688,8986441166000,7398224787000,15000,0.015000
7398258120000,MATCHED,4689,7398258120000,4689,8986474482000,7398258103000,17000,0.017000
7398291440000,MATCHED,4690,7398291440000,4690,8986507801000,7398291422000,18000,0.018000
7398324756000,MATCHED,4691,7398324756000,4691,8986541120000,7398324741000,15000,0.015000
7398358080000,MATCHED,4692,7398358080000,4692,8986574439000,7398358060000,20000,0.020000
7398391394000,MATCHED,4693,7398391394000,4693,8986607757000,7398391378000,16000,0.016000
7398424712000,MATCHED,4694,7398424712000,4694,8986641076000,7398424697000,15000,0.015000
7398458031000,MATCHED,4695,7398458031000,4695,8986674392000,7398458013000,18000,0.018000
7398491349000,MATCHED,4696,7398491349000,4696,8986707713000,7398491334000,15000,0.015000
7398524667000,MATCHED,4697,7398524667000,4697,8986741030000,7398524651000,16000,0.016000
7398557985000,MATCHED,4698,7398557985000,4698,8986774348000,7398557969000,16000,0.016000
7398591306000,MATCHED,4699,7398591306000,4699,8986807668000,7398591289000,17000,0.017000
7398624622000,MATCHED,4700,7398624622000,4700,8986840986000,7398624607000,15000,0.015000
7398657941000,MATCHED,4701,7398657941000,4701,8986874305000,7398657926000,15000,0.015000
7398691260000,MATCHED,4702,7398691260000,4702,8986907624000,7398691245000,15000,0.015000
7398724578000,MATCHED,4703,7398724578000,4703,8986940941000,7398724562000,16000,0.016000
7398757897000,MATCHED,4704,7398757897000,4704,8986974260000,7398757881000,16000,0.016000
7398791215000,MATCHED,4705,7398791215000,4705,8987007578000,7398791199000,16000,0.016000
7398824534000,MATCHED,4706,7398824534000,4706,8987040897000,7398824518000,16000,0.016000
7398857855000,MATCHED,4707,7398857855000,4707,8987074216000,7398857837000,18000,0.018000
7398891171000,MATCHED,4708,7398891171000,4708,8987107534000,7398891155000,16000,0.016000
7398924488000,MATCHED,4709,7398924488000,4709,8987140852000,7398924473000,15000,0.015000
7398957808000,MATCHED,4710,7398957808000,4710,8987174171000,7398957792000,16000,0.016000
7398991126000,MATCHED,4711,7398991126000,4711,8987207490000,7398991111000,15000,0.015000
7399024445000,MATCHED,4712,7399024445000,4712,8987240807000,7399024428000,17000,0.017000
7399057763000,MATCHED,4713,7399057763000,4713,8987274127000,7399057748000,15000,0.015000
7399091083000,MATCHED,4714,7399091083000,4714,8987307445000,7399091066000,17000,0.017000
7399124400000,MATCHED,4715,7399124400000,4715,8987340763000,7399124384000,16000,0.016000
7399157718000,MATCHED,4716,7399157718000,4716,8987374082000,7399157703000,15000,0.015000
7399191037000,MATCHED,4717,7399191037000,4717,8987407401000,7399191022000,15000,0.015000
7399224355000,MATCHED,4718,7399224355000,4718,8987440718000,7399224339000,16000,0.016000
7399257673000,MATCHED,4719,7399257673000,4719,8987474037000,7399257658000,15000,0.015000
7399290991000,MATCHED,4720,7399290991000,4720,8987507356000,7399290977000,14000,0.014000
7399324310000,MATCHED,4721,7399324310000,4721,8987540675000,7399324296000,14000,0.014000
7399357629000,MATCHED,4722,7399357629000,4722,8987573993000,7399357614000,15000,0.015000
7399390948000,MATCHED,4723,7399390948000,4723,8987607311000,7399390932000,16000,0.016000
7399424267000,MATCHED,4724,7399424267000,4724,8987640629000,7399424250000,17000,0.017000
7399457583000,MATCHED,4725,7399457583000,4725,8987673949000,7399457570000,13000,0.013000
7399490900000,MATCHED,4726,7399490900000,4726,8987707267000,7399490888000,12000,0.012000
7399524218000,MATCHED,4727,7399524218000,4727,8987740585000,7399524206000,12000,0.012000
7399557537000,MATCHED,4728,7399557537000,4728,8987773904000,7399557525000,12000,0.012000
7399590856000,MATCHED,4729,7399590856000,4729,8987807222000,7399590843000,13000,0.013000
7399624175000,MATCHED,4730,7399624175000,4730,8987840540000,7399624161000,14000,0.014000
7399657493000,MATCHED,4731,7399657493000,4731,8987873858000,7399657479000,14000,0.014000
7399690812000,MATCHED,4732,7399690812000,4732,8987907178000,7399690799000,13000,0.013000
7399724129000,MATCHED,4733,7399724129000,4733,8987940496000,7399724117000,12000,0.012000
7399757448000,MATCHED,4734,7399757448000,4734,8987973815000,7399757436000,12000,0.012000
7399790776000,MATCHED,4735,7399790776000,4735,8988007133000,7399790754000,22000,0.022000
7399824087000,MATCHED,4736,7399824087000,4736,8988040451000,7399824072000,15000,0.015000
7399857404000,MATCHED,4737,7399857404000,4737,8988073770000,7399857391000,13000,0.013000
7399890722000,MATCHED,4738,7399890722000,4738,8988107089000,7399890710000,12000,0.012000
7399924042000,MATCHED,4739,7399924042000,4739,8988140405000,7399924026000,16000,0.016000
7399957362000,MATCHED,4740,7399957362000,4740,8988173723000,7399957344000,18000,0.018000
7399990679000,MATCHED,4741,7399990679000,4741,8988207041000,7399990662000,17000,0.017000
7400024006000,MATCHED,4742,7400024006000,4742,8988240360000,7400023981000,25000,0.025000
7400057320000,MATCHED,4743,7400057320000,4743,8988273679000,7400057300000,20000,0.020000
7400090640000,MATCHED,4744,7400090640000,4744,8988306998000,7400090619000,21000,0.021000
7400123957000,MATCHED,4745,7400123957000,4745,8988340316000,7400123937000,20000,0.020000
7400157277000,MATCHED,4746,7400157277000,4746,8988373634000,7400157255000,22000,0.022000
7400190597000,MATCHED,4747,7400190597000,4747,8988406952000,7400190573000,24000,0.024000
7400223912000,MATCHED,4748,7400223912000,4748,8988440271000,7400223892000,20000,0.020000
7400257231000,MATCHED,4749,7400257231000,4749,8988473589000,7400257210000,21000,0.021000
7400290554000,MATCHED,4750,7400290554000,4750,8988506908000,7400290529000,25000,0.025000
7400323875000,MATCHED,4751,7400323875000,4751,8988540228000,7400323849000,26000,0.026000
7400357193000,MATCHED,4752,7400357193000,4752,8988573547000,7400357168000,25000,0.025000
7400390502000,MATCHED,4753,7400390502000,4753,8988606865000,7400390486000,16000,0.016000
7400423823000,MATCHED,4754,7400423823000,4754,8988640184000,7400423805000,18000,0.018000
7400457141000,MATCHED,4755,7400457141000,4755,8988673502000,7400457123000,18000,0.018000
7400490495000,MATCHED,4756,7400490495000,4756,8988706821000,7400490442000,53000,0.053000
7400523795000,MATCHED,4757,7400523795000,4757,8988740139000,7400523760000,35000,0.035000
7400557109000,MATCHED,4758,7400557109000,4758,8988773458000,7400557079000,30000,0.030000
7400590433000,MATCHED,4759,7400590433000,4759,8988806778000,7400590399000,34000,0.034000
7400623804000,MATCHED,4760,7400623804000,4760,8988840095000,7400623716000,88000,0.088000
7400657076000,MATCHED,4761,7400657076000,4761,8988873415000,7400657036000,40000,0.040000
7400690383000,MATCHED,4762,7400690383000,4762,8988906732000,7400690353000,30000,0.030000
7400723685000,MATCHED,4763,7400723685000,4763,8988940050000,7400723671000,14000,0.014000
7400757004000,MATCHED,4764,7400757004000,4764,8988973368000,7400756989000,15000,0.015000
7400790322000,MATCHED,4765,7400790322000,4765,8989006691000,7400790312000,10000,0.010000
7400823641000,MATCHED,4766,7400823641000,4766,8989040019000,7400823640000,1000,0.001000
7400856957000,MATCHED,4767,7400856957000,4767,8989073325000,7400856946000,11000,0.011000
7400890276000,MATCHED,4768,7400890276000,4768,8989106643000,7400890264000,12000,0.012000
7400923598000,MATCHED,4769,7400923598000,4769,8989139961000,7400923582000,16000,0.016000
7400956913000,MATCHED,4770,7400956913000,4770,8989173280000,7400956901000,12000,0.012000
7400990232000,MATCHED,4771,7400990232000,4771,8989206598000,7400990219000,13000,0.013000
7401023552000,MATCHED,4772,7401023552000,4772,8989239916000,7401023537000,15000,0.015000
7401056870000,MATCHED,4773,7401056870000,4773,8989273236000,7401056857000,13000,0.013000
7401090189000,MATCHED,4774,7401090189000,4774,8989306553000,7401090174000,15000,0.015000
7401123505000,MATCHED,4775,7401123505000,4775,8989339872000,7401123493000,12000,0.012000
7401156826000,MATCHED,4776,7401156826000,4776,8989373190000,7401156811000,15000,0.015000
7401190142000,MATCHED,4777,7401190142000,4777,8989406509000,7401190130000,12000,0.012000
7401223462000,MATCHED,4778,7401223462000,4778,8989439827000,7401223448000,14000,0.014000
7401256780000,MATCHED,4779,7401256780000,4779,8989473146000,7401256767000,13000,0.013000
7401290104000,MATCHED,4780,7401290104000,4780,8989506464000,7401290085000,19000,0.019000
7401323415000,MATCHED,4781,7401323415000,4781,8989539783000,7401323404000,11000,0.011000
7401356737000,MATCHED,4782,7401356737000,4782,8989573101000,7401356722000,15000,0.015000
7401390053000,MATCHED,4783,7401390053000,4783,8989606419000,7401390040000,13000,0.013000
7401423373000,MATCHED,4784,7401423373000,4784,8989639738000,7401423359000,14000,0.014000
7401456690000,MATCHED,4785,7401456690000,4785,8989673057000,7401456678000,12000,0.012000
7401490009000,MATCHED,4786,7401490009000,4786,8989706375000,7401489996000,13000,0.013000
7401523328000,MATCHED,4787,7401523328000,4787,8989739694000,7401523315000,13000,0.013000
7401556646000,MATCHED,4788,7401556646000,4788,8989773011000,7401556632000,14000,0.014000
7401589964000,MATCHED,4789,7401589964000,4789,8989806330000,7401589951000,13000,0.013000
7401623284000,MATCHED,4790,7401623284000,4790,8989839649000,7401623270000,14000,0.014000
7401656601000,MATCHED,4791,7401656601000,4791,8989872967000,7401656588000,13000,0.013000
7401689920000,MATCHED,4792,7401689920000,4792,8989906286000,7401689907000,13000,0.013000
7401723240000,MATCHED,4793,7401723240000,4793,8989939605000,7401723226000,14000,0.014000
7401756557000,MATCHED,4794,7401756557000,4794,8989972923000,7401756544000,13000,0.013000
7401789882000,MATCHED,4795,7401789882000,4795,8990006241000,7401789862000,20000,0.020000
7401823194000,MATCHED,4796,7401823194000,4796,8990039560000,7401823181000,13000,0.013000
7401856512000,MATCHED,4797,7401856512000,4797,8990072878000,7401856499000,13000,0.013000
7401889830000,MATCHED,4798,7401889830000,4798,8990106197000,7401889818000,12000,0.012000
7401923150000,MATCHED,4799,7401923150000,4799,8990139515000,7401923136000,14000,0.014000
7401956470000,MATCHED,4800,7401956470000,4800,8990172833000,7401956454000,16000,0.016000
7401989786000,MATCHED,4801,7401989786000,4801,8990206152000,7401989773000,13000,0.013000
7402023106000,MATCHED,4802,7402023106000,4802,8990239469000,7402023090000,16000,0.016000
7402056424000,MATCHED,4803,7402056424000,4803,8990272790000,7402056411000,13000,0.013000
7402089742000,MATCHED,4804,7402089742000,4804,8990306108000,7402089729000,13000,0.013000
7402123061000,MATCHED,4805,7402123061000,4805,8990339426000,7402123047000,14000,0.014000
7402156380000,MATCHED,4806,7402156380000,4806,8990372744000,7402156365000,15000,0.015000
7402189697000,MATCHED,4807,7402189697000,4807,8990406063000,7402189684000,13000,0.013000
7402223015000,MATCHED,4808,7402223015000,4808,8990439382000,7402223003000,12000,0.012000
7402256335000,MATCHED,4809,7402256335000,4809,8990472700000,7402256321000,14000,0.014000
7402289652000,MATCHED,4810,7402289652000,4810,8990506018000,7402289639000,13000,0.013000
7402322971000,MATCHED,4811,7402322971000,4811,8990539338000,7402322959000,12000,0.012000
7402356290000,MATCHED,4812,7402356290000,4812,8990572655000,7402356276000,14000,0.014000
7402389608000,MATCHED,4813,7402389608000,4813,8990605976000,7402389597000,11000,0.011000
7402422927000,MATCHED,4814,7402422927000,4814,8990639293000,7402422914000,13000,0.013000
7402456245000,MATCHED,4815,7402456245000,4815,8990672612000,7402456233000,12000,0.012000
7402489564000,MATCHED,4816,7402489564000,4816,8990705929000,7402489550000,14000,0.014000
7402522881000,MATCHED,4817,7402522881000,4817,8990739247000,7402522868000,13000,0.013000
7402556201000,MATCHED,4818,7402556201000,4818,8990772567000,7402556188000,13000,0.013000
7402589519000,MATCHED,4819,7402589519000,4819,8990805885000,7402589506000,13000,0.013000
7402622839000,MATCHED,4820,7402622839000,4820,8990839203000,7402622824000,15000,0.015000
7402656157000,MATCHED,4821,7402656157000,4821,8990872523000,7402656144000,13000,0.013000
7402689475000,MATCHED,4822,7402689475000,4822,8990905840000,7402689461000,14000,0.014000
7402722793000,MATCHED,4823,7402722793000,4823,8990939158000,7402722779000,14000,0.014000
7402756116000,MATCHED,4824,7402756116000,4824,8990972477000,7402756098000,18000,0.018000
7402789430000,MATCHED,4825,7402789430000,4825,8991005796000,7402789417000,13000,0.013000
7402822749000,MATCHED,4826,7402822749000,4826,8991039114000,7402822735000,14000,0.014000
7402856066000,MATCHED,4827,7402856066000,4827,8991072434000,7402856055000,11000,0.011000
7402889385000,MATCHED,4828,7402889385000,4828,8991105752000,7402889373000,12000,0.012000
7402922703000,MATCHED,4829,7402922703000,4829,8991139071000,7402922692000,11000,0.011000
7402956023000,MATCHED,4830,7402956023000,4830,8991172388000,7402956009000,14000,0.014000
7402989341000,MATCHED,4831,7402989341000,4831,8991205707000,7402989328000,13000,0.013000
7403022659000,MATCHED,4832,7403022659000,4832,8991239024000,7403022645000,14000,0.014000
7403055978000,MATCHED,4833,7403055978000,4833,8991272343000,7403055964000,14000,0.014000
7403089297000,MATCHED,4834,7403089297000,4834,8991305662000,7403089283000,14000,0.014000
7403122614000,MATCHED,4835,7403122614000,4835,8991338980000,7403122601000,13000,0.013000
7403155934000,MATCHED,4836,7403155934000,4836,8991372299000,7403155920000,14000,0.014000
7403189251000,MATCHED,4837,7403189251000,4837,8991405618000,7403189239000,12000,0.012000
7403222570000,MATCHED,4838,7403222570000,4838,8991438936000,7403222557000,13000,0.013000
7403255890000,MATCHED,4839,7403255890000,4839,8991472255000,7403255876000,14000,0.014000
7403289207000,MATCHED,4840,7403289207000,4840,8991505573000,7403289194000,13000,0.013000
7403322534000,MATCHED,4841,7403322534000,4841,8991538892000,7403322513000,21000,0.021000
7403355844000,MATCHED,4842,7403355844000,4842,8991572210000,7403355831000,13000,0.013000
7403389163000,MATCHED,4843,7403389163000,4843,8991605528000,7403389149000,14000,0.014000
7403422481000,MATCHED,4844,7403422481000,4844,8991638846000,7403422467000,14000,0.014000
7403455800000,MATCHED,4845,7403455800000,4845,8991672166000,7403455787000,13000,0.013000
7403489118000,MATCHED,4846,7403489118000,4846,8991705484000,7403489105000,13000,0.013000
7403522437000,MATCHED,4847,7403522437000,4847,8991738803000,7403522424000,13000,0.013000
7403555755000,MATCHED,4848,7403555755000,4848,8991772121000,7403555742000,13000,0.013000
7403589072000,MATCHED,4849,7403589072000,4849,8991805439000,7403589060000,12000,0.012000
7403622393000,MATCHED,4850,7403622393000,4850,8991838759000,7403622380000,13000,0.013000
7403655710000,MATCHED,4851,7403655710000,4851,8991872076000,7403655697000,13000,0.013000
7403689027000,MATCHED,4852,7403689027000,4852,8991905394000,7403689015000,12000,0.012000
7403722347000,MATCHED,4853,7403722347000,4853,8991938712000,7403722333000,14000,0.014000
7403755667000,MATCHED,4854,7403755667000,4854,8991972031000,7403755652000,15000,0.015000
7403788984000,MATCHED,4855,7403788984000,4855,8992005350000,7403788971000,13000,0.013000
7403822302000,MATCHED,4856,7403822302000,4856,8992038670000,7403822291000,11000,0.011000
7403855622000,MATCHED,4857,7403855622000,4857,8992071987000,7403855608000,14000,0.014000
7403888940000,MATCHED,4858,7403888940000,4858,8992105305000,7403888926000,14000,0.014000
7403922259000,MATCHED,4859,7403922259000,4859,8992138621000,7403922242000,17000,0.017000
7403955578000,MATCHED,4860,7403955578000,4860,8992171938000,7403955559000,19000,0.019000
7403988895000,MATCHED,4861,7403988895000,4861,8992205260000,7403988881000,14000,0.014000
7404022215000,MATCHED,4862,7404022215000,4862,8992238577000,7404022198000,17000,0.017000
7404055533000,MATCHED,4863,7404055533000,4863,8992271896000,7404055517000,16000,0.016000
7404088853000,MATCHED,4864,7404088853000,4864,8992305213000,7404088834000,19000,0.019000
7404122170000,MATCHED,4865,7404122170000,4865,8992338533000,7404122154000,16000,0.016000
7404155487000,MATCHED,4866,7404155487000,4866,8992371851000,7404155472000,15000,0.015000
7404188805000,MATCHED,4867,7404188805000,4867,8992405169000,7404188790000,15000,0.015000
7404222123000,MATCHED,4868,7404222123000,4868,8992438488000,7404222109000,14000,0.014000
7404255442000,MATCHED,4869,7404255442000,4869,8992471806000,7404255427000,15000,0.015000
7404288761000,MATCHED,4870,7404288761000,4870,8992505124000,7404288745000,16000,0.016000
7404322080000,MATCHED,4871,7404322080000,4871,8992538442000,7404322063000,17000,0.017000
7404355401000,MATCHED,4872,7404355401000,4872,8992571760000,7404355381000,20000,0.020000
7404388716000,MATCHED,4873,7404388716000,4873,8992605081000,7404388702000,14000,0.014000
7404422034000,MATCHED,4874,7404422034000,4874,8992638400000,7404422021000,13000,0.013000
7404455352000,MATCHED,4875,7404455352000,4875,8992671719000,7404455340000,12000,0.012000
7404488671000,MATCHED,4876,7404488671000,4876,8992705037000,7404488658000,13000,0.013000
7404521989000,MATCHED,4877,7404521989000,4877,8992738355000,7404521976000,13000,0.013000
7404555311000,MATCHED,4878,7404555311000,4878,8992771674000,7404555295000,16000,0.016000
7404588628000,MATCHED,4879,7404588628000,4879,8992804992000,7404588613000,15000,0.015000
7404621947000,MATCHED,4880,7404621947000,4880,8992838311000,7404621932000,15000,0.015000
7404655264000,MATCHED,4881,7404655264000,4881,8992871629000,7404655250000,14000,0.014000
7404688582000,MATCHED,4882,7404688582000,4882,8992904948000,7404688569000,13000,0.013000
7404721900000,MATCHED,4883,7404721900000,4883,8992938266000,7404721887000,13000,0.013000
7404755219000,MATCHED,4884,7404755219000,4884,8992971585000,7404755206000,13000,0.013000
7404788539000,MATCHED,4885,7404788539000,4885,8993004904000,7404788525000,14000,0.014000
7404821857000,MATCHED,4886,7404821857000,4886,8993038223000,7404821844000,13000,0.013000
7404855174000,MATCHED,4887,7404855174000,4887,8993071541000,7404855162000,12000,0.012000
7404888497000,MATCHED,4888,7404888497000,4888,8993104860000,7404888481000,16000,0.016000
7404921812000,MATCHED,4889,7404921812000,4889,8993138180000,7404921801000,11000,0.011000
7404955129000,MATCHED,4890,7404955129000,4890,8993171497000,7404955118000,11000,0.011000
7404988449000,MATCHED,4891,7404988449000,4891,8993204816000,7404988437000,12000,0.012000
7405021766000,MATCHED,4892,7405021766000,4892,8993238134000,7405021755000,11000,0.011000
7405055087000,MATCHED,4893,7405055087000,4893,8993271452000,7405055073000,14000,0.014000
7405088406000,MATCHED,4894,7405088406000,4894,8993304771000,7405088392000,14000,0.014000
7405121727000,MATCHED,4895,7405121727000,4895,8993338089000,7405121710000,17000,0.017000
7405155044000,MATCHED,4896,7405155044000,4896,8993371407000,7405155028000,16000,0.016000
7405188363000,MATCHED,4897,7405188363000,4897,8993404724000,7405188345000,18000,0.018000
7405221681000,MATCHED,4898,7405221681000,4898,8993438042000,7405221663000,18000,0.018000
7405254999000,MATCHED,4899,7405254999000,4899,8993471363000,7405254984000,15000,0.015000
7405288318000,MATCHED,4900,7405288318000,4900,8993504682000,7405288303000,15000,0.015000
7405321637000,MATCHED,4901,7405321637000,4901,8993538001000,7405321622000,15000,0.015000
7405354955000,MATCHED,4902,7405354955000,4902,8993571318000,7405354939000,16000,0.016000
7405388274000,MATCHED,4903,7405388274000,4903,8993604636000,7405388257000,17000,0.017000
7405421593000,MATCHED,4904,7405421593000,4904,8993637955000,7405421576000,17000,0.017000
7405454910000,MATCHED,4905,7405454910000,4905,8993671273000,7405454894000,16000,0.016000
7405488229000,MATCHED,4906,7405488229000,4906,8993704592000,7405488213000,16000,0.016000
7405521548000,MATCHED,4907,7405521548000,4907,8993737910000,7405521531000,17000,0.017000
7405554865000,MATCHED,4908,7405554865000,4908,8993771229000,7405554850000,15000,0.015000
7405588184000,MATCHED,4909,7405588184000,4909,8993804546000,7405588167000,17000,0.017000
7405621503000,MATCHED,4910,7405621503000,4910,8993837867000,7405621488000,15000,0.015000
7405654821000,MATCHED,4911,7405654821000,4911,8993871183000,7405654804000,17000,0.017000
7405688139000,MATCHED,4912,7405688139000,4912,8993904502000,7405688123000,16000,0.016000
7405721458000,MATCHED,4913,7405721458000,4913,8993937820000,7405721441000,17000,0.017000
7405754777000,MATCHED,4914,7405754777000,4914,8993971139000,7405754760000,17000,0.017000
7405788094000,MATCHED,4915,7405788094000,4915,8994004456000,7405788077000,17000,0.017000
7405821414000,MATCHED,4916,7405821414000,4916,8994037776000,7405821397000,17000,0.017000
7405854732000,MATCHED,4917,7405854732000,4917,8994071094000,7405854715000,17000,0.017000
7405888051000,MATCHED,4918,7405888051000,4918,8994104412000,7405888033000,18000,0.018000
7405921369000,MATCHED,4919,7405921369000,4919,8994137732000,7405921353000,16000,0.016000
7405954686000,MATCHED,4920,7405954686000,4920,8994171049000,7405954670000,16000,0.016000
7405988016000,MATCHED,4921,7405988016000,4921,8994204368000,7405987989000,27000,0.027000
7406021325000,MATCHED,4922,7406021325000,4922,8994237686000,7406021307000,18000,0.018000
7406054642000,MATCHED,4923,7406054642000,4923,8994271005000,7406054626000,16000,0.016000
7406087961000,MATCHED,4924,7406087961000,4924,8994304323000,7406087944000,17000,0.017000
7406121279000,MATCHED,4925,7406121279000,4925,8994337641000,7406121262000,17000,0.017000
7406154598000,MATCHED,4926,7406154598000,4926,8994370961000,7406154582000,16000,0.016000
7406187917000,MATCHED,4927,7406187917000,4927,8994404280000,7406187901000,16000,0.016000
7406221236000,MATCHED,4928,7406221236000,4928,8994437597000,7406221218000,18000,0.018000
7406254554000,MATCHED,4929,7406254554000,4929,8994470916000,7406254537000,17000,0.017000
7406287873000,MATCHED,4930,7406287873000,4930,8994504234000,7406287855000,18000,0.018000
7406321190000,MATCHED,4931,7406321190000,4931,8994537554000,7406321175000,15000,0.015000
7406354509000,MATCHED,4932,7406354509000,4932,8994570872000,7406354493000,16000,0.016000
7406387826000,MATCHED,4933,7406387826000,4933,8994604190000,7406387811000,15000,0.015000
7406421146000,MATCHED,4934,7406421146000,4934,8994637509000,7406421130000,16000,0.016000
7406454465000,MATCHED,4935,7406454465000,4935,8994670827000,7406454448000,17000,0.017000
7406487783000,MATCHED,4936,7406487783000,4936,8994704145000,7406487766000,17000,0.017000
7406521102000,MATCHED,4937,7406521102000,4937,8994737463000,7406521084000,18000,0.018000
7406554420000,MATCHED,4938,7406554420000,4938,8994770783000,7406554404000,16000,0.016000
7406587738000,MATCHED,4939,7406587738000,4939,8994804101000,7406587722000,16000,0.016000
7406621057000,MATCHED,4940,7406621057000,4940,8994837420000,7406621041000,16000,0.016000
7406654374000,MATCHED,4941,7406654374000,4941,8994870739000,7406654360000,14000,0.014000
7406687694000,MATCHED,4942,7406687694000,4942,8994904056000,7406687677000,17000,0.017000
7406721012000,MATCHED,4943,7406721012000,4943,8994937375000,7406720996000,16000,0.016000
7406754331000,MATCHED,4944,7406754331000,4944,8994970693000,7406754314000,17000,0.017000
7406787654000,MATCHED,4945,7406787654000,4945,8995004016000,7406787637000,17000,0.017000
7406820968000,MATCHED,4946,7406820968000,4946,8995037330000,7406820951000,17000,0.017000
7406854285000,MATCHED,4947,7406854285000,4947,8995070649000,7406854270000,15000,0.015000
7406887605000,MATCHED,4948,7406887605000,4948,8995103967000,7406887588000,17000,0.017000
7406920931000,MATCHED,4949,7406920931000,4949,8995137285000,7406920906000,25000,0.025000
7406954241000,MATCHED,4950,7406954241000,4950,8995170605000,7406954226000,15000,0.015000
7406987560000,MATCHED,4951,7406987560000,4951,8995203923000,7406987544000,16000,0.016000
7407020879000,MATCHED,4952,7407020879000,4952,8995237241000,7407020862000,17000,0.017000
7407054197000,MATCHED,4953,7407054197000,4953,8995270560000,7407054181000,16000,0.016000
7407087517000,MATCHED,4954,7407087517000,4954,8995303879000,7407087500000,17000,0.017000
7407120833000,MATCHED,4955,7407120833000,4955,8995337196000,7407120817000,16000,0.016000
7407154153000,MATCHED,4956,7407154153000,4956,8995370516000,7407154137000,16000,0.016000
7407187472000,MATCHED,4957,7407187472000,4957,8995403834000,7407187455000,17000,0.017000
7407220790000,MATCHED,4958,7407220790000,4958,8995437151000,7407220772000,18000,0.018000
7407254109000,MATCHED,4959,7407254109000,4959,8995470472000,7407254093000,16000,0.016000
7407287426000,MATCHED,4960,7407287426000,4960,8995503791000,7407287412000,14000,0.014000
7407320745000,MATCHED,4961,7407320745000,4961,8995537107000,7407320728000,17000,0.017000
7407354063000,MATCHED,4962,7407354063000,4962,8995570426000,7407354047000,16000,0.016000
7407387382000,MATCHED,4963,7407387382000,4963,8995603746000,7407387367000,15000,0.015000
7407420701000,MATCHED,4964,7407420701000,4964,8995637065000,7407420686000,15000,0.015000
7407454019000,MATCHED,4965,7407454019000,4965,8995670383000,7407454004000,15000,0.015000
7407487337000,MATCHED,4966,7407487337000,4966,8995703701000,7407487322000,15000,0.015000
7407520655000,MATCHED,4967,7407520655000,4967,8995737019000,7407520640000,15000,0.015000
7407553974000,MATCHED,4968,7407553974000,4968,8995770338000,7407553959000,15000,0.015000
7407587292000,MATCHED,4969,7407587292000,4969,8995803657000,7407587278000,14000,0.014000
7407620612000,MATCHED,4970,7407620612000,4970,8995836974000,7407620595000,17000,0.017000
7407653929000,MATCHED,4971,7407653929000,4971,8995870292000,7407653913000,16000,0.016000
7407687248000,MATCHED,4972,7407687248000,4972,8995903611000,7407687232000,16000,0.016000
7407720567000,MATCHED,4973,7407720567000,4973,8995936930000,7407720551000,16000,0.016000
7407753884000,MATCHED,4974,7407753884000,4974,8995970248000,7407753869000,15000,0.015000
7407787202000,MATCHED,4975,7407787202000,4975,8996003567000,7407787188000,14000,0.014000
7407820520000,MATCHED,4976,7407820520000,4976,8996036884000,7407820505000,15000,0.015000
7407853839000,MATCHED,4977,7407853839000,4977,8996070203000,7407853824000,15000,0.015000
7407887158000,MATCHED,4978,7407887158000,4978,8996103522000,7407887143000,15000,0.015000
7407920478000,MATCHED,4979,7407920478000,4979,8996136842000,7407920463000,15000,0.015000
7407953795000,MATCHED,4980,7407953795000,4980,8996170157000,7407953778000,17000,0.017000
7407987114000,MATCHED,4981,7407987114000,4981,8996203477000,7407987098000,16000,0.016000
7408020434000,MATCHED,4982,7408020434000,4982,8996236794000,7408020415000,19000,0.019000
7408053753000,MATCHED,4983,7408053753000,4983,8996270115000,7408053736000,17000,0.017000
7408087068000,MATCHED,4984,7408087068000,4984,8996303432000,7408087053000,15000,0.015000
7408120386000,MATCHED,4985,7408120386000,4985,8996336750000,7408120371000,15000,0.015000
7408153705000,MATCHED,4986,7408153705000,4986,8996370069000,7408153690000,15000,0.015000
7408187024000,MATCHED,4987,7408187024000,4987,8996403387000,7408187008000,16000,0.016000
7408220343000,MATCHED,4988,7408220343000,4988,8996436706000,7408220327000,16000,0.016000
7408253660000,MATCHED,4989,7408253660000,4989,8996470024000,7408253645000,15000,0.015000
7408286979000,MATCHED,4990,7408286979000,4990,8996503343000,7408286964000,15000,0.015000
7408320298000,MATCHED,4991,7408320298000,4991,8996536662000,7408320283000,15000,0.015000
7408353617000,MATCHED,4992,7408353617000,4992,8996569980000,7408353601000,16000,0.016000
7408386936000,MATCHED,4993,7408386936000,4993,8996603299000,7408386920000,16000,0.016000
7408420255000,MATCHED,4994,7408420255000,4994,8996636620000,7408420241000,14000,0.014000
7408453572000,MATCHED,4995,7408453572000,4995,8996669936000,7408453557000,15000,0.015000
7408486892000,MATCHED,4996,7408486892000,4996,8996703253000,7408486874000,18000,0.018000
7408520211000,MATCHED,4997,7408520211000,4997,8996736572000,7408520193000,18000,0.018000
7408553535000,MATCHED,4998,7408553535000,4998,8996769891000,7408553512000,23000,0.023000
7408586846000,MATCHED,4999,7408586846000,4999,8996803209000,7408586830000,16000,0.016000
7408620166000,MATCHED,5000,7408620166000,5000,8996836528000,7408620149000,17000,0.017000
7408653483000,MATCHED,5001,7408653483000,5001,8996869847000,7408653468000,15000,0.015000
7408686802000,MATCHED,5002,7408686802000,5002,8996903165000,7408686786000,16000,0.016000
7408720123000,MATCHED,5003,7408720123000,5003,8996936483000,7408720104000,19000,0.019000
7408753438000,MATCHED,5004,7408753438000,5004,8996969802000,7408753423000,15000,0.015000
7408786757000,MATCHED,5005,7408786757000,5005,8997003121000,7408786742000,15000,0.015000
7408820075000,MATCHED,5006,7408820075000,5006,8997036439000,7408820060000,15000,0.015000
7408853393000,MATCHED,5007,7408853393000,5007,8997069758000,7408853379000,14000,0.014000
7408886712000,MATCHED,5008,7408886712000,5008,8997103075000,7408886696000,16000,0.016000
7408920030000,MATCHED,5009,7408920030000,5009,8997136394000,7408920015000,15000,0.015000
7408953349000,MATCHED,5010,7408953349000,5010,8997169713000,7408953334000,15000,0.015000
7408986668000,MATCHED,5011,7408986668000,5011,8997203032000,7408986653000,15000,0.015000
7409019987000,MATCHED,5012,7409019987000,5012,8997236350000,7409019971000,16000,0.016000
7409053304000,MATCHED,5013,7409053304000,5013,8997269668000,7409053289000,15000,0.015000
7409086624000,MATCHED,5014,7409086624000,5014,8997302986000,7409086607000,17000,0.017000
7409119942000,MATCHED,5015,7409119942000,5015,8997336305000,7409119926000,16000,0.016000
7409153262000,MATCHED,5016,7409153262000,5016,8997369624000,7409153245000,17000,0.017000
7409186579000,MATCHED,5017,7409186579000,5017,8997402945000,7409186566000,13000,0.013000
7409219898000,MATCHED,5018,7409219898000,5018,8997436261000,7409219882000,16000,0.016000
7409253216000,MATCHED,5019,7409253216000,5019,8997469580000,7409253201000,15000,0.015000
7409286534000,MATCHED,5020,7409286534000,5020,8997502897000,7409286518000,16000,0.016000
7409319853000,MATCHED,5021,7409319853000,5021,8997536216000,7409319837000,16000,0.016000
7409353172000,MATCHED,5022,7409353172000,5022,8997569534000,7409353155000,17000,0.017000
7409386491000,MATCHED,5023,7409386491000,5023,8997602852000,7409386473000,18000,0.018000
7409419810000,MATCHED,5024,7409419810000,5024,8997636172000,7409419793000,17000,0.017000
7409453127000,MATCHED,5025,7409453127000,5025,8997669490000,7409453111000,16000,0.016000
7409486447000,MATCHED,5026,7409486447000,5026,8997702808000,7409486429000,18000,0.018000
7409519765000,MATCHED,5027,7409519765000,5027,8997736128000,7409519749000,16000,0.016000
7409553083000,MATCHED,5028,7409553083000,5028,8997769446000,7409553067000,16000,0.016000
7409586405000,MATCHED,5029,7409586405000,5029,8997802763000,7409586384000,21000,0.021000
7409619725000,MATCHED,5030,7409619725000,5030,8997836082000,7409619703000,22000,0.022000
7409653040000,MATCHED,5031,7409653040000,5031,8997869400000,7409653021000,19000,0.019000
7409686356000,MATCHED,5032,7409686356000,5032,8997902718000,7409686339000,17000,0.017000
7409719674000,MATCHED,5033,7409719674000,5033,8997936037000,7409719658000,16000,0.016000
7409752993000,MATCHED,5034,7409752993000,5034,8997969356000,7409752977000,16000,0.016000
7409786312000,MATCHED,5035,7409786312000,5035,8998002673000,7409786294000,18000,0.018000
7409819631000,MATCHED,5036,7409819631000,5036,8998035993000,7409819614000,17000,0.017000
7409852949000,MATCHED,5037,7409852949000,5037,8998069312000,7409852933000,16000,0.016000
7409886267000,MATCHED,5038,7409886267000,5038,8998102629000,7409886250000,17000,0.017000
7409919586000,MATCHED,5039,7409919586000,5039,8998135948000,7409919569000,17000,0.017000
7409952904000,MATCHED,5040,7409952904000,5040,8998169267000,7409952888000,16000,0.016000
7409986223000,MATCHED,5041,7409986223000,5041,8998202585000,7409986206000,17000,0.017000
7410019539000,MATCHED,5042,7410019539000,5042,8998235901000,7410019522000,17000,0.017000
7410052865000,MATCHED,5043,7410052865000,5043,8998269222000,7410052843000,22000,0.022000
7410086178000,MATCHED,5044,7410086178000,5044,8998302540000,7410086161000,17000,0.017000
7410119497000,MATCHED,5045,7410119497000,5045,8998335859000,7410119480000,17000,0.017000
7410152814000,MATCHED,5046,7410152814000,5046,8998369177000,7410152798000,16000,0.016000
7410186132000,MATCHED,5047,7410186132000,5047,8998402495000,7410186116000,16000,0.016000
7410219451000,MATCHED,5048,7410219451000,5048,8998435814000,7410219435000,16000,0.016000
7410252770000,MATCHED,5049,7410252770000,5049,8998469133000,7410252754000,16000,0.016000
7410286089000,MATCHED,5050,7410286089000,5050,8998502452000,7410286073000,16000,0.016000
7410319409000,MATCHED,5051,7410319409000,5051,8998535771000,7410319392000,17000,0.017000
7410352726000,MATCHED,5052,7410352726000,5052,8998569089000,7410352710000,16000,0.016000
7410386045000,MATCHED,5053,7410386045000,5053,8998602406000,7410386027000,18000,0.018000
7410419363000,MATCHED,5054,7410419363000,5054,8998635725000,7410419346000,17000,0.017000
7410452682000,MATCHED,5055,7410452682000,5055,8998669044000,7410452665000,17000,0.017000
7410486003000,MATCHED,5056,7410486003000,5056,8998702362000,7410485983000,20000,0.020000
7410519320000,MATCHED,5057,7410519320000,5057,8998735681000,7410519302000,18000,0.018000
7410552636000,MATCHED,5058,7410552636000,5058,8998769000000,7410552621000,15000,0.015000
7410585955000,MATCHED,5059,7410585955000,5059,8998802319000,7410585940000,15000,0.015000
7410619279000,MATCHED,5060,7410619279000,5060,8998835637000,7410619258000,21000,0.021000
7410652591000,MATCHED,5061,7410652591000,5061,8998868954000,7410652575000,16000,0.016000
7410685909000,MATCHED,5062,7410685909000,5062,8998902274000,7410685895000,14000,0.014000
7410719230000,MATCHED,5063,7410719230000,5063,8998935592000,7410719213000,17000,0.017000
7410752547000,MATCHED,5064,7410752547000,5064,8998968911000,7410752532000,15000,0.015000
7410785866000,MATCHED,5065,7410785866000,5065,8999002229000,7410785850000,16000,0.016000
7410819185000,MATCHED,5066,7410819185000,5066,8999035548000,7410819169000,16000,0.016000
7410852503000,MATCHED,5067,7410852503000,5067,8999068866000,7410852487000,16000,0.016000
7410885822000,MATCHED,5068,7410885822000,5068,8999102185000,7410885806000,16000,0.016000
7410919139000,MATCHED,5069,7410919139000,5069,8999135503000,7410919124000,15000,0.015000
7410952458000,MATCHED,5070,7410952458000,5070,8999168821000,7410952442000,16000,0.016000
7410985776000,MATCHED,5071,7410985776000,5071,8999202140000,7410985761000,15000,0.015000
7411019095000,MATCHED,5072,7411019095000,5072,8999235457000,7411019078000,17000,0.017000
7411052413000,MATCHED,5073,7411052413000,5073,8999268777000,7411052398000,15000,0.015000
7411085732000,MATCHED,5074,7411085732000,5074,8999302094000,7411085715000,17000,0.017000
7411119050000,MATCHED,5075,7411119050000,5075,8999335413000,7411119034000,16000,0.016000
7411152368000,MATCHED,5076,7411152368000,5076,8999368732000,7411152353000,15000,0.015000
7411185690000,MATCHED,5077,7411185690000,5077,8999402050000,7411185671000,19000,0.019000
7411219009000,MATCHED,5078,7411219009000,5078,8999435368000,7411218989000,20000,0.020000
7411252324000,MATCHED,5079,7411252324000,5079,8999468687000,7411252308000,16000,0.016000
7411285643000,MATCHED,5080,7411285643000,5080,8999502005000,7411285626000,17000,0.017000
7411318960000,MATCHED,5081,7411318960000,5081,8999535324000,7411318945000,15000,0.015000
7411352279000,MATCHED,5082,7411352279000,5082,8999568642000,7411352263000,16000,0.016000
7411385597000,MATCHED,5083,7411385597000,5083,8999601960000,7411385581000,16000,0.016000
7411418916000,MATCHED,5084,7411418916000,5084,8999635279000,7411418900000,16000,0.016000
7411452236000,MATCHED,5085,7411452236000,5085,8999668597000,7411452218000,18000,0.018000
7411485554000,MATCHED,5086,7411485554000,5086,8999701917000,7411485538000,16000,0.016000
7411518874000,MATCHED,5087,7411518874000,5087,8999735235000,7411518856000,18000,0.018000
7411552193000,MATCHED,5088,7411552193000,5088,8999768553000,7411552174000,19000,0.019000
7411585512000,MATCHED,5089,7411585512000,5089,8999801872000,7411585493000,19000,0.019000
7411618827000,MATCHED,5090,7411618827000,5090,8999835189000,7411618810000,17000,0.017000
7411652147000,MATCHED,5091,7411652147000,5091,8999868508000,7411652129000,18000,0.018000
7411685464000,MATCHED,5092,7411685464000,5092,8999901827000,7411685448000,16000,0.016000
7411718786000,MATCHED,5093,7411718786000,5093,8999935145000,7411718766000,20000,0.020000
7411752101000,MATCHED,5094,7411752101000,5094,8999968464000,7411752085000,16000,0.016000
7411785419000,MATCHED,5095,7411785419000,5095,9000001783000,7411785404000,15000,0.015000
7411818737000,MATCHED,5096,7411818737000,5096,9000035101000,7411818722000,15000,0.015000
7411852056000,MATCHED,5097,7411852056000,5097,9000068419000,7411852040000,16000,0.016000
7411885374000,MATCHED,5098,7411885374000,5098,9000101738000,7411885359000,15000,0.015000
7411918695000,MATCHED,5099,7411918695000,5099,9000135056000,7411918677000,18000,0.018000
7411952014000,MATCHED,5100,7411952014000,5100,9000168376000,7411951997000,17000,0.017000
7411985330000,MATCHED,5101,7411985330000,5101,9000201693000,7411985314000,16000,0.016000
7412018649000,MATCHED,5102,7412018649000,5102,9000235010000,7412018631000,18000,0.018000
7412051968000,MATCHED,5103,7412051968000,5103,9000268330000,7412051951000,17000,0.017000
7412085289000,MATCHED,5104,7412085289000,5104,9000301648000,7412085269000,20000,0.020000
7412118605000,MATCHED,5105,7412118605000,5105,9000334966000,7412118587000,18000,0.018000
7412151922000,MATCHED,5106,7412151922000,5106,9000368285000,7412151906000,16000,0.016000
7412185240000,MATCHED,5107,7412185240000,5107,9000401604000,7412185225000,15000,0.015000
7412218559000,MATCHED,5108,7412218559000,5108,9000434922000,7412218543000,16000,0.016000
7412251878000,MATCHED,5109,7412251878000,5109,9000468240000,7412251861000,17000,0.017000
7412285196000,MATCHED,5110,7412285196000,5110,9000501559000,7412285180000,16000,0.016000
7412318517000,MATCHED,5111,7412318517000,5111,9000534877000,7412318498000,19000,0.019000
7412351836000,MATCHED,5112,7412351836000,5112,9000568196000,7412351817000,19000,0.019000
7412385153000,MATCHED,5113,7412385153000,5113,9000601514000,7412385135000,18000,0.018000
7412418470000,MATCHED,5114,7412418470000,5114,9000634832000,7412418453000,17000,0.017000
7412451789000,MATCHED,5115,7412451789000,5115,9000668151000,7412451772000,17000,0.017000
7412485108000,MATCHED,5116,7412485108000,5116,9000701470000,7412485091000,17000,0.017000
7412518426000,MATCHED,5117,7412518426000,5117,9000734789000,7412518410000,16000,0.016000
7412551745000,MATCHED,5118,7412551745000,5118,9000768107000,7412551728000,17000,0.017000
7412585064000,MATCHED,5119,7412585064000,5119,9000801425000,7412585046000,18000,0.018000
7412618383000,MATCHED,5120,7412618383000,5120,9000834745000,7412618366000,17000,0.017000
7412651702000,MATCHED,5121,7412651702000,5121,9000868062000,7412651683000,19000,0.019000
7412685019000,MATCHED,5122,7412685019000,5122,9000901381000,7412685002000,17000,0.017000
7412718338000,MATCHED,5123,7412718338000,5123,9000934700000,7412718321000,17000,0.017000
7412751660000,MATCHED,5124,7412751660000,5124,9000968018000,7412751639000,21000,0.021000
7412784974000,MATCHED,5125,7412784974000,5125,9001001336000,7412784957000,17000,0.017000
7412818293000,MATCHED,5126,7412818293000,5126,9001034655000,7412818276000,17000,0.017000
7412851611000,MATCHED,5127,7412851611000,5127,9001067974000,7412851595000,16000,0.016000
7412884929000,MATCHED,5128,7412884929000,5128,9001101292000,7412884913000,16000,0.016000
7412918248000,MATCHED,5129,7412918248000,5129,9001134611000,7412918232000,16000,0.016000
7412951567000,MATCHED,5130,7412951567000,5130,9001167930000,7412951551000,16000,0.016000
7412984885000,MATCHED,5131,7412984885000,5131,9001201248000,7412984869000,16000,0.016000
7413018204000,MATCHED,5132,7413018204000,5132,9001234567000,7413018188000,16000,0.016000
7413051523000,MATCHED,5133,7413051523000,5133,9001267886000,7413051507000,16000,0.016000
7413084841000,MATCHED,5134,7413084841000,5134,9001301203000,7413084824000,17000,0.017000
7413118160000,MATCHED,5135,7413118160000,5135,9001334522000,7413118143000,17000,0.017000
7413151478000,MATCHED,5136,7413151478000,5136,9001367839000,7413151460000,18000,0.018000
7413184796000,MATCHED,5137,7413184796000,5137,9001401158000,7413184779000,17000,0.017000
7413218125000,MATCHED,5138,7413218125000,5138,9001434476000,7413218097000,28000,0.028000
7413251433000,MATCHED,5139,7413251433000,5139,9001467796000,7413251417000,16000,0.016000
7413284751000,MATCHED,5140,7413284751000,5140,9001501114000,7413284735000,16000,0.016000
7413318070000,MATCHED,5141,7413318070000,5141,9001534433000,7413318054000,16000,0.016000
7413351389000,MATCHED,5142,7413351389000,5142,9001567752000,7413351373000,16000,0.016000
7413384706000,MATCHED,5143,7413384706000,5143,9001601070000,7413384691000,15000,0.015000
7413418025000,MATCHED,5144,7413418025000,5144,9001634388000,7413418009000,16000,0.016000
7413451343000,MATCHED,5145,7413451343000,5145,9001667706000,7413451327000,16000,0.016000
7413484662000,MATCHED,5146,7413484662000,5146,9001701025000,7413484646000,16000,0.016000
7413517981000,MATCHED,5147,7413517981000,5147,9001734344000,7413517965000,16000,0.016000
7413551299000,MATCHED,5148,7413551299000,5148,9001767662000,7413551283000,16000,0.016000
7413584618000,MATCHED,5149,7413584618000,5149,9001800981000,7413584602000,16000,0.016000
7413617938000,MATCHED,5150,7413617938000,5150,9001834299000,7413617920000,18000,0.018000
7413651257000,MATCHED,5151,7413651257000,5151,9001867617000,7413651238000,19000,0.019000
7413684574000,MATCHED,5152,7413684574000,5152,9001900937000,7413684558000,16000,0.016000
7413717891000,MATCHED,5153,7413717891000,5153,9001934254000,7413717875000,16000,0.016000
7413751209000,MATCHED,5154,7413751209000,5154,9001967572000,7413751193000,16000,0.016000
7413784527000,MATCHED,5155,7413784527000,5155,9002000891000,7413784512000,15000,0.015000
7413817847000,MATCHED,5156,7413817847000,5156,9002034209000,7413817830000,17000,0.017000
7413851165000,MATCHED,5157,7413851165000,5157,9002067527000,7413851148000,17000,0.017000
7413884483000,MATCHED,5158,7413884483000,5158,9002100847000,7413884468000,15000,0.015000
7413917801000,MATCHED,5159,7413917801000,5159,9002134165000,7413917786000,15000,0.015000
7413951122000,MATCHED,5160,7413951122000,5160,9002167483000,7413951104000,18000,0.018000
7413984440000,MATCHED,5161,7413984440000,5161,9002200803000,7413984424000,16000,0.016000
7414017755000,MATCHED,5162,7414017755000,5162,9002234119000,7414017740000,15000,0.015000
7414051076000,MATCHED,5163,7414051076000,5163,9002267439000,7414051060000,16000,0.016000
7414084395000,MATCHED,5164,7414084395000,5164,9002300757000,7414084378000,17000,0.017000
7414117713000,MATCHED,5165,7414117713000,5165,9002334075000,7414117696000,17000,0.017000
7414151033000,MATCHED,5166,7414151033000,5166,9002367394000,7414151015000,18000,0.018000
7414184350000,MATCHED,5167,7414184350000,5167,9002400713000,7414184334000,16000,0.016000
7414217671000,MATCHED,5168,7414217671000,5168,9002434031000,7414217652000,19000,0.019000
7414250991000,MATCHED,5169,7414250991000,5169,9002467350000,7414250971000,20000,0.020000
7414284307000,MATCHED,5170,7414284307000,5170,9002500668000,7414284289000,18000,0.018000
7414317624000,MATCHED,5171,7414317624000,5171,9002533988000,7414317609000,15000,0.015000
7414350942000,MATCHED,5172,7414350942000,5172,9002567305000,7414350926000,16000,0.016000
7414384261000,MATCHED,5173,7414384261000,5173,9002600624000,7414384245000,16000,0.016000
7414417580000,MATCHED,5174,7414417580000,5174,9002633943000,7414417564000,16000,0.016000
7414450896000,MATCHED,5175,7414450896000,5175,9002667261000,7414450882000,14000,0.014000
7414484217000,MATCHED,5176,7414484217000,5176,9002700579000,7414484200000,17000,0.017000
7414517535000,MATCHED,5177,7414517535000,5177,9002733898000,7414517519000,16000,0.016000
7414550855000,MATCHED,5178,7414550855000,5178,9002767216000,7414550837000,18000,0.018000
7414584173000,MATCHED,5179,7414584173000,5179,9002800534000,7414584155000,18000,0.018000
7414617490000,MATCHED,5180,7414617490000,5180,9002833853000,7414617474000,16000,0.016000
7414650809000,MATCHED,5181,7414650809000,5181,9002867172000,7414650793000,16000,0.016000
7414684127000,MATCHED,5182,7414684127000,5182,9002900490000,7414684111000,16000,0.016000
7414717445000,MATCHED,5183,7414717445000,5183,9002933808000,7414717429000,16000,0.016000
7414750764000,MATCHED,5184,7414750764000,5184,9002967127000,7414750748000,16000,0.016000
7414784081000,MATCHED,5185,7414784081000,5185,9003000445000,7414784066000,15000,0.015000
7414817402000,MATCHED,5186,7414817402000,5186,9003033763000,7414817384000,18000,0.018000
7414850720000,MATCHED,5187,7414850720000,5187,9003067082000,7414850703000,17000,0.017000
7414884039000,MATCHED,5188,7414884039000,5188,9003100401000,7414884022000,17000,0.017000
7414917357000,MATCHED,5189,7414917357000,5189,9003133719000,7414917340000,17000,0.017000
7414950675000,MATCHED,5190,7414950675000,5190,9003167038000,7414950659000,16000,0.016000
7414983993000,MATCHED,5191,7414983993000,5191,9003200356000,7414983977000,16000,0.016000
7415017312000,MATCHED,5192,7415017312000,5192,9003233675000,7415017296000,16000,0.016000
7415050631000,MATCHED,5193,7415050631000,5193,9003266994000,7415050615000,16000,0.016000
7415083951000,MATCHED,5194,7415083951000,5194,9003300311000,7415083932000,19000,0.019000
7415117268000,MATCHED,5195,7415117268000,5195,9003333630000,7415117251000,17000,0.017000
7415150586000,MATCHED,5196,7415150586000,5196,9003366949000,7415150570000,16000,0.016000
7415183905000,MATCHED,5197,7415183905000,5197,9003400267000,7415183888000,17000,0.017000
7415217223000,MATCHED,5198,7415217223000,5198,9003433586000,7415217207000,16000,0.016000
7415250541000,MATCHED,5199,7415250541000,5199,9003466904000,7415250525000,16000,0.016000
7415283860000,MATCHED,5200,7415283860000,5200,9003500223000,7415283844000,16000,0.016000
7415317180000,MATCHED,5201,7415317180000,5201,9003533541000,7415317162000,18000,0.018000
7415350497000,MATCHED,5202,7415350497000,5202,9003566859000,7415350480000,17000,0.017000
7415383815000,MATCHED,5203,7415383815000,5203,9003600178000,7415383799000,16000,0.016000
7415417133000,MATCHED,5204,7415417133000,5204,9003633497000,7415417118000,15000,0.015000
7415450452000,MATCHED,5205,7415450452000,5205,9003666815000,7415450436000,16000,0.016000
7415483771000,MATCHED,5206,7415483771000,5206,9003700134000,7415483755000,16000,0.016000
7415517090000,MATCHED,5207,7415517090000,5207,9003733452000,7415517073000,17000,0.017000
7415550408000,MATCHED,5208,7415550408000,5208,9003766770000,7415550391000,17000,0.017000
7415583726000,MATCHED,5209,7415583726000,5209,9003800089000,7415583710000,16000,0.016000
7415617044000,MATCHED,5210,7415617044000,5210,9003833407000,7415617028000,16000,0.016000
7415650363000,MATCHED,5211,7415650363000,5211,9003866726000,7415650347000,16000,0.016000
7415683681000,MATCHED,5212,7415683681000,5212,9003900044000,7415683665000,16000,0.016000
7415717000000,MATCHED,5213,7415717000000,5213,9003933363000,7415716984000,16000,0.016000
7415750321000,MATCHED,5214,7415750321000,5214,9003966681000,7415750302000,19000,0.019000
7415783637000,MATCHED,5215,7415783637000,5215,9003999999000,7415783620000,17000,0.017000
7415816954000,MATCHED,5216,7415816954000,5216,9004033317000,7415816938000,16000,0.016000
7415850273000,MATCHED,5217,7415850273000,5217,9004066636000,7415850257000,16000,0.016000
7415883593000,MATCHED,5218,7415883593000,5218,9004099955000,7415883576000,17000,0.017000
7415916911000,MATCHED,5219,7415916911000,5219,9004133274000,7415916895000,16000,0.016000
7415950229000,MATCHED,5220,7415950229000,5220,9004166592000,7415950213000,16000,0.016000
7415983551000,MATCHED,5221,7415983551000,5221,9004199911000,7415983532000,19000,0.019000
7416016866000,MATCHED,5222,7416016866000,5222,9004233227000,7416016848000,18000,0.018000
7416050185000,MATCHED,5223,7416050185000,5223,9004266548000,7416050169000,16000,0.016000
7416083503000,MATCHED,5224,7416083503000,5224,9004299865000,7416083486000,17000,0.017000
7416116821000,MATCHED,5225,7416116821000,5225,9004333184000,7416116805000,16000,0.016000
7416150139000,MATCHED,5226,7416150139000,5226,9004366503000,7416150124000,15000,0.015000
7416183459000,MATCHED,5227,7416183459000,5227,9004399821000,7416183442000,17000,0.017000
7416216778000,MATCHED,5228,7416216778000,5228,9004433140000,7416216761000,17000,0.017000
7416250099000,MATCHED,5229,7416250099000,5229,9004466458000,7416250079000,20000,0.020000
7416283415000,MATCHED,5230,7416283415000,5230,9004499777000,7416283398000,17000,0.017000
7416316732000,MATCHED,5231,7416316732000,5231,9004533095000,7416316716000,16000,0.016000
7416350055000,MATCHED,5232,7416350055000,5232,9004566415000,7416350036000,19000,0.019000
7416383369000,MATCHED,5233,7416383369000,5233,9004599733000,7416383354000,15000,0.015000
7416416687000,MATCHED,5234,7416416687000,5234,9004633051000,7416416672000,15000,0.015000
7416450005000,MATCHED,5235,7416450005000,5235,9004666370000,7416449991000,14000,0.014000
7416483324000,MATCHED,5236,7416483324000,5236,9004699688000,7416483309000,15000,0.015000
7416516644000,MATCHED,5237,7416516644000,5237,9004733006000,7416516627000,17000,0.017000
7416549964000,MATCHED,5238,7416549964000,5238,9004766324000,7416549945000,19000,0.019000
7416583283000,MATCHED,5239,7416583283000,5239,9004799645000,7416583266000,17000,0.017000
7416616598000,MATCHED,5240,7416616598000,5240,9004832963000,7416616584000,14000,0.014000
7416649918000,MATCHED,5241,7416649918000,5241,9004866281000,7416649902000,16000,0.016000
7416683236000,MATCHED,5242,7416683236000,5242,9004899599000,7416683220000,16000,0.016000
7416716554000,MATCHED,5243,7416716554000,5243,9004932916000,7416716537000,17000,0.017000
7416749872000,MATCHED,5244,7416749872000,5244,9004966236000,7416749857000,15000,0.015000
7416783190000,MATCHED,5245,7416783190000,5245,9004999554000,7416783175000,15000,0.015000
7416816511000,MATCHED,5246,7416816511000,5246,9005032872000,7416816493000,18000,0.018000
7416849828000,MATCHED,5247,7416849828000,5247,9005066191000,7416849812000,16000,0.016000
7416883148000,MATCHED,5248,7416883148000,5248,9005099509000,7416883130000,18000,0.018000
7416916464000,MATCHED,5249,7416916464000,5249,9005132828000,7416916449000,15000,0.015000
7416949782000,MATCHED,5250,7416949782000,5250,9005166147000,7416949768000,14000,0.014000
7416983102000,MATCHED,5251,7416983102000,5251,9005199465000,7416983086000,16000,0.016000
7417016421000,MATCHED,5252,7417016421000,5252,9005232783000,7417016404000,17000,0.017000
7417049739000,MATCHED,5253,7417049739000,5253,9005266102000,7417049723000,16000,0.016000
7417083057000,MATCHED,5254,7417083057000,5254,9005299420000,7417083041000,16000,0.016000
7417116376000,MATCHED,5255,7417116376000,5255,9005332739000,7417116360000,16000,0.016000
7417149695000,MATCHED,5256,7417149695000,5256,9005366057000,7417149678000,17000,0.017000
7417183013000,MATCHED,5257,7417183013000,5257,9005399375000,7417182996000,17000,0.017000
7417216330000,MATCHED,5258,7417216330000,5258,9005432694000,7417216315000,15000,0.015000
7417249647000,MATCHED,5259,7417249647000,5259,9005466013000,7417249634000,13000,0.013000
7417282969000,MATCHED,5260,7417282969000,5260,9005499331000,7417282952000,17000,0.017000
7417316287000,MATCHED,5261,7417316287000,5261,9005532650000,7417316271000,16000,0.016000
7417349604000,MATCHED,5262,7417349604000,5262,9005565969000,7417349590000,14000,0.014000
7417382922000,MATCHED,5263,7417382922000,5263,9005599285000,7417382906000,16000,0.016000
7417416242000,MATCHED,5264,7417416242000,5264,9005632604000,7417416225000,17000,0.017000
7417449560000,MATCHED,5265,7417449560000,5265,9005665923000,7417449544000,16000,0.016000
7417482879000,MATCHED,5266,7417482879000,5266,9005699242000,7417482863000,16000,0.016000
7417516197000,MATCHED,5267,7417516197000,5267,9005732560000,7417516181000,16000,0.016000
7417549517000,MATCHED,5268,7417549517000,5268,9005765879000,7417549500000,17000,0.017000
7417582833000,MATCHED,5269,7417582833000,5269,9005799197000,7417582818000,15000,0.015000
7417616155000,MATCHED,5270,7417616155000,5270,9005832516000,7417616137000,18000,0.018000
7417649471000,MATCHED,5271,7417649471000,5271,9005865834000,7417649455000,16000,0.016000
7417682789000,MATCHED,5272,7417682789000,5272,9005899153000,7417682774000,15000,0.015000
7417716109000,MATCHED,5273,7417716109000,5273,9005932472000,7417716093000,16000,0.016000
7417749426000,MATCHED,5274,7417749426000,5274,9005965790000,7417749411000,15000,0.015000
7417782747000,MATCHED,5275,7417782747000,5275,9005999109000,7417782730000,17000,0.017000
7417816064000,MATCHED,5276,7417816064000,5276,9006032427000,7417816048000,16000,0.016000
7417849382000,MATCHED,5277,7417849382000,5277,9006065745000,7417849366000,16000,0.016000
7417882701000,MATCHED,5278,7417882701000,5278,9006099064000,7417882685000,16000,0.016000
7417916019000,MATCHED,5279,7417916019000,5279,9006132382000,7417916003000,16000,0.016000
7417949338000,MATCHED,5280,7417949338000,5280,9006165701000,7417949322000,16000,0.016000
7417982655000,MATCHED,5281,7417982655000,5281,9006199020000,7417982641000,14000,0.014000
7418015974000,MATCHED,5282,7418015974000,5282,9006232337000,7418015958000,16000,0.016000
7418049292000,MATCHED,5283,7418049292000,5283,9006265664000,7418049285000,7000,0.007000
7418082610000,MATCHED,5284,7418082610000,5284,9006298974000,7418082595000,15000,0.015000
7418115928000,MATCHED,5285,7418115928000,5285,9006332292000,7418115913000,15000,0.015000
7418149246000,MATCHED,5286,7418149246000,5286,9006365610000,7418149231000,15000,0.015000
7418182567000,MATCHED,5287,7418182567000,5287,9006398928000,7418182549000,18000,0.018000
7418215884000,MATCHED,5288,7418215884000,5288,9006432247000,7418215868000,16000,0.016000
7418249204000,MATCHED,5289,7418249204000,5289,9006465566000,7418249187000,17000,0.017000
7418282522000,MATCHED,5290,7418282522000,5290,9006498884000,7418282505000,17000,0.017000
7418315840000,MATCHED,5291,7418315840000,5291,9006532203000,7418315824000,16000,0.016000
7418349157000,MATCHED,5292,7418349157000,5292,9006565521000,7418349142000,15000,0.015000
7418382477000,MATCHED,5293,7418382477000,5293,9006598840000,7418382461000,16000,0.016000
7418415795000,MATCHED,5294,7418415795000,5294,9006632158000,7418415779000,16000,0.016000
7418449115000,MATCHED,5295,7418449115000,5295,9006665477000,7418449098000,17000,0.017000
7418482432000,MATCHED,5296,7418482432000,5296,9006698795000,7418482416000,16000,0.016000
7418515757000,MATCHED,5297,7418515757000,5297,9006732113000,7418515734000,23000,0.023000
7418549069000,MATCHED,5298,7418549069000,5298,9006765431000,7418549052000,17000,0.017000
7418582389000,MATCHED,5299,7418582389000,5299,9006798752000,7418582373000,16000,0.016000
7418615709000,MATCHED,5300,7418615709000,5300,9006832069000,7418615690000,19000,0.019000
7418649027000,MATCHED,5301,7418649027000,5301,9006865388000,7418649009000,18000,0.018000
7418682345000,MATCHED,5302,7418682345000,5302,9006898707000,7418682328000,17000,0.017000
7418715664000,MATCHED,5303,7418715664000,5303,9006932027000,7418715648000,16000,0.016000
7418748982000,MATCHED,5304,7418748982000,5304,9006965344000,7418748965000,17000,0.017000
7418782306000,MATCHED,5305,7418782306000,5305,9006998663000,7418782284000,22000,0.022000
7418815619000,MATCHED,5306,7418815619000,5306,9007031981000,7418815602000,17000,0.017000
7418848936000,MATCHED,5307,7418848936000,5307,9007065300000,7418848921000,15000,0.015000
7418882256000,MATCHED,5308,7418882256000,5308,9007098618000,7418882239000,17000,0.017000
7418915574000,MATCHED,5309,7418915574000,5309,9007131936000,7418915557000,17000,0.017000
7418948892000,MATCHED,5310,7418948892000,5310,9007165254000,7418948875000,17000,0.017000
7418982211000,MATCHED,5311,7418982211000,5311,9007198573000,7418982194000,17000,0.017000
7419015529000,MATCHED,5312,7419015529000,5312,9007231892000,7419015513000,16000,0.016000
7419048848000,MATCHED,5313,7419048848000,5313,9007265210000,7419048831000,17000,0.017000
7419082166000,MATCHED,5314,7419082166000,5314,9007298529000,7419082150000,16000,0.016000
7419115484000,MATCHED,5315,7419115484000,5315,9007331847000,7419115468000,16000,0.016000
7419148803000,MATCHED,5316,7419148803000,5316,9007365166000,7419148787000,16000,0.016000
7419182121000,MATCHED,5317,7419182121000,5317,9007398484000,7419182105000,16000,0.016000
7419215441000,MATCHED,5318,7419215441000,5318,9007431802000,7419215423000,18000,0.018000
7419248759000,MATCHED,5319,7419248759000,5319,9007465121000,7419248742000,17000,0.017000
7419282076000,MATCHED,5320,7419282076000,5320,9007498440000,7419282061000,15000,0.015000
7419315394000,MATCHED,5321,7419315394000,5321,9007531758000,7419315379000,15000,0.015000
7419348718000,MATCHED,5322,7419348718000,5322,9007565076000,7419348697000,21000,0.021000
7419382032000,MATCHED,5323,7419382032000,5323,9007598394000,7419382015000,17000,0.017000
7419415353000,MATCHED,5324,7419415353000,5324,9007631714000,7419415335000,18000,0.018000
7419448669000,MATCHED,5325,7419448669000,5325,9007665034000,7419448655000,14000,0.014000
7419481987000,MATCHED,5326,7419481987000,5326,9007698351000,7419481972000,15000,0.015000
7419515308000,MATCHED,5327,7419515308000,5327,9007731669000,7419515290000,18000,0.018000
7419548625000,MATCHED,5328,7419548625000,5328,9007764987000,7419548608000,17000,0.017000
7419581945000,MATCHED,5329,7419581945000,5329,9007798306000,7419581927000,18000,0.018000
7419615270000,MATCHED,5330,7419615270000,5330,9007831624000,7419615245000,25000,0.025000
7419648580000,MATCHED,5331,7419648580000,5331,9007864943000,7419648564000,16000,0.016000
7419681898000,MATCHED,5332,7419681898000,5332,9007898261000,7419681882000,16000,0.016000
7419715217000,MATCHED,5333,7419715217000,5333,9007931580000,7419715201000,16000,0.016000
7419748535000,MATCHED,5334,7419748535000,5334,9007964897000,7419748518000,17000,0.017000
7419781854000,MATCHED,5335,7419781854000,5335,9007998217000,7419781838000,16000,0.016000
7419815173000,MATCHED,5336,7419815173000,5336,9008031535000,7419815156000,17000,0.017000
7419848491000,MATCHED,5337,7419848491000,5337,9008064853000,7419848474000,17000,0.017000
7419881813000,MATCHED,5338,7419881813000,5338,9008098172000,7419881793000,20000,0.020000
7419915127000,MATCHED,5339,7419915127000,5339,9008131490000,7419915111000,16000,0.016000
7419948445000,MATCHED,5340,7419948445000,5340,9008164809000,7419948430000,15000,0.015000
7419981764000,MATCHED,5341,7419981764000,5341,9008198129000,7419981750000,14000,0.014000
7420015082000,MATCHED,5342,7420015082000,5342,9008231446000,7420015067000,15000,0.015000
7420048401000,MATCHED,5343,7420048401000,5343,9008264764000,7420048385000,16000,0.016000
7420081720000,MATCHED,5344,7420081720000,5344,9008298083000,7420081704000,16000,0.016000
7420115037000,MATCHED,5345,7420115037000,5345,9008331402000,7420115023000,14000,0.014000
7420148363000,MATCHED,5346,7420148363000,5346,9008364720000,7420148341000,22000,0.022000
7420181677000,MATCHED,5347,7420181677000,5347,9008398039000,7420181660000,17000,0.017000
7420214994000,MATCHED,5348,7420214994000,5348,9008431357000,7420214978000,16000,0.016000
7420248312000,MATCHED,5349,7420248312000,5349,9008464675000,7420248296000,16000,0.016000
7420281630000,MATCHED,5350,7420281630000,5350,9008497994000,7420281615000,15000,0.015000
7420314949000,MATCHED,5351,7420314949000,5351,9008531312000,7420314933000,16000,0.016000
7420348268000,MATCHED,5352,7420348268000,5352,9008564630000,7420348251000,17000,0.017000
7420381587000,MATCHED,5353,7420381587000,5353,9008597949000,7420381570000,17000,0.017000
7420414905000,MATCHED,5354,7420414905000,5354,9008631268000,7420414889000,16000,0.016000
7420448223000,MATCHED,5355,7420448223000,5355,9008664585000,7420448206000,17000,0.017000
7420481541000,MATCHED,5356,7420481541000,5356,9008697905000,7420481526000,15000,0.015000
7420514860000,MATCHED,5357,7420514860000,5357,9008731222000,7420514843000,17000,0.017000
7420548179000,MATCHED,5358,7420548179000,5358,9008764541000,7420548162000,17000,0.017000
7420581498000,MATCHED,5359,7420581498000,5359,9008797860000,7420581481000,17000,0.017000
7420614816000,MATCHED,5360,7420614816000,5360,9008831177000,7420614798000,18000,0.018000
7420648135000,MATCHED,5361,7420648135000,5361,9008864497000,7420648118000,17000,0.017000
7420681453000,MATCHED,5362,7420681453000,5362,9008897815000,7420681436000,17000,0.017000
7420714772000,MATCHED,5363,7420714772000,5363,9008931133000,7420714754000,18000,0.018000
7420748090000,MATCHED,5364,7420748090000,5364,9008964452000,7420748073000,17000,0.017000
7420781409000,MATCHED,5365,7420781409000,5365,9008997771000,7420781392000,17000,0.017000
7420814731000,MATCHED,5366,7420814731000,5366,9009031089000,7420814710000,21000,0.021000
7420848048000,MATCHED,5367,7420848048000,5367,9009064408000,7420848029000,19000,0.019000
7420881363000,MATCHED,5368,7420881363000,5368,9009097726000,7420881347000,16000,0.016000
7420914681000,MATCHED,5369,7420914681000,5369,9009131044000,7420914665000,16000,0.016000
7420948001000,MATCHED,5370,7420948001000,5370,9009164363000,7420947984000,17000,0.017000
7420981319000,MATCHED,5371,7420981319000,5371,9009197681000,7420981302000,17000,0.017000
7421014637000,MATCHED,5372,7421014637000,5372,9009230998000,7421014619000,18000,0.018000
7421047957000,MATCHED,5373,7421047957000,5373,9009264318000,7421047939000,18000,0.018000
7421081275000,MATCHED,5374,7421081275000,5374,9009297637000,7421081258000,17000,0.017000
7421114593000,MATCHED,5375,7421114593000,5375,9009330955000,7421114576000,17000,0.017000
7421147912000,MATCHED,5376,7421147912000,5376,9009364273000,7421147894000,18000,0.018000
7421181229000,MATCHED,5377,7421181229000,5377,9009397593000,7421181214000,15000,0.015000
7421214548000,MATCHED,5378,7421214548000,5378,9009430911000,7421214532000,16000,0.016000
7421247867000,MATCHED,5379,7421247867000,5379,9009464229000,7421247850000,17000,0.017000
7421281185000,MATCHED,5380,7421281185000,5380,9009497548000,7421281169000,16000,0.016000
7421314504000,MATCHED,5381,7421314504000,5381,9009530866000,7421314487000,17000,0.017000
7421347822000,MATCHED,5382,7421347822000,5382,9009564185000,7421347806000,16000,0.016000
7421381141000,MATCHED,5383,7421381141000,5383,9009597503000,7421381124000,17000,0.017000
7421414459000,MATCHED,5384,7421414459000,5384,9009630823000,7421414444000,15000,0.015000
7421447778000,MATCHED,5385,7421447778000,5385,9009664142000,7421447763000,15000,0.015000
7421481096000,MATCHED,5386,7421481096000,5386,9009697459000,7421481080000,16000,0.016000
7421514414000,MATCHED,5387,7421514414000,5387,9009730776000,7421514397000,17000,0.017000
7421547732000,MATCHED,5388,7421547732000,5388,9009764095000,7421547716000,16000,0.016000
7421581051000,MATCHED,5389,7421581051000,5389,9009797413000,7421581034000,17000,0.017000
7421614370000,MATCHED,5390,7421614370000,5390,9009830732000,7421614353000,17000,0.017000
7421647689000,MATCHED,5391,7421647689000,5391,9009864053000,7421647674000,15000,0.015000
7421681009000,MATCHED,5392,7421681009000,5392,9009897369000,7421680990000,19000,0.019000
7421714328000,MATCHED,5393,7421714328000,5393,9009930688000,7421714309000,19000,0.019000
7421747651000,MATCHED,5394,7421747651000,5394,9009964011000,7421747632000,19000,0.019000
7421780964000,MATCHED,5395,7421780964000,5395,9009997325000,7421780946000,18000,0.018000
7421814284000,MATCHED,5396,7421814284000,5396,9010030643000,7421814264000,20000,0.020000
7421847602000,MATCHED,5397,7421847602000,5397,9010063961000,7421847582000,20000,0.020000
7421880919000,MATCHED,5398,7421880919000,5398,9010097280000,7421880901000,18000,0.018000
7421914235000,MATCHED,5399,7421914235000,5399,9010130598000,7421914219000,16000,0.016000
7421947565000,MATCHED,5400,7421947565000,5400,9010163916000,7421947537000,28000,0.028000
7421980887000,MATCHED,5401,7421980887000,5401,9010197236000,7421980857000,30000,0.030000
7422014193000,MATCHED,5402,7422014193000,5402,9010230552000,7422014173000,20000,0.020000
7422047512000,MATCHED,5403,7422047512000,5403,9010263876000,7422047497000,15000,0.015000
7422080837000,MATCHED,5404,7422080837000,5404,9010297191000,7422080812000,25000,0.025000
7422114145000,MATCHED,5405,7422114145000,5405,9010330509000,7422114130000,15000,0.015000
7422147461000,MATCHED,5406,7422147461000,5406,9010363827000,7422147448000,13000,0.013000
7422180779000,MATCHED,5407,7422180779000,5407,9010397146000,7422180767000,12000,0.012000
7422214097000,MATCHED,5408,7422214097000,5408,9010430464000,7422214085000,12000,0.012000
7422247419000,MATCHED,5409,7422247419000,5409,9010463783000,7422247404000,15000,0.015000
7422280735000,MATCHED,5410,7422280735000,5410,9010497101000,7422280722000,13000,0.013000
7422314053000,MATCHED,5411,7422314053000,5411,9010530420000,7422314041000,12000,0.012000
7422347372000,MATCHED,5412,7422347372000,5412,9010563739000,7422347360000,12000,0.012000
7422380690000,MATCHED,5413,7422380690000,5413,9010597057000,7422380678000,12000,0.012000
7422414009000,MATCHED,5414,7422414009000,5414,9010630376000,7422413997000,12000,0.012000
7422447327000,MATCHED,5415,7422447327000,5415,9010663694000,7422447315000,12000,0.012000
7422480653000,MATCHED,5416,7422480653000,5416,9010697013000,7422480634000,19000,0.019000
7422513968000,MATCHED,5417,7422513968000,5417,9010730331000,7422513952000,16000,0.016000
7422547283000,MATCHED,5418,7422547283000,5418,9010763649000,7422547270000,13000,0.013000
7422580601000,MATCHED,5419,7422580601000,5419,9010796968000,7422580589000,12000,0.012000
7422613923000,MATCHED,5420,7422613923000,5420,9010830286000,7422613907000,16000,0.016000
7422647239000,MATCHED,5421,7422647239000,5421,9010863604000,7422647225000,14000,0.014000
7422680557000,MATCHED,5422,7422680557000,5422,9010896923000,7422680544000,13000,0.013000
7422713875000,MATCHED,5423,7422713875000,5423,9010930241000,7422713862000,13000,0.013000
7422747193000,MATCHED,5424,7422747193000,5424,9010963559000,7422747180000,13000,0.013000
7422780512000,MATCHED,5425,7422780512000,5425,9010996879000,7422780500000,12000,0.012000
7422813830000,MATCHED,5426,7422813830000,5426,9011030196000,7422813817000,13000,0.013000
7422847149000,MATCHED,5427,7422847149000,5427,9011063516000,7422847137000,12000,0.012000
7422880468000,MATCHED,5428,7422880468000,5428,9011096835000,7422880456000,12000,0.012000
7422913785000,MATCHED,5429,7422913785000,5429,9011130152000,7422913773000,12000,0.012000
7422947109000,MATCHED,5430,7422947109000,5430,9011163471000,7422947092000,17000,0.017000
7422980425000,MATCHED,5431,7422980425000,5431,9011196790000,7422980411000,14000,0.014000
7423013743000,MATCHED,5432,7423013743000,5432,9011230108000,7423013729000,14000,0.014000
7423047061000,MATCHED,5433,7423047061000,5433,9011263426000,7423047047000,14000,0.014000
7423080383000,MATCHED,5434,7423080383000,5434,9011296745000,7423080366000,17000,0.017000
7423113699000,MATCHED,5435,7423113699000,5435,9011330063000,7423113684000,15000,0.015000
7423147015000,MATCHED,5436,7423147015000,5436,9011363381000,7423147002000,13000,0.013000
7423180339000,MATCHED,5437,7423180339000,5437,9011396701000,7423180322000,17000,0.017000
7423213652000,MATCHED,5438,7423213652000,5438,9011430018000,7423213639000,13000,0.013000
7423246974000,MATCHED,5439,7423246974000,5439,9011463336000,7423246957000,17000,0.017000
7423280291000,MATCHED,5440,7423280291000,5440,9011496656000,7423280277000,14000,0.014000
7423313608000,MATCHED,5441,7423313608000,5441,9011529974000,7423313595000,13000,0.013000
7423346926000,MATCHED,5442,7423346926000,5442,9011563293000,7423346914000,12000,0.012000
7423380245000,MATCHED,5443,7423380245000,5443,9011596610000,7423380231000,14000,0.014000
7423413563000,MATCHED,5444,7423413563000,5444,9011629929000,7423413550000,13000,0.013000
7423446881000,MATCHED,5445,7423446881000,5445,9011663248000,7423446869000,12000,0.012000
7423480201000,MATCHED,5446,7423480201000,5446,9011696567000,7423480188000,13000,0.013000
7423513520000,MATCHED,5447,7423513520000,5447,9011729884000,7423513505000,15000,0.015000
7423546837000,MATCHED,5448,7423546837000,5448,9011763203000,7423546824000,13000,0.013000
7423580155000,MATCHED,5449,7423580155000,5449,9011796522000,7423580143000,12000,0.012000
7423613478000,MATCHED,5450,7423613478000,5450,9011829840000,7423613461000,17000,0.017000
7423646793000,MATCHED,5451,7423646793000,5451,9011863159000,7423646780000,13000,0.013000
7423680112000,MATCHED,5452,7423680112000,5452,9011896478000,7423680099000,13000,0.013000
7423713430000,MATCHED,5453,7423713430000,5453,9011929795000,7423713416000,14000,0.014000
7423746748000,MATCHED,5454,7423746748000,5454,9011963114000,7423746735000,13000,0.013000
7423780068000,MATCHED,5455,7423780068000,5455,9011996433000,7423780054000,14000,0.014000
7423813385000,MATCHED,5456,7423813385000,5456,9012029751000,7423813372000,13000,0.013000
7423846704000,MATCHED,5457,7423846704000,5457,9012063069000,7423846690000,14000,0.014000
7423880024000,MATCHED,5458,7423880024000,5458,9012096388000,7423880009000,15000,0.015000
7423913344000,MATCHED,5459,7423913344000,5459,9012129706000,7423913327000,17000,0.017000
7423946662000,MATCHED,5460,7423946662000,5460,9012163025000,7423946646000,16000,0.016000
7423979979000,MATCHED,5461,7423979979000,5461,9012196345000,7423979966000,13000,0.013000
7424013299000,MATCHED,5462,7424013299000,5462,9012229660000,7424013281000,18000,0.018000
7424046616000,MATCHED,5463,7424046616000,5463,9012262984000,7424046605000,11000,0.011000
7424079939000,MATCHED,5464,7424079939000,5464,9012296300000,7424079921000,18000,0.018000
7424113253000,MATCHED,5465,7424113253000,5465,9012329618000,7424113239000,14000,0.014000
7424146572000,MATCHED,5466,7424146572000,5466,9012362937000,7424146558000,14000,0.014000
7424179889000,MATCHED,5467,7424179889000,5467,9012396255000,7424179876000,13000,0.013000
7424213207000,MATCHED,5468,7424213207000,5468,9012429574000,7424213195000,12000,0.012000
7424246529000,MATCHED,5469,7424246529000,5469,9012462892000,7424246513000,16000,0.016000
7424279846000,MATCHED,5470,7424279846000,5470,9012496210000,7424279831000,15000,0.015000
7424313163000,MATCHED,5471,7424313163000,5471,9012529530000,7424313151000,12000,0.012000
7424346482000,MATCHED,5472,7424346482000,5472,9012562847000,7424346468000,14000,0.014000
7424379799000,MATCHED,5473,7424379799000,5473,9012596166000,7424379787000,12000,0.012000
7424413119000,MATCHED,5474,7424413119000,5474,9012629485000,7424413106000,13000,0.013000
7424446440000,MATCHED,5475,7424446440000,5475,9012662803000,7424446424000,16000,0.016000
7424479756000,MATCHED,5476,7424479756000,5476,9012696121000,7424479742000,14000,0.014000
7424513080000,MATCHED,5477,7424513080000,5477,9012729440000,7424513061000,19000,0.019000
7424546392000,MATCHED,5478,7424546392000,5478,9012762758000,7424546379000,13000,0.013000
7424579711000,MATCHED,5479,7424579711000,5479,9012796076000,7424579697000,14000,0.014000
7424613036000,MATCHED,5480,7424613036000,5480,9012829395000,7424613016000,20000,0.020000
7424646353000,MATCHED,5481,7424646353000,5481,9012862714000,7424646335000,18000,0.018000
7424679667000,MATCHED,5482,7424679667000,5482,9012896032000,7424679653000,14000,0.014000
7424712984000,MATCHED,5483,7424712984000,5483,9012929351000,7424712972000,12000,0.012000
7424746303000,MATCHED,5484,7424746303000,5484,9012962670000,7424746291000,12000,0.012000
7424779622000,MATCHED,5485,7424779622000,5485,9012995988000,7424779609000,13000,0.013000
7424812940000,MATCHED,5486,7424812940000,5486,9013029306000,7424812927000,13000,0.013000
7424846258000,MATCHED,5487,7424846258000,5487,9013062625000,7424846246000,12000,0.012000
7424879585000,MATCHED,5488,7424879585000,5488,9013095943000,7424879564000,21000,0.021000
7424912896000,MATCHED,5489,7424912896000,5489,9013129262000,7424912883000,13000,0.013000
7424946215000,MATCHED,5490,7424946215000,5490,9013162580000,7424946201000,14000,0.014000
7424979534000,MATCHED,5491,7424979534000,5491,9013195898000,7424979519000,15000,0.015000
7425012852000,MATCHED,5492,7425012852000,5492,9013229217000,7425012838000,14000,0.014000
7425046170000,MATCHED,5493,7425046170000,5493,9013262536000,7425046157000,13000,0.013000
7425079491000,MATCHED,5494,7425079491000,5494,9013295855000,7425079476000,15000,0.015000
7425112806000,MATCHED,5495,7425112806000,5495,9013329173000,7425112794000,12000,0.012000
7425146130000,MATCHED,5496,7425146130000,5496,9013362491000,7425146112000,18000,0.018000
7425179444000,MATCHED,5497,7425179444000,5497,9013395809000,7425179430000,14000,0.014000
7425212762000,MATCHED,5498,7425212762000,5498,9013429128000,7425212749000,13000,0.013000
7425246082000,MATCHED,5499,7425246082000,5499,9013462446000,7425246067000,15000,0.015000
7425279399000,MATCHED,5500,7425279399000,5500,9013495765000,7425279386000,13000,0.013000
7425312717000,MATCHED,5501,7425312717000,5501,9013529084000,7425312705000,12000,0.012000
7425346036000,MATCHED,5502,7425346036000,5502,9013562402000,7425346023000,13000,0.013000
7425379353000,MATCHED,5503,7425379353000,5503,9013595723000,7425379344000,9000,0.009000
7425412673000,MATCHED,5504,7425412673000,5504,9013629040000,7425412661000,12000,0.012000
7425445991000,MATCHED,5505,7425445991000,5505,9013662357000,7425445978000,13000,0.013000
7425479309000,MATCHED,5506,7425479309000,5506,9013695675000,7425479296000,13000,0.013000
7425512628000,MATCHED,5507,7425512628000,5507,9013728994000,7425512615000,13000,0.013000
7425545949000,MATCHED,5508,7425545949000,5508,9013762312000,7425545933000,16000,0.016000
7425579265000,MATCHED,5509,7425579265000,5509,9013795630000,7425579251000,14000,0.014000
7425612594000,MATCHED,5510,7425612594000,5510,9013828949000,7425612570000,24000,0.024000
7425645902000,MATCHED,5511,7425645902000,5511,9013862270000,7425645891000,11000,0.011000
7425679221000,MATCHED,5512,7425679221000,5512,9013895586000,7425679207000,14000,0.014000
7425712539000,MATCHED,5513,7425712539000,5513,9013928905000,7425712526000,13000,0.013000
7425745857000,MATCHED,5514,7425745857000,5514,9013962225000,7425745846000,11000,0.011000
7425779177000,MATCHED,5515,7425779177000,5515,9013995542000,7425779163000,14000,0.014000
7425812494000,MATCHED,5516,7425812494000,5516,9014028860000,7425812481000,13000,0.013000
7425845813000,MATCHED,5517,7425845813000,5517,9014062180000,7425845801000,12000,0.012000
7425879134000,MATCHED,5518,7425879134000,5518,9014095498000,7425879119000,15000,0.015000
7425912449000,MATCHED,5519,7425912449000,5519,9014128816000,7425912437000,12000,0.012000
7425945769000,MATCHED,5520,7425945769000,5520,9014162135000,7425945756000,13000,0.013000
7425979086000,MATCHED,5521,7425979086000,5521,9014195453000,7425979074000,12000,0.012000
7426012408000,MATCHED,5522,7426012408000,5522,9014228770000,7426012391000,17000,0.017000
7426045723000,MATCHED,5523,7426045723000,5523,9014262090000,7426045711000,12000,0.012000
7426079044000,MATCHED,5524,7426079044000,5524,9014295408000,7426079029000,15000,0.015000
7426112362000,MATCHED,5525,7426112362000,5525,9014328727000,7426112348000,14000,0.014000
7426145680000,MATCHED,5526,7426145680000,5526,9014362045000,7426145666000,14000,0.014000
7426179001000,MATCHED,5527,7426179001000,5527,9014395364000,7426178985000,16000,0.016000
7426212316000,MATCHED,5528,7426212316000,5528,9014428683000,7426212304000,12000,0.012000
7426245634000,MATCHED,5529,7426245634000,5529,9014462000000,7426245621000,13000,0.013000
7426278953000,MATCHED,5530,7426278953000,5530,9014495319000,7426278940000,13000,0.013000
7426312272000,MATCHED,5531,7426312272000,5531,9014528638000,7426312259000,13000,0.013000
7426345590000,MATCHED,5532,7426345590000,5532,9014561956000,7426345577000,13000,0.013000
7426378907000,MATCHED,5533,7426378907000,5533,9014595275000,7426378896000,11000,0.011000
7426412227000,MATCHED,5534,7426412227000,5534,9014628593000,7426412214000,13000,0.013000
7426445546000,MATCHED,5535,7426445546000,5535,9014661912000,7426445533000,13000,0.013000
7426478864000,MATCHED,5536,7426478864000,5536,9014695230000,7426478851000,13000,0.013000
7426512183000,MATCHED,5537,7426512183000,5537,9014728548000,7426512169000,14000,0.014000
7426545500000,MATCHED,5538,7426545500000,5538,9014761867000,7426545488000,12000,0.012000
7426578819000,MATCHED,5539,7426578819000,5539,9014795186000,7426578807000,12000,0.012000
7426612147000,MATCHED,5540,7426612147000,5540,9014828504000,7426612125000,22000,0.022000
7426645456000,MATCHED,5541,7426645456000,5541,9014861822000,7426645443000,13000,0.013000
7426678778000,MATCHED,5542,7426678778000,5542,9014895141000,7426678762000,16000,0.016000
7426712093000,MATCHED,5543,7426712093000,5543,9014928459000,7426712080000,13000,0.013000
7426745413000,MATCHED,5544,7426745413000,5544,9014961778000,7426745399000,14000,0.014000
7426778737000,MATCHED,5545,7426778737000,5545,9014995096000,7426778717000,20000,0.020000
7426812053000,MATCHED,5546,7426812053000,5546,9015028415000,7426812036000,17000,0.017000
7426845372000,MATCHED,5547,7426845372000,5547,9015061733000,7426845354000,18000,0.018000
7426878690000,MATCHED,5548,7426878690000,5548,9015095052000,7426878673000,17000,0.017000
7426912014000,MATCHED,5549,7426912014000,5549,9015128371000,7426911992000,22000,0.022000
7426945325000,MATCHED,5550,7426945325000,5550,9015161689000,7426945310000,15000,0.015000
7426978644000,MATCHED,5551,7426978644000,5551,9015195007000,7426978628000,16000,0.016000
7427011963000,MATCHED,5552,7427011963000,5552,9015228326000,7427011947000,16000,0.016000
7427045281000,MATCHED,5553,7427045281000,5553,9015261644000,7427045265000,16000,0.016000
7427078600000,MATCHED,5554,7427078600000,5554,9015294963000,7427078584000,16000,0.016000
7427111918000,MATCHED,5555,7427111918000,5555,9015328281000,7427111902000,16000,0.016000
7427145237000,MATCHED,5556,7427145237000,5556,9015361600000,7427145221000,16000,0.016000
7427178555000,MATCHED,5557,7427178555000,5557,9015394918000,7427178539000,16000,0.016000
7427211875000,MATCHED,5558,7427211875000,5558,9015428236000,7427211857000,18000,0.018000
7427245193000,MATCHED,5559,7427245193000,5559,9015461554000,7427245175000,18000,0.018000
7427278513000,MATCHED,5560,7427278513000,5560,9015494873000,7427278494000,19000,0.019000
7427311830000,MATCHED,5561,7427311830000,5561,9015528191000,7427311812000,18000,0.018000
7427345147000,MATCHED,5562,7427345147000,5562,9015561510000,7427345131000,16000,0.016000
7427378469000,MATCHED,5563,7427378469000,5563,9015594828000,7427378449000,20000,0.020000
7427411784000,MATCHED,5564,7427411784000,5564,9015628147000,7427411768000,16000,0.016000
7427445102000,MATCHED,5565,7427445102000,5565,9015661465000,7427445086000,16000,0.016000
7427478421000,MATCHED,5566,7427478421000,5566,9015694783000,7427478404000,17000,0.017000
7427511740000,MATCHED,5567,7427511740000,5567,9015728102000,7427511723000,17000,0.017000
7427545059000,MATCHED,5568,7427545059000,5568,9015761421000,7427545042000,17000,0.017000
7427578378000,MATCHED,5569,7427578378000,5569,9015794739000,7427578360000,18000,0.018000
7427611701000,MATCHED,5570,7427611701000,5570,9015828057000,7427611678000,23000,0.023000
7427645014000,MATCHED,5571,7427645014000,5571,9015861376000,7427644997000,17000,0.017000
7427678333000,MATCHED,5572,7427678333000,5572,9015894694000,7427678315000,18000,0.018000
7427711652000,MATCHED,5573,7427711652000,5573,9015928017000,7427711638000,14000,0.014000
7427744969000,MATCHED,5574,7427744969000,5574,9015961331000,7427744952000,17000,0.017000
7427778289000,MATCHED,5575,7427778289000,5575,9015994650000,7427778271000,18000,0.018000
7427811606000,MATCHED,5576,7427811606000,5576,9016027969000,7427811590000,16000,0.016000
7427844926000,MATCHED,5577,7427844926000,5577,9016061287000,7427844908000,18000,0.018000
7427878244000,MATCHED,5578,7427878244000,5578,9016094606000,7427878227000,17000,0.017000
7427911561000,MATCHED,5579,7427911561000,5579,9016127924000,7427911545000,16000,0.016000
7427944879000,MATCHED,5580,7427944879000,5580,9016161242000,7427944863000,16000,0.016000
7427978198000,MATCHED,5581,7427978198000,5581,9016194561000,7427978182000,16000,0.016000
7428011521000,MATCHED,5582,7428011521000,5582,9016227878000,7428011499000,22000,0.022000
7428044835000,MATCHED,5583,7428044835000,5583,9016261198000,7428044819000,16000,0.016000
7428078154000,MATCHED,5584,7428078154000,5584,9016294516000,7428078137000,17000,0.017000
7428111473000,MATCHED,5585,7428111473000,5585,9016327835000,7428111456000,17000,0.017000
7428144791000,MATCHED,5586,7428144791000,5586,9016361153000,7428144774000,17000,0.017000
7428178109000,MATCHED,5587,7428178109000,5587,9016394472000,7428178093000,16000,0.016000
7428211428000,MATCHED,5588,7428211428000,5588,9016427791000,7428211412000,16000,0.016000
7428244746000,MATCHED,5589,7428244746000,5589,9016461109000,7428244730000,16000,0.016000
7428278066000,MATCHED,5590,7428278066000,5590,9016494428000,7428278049000,17000,0.017000
7428311384000,MATCHED,5591,7428311384000,5591,9016527747000,7428311368000,16000,0.016000
7428344702000,MATCHED,5592,7428344702000,5592,9016561065000,7428344686000,16000,0.016000
7428378022000,MATCHED,5593,7428378022000,5593,9016594383000,7428378004000,18000,0.018000
7428411343000,MATCHED,5594,7428411343000,5594,9016627703000,7428411324000,19000,0.019000
7428444656000,MATCHED,5595,7428444656000,5595,9016661021000,7428444642000,14000,0.014000
7428477976000,MATCHED,5596,7428477976000,5596,9016694339000,7428477960000,16000,0.016000
7428511295000,MATCHED,5597,7428511295000,5597,9016727656000,7428511277000,18000,0.018000
7428544612000,MATCHED,5598,7428544612000,5598,9016760976000,7428544597000,15000,0.015000
7428577931000,MATCHED,5599,7428577931000,5599,9016794294000,7428577915000,16000,0.016000
7428611252000,MATCHED,5600,7428611252000,5600,9016827611000,7428611232000,20000,0.020000
7428644568000,MATCHED,5601,7428644568000,5601,9016860930000,7428644551000,17000,0.017000
7428677888000,MATCHED,5602,7428677888000,5602,9016894249000,7428677870000,18000,0.018000
7428711206000,MATCHED,5603,7428711206000,5603,9016927567000,7428711188000,18000,0.018000
7428744523000,MATCHED,5604,7428744523000,5604,9016960886000,7428744507000,16000,0.016000
7428777842000,MATCHED,5605,7428777842000,5605,9016994206000,7428777827000,15000,0.015000
7428811161000,MATCHED,5606,7428811161000,5606,9017027524000,7428811145000,16000,0.016000
7428844479000,MATCHED,5607,7428844479000,5607,9017060842000,7428844463000,16000,0.016000
7428877798000,MATCHED,5608,7428877798000,5608,9017094159000,7428877780000,18000,0.018000
7428911116000,MATCHED,5609,7428911116000,5609,9017127478000,7428911099000,17000,0.017000
7428944437000,MATCHED,5610,7428944437000,5610,9017160796000,7428944417000,20000,0.020000
7428977753000,MATCHED,5611,7428977753000,5611,9017194115000,7428977736000,17000,0.017000
7429011079000,MATCHED,5612,7429011079000,5612,9017227433000,7429011054000,25000,0.025000
7429044391000,MATCHED,5613,7429044391000,5613,9017260752000,7429044373000,18000,0.018000
7429077708000,MATCHED,5614,7429077708000,5614,9017294073000,7429077694000,14000,0.014000
7429111031000,MATCHED,5615,7429111031000,5615,9017327390000,7429111011000,20000,0.020000
7429144348000,MATCHED,5616,7429144348000,5616,9017360711000,7429144332000,16000,0.016000
7429177664000,MATCHED,5617,7429177664000,5617,9017394027000,7429177648000,16000,0.016000
7429210982000,MATCHED,5618,7429210982000,5618,9017427345000,7429210966000,16000,0.016000
7429244300000,MATCHED,5619,7429244300000,5619,9017460663000,7429244284000,16000,0.016000
7429277619000,MATCHED,5620,7429277619000,5620,9017493982000,7429277603000,16000,0.016000
7429310938000,MATCHED,5621,7429310938000,5621,9017527300000,7429310921000,17000,0.017000
7429344255000,MATCHED,5622,7429344255000,5622,9017560619000,7429344240000,15000,0.015000
7429377574000,MATCHED,5623,7429377574000,5623,9017593937000,7429377558000,16000,0.016000
7429410893000,MATCHED,5624,7429410893000,5624,9017627256000,7429410877000,16000,0.016000
7429444212000,MATCHED,5625,7429444212000,5625,9017660574000,7429444195000,17000,0.017000
7429477530000,MATCHED,5626,7429477530000,5626,9017693893000,7429477514000,16000,0.016000
7429510847000,MATCHED,5627,7429510847000,5627,9017727211000,7429510832000,15000,0.015000
7429544168000,MATCHED,5628,7429544168000,5628,9017760529000,7429544150000,18000,0.018000
7429577485000,MATCHED,5629,7429577485000,5629,9017793848000,7429577469000,16000,0.016000
7429610808000,MATCHED,5630,7429610808000,5630,9017827166000,7429610787000,21000,0.021000
7429644123000,MATCHED,5631,7429644123000,5631,9017860485000,7429644106000,17000,0.017000
7429677441000,MATCHED,5632,7429677441000,5632,9017893804000,7429677425000,16000,0.016000
7429710760000,MATCHED,5633,7429710760000,5633,9017927122000,7429710743000,17000,0.017000
7429744077000,MATCHED,5634,7429744077000,5634,9017960440000,7429744061000,16000,0.016000
7429777397000,MATCHED,5635,7429777397000,5635,9017993759000,7429777380000,17000,0.017000
7429810714000,MATCHED,5636,7429810714000,5636,9018027077000,7429810698000,16000,0.016000
7429844033000,MATCHED,5637,7429844033000,5637,9018060395000,7429844016000,17000,0.017000
7429877352000,MATCHED,5638,7429877352000,5638,9018093714000,7429877335000,17000,0.017000
7429910671000,MATCHED,5639,7429910671000,5639,9018127032000,7429910653000,18000,0.018000
7429943990000,MATCHED,5640,7429943990000,5640,9018160351000,7429943972000,18000,0.018000
7429977308000,MATCHED,5641,7429977308000,5641,9018193669000,7429977290000,18000,0.018000
7430010627000,MATCHED,5642,7430010627000,5642,9018226989000,7430010610000,17000,0.017000
7430043945000,MATCHED,5643,7430043945000,5643,9018260307000,7430043928000,17000,0.017000
7430077262000,MATCHED,5644,7430077262000,5644,9018293624000,7430077245000,17000,0.017000
7430110582000,MATCHED,5645,7430110582000,5645,9018326944000,7430110565000,17000,0.017000
7430143900000,MATCHED,5646,7430143900000,5646,9018360262000,7430143883000,17000,0.017000
7430177218000,MATCHED,5647,7430177218000,5647,9018393581000,7430177202000,16000,0.016000
7430210537000,MATCHED,5648,7430210537000,5648,9018426899000,7430210520000,17000,0.017000
7430243861000,MATCHED,5649,7430243861000,5649,9018460217000,7430243838000,23000,0.023000
7430277173000,MATCHED,5650,7430277173000,5650,9018493536000,7430277157000,16000,0.016000
7430310493000,MATCHED,5651,7430310493000,5651,9018526855000,7430310476000,17000,0.017000
7430343811000,MATCHED,5652,7430343811000,5652,9018560173000,7430343794000,17000,0.017000
7430377130000,MATCHED,5653,7430377130000,5653,9018593492000,7430377113000,17000,0.017000
7430410448000,MATCHED,5654,7430410448000,5654,9018626809000,7430410430000,18000,0.018000
7430443770000,MATCHED,5655,7430443770000,5655,9018660128000,7430443749000,21000,0.021000
7430477084000,MATCHED,5656,7430477084000,5656,9018693447000,7430477068000,16000,0.016000
7430510403000,MATCHED,5657,7430510403000,5657,9018726765000,7430510386000,17000,0.017000
7430543722000,MATCHED,5658,7430543722000,5658,9018760083000,7430543704000,18000,0.018000
7430577040000,MATCHED,5659,7430577040000,5659,9018793401000,7430577022000,18000,0.018000
7430610362000,MATCHED,5660,7430610362000,5660,9018826720000,7430610341000,21000,0.021000
7430643678000,MATCHED,5661,7430643678000,5661,9018860039000,7430643660000,18000,0.018000
7430676995000,MATCHED,5662,7430676995000,5662,9018893358000,7430676979000,16000,0.016000
7430710315000,MATCHED,5663,7430710315000,5663,9018926679000,7430710300000,15000,0.015000
7430743632000,MATCHED,5664,7430743632000,5664,9018959994000,7430743615000,17000,0.017000
7430776950000,MATCHED,5665,7430776950000,5665,9018993313000,7430776934000,16000,0.016000
7430810270000,MATCHED,5666,7430810270000,5666,9019026632000,7430810253000,17000,0.017000
7430843587000,MATCHED,5667,7430843587000,5667,9019059950000,7430843571000,16000,0.016000
7430876906000,MATCHED,5668,7430876906000,5668,9019093268000,7430876889000,17000,0.017000
7430910224000,MATCHED,5669,7430910224000,5669,9019126586000,7430910207000,17000,0.017000
7430943542000,MATCHED,5670,7430943542000,5670,9019159905000,7430943526000,16000,0.016000
7430976862000,MATCHED,5671,7430976862000,5671,9019193223000,7430976844000,18000,0.018000
7431010180000,MATCHED,5672,7431010180000,5672,9019226543000,7431010164000,16000,0.016000
7431043498000,MATCHED,5673,7431043498000,5673,9019259861000,7431043482000,16000,0.016000
7431076817000,MATCHED,5674,7431076817000,5674,9019293179000,7431076800000,17000,0.017000
7431110136000,MATCHED,5675,7431110136000,5675,9019326498000,7431110119000,17000,0.017000
7431143454000,MATCHED,5676,7431143454000,5676,9019359818000,7431143439000,15000,0.015000
7431176773000,MATCHED,5677,7431176773000,5677,9019393134000,7431176755000,18000,0.018000
7431210092000,MATCHED,5678,7431210092000,5678,9019426453000,7431210074000,18000,0.018000
7431243410000,MATCHED,5679,7431243410000,5679,9019459772000,7431243393000,17000,0.017000
7431276728000,MATCHED,5680,7431276728000,5680,9019493089000,7431276710000,18000,0.018000
7431310045000,MATCHED,5681,7431310045000,5681,9019526408000,7431310029000,16000,0.016000
7431343365000,MATCHED,5682,7431343365000,5682,9019559727000,7431343348000,17000,0.017000
7431376684000,MATCHED,5683,7431376684000,5683,9019593045000,7431376666000,18000,0.018000
7431410002000,MATCHED,5684,7431410002000,5684,9019626363000,7431409984000,18000,0.018000
7431443322000,MATCHED,5685,7431443322000,5685,9019659683000,7431443304000,18000,0.018000
7431476639000,MATCHED,5686,7431476639000,5686,9019693001000,7431476622000,17000,0.017000
7431509958000,MATCHED,5687,7431509958000,5687,9019726320000,7431509941000,17000,0.017000
7431543276000,MATCHED,5688,7431543276000,5688,9019759638000,7431543259000,17000,0.017000
7431576595000,MATCHED,5689,7431576595000,5689,9019792956000,7431576577000,18000,0.018000
7431609915000,MATCHED,5690,7431609915000,5690,9019826275000,7431609896000,19000,0.019000
7431643231000,MATCHED,5691,7431643231000,5691,9019859593000,7431643214000,17000,0.017000
7431676549000,MATCHED,5692,7431676549000,5692,9019892912000,7431676533000,16000,0.016000
7431709867000,MATCHED,5693,7431709867000,5693,9019926230000,7431709851000,16000,0.016000
7431743186000,MATCHED,5694,7431743186000,5694,9019959549000,7431743170000,16000,0.016000
7431776506000,MATCHED,5695,7431776506000,5695,9019992867000,7431776488000,18000,0.018000
7431809824000,MATCHED,5696,7431809824000,5696,9020026186000,7431809807000,17000,0.017000
7431843142000,MATCHED,5697,7431843142000,5697,9020059504000,7431843125000,17000,0.017000
7431876460000,MATCHED,5698,7431876460000,5698,9020092823000,7431876444000,16000,0.016000
7431909777000,MATCHED,5699,7431909777000,5699,9020126141000,7431909762000,15000,0.015000
7431943098000,MATCHED,5700,7431943098000,5700,9020159460000,7431943081000,17000,0.017000
7431976416000,MATCHED,5701,7431976416000,5701,9020192778000,7431976399000,17000,0.017000
7432009733000,MATCHED,5702,7432009733000,5702,9020226095000,7432009716000,17000,0.017000
7432043051000,MATCHED,5703,7432043051000,5703,9020259415000,7432043036000,15000,0.015000
7432076370000,MATCHED,5704,7432076370000,5704,9020292734000,7432076355000,15000,0.015000
7432109690000,MATCHED,5705,7432109690000,5705,9020326051000,7432109672000,18000,0.018000
7432143011000,MATCHED,5706,7432143011000,5706,9020359370000,7432142991000,20000,0.020000
7432176326000,MATCHED,5707,7432176326000,5707,9020392688000,7432176309000,17000,0.017000
7432209650000,MATCHED,5708,7432209650000,5708,9020426007000,7432209628000,22000,0.022000
7432242963000,MATCHED,5709,7432242963000,5709,9020459325000,7432242946000,17000,0.017000
7432276282000,MATCHED,5710,7432276282000,5710,9020492644000,7432276265000,17000,0.017000
7432309600000,MATCHED,5711,7432309600000,5711,9020525961000,7432309582000,18000,0.018000
7432342918000,MATCHED,5712,7432342918000,5712,9020559280000,7432342901000,17000,0.017000
7432376236000,MATCHED,5713,7432376236000,5713,9020592599000,7432376220000,16000,0.016000
7432409556000,MATCHED,5714,7432409556000,5714,9020625922000,7432409543000,13000,0.013000
7432442874000,MATCHED,5715,7432442874000,5715,9020659235000,7432442856000,18000,0.018000
7432476194000,MATCHED,5716,7432476194000,5716,9020692553000,7432476174000,20000,0.020000
7432509512000,MATCHED,5717,7432509512000,5717,9020725873000,7432509494000,18000,0.018000
7432542830000,MATCHED,5718,7432542830000,5718,9020759191000,7432542812000,18000,0.018000
7432576148000,MATCHED,5719,7432576148000,5719,9020792509000,7432576130000,18000,0.018000
7432609467000,MATCHED,5720,7432609467000,5720,9020825828000,7432609449000,18000,0.018000
7432642786000,MATCHED,5721,7432642786000,5721,9020859146000,7432642767000,19000,0.019000
7432676103000,MATCHED,5722,7432676103000,5722,9020892465000,7432676086000,17000,0.017000
7432709421000,MATCHED,5723,7432709421000,5723,9020925783000,7432709404000,17000,0.017000
7432742740000,MATCHED,5724,7432742740000,5724,9020959101000,7432742722000,18000,0.018000
7432776057000,MATCHED,5725,7432776057000,5725,9020992420000,7432776041000,16000,0.016000
7432809379000,MATCHED,5726,7432809379000,5726,9021025739000,7432809360000,19000,0.019000
7432842696000,MATCHED,5727,7432842696000,5727,9021059057000,7432842678000,18000,0.018000
7432876017000,MATCHED,5728,7432876017000,5728,9021092376000,7432875997000,20000,0.020000
7432909333000,MATCHED,5729,7432909333000,5729,9021125694000,7432909315000,18000,0.018000
7432942651000,MATCHED,5730,7432942651000,5730,9021159013000,7432942634000,17000,0.017000
7432975969000,MATCHED,5731,7432975969000,5731,9021192331000,7432975952000,17000,0.017000
7433009287000,MATCHED,5732,7433009287000,5732,9021225649000,7433009270000,17000,0.017000
7433042608000,MATCHED,5733,7433042608000,5733,9021258968000,7433042589000,19000,0.019000
7433075925000,MATCHED,5734,7433075925000,5734,9021292287000,7433075908000,17000,0.017000
7433109244000,MATCHED,5735,7433109244000,5735,9021325605000,7433109226000,18000,0.018000
7433142562000,MATCHED,5736,7433142562000,5736,9021358924000,7433142545000,17000,0.017000
7433175881000,MATCHED,5737,7433175881000,5737,9021392242000,7433175863000,18000,0.018000
7433209199000,MATCHED,5738,7433209199000,5738,9021425560000,7433209181000,18000,0.018000
7433242518000,MATCHED,5739,7433242518000,5739,9021458881000,7433242502000,16000,0.016000
7433275837000,MATCHED,5740,7433275837000,5740,9021492199000,7433275820000,17000,0.017000
7433309154000,MATCHED,5741,7433309154000,5741,9021525516000,7433309137000,17000,0.017000
7433342475000,MATCHED,5742,7433342475000,5742,9021558834000,7433342455000,20000,0.020000
7433375792000,MATCHED,5743,7433375792000,5743,9021592152000,7433375773000,19000,0.019000
7433409110000,MATCHED,5744,7433409110000,5744,9021625470000,7433409091000,19000,0.019000
7433442447000,MATCHED,5745,7433442447000,5745,9021658789000,7433442410000,37000,0.037000
7433475749000,MATCHED,5746,7433475749000,5746,9021692108000,7433475729000,20000,0.020000
7433509066000,MATCHED,5747,7433509066000,5747,9021725426000,7433509047000,19000,0.019000
7433542388000,MATCHED,5748,7433542388000,5748,9021758744000,7433542365000,23000,0.023000
7433575702000,MATCHED,5749,7433575702000,5749,9021792063000,7433575684000,18000,0.018000
7433609023000,MATCHED,5750,7433609023000,5750,9021825382000,7433609003000,20000,0.020000
7433642337000,MATCHED,5751,7433642337000,5751,9021858701000,7433642322000,15000,0.015000
7433675657000,MATCHED,5752,7433675657000,5752,9021892020000,7433675641000,16000,0.016000
7433708974000,MATCHED,5753,7433708974000,5753,9021925337000,7433708958000,16000,0.016000
7433742294000,MATCHED,5754,7433742294000,5754,9021958656000,7433742277000,17000,0.017000
7433775612000,MATCHED,5755,7433775612000,5755,9021991974000,7433775595000,17000,0.017000
7433808931000,MATCHED,5756,7433808931000,5756,9022025292000,7433808913000,18000,0.018000
7433842250000,MATCHED,5757,7433842250000,5757,9022058611000,7433842232000,18000,0.018000
7433875568000,MATCHED,5758,7433875568000,5758,9022091929000,7433875550000,18000,0.018000
7433908886000,MATCHED,5759,7433908886000,5759,9022125248000,7433908869000,17000,0.017000
7433942208000,MATCHED,5760,7433942208000,5760,9022158566000,7433942187000,21000,0.021000
7433975525000,MATCHED,5761,7433975525000,5761,9022191886000,7433975507000,18000,0.018000
7434008844000,MATCHED,5762,7434008844000,5762,9022225203000,7434008824000,20000,0.020000
7434042162000,MATCHED,5763,7434042162000,5763,9022258523000,7434042144000,18000,0.018000
7434075479000,MATCHED,5764,7434075479000,5764,9022291840000,7434075461000,18000,0.018000
7434108799000,MATCHED,5765,7434108799000,5765,9022325160000,7434108781000,18000,0.018000
7434142116000,MATCHED,5766,7434142116000,5766,9022358478000,7434142099000,17000,0.017000
7434175434000,MATCHED,5767,7434175434000,5767,9022391796000,7434175417000,17000,0.017000
7434208755000,MATCHED,5768,7434208755000,5768,9022425114000,7434208735000,20000,0.020000
7434242071000,MATCHED,5769,7434242071000,5769,9022458432000,7434242053000,18000,0.018000
7434275390000,MATCHED,5770,7434275390000,5770,9022491750000,7434275371000,19000,0.019000
7434308714000,MATCHED,5771,7434308714000,5771,9022525070000,7434308691000,23000,0.023000
7434342028000,MATCHED,5772,7434342028000,5772,9022558390000,7434342011000,17000,0.017000
7434375348000,MATCHED,5773,7434375348000,5773,9022591707000,7434375328000,20000,0.020000
7434408665000,MATCHED,5774,7434408665000,5774,9022625026000,7434408647000,18000,0.018000
7434441984000,MATCHED,5775,7434441984000,5775,9022658344000,7434441965000,19000,0.019000
7434475302000,MATCHED,5776,7434475302000,5776,9022691662000,7434475283000,19000,0.019000
7434508620000,MATCHED,5777,7434508620000,5777,9022724980000,7434508601000,19000,0.019000
7434541940000,MATCHED,5778,7434541940000,5778,9022758299000,7434541920000,20000,0.020000
7434575256000,MATCHED,5779,7434575256000,5779,9022791617000,7434575238000,18000,0.018000
7434608577000,MATCHED,5780,7434608577000,5780,9022824936000,7434608557000,20000,0.020000
7434641893000,MATCHED,5781,7434641893000,5781,9022858254000,7434641875000,18000,0.018000
7434675214000,MATCHED,5782,7434675214000,5782,9022891572000,7434675193000,21000,0.021000
7434708534000,MATCHED,5783,7434708534000,5783,9022924891000,7434708512000,22000,0.022000
7434741851000,MATCHED,5784,7434741851000,5784,9022958210000,7434741831000,20000,0.020000
7434775169000,MATCHED,5785,7434775169000,5785,9022991529000,7434775150000,19000,0.019000
7434808486000,MATCHED,5786,7434808486000,5786,9023024848000,7434808469000,17000,0.017000
7434841805000,MATCHED,5787,7434841805000,5787,9023058165000,7434841786000,19000,0.019000
7434875123000,MATCHED,5788,7434875123000,5788,9023091484000,7434875105000,18000,0.018000
7434908441000,MATCHED,5789,7434908441000,5789,9023124802000,7434908423000,18000,0.018000
7434941760000,MATCHED,5790,7434941760000,5790,9023158120000,7434941741000,19000,0.019000
7434975080000,MATCHED,5791,7434975080000,5791,9023191439000,7434975060000,20000,0.020000
7435008397000,MATCHED,5792,7435008397000,5792,9023224758000,7435008379000,18000,0.018000
7435041716000,MATCHED,5793,7435041716000,5793,9023258077000,7435041698000,18000,0.018000
7435075034000,MATCHED,5794,7435075034000,5794,9023291395000,7435075016000,18000,0.018000
7435108354000,MATCHED,5795,7435108354000,5795,9023324713000,7435108334000,20000,0.020000
7435141670000,MATCHED,5796,7435141670000,5796,9023358032000,7435141653000,17000,0.017000
7435174991000,MATCHED,5797,7435174991000,5797,9023391351000,7435174972000,19000,0.019000
7435208308000,MATCHED,5798,7435208308000,5798,9023424669000,7435208290000,18000,0.018000
7435241626000,MATCHED,5799,7435241626000,5799,9023457987000,7435241608000,18000,0.018000
7435274944000,MATCHED,5800,7435274944000,5800,9023491305000,7435274926000,18000,0.018000
7435308264000,MATCHED,5801,7435308264000,5801,9023524626000,7435308247000,17000,0.017000
7435341583000,MATCHED,5802,7435341583000,5802,9023557944000,7435341565000,18000,0.018000
7435374899000,MATCHED,5803,7435374899000,5803,9023591262000,7435374883000,16000,0.016000
7435408218000,MATCHED,5804,7435408218000,5804,9023624580000,7435408201000,17000,0.017000
7435441536000,MATCHED,5805,7435441536000,5805,9023657899000,7435441520000,16000,0.016000
7435474857000,MATCHED,5806,7435474857000,5806,9023691218000,7435474839000,18000,0.018000
7435508174000,MATCHED,5807,7435508174000,5807,9023724535000,7435508156000,18000,0.018000
7435541494000,MATCHED,5808,7435541494000,5808,9023757854000,7435541475000,19000,0.019000
7435574812000,MATCHED,5809,7435574812000,5809,9023791172000,7435574793000,19000,0.019000
7435608130000,MATCHED,5810,7435608130000,5810,9023824490000,7435608111000,19000,0.019000
7435641448000,MATCHED,5811,7435641448000,5811,9023857808000,7435641429000,19000,0.019000
7435674766000,MATCHED,5812,7435674766000,5812,9023891126000,7435674747000,19000,0.019000
7435708085000,MATCHED,5813,7435708085000,5813,9023924445000,7435708066000,19000,0.019000
7435741402000,MATCHED,5814,7435741402000,5814,9023957764000,7435741385000,17000,0.017000
7435774721000,MATCHED,5815,7435774721000,5815,9023991082000,7435774703000,18000,0.018000
7435808041000,MATCHED,5816,7435808041000,5816,9024024400000,7435808021000,20000,0.020000
7435841357000,MATCHED,5817,7435841357000,5817,9024057719000,7435841340000,17000,0.017000
7435874677000,MATCHED,5818,7435874677000,5818,9024091037000,7435874658000,19000,0.019000
7435907996000,MATCHED,5819,7435907996000,5819,9024124356000,7435907977000,19000,0.019000
7435941314000,MATCHED,5820,7435941314000,5820,9024157674000,7435941295000,19000,0.019000
7435974633000,MATCHED,5821,7435974633000,5821,9024190994000,7435974615000,18000,0.018000
7436007953000,MATCHED,5822,7436007953000,5822,9024224311000,7436007932000,21000,0.021000
7436041269000,MATCHED,5823,7436041269000,5823,9024257635000,7436041256000,13000,0.013000
7436074588000,MATCHED,5824,7436074588000,5824,9024290950000,7436074571000,17000,0.017000
7436107907000,MATCHED,5825,7436107907000,5825,9024324268000,7436107889000,18000,0.018000
7436141224000,MATCHED,5826,7436141224000,5826,9024357585000,7436141206000,18000,0.018000
7436174543000,MATCHED,5827,7436174543000,5827,9024390905000,7436174526000,17000,0.017000
7436207860000,MATCHED,5828,7436207860000,5828,9024424223000,7436207844000,16000,0.016000
7436241180000,MATCHED,5829,7436241180000,5829,9024457542000,7436241163000,17000,0.017000
7436274500000,MATCHED,5830,7436274500000,5830,9024490861000,7436274482000,18000,0.018000
7436307818000,MATCHED,5831,7436307818000,5831,9024524179000,7436307800000,18000,0.018000
7436341137000,MATCHED,5832,7436341137000,5832,9024557498000,7436341119000,18000,0.018000
7436374456000,MATCHED,5833,7436374456000,5833,9024590816000,7436374437000,19000,0.019000
7436407772000,MATCHED,5834,7436407772000,5834,9024624133000,7436407754000,18000,0.018000
7436441091000,MATCHED,5835,7436441091000,5835,9024657453000,7436441074000,17000,0.017000
7436474409000,MATCHED,5836,7436474409000,5836,9024690772000,7436474393000,16000,0.016000
7436507730000,MATCHED,5837,7436507730000,5837,9024724089000,7436507710000,20000,0.020000
7436541049000,MATCHED,5838,7436541049000,5838,9024757407000,7436541028000,21000,0.021000
7436574366000,MATCHED,5839,7436574366000,5839,9024790726000,7436574347000,19000,0.019000
7436607685000,MATCHED,5840,7436607685000,5840,9024824044000,7436607665000,20000,0.020000
7436641003000,MATCHED,5841,7436641003000,5841,9024857364000,7436640985000,18000,0.018000
7436674322000,MATCHED,5842,7436674322000,5842,9024890681000,7436674302000,20000,0.020000
7436707637000,MATCHED,5843,7436707637000,5843,9024924000000,7436707621000,16000,0.016000
7436740956000,MATCHED,5844,7436740956000,5844,9024957317000,7436740938000,18000,0.018000
7436774279000,MATCHED,5845,7436774279000,5845,9024990638000,7436774259000,20000,0.020000
7436807603000,MATCHED,5846,7436807603000,5846,9025023956000,7436807577000,26000,0.026000
7436840913000,MATCHED,5847,7436840913000,5847,9025057273000,7436840894000,19000,0.019000
7436874231000,MATCHED,5848,7436874231000,5848,9025090592000,7436874213000,18000,0.018000
7436907550000,MATCHED,5849,7436907550000,5849,9025123911000,7436907532000,18000,0.018000
7436940868000,MATCHED,5850,7436940868000,5850,9025157228000,7436940849000,19000,0.019000
7436974186000,MATCHED,5851,7436974186000,5851,9025190549000,7436974170000,16000,0.016000
7437007507000,MATCHED,5852,7437007507000,5852,9025223866000,7437007487000,20000,0.020000
7437040826000,MATCHED,5853,7437040826000,5853,9025257184000,7437040805000,21000,0.021000
7437074144000,MATCHED,5854,7437074144000,5854,9025290503000,7437074124000,20000,0.020000
7437107460000,MATCHED,5855,7437107460000,5855,9025323822000,7437107443000,17000,0.017000
7437140779000,MATCHED,5856,7437140779000,5856,9025357140000,7437140761000,18000,0.018000
7437174097000,MATCHED,5857,7437174097000,5857,9025390459000,7437174080000,17000,0.017000
7437207419000,MATCHED,5858,7437207419000,5858,9025423777000,7437207398000,21000,0.021000
7437240735000,MATCHED,5859,7437240735000,5859,9025457095000,7437240716000,19000,0.019000
7437274055000,MATCHED,5860,7437274055000,5860,9025490414000,7437274035000,20000,0.020000
7437307371000,MATCHED,5861,7437307371000,5861,9025523733000,7437307354000,17000,0.017000
7437340690000,MATCHED,5862,7437340690000,5862,9025557052000,7437340673000,17000,0.017000
7437374009000,MATCHED,5863,7437374009000,5863,9025590370000,7437373991000,18000,0.018000
7437407328000,MATCHED,5864,7437407328000,5864,9025623689000,7437407310000,18000,0.018000
7437440646000,MATCHED,5865,7437440646000,5865,9025657007000,7437440628000,18000,0.018000
7437473964000,MATCHED,5866,7437473964000,5866,9025690326000,7437473947000,17000,0.017000
7437507284000,MATCHED,5867,7437507284000,5867,9025723645000,7437507266000,18000,0.018000
7437540602000,MATCHED,5868,7437540602000,5868,9025756963000,7437540584000,18000,0.018000
7437573920000,MATCHED,5869,7437573920000,5869,9025790282000,7437573903000,17000,0.017000
7437607238000,MATCHED,5870,7437607238000,5870,9025823599000,7437607220000,18000,0.018000
7437640556000,MATCHED,5871,7437640556000,5871,9025856919000,7437640540000,16000,0.016000
7437673876000,MATCHED,5872,7437673876000,5872,9025890237000,7437673858000,18000,0.018000
7437707192000,MATCHED,5873,7437707192000,5873,9025923555000,7437707176000,16000,0.016000
7437740513000,MATCHED,5874,7437740513000,5874,9025956874000,7437740495000,18000,0.018000
7437773830000,MATCHED,5875,7437773830000,5875,9025990192000,7437773813000,17000,0.017000
7437807149000,MATCHED,5876,7437807149000,5876,9026023510000,7437807131000,18000,0.018000
7437840469000,MATCHED,5877,7437840469000,5877,9026056829000,7437840450000,19000,0.019000
7437873787000,MATCHED,5878,7437873787000,5878,9026090147000,7437873768000,19000,0.019000
7437907105000,MATCHED,5879,7437907105000,5879,9026123466000,7437907087000,18000,0.018000
7437940423000,MATCHED,5880,7437940423000,5880,9026156784000,7437940405000,18000,0.018000
7437973741000,MATCHED,5881,7437973741000,5881,9026190103000,7437973724000,17000,0.017000
7438007059000,MATCHED,5882,7438007059000,5882,9026223421000,7438007042000,17000,0.017000
7438040381000,MATCHED,5883,7438040381000,5883,9026256739000,7438040360000,21000,0.021000
7438073698000,MATCHED,5884,7438073698000,5884,9026290057000,7438073678000,20000,0.020000
7438107015000,MATCHED,5885,7438107015000,5885,9026323377000,7438106998000,17000,0.017000
7438140334000,MATCHED,5886,7438140334000,5886,9026356696000,7438140317000,17000,0.017000
7438173651000,MATCHED,5887,7438173651000,5887,9026390014000,7438173635000,16000,0.016000
7438206970000,MATCHED,5888,7438206970000,5888,9026423333000,7438206954000,16000,0.016000
7438240288000,MATCHED,5889,7438240288000,5889,9026456651000,7438240272000,16000,0.016000
7438273608000,MATCHED,5890,7438273608000,5890,9026489970000,7438273591000,17000,0.017000
7438306925000,MATCHED,5891,7438306925000,5891,9026523288000,7438306909000,16000,0.016000
7438340244000,MATCHED,5892,7438340244000,5892,9026556607000,7438340228000,16000,0.016000
7438373563000,MATCHED,5893,7438373563000,5893,9026589925000,7438373546000,17000,0.017000
7438406880000,MATCHED,5894,7438406880000,5894,9026623243000,7438406864000,16000,0.016000
7438440198000,MATCHED,5895,7438440198000,5895,9026656561000,7438440182000,16000,0.016000
7438473519000,MATCHED,5896,7438473519000,5896,9026689879000,7438473500000,19000,0.019000
7438506836000,MATCHED,5897,7438506836000,5897,9026723199000,7438506820000,16000,0.016000
7438540155000,MATCHED,5898,7438540155000,5898,9026756517000,7438540138000,17000,0.017000
7438573473000,MATCHED,5899,7438573473000,5899,9026789835000,7438573456000,17000,0.017000
7438606790000,MATCHED,5900,7438606790000,5900,9026823154000,7438606775000,15000,0.015000
7438640110000,MATCHED,5901,7438640110000,5901,9026856472000,7438640093000,17000,0.017000
7438673433000,MATCHED,5902,7438673433000,5902,9026889791000,7438673412000,21000,0.021000
7438706747000,MATCHED,5903,7438706747000,5903,9026923109000,7438706730000,17000,0.017000
7438740066000,MATCHED,5904,7438740066000,5904,9026956428000,7438740049000,17000,0.017000
7438773383000,MATCHED,5905,7438773383000,5905,9026989747000,7438773368000,15000,0.015000
7438806702000,MATCHED,5906,7438806702000,5906,9027023065000,7438806686000,16000,0.016000
7438840019000,MATCHED,5907,7438840019000,5907,9027056383000,7438840004000,15000,0.015000
7438873337000,MATCHED,5908,7438873337000,5908,9027089702000,7438873323000,14000,0.014000
7438906656000,MATCHED,5909,7438906656000,5909,9027123020000,7438906641000,15000,0.015000
7438939981000,MATCHED,5910,7438939981000,5910,9027156338000,7438939959000,22000,0.022000
7438973298000,MATCHED,5911,7438973298000,5911,9027189657000,7438973278000,20000,0.020000
7439006613000,MATCHED,5912,7439006613000,5912,9027222976000,7439006597000,16000,0.016000
7439039933000,MATCHED,5913,7439039933000,5913,9027256294000,7439039915000,18000,0.018000
7439073251000,MATCHED,5914,7439073251000,5914,9027289613000,7439073234000,17000,0.017000
7439106569000,MATCHED,5915,7439106569000,5915,9027322931000,7439106552000,17000,0.017000
7439139887000,MATCHED,5916,7439139887000,5916,9027356250000,7439139871000,16000,0.016000
7439173206000,MATCHED,5917,7439173206000,5917,9027389569000,7439173190000,16000,0.016000
7439206525000,MATCHED,5918,7439206525000,5918,9027422888000,7439206509000,16000,0.016000
7439239847000,MATCHED,5919,7439239847000,5919,9027456205000,7439239826000,21000,0.021000
7439273162000,MATCHED,5920,7439273162000,5920,9027489524000,7439273145000,17000,0.017000
7439306481000,MATCHED,5921,7439306481000,5921,9027522842000,7439306463000,18000,0.018000
7439339799000,MATCHED,5922,7439339799000,5922,9027556160000,7439339781000,18000,0.018000
7439373116000,MATCHED,5923,7439373116000,5923,9027589479000,7439373100000,16000,0.016000
7439406436000,MATCHED,5924,7439406436000,5924,9027622797000,7439406418000,18000,0.018000
7439439755000,MATCHED,5925,7439439755000,5925,9027656116000,7439439737000,18000,0.018000
7439473074000,MATCHED,5926,7439473074000,5926,9027689434000,7439473055000,19000,0.019000
7439506391000,MATCHED,5927,7439506391000,5927,9027722753000,7439506374000,17000,0.017000
7439539710000,MATCHED,5928,7439539710000,5928,9027756072000,7439539693000,17000,0.017000
7439573029000,MATCHED,5929,7439573029000,5929,9027789390000,7439573011000,18000,0.018000
7439606348000,MATCHED,5930,7439606348000,5930,9027822708000,7439606329000,19000,0.019000
7439639666000,MATCHED,5931,7439639666000,5931,9027856029000,7439639650000,16000,0.016000
7439672984000,MATCHED,5932,7439672984000,5932,9027889343000,7439672964000,20000,0.020000
7439706305000,MATCHED,5933,7439706305000,5933,9027922660000,7439706281000,24000,0.024000
7439739623000,MATCHED,5934,7439739623000,5934,9027955979000,7439739600000,23000,0.023000
7439772941000,MATCHED,5935,7439772941000,5935,9027989297000,7439772918000,23000,0.023000
7439806257000,MATCHED,5936,7439806257000,5936,9028022616000,7439806237000,20000,0.020000
7439839575000,MATCHED,5937,7439839575000,5937,9028055934000,7439839555000,20000,0.020000
7439872893000,MATCHED,5938,7439872893000,5938,9028089252000,7439872873000,20000,0.020000
7439906212000,MATCHED,5939,7439906212000,5939,9028122571000,7439906192000,20000,0.020000
7439939532000,MATCHED,5940,7439939532000,5940,9028155890000,7439939511000,21000,0.021000
7439972849000,MATCHED,5941,7439972849000,5941,9028189210000,7439972831000,18000,0.018000
7440006168000,MATCHED,5942,7440006168000,5942,9028222526000,7440006147000,21000,0.021000
7440039486000,MATCHED,5943,7440039486000,5943,9028255846000,7440039467000,19000,0.019000
7440072804000,MATCHED,5944,7440072804000,5944,9028289164000,7440072785000,19000,0.019000
7440106124000,MATCHED,5945,7440106124000,5945,9028322482000,7440106103000,21000,0.021000
7440139440000,MATCHED,5946,7440139440000,5946,9028355800000,7440139421000,19000,0.019000
7440172759000,MATCHED,5947,7440172759000,5947,9028389119000,7440172740000,19000,0.019000
7440206077000,MATCHED,5948,7440206077000,5948,9028422437000,7440206058000,19000,0.019000
7440239397000,MATCHED,5949,7440239397000,5949,9028455757000,7440239378000,19000,0.019000
7440272714000,MATCHED,5950,7440272714000,5950,9028489074000,7440272695000,19000,0.019000
7440306033000,MATCHED,5951,7440306033000,5951,9028522394000,7440306015000,18000,0.018000
7440339354000,MATCHED,5952,7440339354000,5952,9028555712000,7440339333000,21000,0.021000
7440372671000,MATCHED,5953,7440372671000,5953,9028589029000,7440372650000,21000,0.021000
7440405990000,MATCHED,5954,7440405990000,5954,9028622348000,7440405969000,21000,0.021000
7440439306000,MATCHED,5955,7440439306000,5955,9028655666000,7440439287000,19000,0.019000
7440472625000,MATCHED,5956,7440472625000,5956,9028688987000,7440472608000,17000,0.017000
7440505946000,MATCHED,5957,7440505946000,5957,9028722303000,7440505924000,22000,0.022000
7440539269000,MATCHED,5958,7440539269000,5958,9028755622000,7440539243000,26000,0.026000
7440572581000,MATCHED,5959,7440572581000,5959,9028788940000,7440572561000,20000,0.020000
7440605900000,MATCHED,5960,7440605900000,5960,9028822259000,7440605880000,20000,0.020000
7440639219000,MATCHED,5961,7440639219000,5961,9028855579000,7440639200000,19000,0.019000
7440672540000,MATCHED,5962,7440672540000,5962,9028888896000,7440672517000,23000,0.023000
7440705855000,MATCHED,5963,7440705855000,5963,9028922215000,7440705836000,19000,0.019000
7440739173000,MATCHED,5964,7440739173000,5964,9028955533000,7440739154000,19000,0.019000
7440772491000,MATCHED,5965,7440772491000,5965,9028988851000,7440772472000,19000,0.019000
7440805810000,MATCHED,5966,7440805810000,5966,9029022170000,7440805791000,19000,0.019000
7440839129000,MATCHED,5967,7440839129000,5967,9029055488000,7440839109000,20000,0.020000
7440872446000,MATCHED,5968,7440872446000,5968,9029088807000,7440872428000,18000,0.018000
7440905765000,MATCHED,5969,7440905765000,5969,9029122125000,7440905746000,19000,0.019000
7440939085000,MATCHED,5970,7440939085000,5970,9029155444000,7440939065000,20000,0.020000
7440972402000,MATCHED,5971,7440972402000,5971,9029188764000,7440972385000,17000,0.017000
7441005723000,MATCHED,5972,7441005723000,5972,9029222081000,7441005702000,21000,0.021000
7441039039000,MATCHED,5973,7441039039000,5973,9029255400000,7441039021000,18000,0.018000
7441072358000,MATCHED,5974,7441072358000,5974,9029288718000,7441072339000,19000,0.019000
7441105680000,MATCHED,5975,7441105680000,5975,9029322036000,7441105657000,23000,0.023000
7441138995000,MATCHED,5976,7441138995000,5976,9029355355000,7441138976000,19000,0.019000
7441172313000,MATCHED,5977,7441172313000,5977,9029388673000,7441172294000,19000,0.019000
7441205631000,MATCHED,5978,7441205631000,5978,9029421991000,7441205612000,19000,0.019000
7441238951000,MATCHED,5979,7441238951000,5979,9029455310000,7441238931000,20000,0.020000
7441272269000,MATCHED,5980,7441272269000,5980,9029488629000,7441272250000,19000,0.019000
7441305588000,MATCHED,5981,7441305588000,5981,9029521948000,7441305569000,19000,0.019000
7441338908000,MATCHED,5982,7441338908000,5982,9029555266000,7441338887000,21000,0.021000
7441372227000,MATCHED,5983,7441372227000,5983,9029588584000,7441372205000,22000,0.022000
7441405544000,MATCHED,5984,7441405544000,5984,9029621905000,7441405526000,18000,0.018000
7441438868000,MATCHED,5985,7441438868000,5985,9029655223000,7441438844000,24000,0.024000
7441472179000,MATCHED,5986,7441472179000,5986,9029688542000,7441472163000,16000,0.016000
7441505499000,MATCHED,5987,7441505499000,5987,9029721860000,7441505481000,18000,0.018000
7441538818000,MATCHED,5988,7441538818000,5988,9029755178000,7441538799000,19000,0.019000
7441572136000,MATCHED,5989,7441572136000,5989,9029788497000,7441572118000,18000,0.018000
7441605453000,MATCHED,5990,7441605453000,5990,9029821815000,7441605436000,17000,0.017000
7441638772000,MATCHED,5991,7441638772000,5991,9029855135000,7441638756000,16000,0.016000
7441672093000,MATCHED,5992,7441672093000,5992,9029888453000,7441672074000,19000,0.019000
7441705408000,MATCHED,5993,7441705408000,5993,9029921771000,7441705392000,16000,0.016000
7441738730000,MATCHED,5994,7441738730000,5994,9029955090000,7441738711000,19000,0.019000
7441772046000,MATCHED,5995,7441772046000,5995,9029988408000,7441772029000,17000,0.017000
7441805365000,MATCHED,5996,7441805365000,5996,9030021727000,7441805348000,17000,0.017000
7441838682000,MATCHED,5997,7441838682000,5997,9030055045000,7441838666000,16000,0.016000
7441872001000,MATCHED,5998,7441872001000,5998,9030088364000,7441871985000,16000,0.016000
7441905319000,MATCHED,5999,7441905319000,5999,9030121685000,7441905306000,13000,0.013000
7441938640000,MATCHED,6000,7441938640000,6000,9030155000000,7441938621000,19000,0.019000
7441971956000,MATCHED,6001,7441971956000,6001,9030188320000,7441971941000,15000,0.015000
7442005277000,MATCHED,6002,7442005277000,6002,9030221635000,7442005256000,21000,0.021000
7442038594000,MATCHED,6003,7442038594000,6003,9030254956000,7442038577000,17000,0.017000
7442071912000,MATCHED,6004,7442071912000,6004,9030288274000,7442071895000,17000,0.017000
7442105233000,MATCHED,6005,7442105233000,6005,9030321592000,7442105213000,20000,0.020000
7442138557000,MATCHED,6006,7442138557000,6006,9030354911000,7442138532000,25000,0.025000
7442171868000,MATCHED,6007,7442171868000,6007,9030388230000,7442171851000,17000,0.017000
7442205185000,MATCHED,6008,7442205185000,6008,9030421548000,7442205169000,16000,0.016000
7442238504000,MATCHED,6009,7442238504000,6009,9030454867000,7442238488000,16000,0.016000
7442271822000,MATCHED,6010,7442271822000,6010,9030488185000,7442271806000,16000,0.016000
7442305141000,MATCHED,6011,7442305141000,6011,9030521504000,7442305125000,16000,0.016000
7442338461000,MATCHED,6012,7442338461000,6012,9030554823000,7442338444000,17000,0.017000
7442371778000,MATCHED,6013,7442371778000,6013,9030588141000,7442371762000,16000,0.016000
7442405101000,MATCHED,6014,7442405101000,6014,9030621459000,7442405080000,21000,0.021000
7442438416000,MATCHED,6015,7442438416000,6015,9030654777000,7442438398000,18000,0.018000
7442471739000,MATCHED,6016,7442471739000,6016,9030688096000,7442471717000,22000,0.022000
7442505053000,MATCHED,6017,7442505053000,6017,9030721415000,7442505036000,17000,0.017000
7442538375000,MATCHED,6018,7442538375000,6018,9030754733000,7442538354000,21000,0.021000
7442571692000,MATCHED,6019,7442571692000,6019,9030788051000,7442571672000,20000,0.020000
7442605010000,MATCHED,6020,7442605010000,6020,9030821370000,7442604991000,19000,0.019000
7442638328000,MATCHED,6021,7442638328000,6021,9030854689000,7442638310000,18000,0.018000
7442671648000,MATCHED,6022,7442671648000,6022,9030888012000,7442671633000,15000,0.015000
7442704965000,MATCHED,6023,7442704965000,6023,9030921325000,7442704946000,19000,0.019000
7442738283000,MATCHED,6024,7442738283000,6024,9030954643000,7442738264000,19000,0.019000
7442771601000,MATCHED,6025,7442771601000,6025,9030987962000,7442771583000,18000,0.018000
7442804920000,MATCHED,6026,7442804920000,6026,9031021280000,7442804901000,19000,0.019000
7442838238000,MATCHED,6027,7442838238000,6027,9031054599000,7442838220000,18000,0.018000
7442871558000,MATCHED,6028,7442871558000,6028,9031087918000,7442871539000,19000,0.019000
7442904877000,MATCHED,6029,7442904877000,6029,9031121237000,7442904858000,19000,0.019000
7442938196000,MATCHED,6030,7442938196000,6030,9031154555000,7442938176000,20000,0.020000
7442971514000,MATCHED,6031,7442971514000,6031,9031187874000,7442971495000,19000,0.019000
7443004832000,MATCHED,6032,7443004832000,6032,9031221192000,7443004813000,19000,0.019000
7443038150000,MATCHED,6033,7443038150000,6033,9031254510000,7443038131000,19000,0.019000
7443071468000,MATCHED,6034,7443071468000,6034,9031287828000,7443071449000,19000,0.019000
7443104787000,MATCHED,6035,7443104787000,6035,9031321148000,7443104769000,18000,0.018000
7443138104000,MATCHED,6036,7443138104000,6036,9031354466000,7443138087000,17000,0.017000
7443171423000,MATCHED,6037,7443171423000,6037,9031387784000,7443171405000,18000,0.018000
7443204741000,MATCHED,6038,7443204741000,6038,9031421103000,7443204724000,17000,0.017000
7443238061000,MATCHED,6039,7443238061000,6039,9031454421000,7443238042000,19000,0.019000
7443271381000,MATCHED,6040,7443271381000,6040,9031487739000,7443271360000,21000,0.021000
7443304697000,MATCHED,6041,7443304697000,6041,9031521058000,7443304679000,18000,0.018000
7443338017000,MATCHED,6042,7443338017000,6042,9031554376000,7443337997000,20000,0.020000
7443371334000,MATCHED,6043,7443371334000,6043,9031587695000,7443371316000,18000,0.018000
7443404655000,MATCHED,6044,7443404655000,6044,9031621013000,7443404634000,21000,0.021000
7443437971000,MATCHED,6045,7443437971000,6045,9031654332000,7443437953000,18000,0.018000
7443471290000,MATCHED,6046,7443471290000,6046,9031687650000,7443471271000,19000,0.019000
7443504608000,MATCHED,6047,7443504608000,6047,9031720969000,7443504590000,18000,0.018000
7443537927000,MATCHED,6048,7443537927000,6048,9031754287000,7443537908000,19000,0.019000
7443571246000,MATCHED,6049,7443571246000,6049,9031787605000,7443571226000,20000,0.020000
7443604564000,MATCHED,6050,7443604564000,6050,9031820924000,7443604545000,19000,0.019000
7443637883000,MATCHED,6051,7443637883000,6051,9031854244000,7443637865000,18000,0.018000
7443671201000,MATCHED,6052,7443671201000,6052,9031887561000,7443671182000,19000,0.019000
7443704519000,MATCHED,6053,7443704519000,6053,9031920879000,7443704500000,19000,0.019000
7443737837000,MATCHED,6054,7443737837000,6054,9031954199000,7443737820000,17000,0.017000
7443771157000,MATCHED,6055,7443771157000,6055,9031987516000,7443771137000,20000,0.020000
7443804476000,MATCHED,6056,7443804476000,6056,9032020835000,7443804456000,20000,0.020000
7443837795000,MATCHED,6057,7443837795000,6057,9032054154000,7443837775000,20000,0.020000
7443871116000,MATCHED,6058,7443871116000,6058,9032087472000,7443871093000,23000,0.023000
7443904430000,MATCHED,6059,7443904430000,6059,9032120791000,7443904412000,18000,0.018000
7443937750000,MATCHED,6060,7443937750000,6060,9032154109000,7443937730000,20000,0.020000
7443971066000,MATCHED,6061,7443971066000,6061,9032187428000,7443971049000,17000,0.017000
7444004386000,MATCHED,6062,7444004386000,6062,9032220744000,7444004365000,21000,0.021000
7444037705000,MATCHED,6063,7444037705000,6063,9032254067000,7444037688000,17000,0.017000
7444071022000,MATCHED,6064,7444071022000,6064,9032287384000,7444071005000,17000,0.017000
7444104347000,MATCHED,6065,7444104347000,6065,9032320702000,7444104323000,24000,0.024000
7444137658000,MATCHED,6066,7444137658000,6066,9032354021000,7444137642000,16000,0.016000
7444170978000,MATCHED,6067,7444170978000,6067,9032387340000,7444170961000,17000,0.017000
7444204295000,MATCHED,6068,7444204295000,6068,9032420657000,7444204278000,17000,0.017000
7444237613000,MATCHED,6069,7444237613000,6069,9032453975000,7444237596000,17000,0.017000
7444270931000,MATCHED,6070,7444270931000,6070,9032487293000,7444270914000,17000,0.017000
7444304253000,MATCHED,6071,7444304253000,6071,9032520613000,7444304234000,19000,0.019000
7444337568000,MATCHED,6072,7444337568000,6072,9032553931000,7444337552000,16000,0.016000
7444370886000,MATCHED,6073,7444370886000,6073,9032587250000,7444370871000,15000,0.015000
7444404207000,MATCHED,6074,7444404207000,6074,9032620568000,7444404189000,18000,0.018000
7444437525000,MATCHED,6075,7444437525000,6075,9032653887000,7444437508000,17000,0.017000
7444470843000,MATCHED,6076,7444470843000,6076,9032687205000,7444470826000,17000,0.017000
7444504162000,MATCHED,6077,7444504162000,6077,9032720524000,7444504145000,17000,0.017000
7444537480000,MATCHED,6078,7444537480000,6078,9032753842000,7444537463000,17000,0.017000
7444570799000,MATCHED,6079,7444570799000,6079,9032787161000,7444570782000,17000,0.017000
7444604116000,MATCHED,6080,7444604116000,6080,9032820478000,7444604099000,17000,0.017000
7444637439000,MATCHED,6081,7444637439000,6081,9032853800000,7444637421000,18000,0.018000
7444670759000,MATCHED,6082,7444670759000,6082,9032887116000,7444670737000,22000,0.022000
7444704073000,MATCHED,6083,7444704073000,6083,9032920434000,7444704055000,18000,0.018000
7444737391000,MATCHED,6084,7444737391000,6084,9032953753000,7444737374000,17000,0.017000
7444770710000,MATCHED,6085,7444770710000,6085,9032987071000,7444770692000,18000,0.018000
7444804028000,MATCHED,6086,7444804028000,6086,9033020390000,7444804011000,17000,0.017000
7444837361000,MATCHED,6087,7444837361000,6087,9033053709000,7444837330000,31000,0.031000
7444870671000,MATCHED,6088,7444870671000,6088,9033087027000,7444870648000,23000,0.023000
7444904002000,MATCHED,6089,7444904002000,6089,9033120345000,7444903966000,36000,0.036000
7444937319000,MATCHED,6090,7444937319000,6090,9033153664000,7444937285000,34000,0.034000
7444970636000,MATCHED,6091,7444970636000,6091,9033186982000,7444970603000,33000,0.033000
7445003953000,MATCHED,6092,7445003953000,6092,9033220301000,7445003922000,31000,0.031000
7445037264000,MATCHED,6093,7445037264000,6093,9033253620000,7445037241000,23000,0.023000
7445070583000,MATCHED,6094,7445070583000,6094,9033286937000,7445070558000,25000,0.025000
7445103900000,MATCHED,6095,7445103900000,6095,9033320256000,7445103877000,23000,0.023000
7445137223000,MATCHED,6096,7445137223000,6096,9033353574000,7445137195000,28000,0.028000
7445170536000,MATCHED,6097,7445170536000,6097,9033386893000,7445170514000,22000,0.022000
7445203854000,MATCHED,6098,7445203854000,6098,9033420212000,7445203833000,21000,0.021000
7445237171000,MATCHED,6099,7445237171000,6099,9033453530000,7445237151000,20000,0.020000
7445270489000,MATCHED,6100,7445270489000,6100,9033486849000,7445270470000,19000,0.019000
7445303824000,MATCHED,6101,7445303824000,6101,9033520167000,7445303788000,36000,0.036000
7445337129000,MATCHED,6102,7445337129000,6102,9033553485000,7445337106000,23000,0.023000
7445370454000,MATCHED,6103,7445370454000,6103,9033586804000,7445370425000,29000,0.029000
7445403772000,MATCHED,6104,7445403772000,6104,9033620122000,7445403743000,29000,0.029000
7445437089000,MATCHED,6105,7445437089000,6105,9033653441000,7445437062000,27000,0.027000
7445470402000,MATCHED,6106,7445470402000,6106,9033686761000,7445470382000,20000,0.020000
7445503719000,MATCHED,6107,7445503719000,6107,9033720077000,7445503698000,21000,0.021000
7445537041000,MATCHED,6108,7445537041000,6108,9033753396000,7445537017000,24000,0.024000
7445570354000,MATCHED,6109,7445570354000,6109,9033786716000,7445570337000,17000,0.017000
7445603671000,MATCHED,6110,7445603671000,6110,9033820037000,7445603658000,13000,0.013000
7445637012000,MATCHED,6111,7445637012000,6111,9033853350000,7445636971000,41000,0.041000
7445670311000,MATCHED,6112,7445670311000,6112,9033886670000,7445670291000,20000,0.020000
7445703630000,MATCHED,6113,7445703630000,6113,9033919988000,7445703609000,21000,0.021000
7445736946000,MATCHED,6114,7445736946000,6114,9033953307000,7445736928000,18000,0.018000
7445770268000,MATCHED,6115,7445770268000,6115,9033986626000,7445770247000,21000,0.021000
7445803581000,MATCHED,6116,7445803581000,6116,9034019944000,7445803565000,16000,0.016000
7445836910000,MATCHED,6117,7445836910000,6117,9034053263000,7445836884000,26000,0.026000
7445870220000,MATCHED,6118,7445870220000,6118,9034086582000,7445870203000,17000,0.017000
7445903542000,MATCHED,6119,7445903542000,6119,9034119899000,7445903520000,22000,0.022000
7445936861000,MATCHED,6120,7445936861000,6120,9034153218000,7445936839000,22000,0.022000
7445970175000,MATCHED,6121,7445970175000,6121,9034186536000,7445970157000,18000,0.018000
7446003499000,MATCHED,6122,7446003499000,6122,9034219854000,7446003475000,24000,0.024000
7446036820000,MATCHED,6123,7446036820000,6123,9034253173000,7446036794000,26000,0.026000
7446070130000,MATCHED,6124,7446070130000,6124,9034286492000,7446070113000,17000,0.017000
7446103450000,MATCHED,6125,7446103450000,6125,9034319810000,7446103431000,19000,0.019000
7446136769000,MATCHED,6126,7446136769000,6126,9034353128000,7446136749000,20000,0.020000
7446170089000,MATCHED,6127,7446170089000,6127,9034386448000,7446170069000,20000,0.020000
7446203407000,MATCHED,6128,7446203407000,6128,9034419765000,7446203386000,21000,0.021000
7446236724000,MATCHED,6129,7446236724000,6129,9034453084000,7446236705000,19000,0.019000
7446270042000,MATCHED,6130,7446270042000,6130,9034486403000,7446270024000,18000,0.018000
7446303361000,MATCHED,6131,7446303361000,6131,9034519721000,7446303342000,19000,0.019000
7446336680000,MATCHED,6132,7446336680000,6132,9034553040000,7446336661000,19000,0.019000
7446369997000,MATCHED,6133,7446369997000,6133,9034586358000,7446369979000,18000,0.018000
7446403321000,MATCHED,6134,7446403321000,6134,9034619677000,7446403298000,23000,0.023000
7446436639000,MATCHED,6135,7446436639000,6135,9034652995000,7446436616000,23000,0.023000
7446469951000,MATCHED,6136,7446469951000,6136,9034686313000,7446469934000,17000,0.017000
7446503274000,MATCHED,6137,7446503274000,6137,9034719631000,7446503252000,22000,0.022000
7446536588000,MATCHED,6138,7446536588000,6138,9034752950000,7446536571000,17000,0.017000
7446569907000,MATCHED,6139,7446569907000,6139,9034786268000,7446569889000,18000,0.018000
7446603227000,MATCHED,6140,7446603227000,6140,9034819587000,7446603208000,19000,0.019000
7446636568000,MATCHED,6141,7446636568000,6141,9034852905000,7446636526000,42000,0.042000
7446669866000,MATCHED,6142,7446669866000,6142,9034886224000,7446669845000,21000,0.021000
7446703183000,MATCHED,6143,7446703183000,6143,9034919543000,7446703164000,19000,0.019000
7446736500000,MATCHED,6144,7446736500000,6144,9034952861000,7446736482000,18000,0.018000
7446769820000,MATCHED,6145,7446769820000,6145,9034986179000,7446769800000,20000,0.020000
7446803138000,MATCHED,6146,7446803138000,6146,9035019498000,7446803119000,19000,0.019000
7446836456000,MATCHED,6147,7446836456000,6147,9035052817000,7446836438000,18000,0.018000
7446869775000,MATCHED,6148,7446869775000,6148,9035086135000,7446869756000,19000,0.019000
7446903093000,MATCHED,6149,7446903093000,6149,9035119453000,7446903074000,19000,0.019000
7446936412000,MATCHED,6150,7446936412000,6150,9035152771000,7446936392000,20000,0.020000
7446969728000,MATCHED,6151,7446969728000,6151,9035186089000,7446969710000,18000,0.018000
7447003051000,MATCHED,6152,7447003051000,6152,9035219408000,7447003029000,22000,0.022000
7447036376000,MATCHED,6153,7447036376000,6153,9035252727000,7447036348000,28000,0.028000
7447069689000,MATCHED,6154,7447069689000,6154,9035286045000,7447069666000,23000,0.023000
7447103005000,MATCHED,6155,7447103005000,6155,9035319364000,7447102985000,20000,0.020000
7447136325000,MATCHED,6156,7447136325000,6156,9035352682000,7447136303000,22000,0.022000
7447169645000,MATCHED,6157,7447169645000,6157,9035386001000,7447169622000,23000,0.023000
7447202957000,MATCHED,6158,7447202957000,6158,9035419319000,7447202940000,17000,0.017000
7447236278000,MATCHED,6159,7447236278000,6159,9035452638000,7447236259000,19000,0.019000
7447269603000,MATCHED,6160,7447269603000,6160,9035485957000,7447269578000,25000,0.025000
7447302917000,MATCHED,6161,7447302917000,6161,9035519275000,7447302896000,21000,0.021000
7447336232000,MATCHED,6162,7447336232000,6162,9035552594000,7447336215000,17000,0.017000
7447369552000,MATCHED,6163,7447369552000,6163,9035585912000,7447369533000,19000,0.019000
7447402874000,MATCHED,6164,7447402874000,6164,9035619230000,7447402851000,23000,0.023000
7447436190000,MATCHED,6165,7447436190000,6165,9035652548000,7447436169000,21000,0.021000
7447469508000,MATCHED,6166,7447469508000,6166,9035685870000,7447469491000,17000,0.017000
7447502825000,MATCHED,6167,7447502825000,6167,9035719185000,7447502806000,19000,0.019000
7447536146000,MATCHED,6168,7447536146000,6168,9035752504000,7447536125000,21000,0.021000
7447569464000,MATCHED,6169,7447569464000,6169,9035785822000,7447569443000,21000,0.021000
7447602781000,MATCHED,6170,7447602781000,6170,9035819141000,7447602762000,19000,0.019000
7447636112000,MATCHED,6171,7447636112000,6171,9035852460000,7447636081000,31000,0.031000
7447669417000,MATCHED,6172,7447669417000,6172,9035885779000,7447669400000,17000,0.017000
7447702738000,MATCHED,6173,7447702738000,6173,9035919097000,7447702718000,20000,0.020000
7447736063000,MATCHED,6174,7447736063000,6174,9035952416000,7447736037000,26000,0.026000
7447769379000,MATCHED,6175,7447769379000,6175,9035985735000,7447769356000,23000,0.023000
7447802694000,MATCHED,6176,7447802694000,6176,9036019053000,7447802674000,20000,0.020000
7447836042000,MATCHED,6177,7447836042000,6177,9036052371000,7447835992000,50000,0.050000
7447869329000,MATCHED,6178,7447869329000,6178,9036085689000,7447869310000,19000,0.019000
7447902650000,MATCHED,6179,7447902650000,6179,9036119008000,7447902629000,21000,0.021000
7447935968000,MATCHED,6180,7447935968000,6180,9036152326000,7447935947000,21000,0.021000
7447969284000,MATCHED,6181,7447969284000,6181,9036185645000,7447969266000,18000,0.018000
7448002604000,MATCHED,6182,7448002604000,6182,9036218964000,7448002585000,19000,0.019000
7448035918000,MATCHED,6183,7448035918000,6183,9036252282000,7448035903000,15000,0.015000
7448069239000,MATCHED,6184,7448069239000,6184,9036285600000,7448069221000,18000,0.018000
7448102560000,MATCHED,6185,7448102560000,6185,9036318915000,7448102536000,24000,0.024000
7448135874000,MATCHED,6186,7448135874000,6186,9036352234000,7448135855000,19000,0.019000
7448169191000,MATCHED,6187,7448169191000,6187,9036385552000,7448169173000,18000,0.018000
7448202510000,MATCHED,6188,7448202510000,6188,9036418873000,7448202494000,16000,0.016000
7448235829000,MATCHED,6189,7448235829000,6189,9036452191000,7448235812000,17000,0.017000
7448269147000,MATCHED,6190,7448269147000,6190,9036485508000,7448269129000,18000,0.018000
7448302468000,MATCHED,6191,7448302468000,6191,9036518829000,7448302450000,18000,0.018000
7448335784000,MATCHED,6192,7448335784000,6192,9036552148000,7448335769000,15000,0.015000
7448369102000,MATCHED,6193,7448369102000,6193,9036585466000,7448369087000,15000,0.015000
7448402420000,MATCHED,6194,7448402420000,6194,9036618788000,7448402409000,11000,0.011000
7448435738000,MATCHED,6195,7448435738000,6195,9036652103000,7448435724000,14000,0.014000
7448469057000,MATCHED,6196,7448469057000,6196,9036685428000,7448469049000,8000,0.008000
7448502380000,MATCHED,6197,7448502380000,6197,9036718739000,7448502360000,20000,0.020000
7448535696000,MATCHED,6198,7448535696000,6198,9036752061000,7448535682000,14000,0.014000
7448569017000,MATCHED,6199,7448569017000,6199,9036785377000,7448568998000,19000,0.019000
7448602354000,MATCHED,6200,7448602354000,6200,9036818701000,7448602322000,32000,0.032000
7448635654000,MATCHED,6201,7448635654000,6201,9036852020000,7448635641000,13000,0.013000
7448668977000,MATCHED,6202,7448668977000,6202,9036885334000,7448668955000,22000,0.022000
7448702300000,MATCHED,6203,7448702300000,6203,9036918651000,7448702272000,28000,0.028000
7448735616000,MATCHED,6204,7448735616000,6204,9036951968000,7448735589000,27000,0.027000
7448768927000,MATCHED,6205,7448768927000,6205,9036985289000,7448768910000,17000,0.017000
7448802251000,MATCHED,6206,7448802251000,6206,9037018607000,7448802228000,23000,0.023000
7448835567000,MATCHED,6207,7448835567000,6207,9037051925000,7448835546000,21000,0.021000
7448868886000,MATCHED,6208,7448868886000,6208,9037085242000,7448868863000,23000,0.023000
7448902207000,MATCHED,6209,7448902207000,6209,9037118561000,7448902182000,25000,0.025000
7448935527000,MATCHED,6210,7448935527000,6210,9037151881000,7448935502000,25000,0.025000
7448968839000,MATCHED,6211,7448968839000,6211,9037185199000,7448968820000,19000,0.019000
7449002156000,MATCHED,6212,7449002156000,6212,9037218528000,7449002149000,7000,0.007000
7449035477000,MATCHED,6213,7449035477000,6213,9037251838000,7449035459000,18000,0.018000
7449068795000,MATCHED,6214,7449068795000,6214,9037285166000,7449068787000,8000,0.008000
7449102117000,MATCHED,6215,7449102117000,6215,9037318475000,7449102096000,21000,0.021000
7449135457000,MATCHED,6216,7449135457000,6216,9037351792000,7449135413000,44000,0.044000
7449168766000,MATCHED,6217,7449168766000,6217,9037385111000,7449168732000,34000,0.034000
7449202079000,MATCHED,6218,7449202079000,6218,9037418429000,7449202050000,29000,0.029000
7449235394000,MATCHED,6219,7449235394000,6219,9037451747000,7449235368000,26000,0.026000
7449268709000,MATCHED,6220,7449268709000,6220,9037485066000,7449268687000,22000,0.022000
7449302034000,MATCHED,6221,7449302034000,6221,9037518386000,7449302007000,27000,0.027000
7449335343000,MATCHED,6222,7449335343000,6222,9037551704000,7449335325000,18000,0.018000
7449368666000,MATCHED,6223,7449368666000,6223,9037585020000,7449368641000,25000,0.025000
7449401983000,MATCHED,6224,7449401983000,6224,9037618340000,7449401961000,22000,0.022000
7449435301000,MATCHED,6225,7449435301000,6225,9037651658000,7449435279000,22000,0.022000
7449468624000,MATCHED,6226,7449468624000,6226,9037684976000,7449468597000,27000,0.027000
7449501935000,MATCHED,6227,7449501935000,6227,9037718303000,7449501924000,11000,0.011000
7449535261000,MATCHED,6228,7449535261000,6228,9037751615000,7449535236000,25000,0.025000
7449568585000,MATCHED,6229,7449568585000,6229,9037784937000,7449568558000,27000,0.027000
7449601896000,MATCHED,6230,7449601896000,6230,9037818251000,7449601872000,24000,0.024000
7449635214000,MATCHED,6231,7449635214000,6231,9037851568000,7449635189000,25000,0.025000
7449668525000,MATCHED,6232,7449668525000,6232,9037884888000,7449668509000,16000,0.016000
7449701856000,MATCHED,6233,7449701856000,6233,9037918207000,7449701828000,28000,0.028000
7449735177000,MATCHED,6234,7449735177000,6234,9037951524000,7449735145000,32000,0.032000
7449768484000,MATCHED,6235,7449768484000,6235,9037984843000,7449768464000,20000,0.020000
7449801805000,MATCHED,6236,7449801805000,6236,9038018162000,7449801783000,22000,0.022000
7449835121000,MATCHED,6237,7449835121000,6237,9038051481000,7449835102000,19000,0.019000
7449868440000,MATCHED,6238,7449868440000,6238,9038084796000,7449868417000,23000,0.023000
7449901763000,MATCHED,6239,7449901763000,6239,9038118115000,7449901736000,27000,0.027000
7449935080000,MATCHED,6240,7449935080000,6240,9038151446000,7449935067000,13000,0.013000
7449968397000,MATCHED,6241,7449968397000,6241,9038184759000,7449968380000,17000,0.017000
7450001716000,MATCHED,6242,7450001716000,6242,9038218073000,7450001694000,22000,0.022000
7450035031000,MATCHED,6243,7450035031000,6243,9038251405000,7450035026000,5000,0.005000
7450068353000,MATCHED,6244,7450068353000,6244,9038284710000,7450068331000,22000,0.022000
7450101678000,MATCHED,6245,7450101678000,6245,9038318027000,7450101648000,30000,0.030000
7450134995000,MATCHED,6246,7450134995000,6246,9038351347000,7450134968000,27000,0.027000
7450168314000,MATCHED,6247,7450168314000,6247,9038384663000,7450168284000,30000,0.030000
7450201624000,MATCHED,6248,7450201624000,6248,9038417983000,7450201604000,20000,0.020000
7450234942000,MATCHED,6249,7450234942000,6249,9038451302000,7450234923000,19000,0.019000
7450268261000,MATCHED,6250,7450268261000,6250,9038484629000,7450268250000,11000,0.011000
7450301581000,MATCHED,6251,7450301581000,6251,9038517942000,7450301563000,18000,0.018000
7450334898000,MATCHED,6252,7450334898000,6252,9038551257000,7450334878000,20000,0.020000
7450368216000,MATCHED,6253,7450368216000,6253,9038584576000,7450368197000,19000,0.019000
7450401532000,MATCHED,6254,7450401532000,6254,9038617893000,7450401514000,18000,0.018000
7450434857000,MATCHED,6255,7450434857000,6255,9038651213000,7450434834000,23000,0.023000
7450468171000,MATCHED,6256,7450468171000,6256,9038684532000,7450468153000,18000,0.018000
7450501489000,MATCHED,6257,7450501489000,6257,9038717850000,7450501471000,18000,0.018000
7450534810000,MATCHED,6258,7450534810000,6258,9038751167000,7450534788000,22000,0.022000
7450568126000,MATCHED,6259,7450568126000,6259,9038784490000,7450568111000,15000,0.015000
7450601450000,MATCHED,6260,7450601450000,6260,9038817811000,7450601432000,18000,0.018000
7450634768000,MATCHED,6261,7450634768000,6261,9038851125000,7450634746000,22000,0.022000
7450668084000,MATCHED,6262,7450668084000,6262,9038884442000,7450668063000,21000,0.021000
7450701408000,MATCHED,6263,7450701408000,6263,9038917760000,7450701381000,27000,0.027000
7450734725000,MATCHED,6264,7450734725000,6264,9038951079000,7450734700000,25000,0.025000
7450768037000,MATCHED,6265,7450768037000,6265,9038984397000,7450768018000,19000,0.019000
7450801351000,MATCHED,6266,7450801351000,6266,9039017714000,7450801335000,16000,0.016000
7450834671000,MATCHED,6267,7450834671000,6267,9039051032000,7450834653000,18000,0.018000
7450867990000,MATCHED,6268,7450867990000,6268,9039084349000,7450867970000,20000,0.020000
7450901311000,MATCHED,6269,7450901311000,6269,9039117668000,7450901289000,22000,0.022000
7450934626000,MATCHED,6270,7450934626000,6270,9039150988000,7450934609000,17000,0.017000
7450967946000,MATCHED,6271,7450967946000,6271,9039184306000,7450967927000,19000,0.019000
7451001262000,MATCHED,6272,7451001262000,6272,9039217624000,7451001245000,17000,0.017000
7451034583000,MATCHED,6273,7451034583000,6273,9039250942000,7451034563000,20000,0.020000
7451067901000,MATCHED,6274,7451067901000,6274,9039284261000,7451067882000,19000,0.019000
7451101224000,MATCHED,6275,7451101224000,6275,9039317579000,7451101200000,24000,0.024000
7451134538000,MATCHED,6276,7451134538000,6276,9039350898000,7451134519000,19000,0.019000
7451167857000,MATCHED,6277,7451167857000,6277,9039384216000,7451167837000,20000,0.020000
7451201180000,MATCHED,6278,7451201180000,6278,9039417534000,7451201155000,25000,0.025000
7451234492000,MATCHED,6279,7451234492000,6279,9039450856000,7451234477000,15000,0.015000
7451267811000,MATCHED,6280,7451267811000,6280,9039484172000,7451267793000,18000,0.018000
7451301129000,MATCHED,6281,7451301129000,6281,9039517490000,7451301111000,18000,0.018000
7451334448000,MATCHED,6282,7451334448000,6282,9039550808000,7451334429000,19000,0.019000
7451367765000,MATCHED,6283,7451367765000,6283,9039584127000,7451367748000,17000,0.017000
7451401085000,MATCHED,6284,7451401085000,6284,9039617445000,7451401066000,19000,0.019000
7451434401000,MATCHED,6285,7451434401000,6285,9039650764000,7451434385000,16000,0.016000
7451467720000,MATCHED,6286,7451467720000,6286,9039684083000,7451467704000,16000,0.016000
7451501039000,MATCHED,6287,7451501039000,6287,9039717401000,7451501022000,17000,0.017000
7451534359000,MATCHED,6288,7451534359000,6288,9039750719000,7451534340000,19000,0.019000
7451567675000,MATCHED,6289,7451567675000,6289,9039784038000,7451567659000,16000,0.016000
7451600996000,MATCHED,6290,7451600996000,6290,9039817357000,7451600978000,18000,0.018000
7451634314000,MATCHED,6291,7451634314000,6291,9039850675000,7451634296000,18000,0.018000
7451667631000,MATCHED,6292,7451667631000,6292,9039883994000,7451667615000,16000,0.016000
7451700951000,MATCHED,6293,7451700951000,6293,9039917311000,7451700932000,19000,0.019000
7451734272000,MATCHED,6294,7451734272000,6294,9039950630000,7451734251000,21000,0.021000
7451767586000,MATCHED,6295,7451767586000,6295,9039983949000,7451767570000,16000,0.016000
7451800908000,MATCHED,6296,7451800908000,6296,9040017267000,7451800888000,20000,0.020000
7451834223000,MATCHED,6297,7451834223000,6297,9040050586000,7451834207000,16000,0.016000
7451867541000,MATCHED,6298,7451867541000,6298,9040083904000,7451867525000,16000,0.016000
7451900862000,MATCHED,6299,7451900862000,6299,9040117223000,7451900844000,18000,0.018000
7451934181000,MATCHED,6300,7451934181000,6300,9040150543000,7451934164000,17000,0.017000
7451967499000,MATCHED,6301,7451967499000,6301,9040183861000,7451967482000,17000,0.017000
7452000819000,MATCHED,6302,7452000819000,6302,9040217179000,7452000800000,19000,0.019000
7452034136000,MATCHED,6303,7452034136000,6303,9040250497000,7452034118000,18000,0.018000
7452067458000,MATCHED,6304,7452067458000,6304,9040283815000,7452067436000,22000,0.022000
7452100773000,MATCHED,6305,7452100773000,6305,9040317133000,7452100754000,19000,0.019000
7452134101000,MATCHED,6306,7452134101000,6306,9040350452000,7452134073000,28000,0.028000
7452167411000,MATCHED,6307,7452167411000,6307,9040383770000,7452167391000,20000,0.020000
7452200731000,MATCHED,6308,7452200731000,6308,9040417089000,7452200710000,21000,0.021000
7452234046000,MATCHED,6309,7452234046000,6309,9040450408000,7452234029000,17000,0.017000
7452267363000,MATCHED,6310,7452267363000,6310,9040483725000,7452267346000,17000,0.017000
7452300682000,MATCHED,6311,7452300682000,6311,9040517045000,7452300666000,16000,0.016000
7452334000000,MATCHED,6312,7452334000000,6312,9040550362000,7452333983000,17000,0.017000
7452367319000,MATCHED,6313,7452367319000,6313,9040583681000,7452367302000,17000,0.017000
7452400641000,MATCHED,6314,7452400641000,6314,9040617000000,7452400621000,20000,0.020000
7452433956000,MATCHED,6315,7452433956000,6315,9040650318000,7452433939000,17000,0.017000
7452467275000,MATCHED,6316,7452467275000,6316,9040683637000,7452467258000,17000,0.017000
7452500593000,MATCHED,6317,7452500593000,6317,9040716955000,7452500576000,17000,0.017000
7452533912000,MATCHED,6318,7452533912000,6318,9040750273000,7452533894000,18000,0.018000
7452567229000,MATCHED,6319,7452567229000,6319,9040783592000,7452567213000,16000,0.016000
7452600548000,MATCHED,6320,7452600548000,6320,9040816910000,7452600531000,17000,0.017000
7452633867000,MATCHED,6321,7452633867000,6321,9040850229000,7452633850000,17000,0.017000
7452667185000,MATCHED,6322,7452667185000,6322,9040883547000,7452667168000,17000,0.017000
7452700509000,MATCHED,6323,7452700509000,6323,9040916866000,7452700487000,22000,0.022000
7452733831000,MATCHED,6324,7452733831000,6324,9040950184000,7452733805000,26000,0.026000
7452767149000,MATCHED,6325,7452767149000,6325,9040983504000,7452767125000,24000,0.024000
7452800466000,MATCHED,6326,7452800466000,6326,9041016821000,7452800442000,24000,0.024000
7452833789000,MATCHED,6327,7452833789000,6327,9041050138000,7452833759000,30000,0.030000
7452867106000,MATCHED,6328,7452867106000,6328,9041083458000,7452867079000,27000,0.027000
7452900421000,MATCHED,6329,7452900421000,6329,9041116777000,7452900398000,23000,0.023000
7452933746000,MATCHED,6330,7452933746000,6330,9041150095000,7452933716000,30000,0.030000
7452967054000,MATCHED,6331,7452967054000,6331,9041183418000,7452967039000,15000,0.015000
7453000372000,MATCHED,6332,7453000372000,6332,9041216733000,7453000354000,18000,0.018000
7453033694000,MATCHED,6333,7453033694000,6333,9041250050000,7453033671000,23000,0.023000
7453067008000,MATCHED,6334,7453067008000,6334,9041283368000,7453066989000,19000,0.019000
7453100326000,MATCHED,6335,7453100326000,6335,9041316685000,7453100306000,20000,0.020000
7453133645000,MATCHED,6336,7453133645000,6336,9041350005000,7453133626000,19000,0.019000
7453166965000,MATCHED,6337,7453166965000,6337,9041383324000,7453166945000,20000,0.020000
7453200285000,MATCHED,6338,7453200285000,6338,9041416643000,7453200264000,21000,0.021000
7453233608000,MATCHED,6339,7453233608000,6339,9041449963000,7453233584000,24000,0.024000
7453266920000,MATCHED,6340,7453266920000,6340,9041483283000,7453266904000,16000,0.016000
7453300237000,MATCHED,6341,7453300237000,6341,9041516603000,7453300224000,13000,0.013000
7453333556000,MATCHED,6342,7453333556000,6342,9041549924000,7453333545000,11000,0.011000
7453366874000,MATCHED,6343,7453366874000,6343,9041583244000,7453366865000,9000,0.009000
7453400192000,MATCHED,6344,7453400192000,6344,9041616554000,7453400175000,17000,0.017000
7453433511000,MATCHED,6345,7453433511000,6345,9041649879000,7453433500000,11000,0.011000
7453466831000,MATCHED,6346,7453466831000,6346,9041683193000,7453466814000,17000,0.017000
7453500148000,MATCHED,6347,7453500148000,6347,9041716512000,7453500133000,15000,0.015000
7453533466000,MATCHED,6348,7453533466000,6348,9041749827000,7453533448000,18000,0.018000
7453566784000,MATCHED,6349,7453566784000,6349,9041783146000,7453566767000,17000,0.017000
7453600105000,MATCHED,6350,7453600105000,6350,9041816463000,7453600084000,21000,0.021000
7453633424000,MATCHED,6351,7453633424000,6351,9041849782000,7453633403000,21000,0.021000
7453666741000,MATCHED,6352,7453666741000,6352,9041883101000,7453666722000,19000,0.019000
7453700074000,MATCHED,6353,7453700074000,6353,9041916419000,7453700040000,34000,0.034000
7453733384000,MATCHED,6354,7453733384000,6354,9041949737000,7453733358000,26000,0.026000
7453766699000,MATCHED,6355,7453766699000,6355,9041983058000,7453766679000,20000,0.020000
7453800017000,MATCHED,6356,7453800017000,6356,9042016379000,7453800000000,17000,0.017000
7453833332000,MATCHED,6357,7453833332000,6357,9042049693000,7453833314000,18000,0.018000
7453866652000,MATCHED,6358,7453866652000,6358,9042083014000,7453866635000,17000,0.017000
7453899972000,MATCHED,6359,7453899972000,6359,9042116334000,7453899955000,17000,0.017000
7453933290000,MATCHED,6360,7453933290000,6360,9042149651000,7453933272000,18000,0.018000
7453966607000,MATCHED,6361,7453966607000,6361,9042182967000,7453966588000,19000,0.019000
7453999929000,MATCHED,6362,7453999929000,6362,9042216290000,7453999911000,18000,0.018000
7454033246000,MATCHED,6363,7454033246000,6363,9042249605000,7454033226000,20000,0.020000
7454066564000,MATCHED,6364,7454066564000,6364,9042282923000,7454066544000,20000,0.020000
7454099883000,MATCHED,6365,7454099883000,6365,9042316254000,7454099875000,8000,0.008000
7454133201000,MATCHED,6366,7454133201000,6366,9042349561000,7454133182000,19000,0.019000
7454166518000,MATCHED,6367,7454166518000,6367,9042382878000,7454166499000,19000,0.019000
7454199839000,MATCHED,6368,7454199839000,6368,9042416196000,7454199817000,22000,0.022000
7454233155000,MATCHED,6369,7454233155000,6369,9042449518000,7454233139000,16000,0.016000
7454266475000,MATCHED,6370,7454266475000,6370,9042482832000,7454266453000,22000,0.022000
7454299793000,MATCHED,6371,7454299793000,6371,9042516153000,7454299774000,19000,0.019000
7454333111000,MATCHED,6372,7454333111000,6372,9042549469000,7454333090000,21000,0.021000
7454366433000,MATCHED,6373,7454366433000,6373,9042582790000,7454366411000,22000,0.022000
7454399750000,MATCHED,6374,7454399750000,6374,9042616107000,7454399728000,22000,0.022000
7454433066000,MATCHED,6375,7454433066000,6375,9042649433000,7454433054000,12000,0.012000
7454466384000,MATCHED,6376,7454466384000,6376,9042682751000,7454466372000,12000,0.012000
7454499703000,MATCHED,6377,7454499703000,6377,9042716069000,7454499690000,13000,0.013000
7454533024000,MATCHED,6378,7454533024000,6378,9042749383000,7454533004000,20000,0.020000
7454566341000,MATCHED,6379,7454566341000,6379,9042782698000,7454566319000,22000,0.022000
7454599666000,MATCHED,6380,7454599666000,6380,9042816020000,7454599641000,25000,0.025000
7454632981000,MATCHED,6381,7454632981000,6381,9042849336000,7454632957000,24000,0.024000
7454666304000,MATCHED,6382,7454666304000,6382,9042882654000,7454666275000,29000,0.029000
7454699624000,MATCHED,6383,7454699624000,6383,9042915972000,7454699593000,31000,0.031000
7454732939000,MATCHED,6384,7454732939000,6384,9042949291000,7454732912000,27000,0.027000
7454766258000,MATCHED,6385,7454766258000,6385,9042982610000,7454766231000,27000,0.027000
7454799577000,MATCHED,6386,7454799577000,6386,9043015929000,7454799550000,27000,0.027000
7454832893000,MATCHED,6387,7454832893000,6387,9043049248000,7454832869000,24000,0.024000
7454866211000,MATCHED,6388,7454866211000,6388,9043082565000,7454866186000,25000,0.025000
7454899536000,MATCHED,6389,7454899536000,6389,9043115885000,7454899506000,30000,0.030000
7454932854000,MATCHED,6390,7454932854000,6390,9043149203000,7454932824000,30000,0.030000
7454966176000,MATCHED,6391,7454966176000,6391,9043182521000,7454966142000,34000,0.034000
7454999489000,MATCHED,6392,7454999489000,6392,9043215839000,7454999460000,29000,0.029000
7455032804000,MATCHED,6393,7455032804000,6393,9043249158000,7455032779000,25000,0.025000
7455066122000,MATCHED,6394,7455066122000,6394,9043282476000,7455066097000,25000,0.025000
7455099439000,MATCHED,6395,7455099439000,6395,9043315795000,7455099416000,23000,0.023000
7455132757000,MATCHED,6396,7455132757000,6396,9043349113000,7455132734000,23000,0.023000
7455166076000,MATCHED,6397,7455166076000,6397,9043382431000,7455166052000,24000,0.024000
7455199400000,MATCHED,6398,7455199400000,6398,9043415750000,7455199371000,29000,0.029000
7455232714000,MATCHED,6399,7455232714000,6399,9043449069000,7455232690000,24000,0.024000
7455266044000,MATCHED,6400,7455266044000,6400,9043482388000,7455266009000,35000,0.035000
7455299350000,MATCHED,6401,7455299350000,6401,9043515705000,7455299326000,24000,0.024000
7455332667000,MATCHED,6402,7455332667000,6402,9043549025000,7455332646000,21000,0.021000
7455365986000,MATCHED,6403,7455365986000,6403,9043582343000,7455365964000,22000,0.022000
7455399311000,MATCHED,6404,7455399311000,6404,9043615661000,7455399282000,29000,0.029000
7455432622000,MATCHED,6405,7455432622000,6405,9043648980000,7455432601000,21000,0.021000
7455465937000,MATCHED,6406,7455465937000,6406,9043682298000,7455465919000,18000,0.018000
7455499258000,MATCHED,6407,7455499258000,6407,9043715617000,7455499238000,20000,0.020000
7455532577000,MATCHED,6408,7455532577000,6408,9043748935000,7455532556000,21000,0.021000
7455565892000,MATCHED,6409,7455565892000,6409,9043782253000,7455565874000,18000,0.018000
7455599211000,MATCHED,6410,7455599211000,6410,9043815572000,7455599193000,18000,0.018000
7455632530000,MATCHED,6411,7455632530000,6411,9043848891000,7455632512000,18000,0.018000
7455665848000,MATCHED,6412,7455665848000,6412,9043882209000,7455665830000,18000,0.018000
7455699166000,MATCHED,6413,7455699166000,6413,9043915527000,7455699148000,18000,0.018000
7455732488000,MATCHED,6414,7455732488000,6414,9043948846000,7455732467000,21000,0.021000
7455765804000,MATCHED,6415,7455765804000,6415,9043982164000,7455765785000,19000,0.019000
7455799124000,MATCHED,6416,7455799124000,6416,9044015483000,7455799104000,20000,0.020000
7455832441000,MATCHED,6417,7455832441000,6417,9044048802000,7455832423000,18000,0.018000
7455865759000,MATCHED,6418,7455865759000,6418,9044082120000,7455865741000,18000,0.018000
7455899077000,MATCHED,6419,7455899077000,6419,9044115438000,7455899059000,18000,0.018000
7455932397000,MATCHED,6420,7455932397000,6420,9044148756000,7455932377000,20000,0.020000
7455965714000,MATCHED,6421,7455965714000,6421,9044182075000,7455965696000,18000,0.018000
7455999033000,MATCHED,6422,7455999033000,6422,9044215396000,7455999017000,16000,0.016000
7456032353000,MATCHED,6423,7456032353000,6423,9044248713000,7456032334000,19000,0.019000
7456065671000,MATCHED,6424,7456065671000,6424,9044282030000,7456065651000,20000,0.020000
7456098988000,MATCHED,6425,7456098988000,6425,9044315349000,7456098970000,18000,0.018000
7456132309000,MATCHED,6426,7456132309000,6426,9044348667000,7456132288000,21000,0.021000
7456165625000,MATCHED,6427,7456165625000,6427,9044381985000,7456165606000,19000,0.019000
7456198944000,MATCHED,6428,7456198944000,6428,9044415305000,7456198926000,18000,0.018000
7456232263000,MATCHED,6429,7456232263000,6429,9044448626000,7456232247000,16000,0.016000
7456265581000,MATCHED,6430,7456265581000,6430,9044481942000,7456265563000,18000,0.018000
7456298899000,MATCHED,6431,7456298899000,6431,9044515260000,7456298881000,18000,0.018000
7456332219000,MATCHED,6432,7456332219000,6432,9044548578000,7456332199000,20000,0.020000
7456365539000,MATCHED,6433,7456365539000,6433,9044581898000,7456365519000,20000,0.020000
7456398855000,MATCHED,6434,7456398855000,6434,9044615215000,7456398836000,19000,0.019000
7456432174000,MATCHED,6435,7456432174000,6435,9044648533000,7456432154000,20000,0.020000
7456465492000,MATCHED,6436,7456465492000,6436,9044681852000,7456465473000,19000,0.019000
7456498810000,MATCHED,6437,7456498810000,6437,9044715172000,7456498793000,17000,0.017000
7456532129000,MATCHED,6438,7456532129000,6438,9044748490000,7456532111000,18000,0.018000
7456565447000,MATCHED,6439,7456565447000,6439,9044781807000,7456565428000,19000,0.019000
7456598765000,MATCHED,6440,7456598765000,6440,9044815126000,7456598747000,18000,0.018000
7456632085000,MATCHED,6441,7456632085000,6441,9044848445000,7456632066000,19000,0.019000
7456665403000,MATCHED,6442,7456665403000,6442,9044881763000,7456665384000,19000,0.019000
7456698721000,MATCHED,6443,7456698721000,6443,9044915081000,7456698702000,19000,0.019000
7456732040000,MATCHED,6444,7456732040000,6444,9044948401000,7456732022000,18000,0.018000
7456765358000,MATCHED,6445,7456765358000,6445,9044981718000,7456765339000,19000,0.019000
7456798677000,MATCHED,6446,7456798677000,6446,9045015037000,7456798658000,19000,0.019000
7456831995000,MATCHED,6447,7456831995000,6447,9045048355000,7456831976000,19000,0.019000
7456865313000,MATCHED,6448,7456865313000,6448,9045081674000,7456865295000,18000,0.018000
7456898633000,MATCHED,6449,7456898633000,6449,9045114992000,7456898613000,20000,0.020000
7456931952000,MATCHED,6450,7456931952000,6450,9045148311000,7456931932000,20000,0.020000
7456965269000,MATCHED,6451,7456965269000,6451,9045181630000,7456965251000,18000,0.018000
7456998587000,MATCHED,6452,7456998587000,6452,9045214954000,7456998575000,12000,0.012000
7457031914000,MATCHED,6453,7457031914000,6453,9045248267000,7457031888000,26000,0.026000
7457065230000,MATCHED,6454,7457065230000,6454,9045281587000,7457065208000,22000,0.022000
7457098557000,MATCHED,6455,7457098557000,6455,9045314904000,7457098525000,32000,0.032000
7457131867000,MATCHED,6456,7457131867000,6456,9045348223000,7457131844000,23000,0.023000
7457165180000,MATCHED,6457,7457165180000,6457,9045381541000,7457165162000,18000,0.018000
7457198501000,MATCHED,6458,7457198501000,6458,9045414860000,7457198481000,20000,0.020000
7457231822000,MATCHED,6459,7457231822000,6459,9045448178000,7457231799000,23000,0.023000
7457265145000,MATCHED,6460,7457265145000,6460,9045481496000,7457265117000,28000,0.028000
7457298457000,MATCHED,6461,7457298457000,6461,9045514815000,7457298436000,21000,0.021000
7457331774000,MATCHED,6462,7457331774000,6462,9045548134000,7457331755000,19000,0.019000
7457365091000,MATCHED,6463,7457365091000,6463,9045581451000,7457365072000,19000,0.019000
7457398409000,MATCHED,6464,7457398409000,6464,9045614770000,7457398391000,18000,0.018000
7457431730000,MATCHED,6465,7457431730000,6465,9045648089000,7457431710000,20000,0.020000
7457465049000,MATCHED,6466,7457465049000,6466,9045681407000,7457465028000,21000,0.021000
7457498371000,MATCHED,6467,7457498371000,6467,9045714726000,7457498347000,24000,0.024000
7457531684000,MATCHED,6468,7457531684000,6468,9045748044000,7457531665000,19000,0.019000
7457565001000,MATCHED,6469,7457565001000,6469,9045781363000,7457564984000,17000,0.017000
7457598320000,MATCHED,6470,7457598320000,6470,9045814680000,7457598301000,19000,0.019000
7457631639000,MATCHED,6471,7457631639000,6471,9045848000000,7457631621000,18000,0.018000
7457664957000,MATCHED,6472,7457664957000,6472,9045881318000,7457664939000,18000,0.018000
7457698277000,MATCHED,6473,7457698277000,6473,9045914637000,7457698258000,19000,0.019000
7457731595000,MATCHED,6474,7457731595000,6474,9045947954000,7457731575000,20000,0.020000
7457764913000,MATCHED,6475,7457764913000,6475,9045981273000,7457764894000,19000,0.019000
7457798234000,MATCHED,6476,7457798234000,6476,9046014592000,7457798213000,21000,0.021000
7457831549000,MATCHED,6477,7457831549000,6477,9046047910000,7457831531000,18000,0.018000
7457864868000,MATCHED,6478,7457864868000,6478,9046081228000,7457864849000,19000,0.019000
7457898198000,MATCHED,6479,7457898198000,6479,9046114547000,7457898168000,30000,0.030000
7457931506000,MATCHED,6480,7457931506000,6480,9046147865000,7457931486000,20000,0.020000
7457964824000,MATCHED,6481,7457964824000,6481,9046181184000,7457964805000,19000,0.019000
7457998145000,MATCHED,6482,7457998145000,6482,9046214504000,7457998125000,20000,0.020000
7458031460000,MATCHED,6483,7458031460000,6483,9046247820000,7458031441000,19000,0.019000
7458064778000,MATCHED,6484,7458064778000,6484,9046281139000,7458064760000,18000,0.018000
7458098096000,MATCHED,6485,7458098096000,6485,9046314457000,7458098078000,18000,0.018000
7458131421000,MATCHED,6486,7458131421000,6486,9046347777000,7458131398000,23000,0.023000
7458164737000,MATCHED,6487,7458164737000,6487,9046381095000,7458164716000,21000,0.021000
7458198053000,MATCHED,6488,7458198053000,6488,9046414413000,7458198034000,19000,0.019000
7458231371000,MATCHED,6489,7458231371000,6489,9046447731000,7458231352000,19000,0.019000
7458264692000,MATCHED,6490,7458264692000,6490,9046481050000,7458264671000,21000,0.021000
7458298008000,MATCHED,6491,7458298008000,6491,9046514368000,7458297989000,19000,0.019000
7458331329000,MATCHED,6492,7458331329000,6492,9046547686000,7458331307000,22000,0.022000
7458364645000,MATCHED,6493,7458364645000,6493,9046581005000,7458364626000,19000,0.019000
7458397964000,MATCHED,6494,7458397964000,6494,9046614323000,7458397944000,20000,0.020000
7458431282000,MATCHED,6495,7458431282000,6495,9046647642000,7458431263000,19000,0.019000
7458464601000,MATCHED,6496,7458464601000,6496,9046680960000,7458464581000,20000,0.020000
7458497919000,MATCHED,6497,7458497919000,6497,9046714281000,7458497902000,17000,0.017000
7458531238000,MATCHED,6498,7458531238000,6498,9046747599000,7458531220000,18000,0.018000
7458564556000,MATCHED,6499,7458564556000,6499,9046780918000,7458564539000,17000,0.017000
7458597874000,MATCHED,6500,7458597874000,6500,9046814236000,7458597857000,17000,0.017000
7458631194000,MATCHED,6501,7458631194000,6501,9046847553000,7458631174000,20000,0.020000
7458664511000,MATCHED,6502,7458664511000,6502,9046880873000,7458664494000,17000,0.017000
7458697857000,MATCHED,6503,7458697857000,6503,9046914190000,7458697811000,46000,0.046000
7458731159000,MATCHED,6504,7458731159000,6504,9046947509000,7458731130000,29000,0.029000
7458764470000,MATCHED,6505,7458764470000,6505,9046980827000,7458764448000,22000,0.022000
7458797788000,MATCHED,6506,7458797788000,6506,9047014147000,7458797768000,20000,0.020000
7458831128000,MATCHED,6507,7458831128000,6507,9047047465000,7458831086000,42000,0.042000
7458864424000,MATCHED,6508,7458864424000,6508,9047080784000,7458864405000,19000,0.019000
7458897741000,MATCHED,6509,7458897741000,6509,9047114102000,7458897723000,18000,0.018000
7458931061000,MATCHED,6510,7458931061000,6510,9047147420000,7458931041000,20000,0.020000
7458964377000,MATCHED,6511,7458964377000,6511,9047180739000,7458964360000,17000,0.017000
7458997695000,MATCHED,6512,7458997695000,6512,9047214057000,7458997678000,17000,0.017000
7459031013000,MATCHED,6513,7459031013000,6513,9047247375000,7459030996000,17000,0.017000
7459064334000,MATCHED,6514,7459064334000,6514,9047280695000,7459064316000,18000,0.018000
7459097652000,MATCHED,6515,7459097652000,6515,9047314012000,7459097633000,19000,0.019000
7459130975000,MATCHED,6516,7459130975000,6516,9047347332000,7459130953000,22000,0.022000
7459164289000,MATCHED,6517,7459164289000,6517,9047380651000,7459164272000,17000,0.017000
7459197609000,MATCHED,6518,7459197609000,6518,9047413969000,7459197590000,19000,0.019000
7459230926000,MATCHED,6519,7459230926000,6519,9047447287000,7459230908000,18000,0.018000
7459264249000,MATCHED,6520,7459264249000,6520,9047480605000,7459264226000,23000,0.023000
7459297566000,MATCHED,6521,7459297566000,6521,9047513924000,7459297545000,21000,0.021000
7459330885000,MATCHED,6522,7459330885000,6522,9047547242000,7459330863000,22000,0.022000
7459364203000,MATCHED,6523,7459364203000,6523,9047580561000,7459364182000,21000,0.021000
7459397521000,MATCHED,6524,7459397521000,6524,9047613879000,7459397500000,21000,0.021000
7459430841000,MATCHED,6525,7459430841000,6525,9047647197000,7459430818000,23000,0.023000
7459464158000,MATCHED,6526,7459464158000,6526,9047680516000,7459464137000,21000,0.021000
7459497476000,MATCHED,6527,7459497476000,6527,9047713836000,7459497457000,19000,0.019000
7459530794000,MATCHED,6528,7459530794000,6528,9047747153000,7459530774000,20000,0.020000
7459564112000,MATCHED,6529,7459564112000,6529,9047780471000,7459564092000,20000,0.020000
7459597431000,MATCHED,6530,7459597431000,6530,9047813789000,7459597410000,21000,0.021000
7459630750000,MATCHED,6531,7459630750000,6531,9047847108000,7459630729000,21000,0.021000
7459664069000,MATCHED,6532,7459664069000,6532,9047880427000,7459664048000,21000,0.021000
7459697384000,MATCHED,6533,7459697384000,6533,9047913745000,7459697366000,18000,0.018000
7459730702000,MATCHED,6534,7459730702000,6534,9047947064000,7459730685000,17000,0.017000
7459764033000,MATCHED,6535,7459764033000,6535,9047980383000,7459764004000,29000,0.029000
7459797342000,MATCHED,6536,7459797342000,6536,9048013701000,7459797322000,20000,0.020000
7459830658000,MATCHED,6537,7459830658000,6537,9048047019000,7459830640000,18000,0.018000
7459863976000,MATCHED,6538,7459863976000,6538,9048080337000,7459863958000,18000,0.018000
7459897295000,MATCHED,6539,7459897295000,6539,9048113656000,7459897277000,18000,0.018000
7459930613000,MATCHED,6540,7459930613000,6540,9048146974000,7459930595000,18000,0.018000
7459963938000,MATCHED,6541,7459963938000,6541,9048180293000,7459963914000,24000,0.024000
7459997253000,MATCHED,6542,7459997253000,6542,9048213611000,7459997232000,21000,0.021000
7460030571000,MATCHED,6543,7460030571000,6543,9048246932000,7460030553000,18000,0.018000
7460063887000,MATCHED,6544,7460063887000,6544,9048280248000,7460063869000,18000,0.018000
7460097211000,MATCHED,6545,7460097211000,6545,9048313567000,7460097188000,23000,0.023000
7460130536000,MATCHED,6546,7460130536000,6546,9048346885000,7460130506000,30000,0.030000
7460163849000,MATCHED,6547,7460163849000,6547,9048380204000,7460163825000,24000,0.024000
7460197197000,MATCHED,6548,7460197197000,6548,9048413525000,7460197146000,51000,0.051000
7460230500000,MATCHED,6549,7460230500000,6549,9048446843000,7460230464000,36000,0.036000
7460263818000,MATCHED,6550,7460263818000,6550,9048480162000,7460263783000,35000,0.035000
7460297128000,MATCHED,6551,7460297128000,6551,9048513482000,7460297103000,25000,0.025000
7460330444000,MATCHED,6552,7460330444000,6552,9048546799000,7460330420000,24000,0.024000
7460363769000,MATCHED,6553,7460363769000,6553,9048580116000,7460363737000,32000,0.032000
7460397096000,MATCHED,6554,7460397096000,6554,9048613434000,7460397055000,41000,0.041000
7460430396000,MATCHED,6555,7460430396000,6555,9048646752000,7460430373000,23000,0.023000
7460463712000,MATCHED,6556,7460463712000,6556,9048680073000,7460463694000,18000,0.018000
7460497031000,MATCHED,6557,7460497031000,6557,9048713390000,7460497011000,20000,0.020000
7460530354000,MATCHED,6558,7460530354000,6558,9048746710000,7460530331000,23000,0.023000
7460563682000,MATCHED,6559,7460563682000,6559,9048780027000,7460563648000,34000,0.034000
7460596988000,MATCHED,6560,7460596988000,6560,9048813347000,7460596968000,20000,0.020000
7460630310000,MATCHED,6561,7460630310000,6561,9048846665000,7460630286000,24000,0.024000
7460663622000,MATCHED,6562,7460663622000,6562,9048879985000,7460663606000,16000,0.016000
7460696944000,MATCHED,6563,7460696944000,6563,9048913302000,7460696923000,21000,0.021000
7460730259000,MATCHED,6564,7460730259000,6564,9048946620000,7460730241000,18000,0.018000
7460763577000,MATCHED,6565,7460763577000,6565,9048979937000,7460763558000,19000,0.019000
7460796899000,MATCHED,6566,7460796899000,6566,9049013255000,7460796876000,23000,0.023000
7460830239000,MATCHED,6567,7460830239000,6567,9049046573000,7460830194000,45000,0.045000
7460863535000,MATCHED,6568,7460863535000,6568,9049079892000,7460863513000,22000,0.022000
7460896851000,MATCHED,6569,7460896851000,6569,9049113210000,7460896831000,20000,0.020000
7460930171000,MATCHED,6570,7460930171000,6570,9049146529000,7460930150000,21000,0.021000
7460963489000,MATCHED,6571,7460963489000,6571,9049179848000,7460963469000,20000,0.020000
7460996807000,MATCHED,6572,7460996807000,6572,9049213166000,7460996787000,20000,0.020000
7461030124000,MATCHED,6573,7461030124000,6573,9049246491000,7461030112000,12000,0.012000
7461063444000,MATCHED,6574,7461063444000,6574,9049279811000,7461063432000,12000,0.012000
7461096763000,MATCHED,6575,7461096763000,6575,9049313130000,7461096751000,12000,0.012000
7461130081000,MATCHED,6576,7461130081000,6576,9049346440000,7461130061000,20000,0.020000
7461163399000,MATCHED,6577,7461163399000,6577,9049379767000,7461163388000,11000,0.011000
7461196735000,MATCHED,6578,7461196735000,6578,9049413085000,7461196706000,29000,0.029000
7461230045000,MATCHED,6579,7461230045000,6579,9049446398000,7461230019000,26000,0.026000
7461263366000,MATCHED,6580,7461263366000,6580,9049479713000,7461263334000,32000,0.032000
7461296681000,MATCHED,6581,7461296681000,6581,9049513033000,7461296654000,27000,0.027000
7461329991000,MATCHED,6582,7461329991000,6582,9049546353000,7461329974000,17000,0.017000
7461363310000,MATCHED,6583,7461363310000,6583,9049579671000,7461363292000,18000,0.018000
7461396629000,MATCHED,6584,7461396629000,6584,9049612986000,7461396607000,22000,0.022000
7461429957000,MATCHED,6585,7461429957000,6585,9049646303000,7461429924000,33000,0.033000
7461463265000,MATCHED,6586,7461463265000,6586,9049679622000,7461463243000,22000,0.022000
7461496583000,MATCHED,6587,7461496583000,6587,9049712943000,7461496564000,19000,0.019000
7461529902000,MATCHED,6588,7461529902000,6588,9049746260000,7461529881000,21000,0.021000
7461563219000,MATCHED,6589,7461563219000,6589,9049779577000,7461563198000,21000,0.021000
7461596538000,MATCHED,6590,7461596538000,6590,9049812896000,7461596517000,21000,0.021000
7461629859000,MATCHED,6591,7461629859000,6591,9049846216000,7461629837000,22000,0.022000
7461663176000,MATCHED,6592,7461663176000,6592,9049879532000,7461663153000,23000,0.023000
7461696494000,MATCHED,6593,7461696494000,6593,9049912851000,7461696472000,22000,0.022000
7461729813000,MATCHED,6594,7461729813000,6594,9049946170000,7461729791000,22000,0.022000
7461763132000,MATCHED,6595,7461763132000,6595,9049979488000,7461763109000,23000,0.023000
7461796451000,MATCHED,6596,7461796451000,6596,9050012806000,7461796427000,24000,0.024000
7461829768000,MATCHED,6597,7461829768000,6597,9050046125000,7461829746000,22000,0.022000
7461863087000,MATCHED,6598,7461863087000,6598,9050079443000,7461863064000,23000,0.023000
7461896406000,MATCHED,6599,7461896406000,6599,9050112762000,7461896383000,23000,0.023000
7461929725000,MATCHED,6600,7461929725000,6600,9050146080000,7461929701000,24000,0.024000
7461963043000,MATCHED,6601,7461963043000,6601,9050179401000,7461963022000,21000,0.021000
7461996361000,MATCHED,6602,7461996361000,6602,9050212718000,7461996339000,22000,0.022000
7462029680000,MATCHED,6603,7462029680000,6603,9050246036000,7462029657000,23000,0.023000
7462062997000,MATCHED,6604,7462062997000,6604,9050279354000,7462062975000,22000,0.022000
7462096316000,MATCHED,6605,7462096316000,6605,9050312673000,7462096294000,22000,0.022000
7462129634000,MATCHED,6606,7462129634000,6606,9050345994000,7462129615000,19000,0.019000
7462162952000,MATCHED,6607,7462162952000,6607,9050379309000,7462162930000,22000,0.022000
7462196271000,MATCHED,6608,7462196271000,6608,9050412631000,7462196252000,19000,0.019000
7462229590000,MATCHED,6609,7462229590000,6609,9050445949000,7462229570000,20000,0.020000
7462262909000,MATCHED,6610,7462262909000,6610,9050479271000,7462262892000,17000,0.017000
7462296226000,MATCHED,6611,7462296226000,6611,9050512587000,7462296208000,18000,0.018000
7462329546000,MATCHED,6612,7462329546000,6612,9050545903000,7462329524000,22000,0.022000
7462362863000,MATCHED,6613,7462362863000,6613,9050579220000,7462362841000,22000,0.022000
7462396182000,MATCHED,6614,7462396182000,6614,9050612539000,7462396160000,22000,0.022000
7462429501000,MATCHED,6615,7462429501000,6615,9050645859000,7462429480000,21000,0.021000
7462462836000,MATCHED,6616,7462462836000,6616,9050679176000,7462462797000,39000,0.039000
7462496137000,MATCHED,6617,7462496137000,6617,9050712500000,7462496121000,16000,0.016000
7462529457000,MATCHED,6618,7462529457000,6618,9050745814000,7462529435000,22000,0.022000
7462562775000,MATCHED,6619,7462562775000,6619,9050779132000,7462562753000,22000,0.022000
7462596092000,MATCHED,6620,7462596092000,6620,9050812450000,7462596071000,21000,0.021000
7462629414000,MATCHED,6621,7462629414000,6621,9050845771000,7462629392000,22000,0.022000
7462662729000,MATCHED,6622,7462662729000,6622,9050879088000,7462662709000,20000,0.020000
7462696049000,MATCHED,6623,7462696049000,6623,9050912406000,7462696027000,22000,0.022000
7462729368000,MATCHED,6624,7462729368000,6624,9050945724000,7462729345000,23000,0.023000
7462762687000,MATCHED,6625,7462762687000,6625,9050979046000,7462762667000,20000,0.020000
7462796025000,MATCHED,6626,7462796025000,6626,9051012366000,7462795987000,38000,0.038000
7462829322000,MATCHED,6627,7462829322000,6627,9051045691000,7462829312000,10000,0.010000
7462862639000,MATCHED,6628,7462862639000,6628,9051079002000,7462862623000,16000,0.016000
7462895959000,MATCHED,6629,7462895959000,6629,9051112325000,7462895946000,13000,0.013000
7462929279000,MATCHED,6630,7462929279000,6630,9051145636000,7462929257000,22000,0.022000
7462962597000,MATCHED,6631,7462962597000,6631,9051178960000,7462962581000,16000,0.016000
7462995916000,MATCHED,6632,7462995916000,6632,9051212277000,7462995898000,18000,0.018000
7463029240000,MATCHED,6633,7463029240000,6633,9051245594000,7463029215000,25000,0.025000
7463062550000,MATCHED,6634,7463062550000,6634,9051278910000,7463062531000,19000,0.019000
7463095870000,MATCHED,6635,7463095870000,6635,9051312228000,7463095849000,21000,0.021000
7463129188000,MATCHED,6636,7463129188000,6636,9051345545000,7463129166000,22000,0.022000
7463162507000,MATCHED,6637,7463162507000,6637,9051378864000,7463162485000,22000,0.022000
7463195826000,MATCHED,6638,7463195826000,6638,9051412183000,7463195804000,22000,0.022000
7463229144000,MATCHED,6639,7463229144000,6639,9051445501000,7463229122000,22000,0.022000
7463262472000,MATCHED,6640,7463262472000,6640,9051478823000,7463262444000,28000,0.028000
7463295781000,MATCHED,6641,7463295781000,6641,9051512148000,7463295769000,12000,0.012000
7463329099000,MATCHED,6642,7463329099000,6642,9051545458000,7463329079000,20000,0.020000
7463362418000,MATCHED,6643,7463362418000,6643,9051578780000,7463362401000,17000,0.017000
7463395736000,MATCHED,6644,7463395736000,6644,9051612097000,7463395718000,18000,0.018000
7463429058000,MATCHED,6645,7463429058000,6645,9051645415000,7463429036000,22000,0.022000
7463462372000,MATCHED,6646,7463462372000,6646,9051678731000,7463462352000,20000,0.020000
7463495744000,MATCHED,6647,7463495744000,6647,9051712054000,7463495675000,69000,0.069000
7463529039000,MATCHED,6648,7463529039000,6648,9051745369000,7463528990000,49000,0.049000
7463562331000,MATCHED,6649,7463562331000,6649,9051778687000,7463562308000,23000,0.023000
7463595651000,MATCHED,6650,7463595651000,6650,9051812005000,7463595626000,25000,0.025000
7463628970000,MATCHED,6651,7463628970000,6651,9051845325000,7463628946000,24000,0.024000
7463662283000,MATCHED,6652,7463662283000,6652,9051878642000,7463662263000,20000,0.020000
7463695610000,MATCHED,6653,7463695610000,6653,9051911960000,7463695581000,29000,0.029000
7463728932000,MATCHED,6654,7463728932000,6654,9051945278000,7463728899000,33000,0.033000
7463762249000,MATCHED,6655,7463762249000,6655,9051978597000,7463762218000,31000,0.031000
7463795561000,MATCHED,6656,7463795561000,6656,9052011916000,7463795537000,24000,0.024000
7463828877000,MATCHED,6657,7463828877000,6657,9052045234000,7463828855000,22000,0.022000
7463862195000,MATCHED,6658,7463862195000,6658,9052078552000,7463862173000,22000,0.022000
7463895513000,MATCHED,6659,7463895513000,6659,9052111871000,7463895492000,21000,0.021000
7463928833000,MATCHED,6660,7463928833000,6660,9052145189000,7463928810000,23000,0.023000
7463962152000,MATCHED,6661,7463962152000,6661,9052178509000,7463962130000,22000,0.022000
7463995470000,MATCHED,6662,7463995470000,6662,9052211827000,7463995448000,22000,0.022000
7464028786000,MATCHED,6663,7464028786000,6663,9052245145000,7464028766000,20000,0.020000
7464062108000,MATCHED,6664,7464062108000,6664,9052278463000,7464062084000,24000,0.024000
7464095424000,MATCHED,6665,7464095424000,6665,9052311782000,7464095403000,21000,0.021000
7464128743000,MATCHED,6666,7464128743000,6666,9052345100000,7464128721000,22000,0.022000
7464162061000,MATCHED,6667,7464162061000,6667,9052378419000,7464162040000,21000,0.021000
7464195379000,MATCHED,6668,7464195379000,6668,9052411737000,7464195358000,21000,0.021000
7464228697000,MATCHED,6669,7464228697000,6669,9052445055000,7464228676000,21000,0.021000
7464262016000,MATCHED,6670,7464262016000,6670,9052478374000,7464261995000,21000,0.021000
7464295336000,MATCHED,6671,7464295336000,6671,9052511697000,7464295318000,18000,0.018000
7464328655000,MATCHED,6672,7464328655000,6672,9052545012000,7464328633000,22000,0.022000
7464361971000,MATCHED,6673,7464361971000,6673,9052578330000,7464361951000,20000,0.020000
7464395290000,MATCHED,6674,7464395290000,6674,9052611648000,7464395269000,21000,0.021000
7464428609000,MATCHED,6675,7464428609000,6675,9052644968000,7464428589000,20000,0.020000
7464461927000,MATCHED,6676,7464461927000,6676,9052678285000,7464461906000,21000,0.021000
7464495246000,MATCHED,6677,7464495246000,6677,9052711607000,7464495228000,18000,0.018000
7464528566000,MATCHED,6678,7464528566000,6678,9052744922000,7464528543000,23000,0.023000
7464561884000,MATCHED,6679,7464561884000,6679,9052778240000,7464561861000,23000,0.023000
7464595201000,MATCHED,6680,7464595201000,6680,9052811558000,7464595179000,22000,0.022000
7464628525000,MATCHED,6681,7464628525000,6681,9052844877000,7464628498000,27000,0.027000
7464661853000,MATCHED,6682,7464661853000,6682,9052878195000,7464661816000,37000,0.037000
7464695156000,MATCHED,6683,7464695156000,6683,9052911514000,7464695135000,21000,0.021000
7464728477000,MATCHED,6684,7464728477000,6684,9052944833000,7464728454000,23000,0.023000
7464761799000,MATCHED,6685,7464761799000,6685,9052978151000,7464761772000,27000,0.027000
7464795117000,MATCHED,6686,7464795117000,6686,9053011470000,7464795091000,26000,0.026000
7464828433000,MATCHED,6687,7464828433000,6687,9053044788000,7464828409000,24000,0.024000
7464861750000,MATCHED,6688,7464861750000,6688,9053078106000,7464861727000,23000,0.023000
7464895070000,MATCHED,6689,7464895070000,6689,9053111425000,7464895046000,24000,0.024000
7464928389000,MATCHED,6690,7464928389000,6690,9053144744000,7464928365000,24000,0.024000
7464961706000,MATCHED,6691,7464961706000,6691,9053178062000,7464961683000,23000,0.023000
7464995025000,MATCHED,6692,7464995025000,6692,9053211380000,7464995001000,24000,0.024000
7465028346000,MATCHED,6693,7465028346000,6693,9053244699000,7465028320000,26000,0.026000
7465061662000,MATCHED,6694,7465061662000,6694,9053278017000,7465061638000,24000,0.024000
7465094981000,MATCHED,6695,7465094981000,6695,9053311336000,7465094957000,24000,0.024000
7465128301000,MATCHED,6696,7465128301000,6696,9053344654000,7465128275000,26000,0.026000
7465161621000,MATCHED,6697,7465161621000,6697,9053377973000,7465161594000,27000,0.027000
7465194937000,MATCHED,6698,7465194937000,6698,9053411293000,7465194914000,23000,0.023000
7465228256000,MATCHED,6699,7465228256000,6699,9053444610000,7465228231000,25000,0.025000
7465261574000,MATCHED,6700,7465261574000,6700,9053477928000,7465261549000,25000,0.025000
7465294895000,MATCHED,6701,7465294895000,6701,9053511250000,7465294871000,24000,0.024000
7465328208000,MATCHED,6702,7465328208000,6702,9053544565000,7465328186000,22000,0.022000
7465361526000,MATCHED,6703,7465361526000,6703,9053577884000,7465361505000,21000,0.021000
7465394847000,MATCHED,6704,7465394847000,6704,9053611203000,7465394824000,23000,0.023000
7465428163000,MATCHED,6705,7465428163000,6705,9053644521000,7465428142000,21000,0.021000
7465461480000,MATCHED,6706,7465461480000,6706,9053677839000,7465461460000,20000,0.020000
7465494801000,MATCHED,6707,7465494801000,6707,9053711160000,7465494781000,20000,0.020000
7465528119000,MATCHED,6708,7465528119000,6708,9053744476000,7465528097000,22000,0.022000
7465561435000,MATCHED,6709,7465561435000,6709,9053777795000,7465561416000,19000,0.019000
7465594758000,MATCHED,6710,7465594758000,6710,9053811113000,7465594734000,24000,0.024000
7465628081000,MATCHED,6711,7465628081000,6711,9053844432000,7465628053000,28000,0.028000
7465661391000,MATCHED,6712,7465661391000,6712,9053877750000,7465661371000,20000,0.020000
7465694711000,MATCHED,6713,7465694711000,6713,9053911068000,7465694689000,22000,0.022000
7465728030000,MATCHED,6714,7465728030000,6714,9053944388000,7465728009000,21000,0.021000
7465761346000,MATCHED,6715,7465761346000,6715,9053977707000,7465761328000,18000,0.018000
7465794670000,MATCHED,6716,7465794670000,6716,9054011028000,7465794649000,21000,0.021000
7465827984000,MATCHED,6717,7465827984000,6717,9054044347000,7465827968000,16000,0.016000
7465861303000,MATCHED,6718,7465861303000,6718,9054077663000,7465861284000,19000,0.019000
7465894622000,MATCHED,6719,7465894622000,6719,9054110983000,7465894604000,18000,0.018000
7465927941000,MATCHED,6720,7465927941000,6720,9054144301000,7465927922000,19000,0.019000
7465961258000,MATCHED,6721,7465961258000,6721,9054177620000,7465961241000,17000,0.017000
7465994579000,MATCHED,6722,7465994579000,6722,9054210937000,7465994558000,21000,0.021000
7466027896000,MATCHED,6723,7466027896000,6723,9054244256000,7466027877000,19000,0.019000
7466061213000,MATCHED,6724,7466061213000,6724,9054277575000,7466061196000,17000,0.017000
7466094535000,MATCHED,6725,7466094535000,6725,9054310894000,7466094515000,20000,0.020000
7466127852000,MATCHED,6726,7466127852000,6726,9054344212000,7466127833000,19000,0.019000
7466161169000,MATCHED,6727,7466161169000,6727,9054377530000,7466161151000,18000,0.018000
7466194495000,MATCHED,6728,7466194495000,6728,9054410850000,7466194471000,24000,0.024000
7466227805000,MATCHED,6729,7466227805000,6729,9054444167000,7466227788000,17000,0.017000
7466261125000,MATCHED,6730,7466261125000,6730,9054477487000,7466261108000,17000,0.017000
7466294444000,MATCHED,6731,7466294444000,6731,9054510805000,7466294426000,18000,0.018000
7466327762000,MATCHED,6732,7466327762000,6732,9054544124000,7466327745000,17000,0.017000
7466361082000,MATCHED,6733,7466361082000,6733,9054577442000,7466361063000,19000,0.019000
7466394400000,MATCHED,6734,7466394400000,6734,9054610760000,7466394381000,19000,0.019000
7466427716000,MATCHED,6735,7466427716000,6735,9054644078000,7466427699000,17000,0.017000
7466461034000,MATCHED,6736,7466461034000,6736,9054677398000,7466461019000,15000,0.015000
7466494355000,MATCHED,6737,7466494355000,6737,9054710717000,7466494338000,17000,0.017000
7466527674000,MATCHED,6738,7466527674000,6738,9054744034000,7466527655000,19000,0.019000
7466560990000,MATCHED,6739,7466560990000,6739,9054777353000,7466560974000,16000,0.016000
7466594310000,MATCHED,6740,7466594310000,6740,9054810671000,7466594292000,18000,0.018000
7466627635000,MATCHED,6741,7466627635000,6741,9054843989000,7466627610000,25000,0.025000
7466660948000,MATCHED,6742,7466660948000,6742,9054877308000,7466660929000,19000,0.019000
7466694266000,MATCHED,6743,7466694266000,6743,9054910625000,7466694246000,20000,0.020000
7466727584000,MATCHED,6744,7466727584000,6744,9054943944000,7466727565000,19000,0.019000
7466760901000,MATCHED,6745,7466760901000,6745,9054977263000,7466760884000,17000,0.017000
7466794225000,MATCHED,6746,7466794225000,6746,9055010581000,7466794202000,23000,0.023000
7466827538000,MATCHED,6747,7466827538000,6747,9055043900000,7466827521000,17000,0.017000
7466860856000,MATCHED,6748,7466860856000,6748,9055077219000,7466860840000,16000,0.016000
7466894179000,MATCHED,6749,7466894179000,6749,9055110538000,7466894159000,20000,0.020000
7466927496000,MATCHED,6750,7466927496000,6750,9055143857000,7466927478000,18000,0.018000
7466960813000,MATCHED,6751,7466960813000,6751,9055177175000,7466960796000,17000,0.017000
7466994133000,MATCHED,6752,7466994133000,6752,9055210493000,7466994114000,19000,0.019000
7467027448000,MATCHED,6753,7467027448000,6753,9055243812000,7467027433000,15000,0.015000
7467060769000,MATCHED,6754,7467060769000,6754,9055277130000,7467060751000,18000,0.018000
7467094087000,MATCHED,6755,7467094087000,6755,9055310448000,7467094069000,18000,0.018000
7467127406000,MATCHED,6756,7467127406000,6756,9055343767000,7467127388000,18000,0.018000
7467160724000,MATCHED,6757,7467160724000,6757,9055377085000,7467160706000,18000,0.018000
7467194042000,MATCHED,6758,7467194042000,6758,9055410403000,7467194024000,18000,0.018000
7467227360000,MATCHED,6759,7467227360000,6759,9055443722000,7467227343000,17000,0.017000
7467260680000,MATCHED,6760,7467260680000,6760,9055477041000,7467260662000,18000,0.018000
7467293998000,MATCHED,6761,7467293998000,6761,9055510359000,7467293980000,18000,0.018000
7467327318000,MATCHED,6762,7467327318000,6762,9055543678000,7467327299000,19000,0.019000
7467360634000,MATCHED,6763,7467360634000,6763,9055576997000,7467360618000,16000,0.016000
7467393953000,MATCHED,6764,7467393953000,6764,9055610314000,7467393935000,18000,0.018000
7467427271000,MATCHED,6765,7467427271000,6765,9055643633000,7467427254000,17000,0.017000
7467460590000,MATCHED,6766,7467460590000,6766,9055676951000,7467460572000,18000,0.018000
7467493910000,MATCHED,6767,7467493910000,6767,9055710270000,7467493891000,19000,0.019000
7467527229000,MATCHED,6768,7467527229000,6768,9055743588000,7467527209000,20000,0.020000
7467560545000,MATCHED,6769,7467560545000,6769,9055776906000,7467560527000,18000,0.018000
7467593873000,MATCHED,6770,7467593873000,6770,9055810225000,7467593846000,27000,0.027000
7467627183000,MATCHED,6771,7467627183000,6771,9055843544000,7467627165000,18000,0.018000
7467660502000,MATCHED,6772,7467660502000,6772,9055876863000,7467660484000,18000,0.018000
7467693822000,MATCHED,6773,7467693822000,6773,9055910180000,7467693801000,21000,0.021000
7467727138000,MATCHED,6774,7467727138000,6774,9055943498000,7467727119000,19000,0.019000
7467760455000,MATCHED,6775,7467760455000,6775,9055976818000,7467760439000,16000,0.016000
7467793776000,MATCHED,6776,7467793776000,6776,9056010135000,7467793756000,20000,0.020000
7467827092000,MATCHED,6777,7467827092000,6777,9056043454000,7467827075000,17000,0.017000
7467860410000,MATCHED,6778,7467860410000,6778,9056076772000,7467860393000,17000,0.017000
7467893729000,MATCHED,6779,7467893729000,6779,9056110092000,7467893713000,16000,0.016000
7467927048000,MATCHED,6780,7467927048000,6780,9056143410000,7467927031000,17000,0.017000
7467960367000,MATCHED,6781,7467960367000,6781,9056176728000,7467960349000,18000,0.018000
7467993687000,MATCHED,6782,7467993687000,6782,9056210047000,7467993668000,19000,0.019000
7468027002000,MATCHED,6783,7468027002000,6783,9056243366000,7468026987000,15000,0.015000
7468060321000,MATCHED,6784,7468060321000,6784,9056276684000,7468060305000,16000,0.016000
7468093641000,MATCHED,6785,7468093641000,6785,9056310001000,7468093622000,19000,0.019000
7468126958000,MATCHED,6786,7468126958000,6786,9056343319000,7468126940000,18000,0.018000
7468160280000,MATCHED,6787,7468160280000,6787,9056376638000,7468160259000,21000,0.021000
7468193611000,MATCHED,6788,7468193611000,6788,9056409956000,7468193577000,34000,0.034000
7468226928000,MATCHED,6789,7468226928000,6789,9056443275000,7468226896000,32000,0.032000
7468260244000,MATCHED,6790,7468260244000,6790,9056476593000,7468260214000,30000,0.030000
7468293561000,MATCHED,6791,7468293561000,6791,9056509911000,7468293532000,29000,0.029000
7468326881000,MATCHED,6792,7468326881000,6792,9056543231000,7468326852000,29000,0.029000
7468360191000,MATCHED,6793,7468360191000,6793,9056576550000,7468360171000,20000,0.020000
7468393523000,MATCHED,6794,7468393523000,6794,9056609868000,7468393489000,34000,0.034000
7468426832000,MATCHED,6795,7468426832000,6795,9056643187000,7468426808000,24000,0.024000
7468460161000,MATCHED,6796,7468460161000,6796,9056676504000,7468460125000,36000,0.036000
7468493473000,MATCHED,6797,7468493473000,6797,9056709824000,7468493445000,28000,0.028000
7468526802000,MATCHED,6798,7468526802000,6798,9056743141000,7468526762000,40000,0.040000
7468560101000,MATCHED,6799,7468560101000,6799,9056776460000,7468560081000,20000,0.020000
7468593418000,MATCHED,6800,7468593418000,6800,9056809780000,7468593401000,17000,0.017000
7468626736000,MATCHED,6801,7468626736000,6801,9056843098000,7468626719000,17000,0.017000
7468660054000,MATCHED,6802,7468660054000,6802,9056876417000,7468660038000,16000,0.016000
7468693381000,MATCHED,6803,7468693381000,6803,9056909735000,7468693356000,25000,0.025000
7468726696000,MATCHED,6804,7468726696000,6804,9056943055000,7468726676000,20000,0.020000
7468760051000,MATCHED,6805,7468760051000,6805,9056976372000,7468759993000,58000,0.058000
7468793330000,MATCHED,6806,7468793330000,6806,9057009691000,7468793312000,18000,0.018000
7468826646000,MATCHED,6807,7468826646000,6807,9057043008000,7468826629000,17000,0.017000
7468859964000,MATCHED,6808,7468859964000,6808,9057076327000,7468859948000,16000,0.016000
7468893284000,MATCHED,6809,7468893284000,6809,9057109645000,7468893266000,18000,0.018000
7468926602000,MATCHED,6810,7468926602000,6810,9057142964000,7468926585000,17000,0.017000
7468959919000,MATCHED,6811,7468959919000,6811,9057176283000,7468959904000,15000,0.015000
7468993241000,MATCHED,6812,7468993241000,6812,9057209601000,7468993222000,19000,0.019000
7469026558000,MATCHED,6813,7469026558000,6813,9057242919000,7469026540000,18000,0.018000
7469059875000,MATCHED,6814,7469059875000,6814,9057276238000,7469059859000,16000,0.016000
7469093204000,MATCHED,6815,7469093204000,6815,9057309557000,7469093178000,26000,0.026000
7469126530000,MATCHED,6816,7469126530000,6816,9057342875000,7469126496000,34000,0.034000
7469159843000,MATCHED,6817,7469159843000,6817,9057376194000,7469159815000,28000,0.028000
7469193153000,MATCHED,6818,7469193153000,6818,9057409512000,7469193133000,20000,0.020000
7469226471000,MATCHED,6819,7469226471000,6819,9057442830000,7469226451000,20000,0.020000
7469259793000,MATCHED,6820,7469259793000,6820,9057476149000,7469259770000,23000,0.023000
7469293107000,MATCHED,6821,7469293107000,6821,9057509466000,7469293087000,20000,0.020000
7469326424000,MATCHED,6822,7469326424000,6822,9057542785000,7469326406000,18000,0.018000
7469359741000,MATCHED,6823,7469359741000,6823,9057576104000,7469359725000,16000,0.016000
7469393060000,MATCHED,6824,7469393060000,6824,9057609422000,7469393043000,17000,0.017000
7469426382000,MATCHED,6825,7469426382000,6825,9057642741000,7469426362000,20000,0.020000
7469459697000,MATCHED,6826,7469459697000,6826,9057676060000,7469459681000,16000,0.016000
7469493018000,MATCHED,6827,7469493018000,6827,9057709377000,7469492998000,20000,0.020000
7469526335000,MATCHED,6828,7469526335000,6828,9057742696000,7469526317000,18000,0.018000
7469559654000,MATCHED,6829,7469559654000,6829,9057776015000,7469559636000,18000,0.018000
7469592972000,MATCHED,6830,7469592972000,6830,9057809335000,7469592956000,16000,0.016000
7469626290000,MATCHED,6831,7469626290000,6831,9057842652000,7469626273000,17000,0.017000
7469659609000,MATCHED,6832,7469659609000,6832,9057875970000,7469659591000,18000,0.018000
7469692929000,MATCHED,6833,7469692929000,6833,9057909288000,7469692909000,20000,0.020000
7469726247000,MATCHED,6834,7469726247000,6834,9057942610000,7469726231000,16000,0.016000
7469759564000,MATCHED,6835,7469759564000,6835,9057975925000,7469759546000,18000,0.018000
7469792884000,MATCHED,6836,7469792884000,6836,9058009247000,7469792868000,16000,0.016000
7469826204000,MATCHED,6837,7469826204000,6837,9058042563000,7469826184000,20000,0.020000
7469859524000,MATCHED,6838,7469859524000,6838,9058075881000,7469859502000,22000,0.022000
7469892844000,MATCHED,6839,7469892844000,6839,9058109199000,7469892820000,24000,0.024000
7469926167000,MATCHED,6840,7469926167000,6840,9058142517000,7469926138000,29000,0.029000
7469959485000,MATCHED,6841,7469959485000,6841,9058175834000,7469959455000,30000,0.030000
7469992794000,MATCHED,6842,7469992794000,6842,9058209167000,7469992788000,6000,0.006000
7470026115000,MATCHED,6843,7470026115000,6843,9058242471000,7470026092000,23000,0.023000
7470059451000,MATCHED,6844,7470059451000,6844,9058275790000,7470059411000,40000,0.040000
7470092751000,MATCHED,6845,7470092751000,6845,9058309108000,7470092729000,22000,0.022000
7470126069000,MATCHED,6846,7470126069000,6846,9058342427000,7470126048000,21000,0.021000
7470159388000,MATCHED,6847,7470159388000,6847,9058375745000,7470159366000,22000,0.022000
7470192706000,MATCHED,6848,7470192706000,6848,9058409064000,7470192685000,21000,0.021000
7470226025000,MATCHED,6849,7470226025000,6849,9058442382000,7470226003000,22000,0.022000
7470259344000,MATCHED,6850,7470259344000,6850,9058475700000,7470259321000,23000,0.023000
7470292666000,MATCHED,6851,7470292666000,6851,9058509019000,7470292640000,26000,0.026000
7470325987000,MATCHED,6852,7470325987000,6852,9058542341000,7470325962000,25000,0.025000
7470359306000,MATCHED,6853,7470359306000,6853,9058575657000,7470359278000,28000,0.028000
7470392617000,MATCHED,6854,7470392617000,6854,9058608975000,7470392596000,21000,0.021000
7470425936000,MATCHED,6855,7470425936000,6855,9058642292000,7470425913000,23000,0.023000
7470459252000,MATCHED,6856,7470459252000,6856,9058675611000,7470459232000,20000,0.020000
7470492572000,MATCHED,6857,7470492572000,6857,9058708930000,7470492551000,21000,0.021000
7470525890000,MATCHED,6858,7470525890000,6858,9058742248000,7470525869000,21000,0.021000
7470559206000,MATCHED,6859,7470559206000,6859,9058775567000,7470559188000,18000,0.018000
7470592525000,MATCHED,6860,7470592525000,6860,9058808886000,7470592507000,18000,0.018000
7470625854000,MATCHED,6861,7470625854000,6861,9058842204000,7470625825000,29000,0.029000
7470659163000,MATCHED,6862,7470659163000,6862,9058875522000,7470659143000,20000,0.020000
7470692482000,MATCHED,6863,7470692482000,6863,9058908840000,7470692461000,21000,0.021000
7470725800000,MATCHED,6864,7470725800000,6864,9058942159000,7470725780000,20000,0.020000
7470759120000,MATCHED,6865,7470759120000,6865,9058975479000,7470759100000,20000,0.020000
7470792438000,MATCHED,6866,7470792438000,6866,9059008796000,7470792417000,21000,0.021000
7470825756000,MATCHED,6867,7470825756000,6867,9059042115000,7470825736000,20000,0.020000
7470859074000,MATCHED,6868,7470859074000,6868,9059075433000,7470859054000,20000,0.020000
7470892392000,MATCHED,6869,7470892392000,6869,9059108752000,7470892373000,19000,0.019000
7470925711000,MATCHED,6870,7470925711000,6870,9059142070000,7470925691000,20000,0.020000
7470959031000,MATCHED,6871,7470959031000,6871,9059175389000,7470959010000,21000,0.021000
7470992349000,MATCHED,6872,7470992349000,6872,9059208706000,7470992327000,22000,0.022000
7471025667000,MATCHED,6873,7471025667000,6873,9059242025000,7471025646000,21000,0.021000
7471058986000,MATCHED,6874,7471058986000,6874,9059275344000,7471058965000,21000,0.021000
7471092304000,MATCHED,6875,7471092304000,6875,9059308662000,7471092283000,21000,0.021000
7471125635000,MATCHED,6876,7471125635000,6876,9059341980000,7471125601000,34000,0.034000
7471158942000,MATCHED,6877,7471158942000,6877,9059375317000,7471158938000,4000,0.004000
7471192261000,MATCHED,6878,7471192261000,6878,9059408620000,7471192241000,20000,0.020000
7471225580000,MATCHED,6879,7471225580000,6879,9059441935000,7471225556000,24000,0.024000
7471258898000,MATCHED,6880,7471258898000,6880,9059475256000,7471258877000,21000,0.021000
7471292214000,MATCHED,6881,7471292214000,6881,9059508574000,7471292195000,19000,0.019000
7471325533000,MATCHED,6882,7471325533000,6882,9059541892000,7471325513000,20000,0.020000
7471358852000,MATCHED,6883,7471358852000,6883,9059575211000,7471358832000,20000,0.020000
7471392170000,MATCHED,6884,7471392170000,6884,9059608529000,7471392150000,20000,0.020000
7471425489000,MATCHED,6885,7471425489000,6885,9059641851000,7471425472000,17000,0.017000
7471458807000,MATCHED,6886,7471458807000,6886,9059675166000,7471458787000,20000,0.020000
7471492127000,MATCHED,6887,7471492127000,6887,9059708489000,7471492110000,17000,0.017000
7471525444000,MATCHED,6888,7471525444000,6888,9059741813000,7471525434000,10000,0.010000
7471558762000,MATCHED,6889,7471558762000,6889,9059775147000,7471558768000,-6000,-0.006000
7471592083000,MATCHED,6890,7471592083000,6890,9059808440000,7471592061000,22000,0.022000
7471625401000,MATCHED,6891,7471625401000,6891,9059841761000,7471625382000,19000,0.019000
7471658720000,MATCHED,6892,7471658720000,6892,9059875085000,7471658706000,14000,0.014000
7471692038000,MATCHED,6893,7471692038000,6893,9059908397000,7471692018000,20000,0.020000
7471725358000,MATCHED,6894,7471725358000,6894,9059941714000,7471725335000,23000,0.023000
7471758674000,MATCHED,6895,7471758674000,6895,9059975032000,7471758653000,21000,0.021000
7471791995000,MATCHED,6896,7471791995000,6896,9060008350000,7471791971000,24000,0.024000
7471825313000,MATCHED,6897,7471825313000,6897,9060041670000,7471825291000,22000,0.022000
7471858631000,MATCHED,6898,7471858631000,6898,9060074987000,7471858608000,23000,0.023000
7471891949000,MATCHED,6899,7471891949000,6899,9060108306000,7471891927000,22000,0.022000
7471925268000,MATCHED,6900,7471925268000,6900,9060141628000,7471925249000,19000,0.019000
7471958586000,MATCHED,6901,7471958586000,6901,9060174948000,7471958569000,17000,0.017000
7471991904000,MATCHED,6902,7471991904000,6902,9060208263000,7471991884000,20000,0.020000
7472025222000,MATCHED,6903,7472025222000,6903,9060241590000,7472025211000,11000,0.011000
7472058540000,MATCHED,6904,7472058540000,6904,9060274923000,7472058544000,-4000,-0.004000
7472091859000,MATCHED,6905,7472091859000,6905,9060308218000,7472091839000,20000,0.020000
7472125177000,MATCHED,6906,7472125177000,6906,9060341537000,7472125158000,19000,0.019000
7472158504000,MATCHED,6907,7472158504000,6907,9060374854000,7472158475000,29000,0.029000
7472191830000,MATCHED,6908,7472191830000,6908,9060408173000,7472191794000,36000,0.036000
7472225153000,MATCHED,6909,7472225153000,6909,9060441491000,7472225112000,41000,0.041000
7472258453000,MATCHED,6910,7472258453000,6910,9060474808000,7472258429000,24000,0.024000
7472291770000,MATCHED,6911,7472291770000,6911,9060508127000,7472291748000,22000,0.022000
7472325090000,MATCHED,6912,7472325090000,6912,9060541447000,7472325068000,22000,0.022000
7472358406000,MATCHED,6913,7472358406000,6913,9060574764000,7472358385000,21000,0.021000
7472391725000,MATCHED,6914,7472391725000,6914,9060608084000,7472391705000,20000,0.020000
7472425043000,MATCHED,6915,7472425043000,6915,9060641401000,7472425022000,21000,0.021000
7472458363000,MATCHED,6916,7472458363000,6916,9060674720000,7472458341000,22000,0.022000
7472491684000,MATCHED,6917,7472491684000,6917,9060708039000,7472491660000,24000,0.024000
7472524999000,MATCHED,6918,7472524999000,6918,9060741357000,7472524978000,21000,0.021000
7472558317000,MATCHED,6919,7472558317000,6919,9060774676000,7472558297000,20000,0.020000
7472591637000,MATCHED,6920,7472591637000,6920,9060807994000,7472591615000,22000,0.022000
7472624954000,MATCHED,6921,7472624954000,6921,9060841313000,7472624934000,20000,0.020000
7472658274000,MATCHED,6922,7472658274000,6922,9060874632000,7472658253000,21000,0.021000
7472691592000,MATCHED,6923,7472691592000,6923,9060907950000,7472691571000,21000,0.021000
7472724910000,MATCHED,6924,7472724910000,6924,9060941268000,7472724889000,21000,0.021000
7472758231000,MATCHED,6925,7472758231000,6925,9060974586000,7472758207000,24000,0.024000
7472791547000,MATCHED,6926,7472791547000,6926,9061007906000,7472791527000,20000,0.020000
7472824865000,MATCHED,6927,7472824865000,6927,9061041224000,7472824845000,20000,0.020000
7472858183000,MATCHED,6928,7472858183000,6928,9061074542000,7472858163000,20000,0.020000
7472891503000,MATCHED,6929,7472891503000,6929,9061107860000,7472891481000,22000,0.022000
7472924820000,MATCHED,6930,7472924820000,6930,9061141179000,7472924800000,20000,0.020000
7472958139000,MATCHED,6931,7472958139000,6931,9061174497000,7472958118000,21000,0.021000
7472991457000,MATCHED,6932,7472991457000,6932,9061207816000,7472991437000,20000,0.020000
7473024777000,MATCHED,6933,7473024777000,6933,9061241134000,7473024755000,22000,0.022000
7473058094000,MATCHED,6934,7473058094000,6934,9061274453000,7473058074000,20000,0.020000
7473091413000,MATCHED,6935,7473091413000,6935,9061307771000,7473091392000,21000,0.021000
7473124731000,MATCHED,6936,7473124731000,6936,9061341090000,7473124711000,20000,0.020000
7473158050000,MATCHED,6937,7473158050000,6937,9061374409000,7473158030000,20000,0.020000
7473191370000,MATCHED,6938,7473191370000,6938,9061407728000,7473191349000,21000,0.021000
7473224687000,MATCHED,6939,7473224687000,6939,9061441045000,7473224666000,21000,0.021000
7473258006000,MATCHED,6940,7473258006000,6940,9061474363000,7473257984000,22000,0.022000
7473291324000,MATCHED,6941,7473291324000,6941,9061507682000,7473291303000,21000,0.021000
7473324643000,MATCHED,6942,7473324643000,6942,9061541000000,7473324621000,22000,0.022000
7473357960000,MATCHED,6943,7473357960000,6943,9061574319000,7473357940000,20000,0.020000
7473391280000,MATCHED,6944,7473391280000,6944,9061607637000,7473391258000,22000,0.022000
7473424597000,MATCHED,6945,7473424597000,6945,9061640956000,7473424577000,20000,0.020000
7473457916000,MATCHED,6946,7473457916000,6946,9061674274000,7473457895000,21000,0.021000
7473491234000,MATCHED,6947,7473491234000,6947,9061707593000,7473491214000,20000,0.020000
7473524553000,MATCHED,6948,7473524553000,6948,9061740911000,7473524532000,21000,0.021000
7473557873000,MATCHED,6949,7473557873000,6949,9061774230000,7473557851000,22000,0.022000
7473591191000,MATCHED,6950,7473591191000,6950,9061807548000,7473591169000,22000,0.022000
7473624509000,MATCHED,6951,7473624509000,6951,9061840866000,7473624487000,22000,0.022000
7473657827000,MATCHED,6952,7473657827000,6952,9061874185000,7473657806000,21000,0.021000
7473691156000,MATCHED,6953,7473691156000,6953,9061907504000,7473691125000,31000,0.031000
7473724464000,MATCHED,6954,7473724464000,6954,9061940822000,7473724443000,21000,0.021000
7473757784000,MATCHED,6955,7473757784000,6955,9061974140000,7473757761000,23000,0.023000
7473791100000,MATCHED,6956,7473791100000,6956,9062007460000,7473791081000,19000,0.019000
7473824419000,MATCHED,6957,7473824419000,6957,9062040778000,7473824399000,20000,0.020000
7473857737000,MATCHED,6958,7473857737000,6958,9062074096000,7473857717000,20000,0.020000
7473891056000,MATCHED,6959,7473891056000,6959,9062107415000,7473891036000,20000,0.020000
7473924374000,MATCHED,6960,7473924374000,6960,9062140733000,7473924354000,20000,0.020000
7473957693000,MATCHED,6961,7473957693000,6961,9062174052000,7473957673000,20000,0.020000
7473991013000,MATCHED,6962,7473991013000,6962,9062207371000,7473990992000,21000,0.021000
7474024330000,MATCHED,6963,7474024330000,6963,9062240687000,7474024308000,22000,0.022000
7474057649000,MATCHED,6964,7474057649000,6964,9062274007000,7474057628000,21000,0.021000
7474090966000,MATCHED,6965,7474090966000,6965,9062307325000,7474090946000,20000,0.020000
7474124286000,MATCHED,6966,7474124286000,6966,9062340643000,7474124264000,22000,0.022000
7474157605000,MATCHED,6967,7474157605000,6967,9062373961000,7474157582000,23000,0.023000
7474190923000,MATCHED,6968,7474190923000,6968,9062407280000,7474190901000,22000,0.022000
7474224242000,MATCHED,6969,7474224242000,6969,9062440600000,7474224221000,21000,0.021000
7474257559000,MATCHED,6970,7474257559000,6970,9062473917000,7474257538000,21000,0.021000
7474290880000,MATCHED,6971,7474290880000,6971,9062507236000,7474290857000,23000,0.023000
7474324197000,MATCHED,6972,7474324197000,6972,9062540554000,7474324175000,22000,0.022000
7474357515000,MATCHED,6973,7474357515000,6973,9062573873000,7474357494000,21000,0.021000
7474390834000,MATCHED,6974,7474390834000,6974,9062607192000,7474390813000,21000,0.021000
7474424153000,MATCHED,6975,7474424153000,6975,9062640509000,7474424130000,23000,0.023000
7474457470000,MATCHED,6976,7474457470000,6976,9062673829000,7474457450000,20000,0.020000
7474490788000,MATCHED,6977,7474490788000,6977,9062707146000,7474490767000,21000,0.021000
7474524108000,MATCHED,6978,7474524108000,6978,9062740465000,7474524086000,22000,0.022000
7474557426000,MATCHED,6979,7474557426000,6979,9062773784000,7474557405000,21000,0.021000
7474590743000,MATCHED,6980,7474590743000,6980,9062807102000,7474590723000,20000,0.020000
7474624064000,MATCHED,6981,7474624064000,6981,9062840421000,7474624042000,22000,0.022000
7474657383000,MATCHED,6982,7474657383000,6982,9062873738000,7474657359000,24000,0.024000
7474690700000,MATCHED,6983,7474690700000,6983,9062907057000,7474690678000,22000,0.022000
7474724020000,MATCHED,6984,7474724020000,6984,9062940377000,7474723998000,22000,0.022000
7474757341000,MATCHED,6985,7474757341000,6985,9062973698000,7474757319000,22000,0.022000
7474790654000,MATCHED,6986,7474790654000,6986,9063007016000,7474790637000,17000,0.017000
7474823974000,MATCHED,6987,7474823974000,6987,9063040334000,7474823955000,19000,0.019000
7474857293000,MATCHED,6988,7474857293000,6988,9063073653000,7474857274000,19000,0.019000
7474890612000,MATCHED,6989,7474890612000,6989,9063106971000,7474890592000,20000,0.020000
7474923929000,MATCHED,6990,7474923929000,6990,9063140290000,7474923911000,18000,0.018000
7474957246000,MATCHED,6991,7474957246000,6991,9063173609000,7474957230000,16000,0.016000
7474990567000,MATCHED,6992,7474990567000,6992,9063206926000,7474990547000,20000,0.020000
7475023884000,MATCHED,6993,7475023884000,6993,9063240245000,7475023866000,18000,0.018000
7475057202000,MATCHED,6994,7475057202000,6994,9063273564000,7475057185000,17000,0.017000
7475090521000,MATCHED,6995,7475090521000,6995,9063306882000,7475090503000,18000,0.018000
7475123839000,MATCHED,6996,7475123839000,6996,9063340200000,7475123821000,18000,0.018000
7475157159000,MATCHED,6997,7475157159000,6997,9063373519000,7475157140000,19000,0.019000
7475190477000,MATCHED,6998,7475190477000,6998,9063406837000,7475190458000,19000,0.019000
7475223797000,MATCHED,6999,7475223797000,6999,9063440156000,7475223777000,20000,0.020000
7475257114000,MATCHED,7000,7475257114000,7000,9063473474000,7475257095000,19000,0.019000
7475290433000,MATCHED,7001,7475290433000,7001,9063506794000,7475290415000,18000,0.018000
7475323752000,MATCHED,7002,7475323752000,7002,9063540111000,7475323732000,20000,0.020000
7475357071000,MATCHED,7003,7475357071000,7003,9063573430000,7475357051000,20000,0.020000
7475390389000,MATCHED,7004,7475390389000,7004,9063606748000,7475390369000,20000,0.020000
7475423708000,MATCHED,7005,7475423708000,7005,9063640066000,7475423687000,21000,0.021000
7475457029000,MATCHED,7006,7475457029000,7006,9063673384000,7475457005000,24000,0.024000
7475490347000,MATCHED,7007,7475490347000,7007,9063706704000,7475490325000,22000,0.022000
7475523665000,MATCHED,7008,7475523665000,7008,9063740023000,7475523644000,21000,0.021000
7475556988000,MATCHED,7009,7475556988000,7009,9063773341000,7475556962000,26000,0.026000
7475590303000,MATCHED,7010,7475590303000,7010,9063806659000,7475590280000,23000,0.023000
7475623618000,MATCHED,7011,7475623618000,7011,9063839978000,7475623599000,19000,0.019000
7475656935000,MATCHED,7012,7475656935000,7012,9063873296000,7475656917000,18000,0.018000
7475690253000,MATCHED,7013,7475690253000,7013,9063906615000,7475690236000,17000,0.017000
7475723586000,MATCHED,7014,7475723586000,7014,9063939933000,7475723554000,32000,0.032000
7475756890000,MATCHED,7015,7475756890000,7015,9063973252000,7475756873000,17000,0.017000
7475790210000,MATCHED,7016,7475790210000,7016,9064006571000,7475790192000,18000,0.018000
7475823527000,MATCHED,7017,7475823527000,7017,9064039888000,7475823509000,18000,0.018000
7475856845000,MATCHED,7018,7475856845000,7018,9064073206000,7475856827000,18000,0.018000
7475890164000,MATCHED,7019,7475890164000,7019,9064106525000,7475890146000,18000,0.018000
7475923483000,MATCHED,7020,7475923483000,7020,9064139844000,7475923465000,18000,0.018000
7475956801000,MATCHED,7021,7475956801000,7021,9064173163000,7475956784000,17000,0.017000
7475990121000,MATCHED,7022,7475990121000,7022,9064206479000,7475990100000,21000,0.021000
7476023439000,MATCHED,7023,7476023439000,7023,9064239803000,7476023424000,15000,0.015000
7476056757000,MATCHED,7024,7476056757000,7024,9064273118000,7476056739000,18000,0.018000
7476090074000,MATCHED,7025,7476090074000,7025,9064306436000,7476090057000,17000,0.017000
7476123398000,MATCHED,7026,7476123398000,7026,9064339754000,7476123375000,23000,0.023000
7476156715000,MATCHED,7027,7476156715000,7027,9064373072000,7476156693000,22000,0.022000
7476190032000,MATCHED,7028,7476190032000,7028,9064406391000,7476190012000,20000,0.020000
7476223351000,MATCHED,7029,7476223351000,7029,9064439709000,7476223330000,21000,0.021000
7476256670000,MATCHED,7030,7476256670000,7030,9064473029000,7476256650000,20000,0.020000
7476289987000,MATCHED,7031,7476289987000,7031,9064506347000,7476289968000,19000,0.019000
7476323306000,MATCHED,7032,7476323306000,7032,9064539665000,7476323286000,20000,0.020000
7476356622000,MATCHED,7033,7476356622000,7033,9064572984000,7476356605000,17000,0.017000
7476389943000,MATCHED,7034,7476389943000,7034,9064606301000,7476389922000,21000,0.021000
7476423259000,MATCHED,7035,7476423259000,7035,9064639620000,7476423241000,18000,0.018000
7476456578000,MATCHED,7036,7476456578000,7036,9064672939000,7476456560000,18000,0.018000
7476489897000,MATCHED,7037,7476489897000,7037,9064706257000,7476489878000,19000,0.019000
7476523216000,MATCHED,7038,7476523216000,7038,9064739576000,7476523197000,19000,0.019000
7476556535000,MATCHED,7039,7476556535000,7039,9064772894000,7476556515000,20000,0.020000
7476589853000,MATCHED,7040,7476589853000,7040,9064806213000,7476589834000,19000,0.019000
7476623169000,MATCHED,7041,7476623169000,7041,9064839531000,7476623152000,17000,0.017000
7476656490000,MATCHED,7042,7476656490000,7042,9064872850000,7476656471000,19000,0.019000
7476689808000,MATCHED,7043,7476689808000,7043,9064906168000,7476689789000,19000,0.019000
7476723128000,MATCHED,7044,7476723128000,7044,9064939486000,7476723107000,21000,0.021000
7476756445000,MATCHED,7045,7476756445000,7045,9064972805000,7476756426000,19000,0.019000
7476789763000,MATCHED,7046,7476789763000,7046,9065006123000,7476789744000,19000,0.019000
7476823095000,MATCHED,7047,7476823095000,7047,9065039442000,7476823063000,32000,0.032000
7476856402000,MATCHED,7048,7476856402000,7048,9065072766000,7476856387000,15000,0.015000
7476889719000,MATCHED,7049,7476889719000,7049,9065106080000,7476889701000,18000,0.018000
7476923043000,MATCHED,7050,7476923043000,7050,9065139398000,7476923019000,24000,0.024000
7476956372000,MATCHED,7051,7476956372000,7051,9065172716000,7476956337000,35000,0.035000
7476989679000,MATCHED,7052,7476989679000,7052,9065206034000,7476989655000,24000,0.024000
7477023004000,MATCHED,7053,7477023004000,7053,9065239353000,7477022974000,30000,0.030000
7477056320000,MATCHED,7054,7477056320000,7054,9065272672000,7477056293000,27000,0.027000
7477089643000,MATCHED,7055,7477089643000,7055,9065305990000,7477089611000,32000,0.032000
7477122953000,MATCHED,7056,7477122953000,7056,9065339307000,7477122928000,25000,0.025000
7477156269000,MATCHED,7057,7477156269000,7057,9065372627000,7477156248000,21000,0.021000
7477189604000,MATCHED,7058,7477189604000,7058,9065405944000,7477189565000,39000,0.039000
7477222914000,MATCHED,7059,7477222914000,7059,9065439263000,7477222884000,30000,0.030000
7477256232000,MATCHED,7060,7477256232000,7060,9065472583000,7477256204000,28000,0.028000
7477289543000,MATCHED,7061,7477289543000,7061,9065505901000,7477289522000,21000,0.021000
7477322861000,MATCHED,7062,7477322861000,7062,9065539219000,7477322840000,21000,0.021000
7477356188000,MATCHED,7063,7477356188000,7063,9065572539000,7477356160000,28000,0.028000
7477389497000,MATCHED,7064,7477389497000,7064,9065605856000,7477389477000,20000,0.020000
7477422817000,MATCHED,7065,7477422817000,7065,9065639173000,7477422794000,23000,0.023000
7477456132000,MATCHED,7066,7477456132000,7066,9065672491000,7477456112000,20000,0.020000
7477489450000,MATCHED,7067,7477489450000,7067,9065705808000,7477489429000,21000,0.021000
7477522768000,MATCHED,7068,7477522768000,7068,9065739127000,7477522748000,20000,0.020000
7477556088000,MATCHED,7069,7477556088000,7069,9065772446000,7477556067000,21000,0.021000
7477589406000,MATCHED,7070,7477589406000,7070,9065805765000,7477589386000,20000,0.020000
7477622727000,MATCHED,7071,7477622727000,7071,9065839083000,7477622704000,23000,0.023000
7477656045000,MATCHED,7072,7477656045000,7072,9065872404000,7477656025000,20000,0.020000
7477689377000,MATCHED,7073,7477689377000,7073,9065905722000,7477689343000,34000,0.034000
7477722680000,MATCHED,7074,7477722680000,7074,9065939039000,7477722660000,20000,0.020000
7477755997000,MATCHED,7075,7477755997000,7075,9065972363000,7477755984000,13000,0.013000
7477789317000,MATCHED,7076,7477789317000,7076,9066005685000,7477789306000,11000,0.011000
7477822637000,MATCHED,7077,7477822637000,7077,9066038995000,7477822616000,21000,0.021000
7477855953000,MATCHED,7078,7477855953000,7078,9066072312000,7477855933000,20000,0.020000
7477889287000,MATCHED,7079,7477889287000,7079,9066105645000,7477889266000,21000,0.021000
7477922595000,MATCHED,7080,7477922595000,7080,9066138952000,7477922573000,22000,0.022000
7477955912000,MATCHED,7081,7477955912000,7081,9066172270000,7477955891000,21000,0.021000
7477989231000,MATCHED,7082,7477989231000,7082,9066205594000,7477989215000,16000,0.016000
7478022546000,MATCHED,7083,7478022546000,7083,9066238906000,7478022527000,19000,0.019000
7478055873000,MATCHED,7084,7478055873000,7084,9066272224000,7478055845000,28000,0.028000
7478089184000,MATCHED,7085,7478089184000,7085,9066305541000,7478089162000,22000,0.022000
7478122505000,MATCHED,7086,7478122505000,7086,9066338860000,7478122481000,24000,0.024000
7478155822000,MATCHED,7087,7478155822000,7087,9066372178000,7478155799000,23000,0.023000
7478189140000,MATCHED,7088,7478189140000,7088,9066405497000,7478189118000,22000,0.022000
7478222457000,MATCHED,7089,7478222457000,7089,9066438815000,7478222436000,21000,0.021000
7478255779000,MATCHED,7090,7478255779000,7090,9066472134000,7478255755000,24000,0.024000
7478289093000,MATCHED,7091,7478289093000,7091,9066505453000,7478289074000,19000,0.019000
7478322415000,MATCHED,7092,7478322415000,7092,9066538770000,7478322391000,24000,0.024000
7478355741000,MATCHED,7093,7478355741000,7093,9066572090000,7478355711000,30000,0.030000
7478389051000,MATCHED,7094,7478389051000,7094,9066605409000,7478389030000,21000,0.021000
7478422369000,MATCHED,7095,7478422369000,7095,9066638726000,7478422347000,22000,0.022000
7478455688000,MATCHED,7096,7478455688000,7096,9066672046000,7478455667000,21000,0.021000
7478489006000,MATCHED,7097,7478489006000,7097,9066705364000,7478488985000,21000,0.021000
7478522325000,MATCHED,7098,7478522325000,7098,9066738683000,7478522304000,21000,0.021000
7478555646000,MATCHED,7099,7478555646000,7099,9066772000000,7478555621000,25000,0.025000
7478588965000,MATCHED,7100,7478588965000,7100,9066805319000,7478588940000,25000,0.025000
7478622281000,MATCHED,7101,7478622281000,7101,9066838639000,7478622260000,21000,0.021000
7478655599000,MATCHED,7102,7478655599000,7102,9066871957000,7478655578000,21000,0.021000
7478688922000,MATCHED,7103,7478688922000,7103,9066905274000,7478688895000,27000,0.027000
7478722238000,MATCHED,7104,7478722238000,7104,9066938593000,7478722214000,24000,0.024000
7478755558000,MATCHED,7105,7478755558000,7105,9066971912000,7478755533000,25000,0.025000
7478788872000,MATCHED,7106,7478788872000,7106,9067005230000,7478788851000,21000,0.021000
7478822192000,MATCHED,7107,7478822192000,7107,9067038548000,7478822169000,23000,0.023000
7478855510000,MATCHED,7108,7478855510000,7108,9067071867000,7478855488000,22000,0.022000
7478888830000,MATCHED,7109,7478888830000,7109,9067105186000,7478888807000,23000,0.023000
7478922146000,MATCHED,7110,7478922146000,7110,9067138504000,7478922125000,21000,0.021000
7478955464000,MATCHED,7111,7478955464000,7111,9067171822000,7478955443000,21000,0.021000
7478988783000,MATCHED,7112,7478988783000,7112,9067205141000,7478988762000,21000,0.021000
7479022102000,MATCHED,7113,7479022102000,7113,9067238458000,7479022079000,23000,0.023000
7479055420000,MATCHED,7114,7479055420000,7114,9067271779000,7479055400000,20000,0.020000
7479088741000,MATCHED,7115,7479088741000,7115,9067305097000,7479088718000,23000,0.023000
7479122057000,MATCHED,7116,7479122057000,7116,9067338414000,7479122035000,22000,0.022000
7479155377000,MATCHED,7117,7479155377000,7117,9067371734000,7479155355000,22000,0.022000
7479188694000,MATCHED,7118,7479188694000,7118,9067405053000,7479188674000,20000,0.020000
7479222013000,MATCHED,7119,7479222013000,7119,9067438370000,7479221991000,22000,0.022000
7479255330000,MATCHED,7120,7479255330000,7120,9067471688000,7479255309000,21000,0.021000
7479288650000,MATCHED,7121,7479288650000,7121,9067505007000,7479288628000,22000,0.022000
7479321968000,MATCHED,7122,7479321968000,7122,9067538325000,7479321946000,22000,0.022000
7479355288000,MATCHED,7123,7479355288000,7123,9067571644000,7479355265000,23000,0.023000
7479388604000,MATCHED,7124,7479388604000,7124,9067604963000,7479388584000,20000,0.020000
7479421923000,MATCHED,7125,7479421923000,7125,9067638282000,7479421903000,20000,0.020000
7479455241000,MATCHED,7126,7479455241000,7126,9067671599000,7479455220000,21000,0.021000
7479488559000,MATCHED,7127,7479488559000,7127,9067704918000,7479488539000,20000,0.020000
7479521877000,MATCHED,7128,7479521877000,7128,9067738237000,7479521858000,19000,0.019000
7480154932000,MATCHED,7129,7480154932000,7147,9068371289000,7480154910000,22000,0.022000
7480188255000,MATCHED,7130,7480188255000,7148,9068404606000,7480188227000,28000,0.028000
7480221572000,MATCHED,7131,7480221572000,7149,9068437926000,7480221547000,25000,0.025000
7480254895000,MATCHED,7132,7480254895000,7150,9068471243000,7480254864000,31000,0.031000
7480288212000,MATCHED,7133,7480288212000,7151,9068504563000,7480288184000,28000,0.028000
7480321529000,MATCHED,7134,7480321529000,7152,9068537879000,7480321500000,29000,0.029000
7480354842000,MATCHED,7135,7480354842000,7153,9068571199000,7480354820000,22000,0.022000
7480388159000,MATCHED,7136,7480388159000,7154,9068604517000,7480388138000,21000,0.021000
7480421479000,MATCHED,7137,7480421479000,7155,9068637835000,7480421456000,23000,0.023000
7480454796000,MATCHED,7138,7480454796000,7156,9068671161000,7480454782000,14000,0.014000
7480488115000,MATCHED,7139,7480488115000,7157,9068704481000,7480488102000,13000,0.013000
7480521432000,MATCHED,7140,7480521432000,7158,9068737799000,7480521420000,12000,0.012000
7480554750000,MATCHED,7141,7480554750000,7159,9068771114000,7480554735000,15000,0.015000
7480588072000,MATCHED,7142,7480588072000,7160,9068804428000,7480588049000,23000,0.023000
7480621393000,MATCHED,7143,7480621393000,7161,9068837753000,7480621374000,19000,0.019000
7480654715000,MATCHED,7144,7480654715000,7162,9068871072000,7480654693000,22000,0.022000
7480688028000,MATCHED,7145,7480688028000,7163,9068904384000,7480688005000,23000,0.023000
7480721356000,MATCHED,7146,7480721356000,7164,9068937702000,7480721323000,33000,0.033000
7480754694000,MATCHED,7147,7480754694000,7165,9068971019000,7480754640000,54000,0.054000
7480787986000,MATCHED,7148,7480787986000,7166,9069004339000,7480787960000,26000,0.026000
7480821301000,MATCHED,7149,7480821301000,7167,9069037658000,7480821279000,22000,0.022000
7480854618000,MATCHED,7150,7480854618000,7168,9069070976000,7480854597000,21000,0.021000
7480887937000,MATCHED,7151,7480887937000,7169,9069104294000,7480887915000,22000,0.022000
7480921256000,MATCHED,7152,7480921256000,7170,9069137612000,7480921233000,23000,0.023000
7480954573000,MATCHED,7153,7480954573000,7171,9069170931000,7480954552000,21000,0.021000
7480987890000,MATCHED,7154,7480987890000,7172,9069204250000,7480987871000,19000,0.019000
7481021209000,MATCHED,7155,7481021209000,7173,9069237583000,7481021204000,5000,0.005000
7481054528000,MATCHED,7156,7481054528000,7174,9069270892000,7481054513000,15000,0.015000
7481087846000,MATCHED,7157,7481087846000,7175,9069304209000,7481087830000,16000,0.016000
7481121168000,MATCHED,7158,7481121168000,7176,9069337524000,7481121145000,23000,0.023000
7481154487000,MATCHED,7159,7481154487000,7177,9069370846000,7481154467000,20000,0.020000
7481187812000,MATCHED,7160,7481187812000,7178,9069404160000,7481187781000,31000,0.031000
7481221123000,MATCHED,7161,7481221123000,7179,9069437479000,7481221100000,23000,0.023000
7481254467000,MATCHED,7162,7481254467000,7180,9069470796000,7481254417000,50000,0.050000
7481287759000,MATCHED,7163,7481287759000,7181,9069504115000,7481287736000,23000,0.023000
7481321077000,MATCHED,7164,7481321077000,7182,9069537434000,7481321055000,22000,0.022000
7481354396000,MATCHED,7165,7481354396000,7183,9069570752000,7481354373000,23000,0.023000
7481387714000,MATCHED,7166,7481387714000,7184,9069604070000,7481387691000,23000,0.023000
7481421031000,MATCHED,7167,7481421031000,7185,9069637389000,7481421010000,21000,0.021000
7481454349000,MATCHED,7168,7481454349000,7186,9069670707000,7481454328000,21000,0.021000
7481487668000,MATCHED,7169,7481487668000,7187,9069704026000,7481487647000,21000,0.021000
7481520986000,MATCHED,7170,7481520986000,7188,9069737345000,7481520966000,20000,0.020000
7481554305000,MATCHED,7171,7481554305000,7189,9069770662000,7481554283000,22000,0.022000
7481587625000,MATCHED,7172,7481587625000,7190,9069803981000,7481587602000,23000,0.023000
7481620942000,MATCHED,7173,7481620942000,7191,9069837300000,7481620921000,21000,0.021000
7481654261000,MATCHED,7174,7481654261000,7192,9069870619000,7481654240000,21000,0.021000
7481687578000,MATCHED,7175,7481687578000,7193,9069903936000,7481687557000,21000,0.021000
7481720898000,MATCHED,7176,7481720898000,7194,9069937255000,7481720876000,22000,0.022000
7481754216000,MATCHED,7177,7481754216000,7195,9069970574000,7481754195000,21000,0.021000
7481787536000,MATCHED,7178,7481787536000,7196,9070003891000,7481787512000,24000,0.024000
7481820854000,MATCHED,7179,7481820854000,7197,9070037210000,7481820831000,23000,0.023000
7481854172000,MATCHED,7180,7481854172000,7198,9070070530000,7481854151000,21000,0.021000
7481887492000,MATCHED,7181,7481887492000,7199,9070103848000,7481887469000,23000,0.023000
7481920808000,MATCHED,7182,7481920808000,7200,9070137166000,7481920787000,21000,0.021000
7481954128000,MATCHED,7183,7481954128000,7201,9070170484000,7481954105000,23000,0.023000
7481987443000,MATCHED,7184,7481987443000,7202,9070203803000,7481987424000,19000,0.019000
7482020763000,MATCHED,7185,7482020763000,7203,9070237121000,7482020742000,21000,0.021000
7482054083000,MATCHED,7186,7482054083000,7204,9070270439000,7482054060000,23000,0.023000
7482087400000,MATCHED,7187,7482087400000,7205,9070303758000,7482087379000,21000,0.021000
7482120721000,MATCHED,7188,7482120721000,7206,9070337077000,7482120698000,23000,0.023000
7482154044000,MATCHED,7189,7482154044000,7207,9070370395000,7482154016000,28000,0.028000
7482187363000,MATCHED,7190,7482187363000,7208,9070403713000,7482187334000,29000,0.029000
7482220674000,MATCHED,7191,7482220674000,7209,9070437031000,7482220652000,22000,0.022000
7482253994000,MATCHED,7192,7482253994000,7210,9070470351000,7482253972000,22000,0.022000
7482287310000,MATCHED,7193,7482287310000,7211,9070503669000,7482287290000,20000,0.020000
7482320631000,MATCHED,7194,7482320631000,7212,9070536988000,7482320609000,22000,0.022000
7482353950000,MATCHED,7195,7482353950000,7213,9070570306000,7482353927000,23000,0.023000
7482387271000,MATCHED,7196,7482387271000,7214,9070603625000,7482387246000,25000,0.025000
7482420584000,MATCHED,7197,7482420584000,7215,9070636945000,7482420566000,18000,0.018000
7482453906000,MATCHED,7198,7482453906000,7216,9070670265000,7482453886000,20000,0.020000
7482487221000,MATCHED,7199,7482487221000,7217,9070703583000,7482487204000,17000,0.017000
7482520539000,MATCHED,7200,7482520539000,7218,9070736901000,7482520522000,17000,0.017000
7482553860000,MATCHED,7201,7482553860000,7219,9070770220000,7482553841000,19000,0.019000
7482587178000,MATCHED,7202,7482587178000,7220,9070803538000,7482587159000,19000,0.019000
7482620496000,MATCHED,7203,7482620496000,7221,9070836857000,7482620478000,18000,0.018000
7482653817000,MATCHED,7204,7482653817000,7222,9070870174000,7482653795000,22000,0.022000
7482687132000,MATCHED,7205,7482687132000,7223,9070903494000,7482687115000,17000,0.017000
7482720451000,MATCHED,7206,7482720451000,7224,9070936811000,7482720432000,19000,0.019000
7482753771000,MATCHED,7207,7482753771000,7225,9070970130000,7482753751000,20000,0.020000
7482787089000,MATCHED,7208,7482787089000,7226,9071003448000,7482787069000,20000,0.020000
7482820408000,MATCHED,7209,7482820408000,7227,9071036768000,7482820389000,19000,0.019000
7482853727000,MATCHED,7210,7482853727000,7228,9071070086000,7482853707000,20000,0.020000
7482887056000,MATCHED,7211,7482887056000,7229,9071103405000,7482887026000,30000,0.030000
7482920362000,MATCHED,7212,7482920362000,7230,9071136723000,7482920344000,18000,0.018000
7482953682000,MATCHED,7213,7482953682000,7231,9071170041000,7482953662000,20000,0.020000
7482986999000,MATCHED,7214,7482986999000,7232,9071203360000,7482986981000,18000,0.018000
7483020318000,MATCHED,7215,7483020318000,7233,9071236678000,7483020299000,19000,0.019000
7483053638000,MATCHED,7216,7483053638000,7234,9071269996000,7483053617000,21000,0.021000
7483086955000,MATCHED,7217,7483086955000,7235,9071303316000,7483086937000,18000,0.018000
7483120274000,MATCHED,7218,7483120274000,7236,9071336632000,7483120253000,21000,0.021000
7483153595000,MATCHED,7219,7483153595000,7237,9071369951000,7483153572000,23000,0.023000
7483186909000,MATCHED,7220,7483186909000,7238,9071403271000,7483186892000,17000,0.017000
7483220229000,MATCHED,7221,7483220229000,7239,9071436588000,7483220209000,20000,0.020000
7483253547000,MATCHED,7222,7483253547000,7240,9071469906000,7483253527000,20000,0.020000
7483286865000,MATCHED,7223,7483286865000,7241,9071503225000,7483286846000,19000,0.019000
7483320185000,MATCHED,7224,7483320185000,7242,9071536543000,7483320164000,21000,0.021000
7483353504000,MATCHED,7225,7483353504000,7243,9071569862000,7483353483000,21000,0.021000
7483386822000,MATCHED,7226,7483386822000,7244,9071603181000,7483386802000,20000,0.020000
7483420140000,MATCHED,7227,7483420140000,7245,9071636499000,7483420120000,20000,0.020000
7483453460000,MATCHED,7228,7483453460000,7246,9071669818000,7483453439000,21000,0.021000
7483486776000,MATCHED,7229,7483486776000,7247,9071703136000,7483486757000,19000,0.019000
7483520096000,MATCHED,7230,7483520096000,7248,9071736455000,7483520076000,20000,0.020000
7483553414000,MATCHED,7231,7483553414000,7249,9071769774000,7483553395000,19000,0.019000
7483586731000,MATCHED,7232,7483586731000,7250,9071803092000,7483586713000,18000,0.018000
7483620050000,MATCHED,7233,7483620050000,7251,9071836410000,7483620031000,19000,0.019000
7483653371000,MATCHED,7234,7483653371000,7252,9071869729000,7483653350000,21000,0.021000
7483686686000,MATCHED,7235,7483686686000,7253,9071903048000,7483686669000,17000,0.017000
7483720025000,MATCHED,7236,7483720025000,7254,9071936366000,7483719987000,38000,0.038000
7483753327000,MATCHED,7237,7483753327000,7255,9071969685000,7483753306000,21000,0.021000
7483786643000,MATCHED,7238,7483786643000,7256,9072003003000,7483786624000,19000,0.019000
7483819961000,MATCHED,7239,7483819961000,7257,9072036321000,7483819942000,19000,0.019000
7483853281000,MATCHED,7240,7483853281000,7258,9072069641000,7483853262000,19000,0.019000
7483886598000,MATCHED,7241,7483886598000,7259,9072102959000,7483886580000,18000,0.018000
7483919919000,MATCHED,7242,7483919919000,7260,9072136277000,7483919898000,21000,0.021000
7483953237000,MATCHED,7243,7483953237000,7261,9072169597000,7483953218000,19000,0.019000
7483986553000,MATCHED,7244,7483986553000,7262,9072202913000,7483986534000,19000,0.019000
7484019871000,MATCHED,7245,7484019871000,7263,9072236233000,7484019854000,17000,0.017000
7484053192000,MATCHED,7246,7484053192000,7264,9072269551000,7484053172000,20000,0.020000
7484086507000,MATCHED,7247,7484086507000,7265,9072302869000,7484086490000,17000,0.017000
7484119827000,MATCHED,7248,7484119827000,7266,9072336187000,7484119808000,19000,0.019000
7484153146000,MATCHED,7249,7484153146000,7267,9072369506000,7484153127000,19000,0.019000
7484186463000,MATCHED,7250,7484186463000,7268,9072402824000,7484186445000,18000,0.018000
7484219790000,MATCHED,7251,7484219790000,7269,9072436143000,7484219764000,26000,0.026000
7484253103000,MATCHED,7252,7484253103000,7270,9072469461000,7484253082000,21000,0.021000
7484286419000,MATCHED,7253,7484286419000,7271,9072502780000,7484286401000,18000,0.018000
7484319737000,MATCHED,7254,7484319737000,7272,9072536097000,7484319718000,19000,0.019000
7484353057000,MATCHED,7255,7484353057000,7273,9072569417000,7484353038000,19000,0.019000
7484386374000,MATCHED,7256,7484386374000,7274,9072602736000,7484386357000,17000,0.017000
7484419692000,MATCHED,7257,7484419692000,7275,9072636054000,7484419675000,17000,0.017000
7484453012000,MATCHED,7258,7484453012000,7276,9072669372000,7484452993000,19000,0.019000
7484486331000,MATCHED,7259,7484486331000,7277,9072702691000,7484486312000,19000,0.019000
7484519647000,MATCHED,7260,7484519647000,7278,9072736016000,7484519637000,10000,0.010000
7484552969000,MATCHED,7261,7484552969000,7279,9072769328000,7484552949000,20000,0.020000
7502278398000,MATCHED,7262,7502278398000,7811,9090494754000,7502278375000,23000,0.023000
7502311717000,MATCHED,7263,7502311717000,7812,9090528071000,7502311692000,25000,0.025000
7502345037000,MATCHED,7264,7502345037000,7813,9090561390000,7502345011000,26000,0.026000
7502378355000,MATCHED,7265,7502378355000,7814,9090594708000,7502378329000,26000,0.026000
7502411672000,MATCHED,7266,7502411672000,7815,9090628026000,7502411647000,25000,0.025000
7502444989000,MATCHED,7267,7502444989000,7816,9090661345000,7502444966000,23000,0.023000
7502478308000,MATCHED,7268,7502478308000,7817,9090694664000,7502478285000,23000,0.023000
7502511628000,MATCHED,7269,7502511628000,7818,9090727981000,7502511602000,26000,0.026000
7502544944000,MATCHED,7270,7502544944000,7819,9090761303000,7502544924000,20000,0.020000
7504910575000,MATCHED,7271,7504910575000,7890,9093126914000,7504910535000,40000,0.040000
7504943880000,MATCHED,7272,7504943880000,7891,9093160233000,7504943854000,26000,0.026000
7504977196000,MATCHED,7273,7504977196000,7892,9093193552000,7504977173000,23000,0.023000
7505010517000,MATCHED,7274,7505010517000,7893,9093226870000,7505010491000,26000,0.026000
7505043837000,MATCHED,7275,7505043837000,7894,9093260189000,7505043810000,27000,0.027000
7505077171000,MATCHED,7276,7505077171000,7895,9093293511000,7505077132000,39000,0.039000
7505110477000,MATCHED,7277,7505110477000,7896,9093326826000,7505110447000,30000,0.030000
7505143787000,MATCHED,7278,7505143787000,7897,9093360145000,7505143766000,21000,0.021000
7505177116000,MATCHED,7279,7505177116000,7898,9093393463000,7505177084000,32000,0.032000
7505210425000,MATCHED,7280,7505210425000,7899,9093426782000,7505210403000,22000,0.022000
7505243754000,MATCHED,7281,7505243754000,7900,9093460100000,7505243721000,33000,0.033000
7505277072000,MATCHED,7282,7505277072000,7901,9093493418000,7505277039000,33000,0.033000
7505310404000,MATCHED,7283,7505310404000,7902,9093526737000,7505310358000,46000,0.046000
7505343741000,MATCHED,7284,7505343741000,7903,9093560055000,7505343676000,65000,0.065000
7505377022000,MATCHED,7285,7505377022000,7904,9093593374000,7505376995000,27000,0.027000
7505410336000,MATCHED,7286,7505410336000,7905,9093626693000,7505410314000,22000,0.022000
7505443656000,MATCHED,7287,7505443656000,7906,9093660030000,7505443651000,5000,0.005000
7505476971000,MATCHED,7288,7505476971000,7907,9093693329000,7505476950000,21000,0.021000
7505510298000,MATCHED,7289,7505510298000,7908,9093726648000,7505510269000,29000,0.029000
7505543608000,MATCHED,7290,7505543608000,7909,9093759965000,7505543586000,22000,0.022000
7505576927000,MATCHED,7291,7505576927000,7910,9093793283000,7505576904000,23000,0.023000
7505610246000,MATCHED,7292,7505610246000,7911,9093826601000,7505610222000,24000,0.024000
7505643564000,MATCHED,7293,7505643564000,7912,9093859920000,7505643541000,23000,0.023000
7505676882000,MATCHED,7294,7505676882000,7913,9093893239000,7505676860000,22000,0.022000
7505710202000,MATCHED,7295,7505710202000,7914,9093926557000,7505710178000,24000,0.024000
7505743520000,MATCHED,7296,7505743520000,7915,9093959879000,7505743500000,20000,0.020000
7505776839000,MATCHED,7297,7505776839000,7916,9093993196000,7505776817000,22000,0.022000
7505810157000,MATCHED,7298,7505810157000,7917,9094026512000,7505810133000,24000,0.024000
7505843474000,MATCHED,7299,7505843474000,7918,9094059836000,7505843457000,17000,0.017000
7505876795000,MATCHED,7300,7505876795000,7919,9094093157000,7505876778000,17000,0.017000
7505910114000,MATCHED,7301,7505910114000,7920,9094126469000,7505910090000,24000,0.024000
7505943431000,MATCHED,7302,7505943431000,7921,9094159786000,7505943407000,24000,0.024000
7505976753000,MATCHED,7303,7505976753000,7922,9094193110000,7505976731000,22000,0.022000
7506010069000,MATCHED,7304,7506010069000,7923,9094226426000,7506010047000,22000,0.022000
7506043393000,MATCHED,7305,7506043393000,7924,9094259742000,7506043363000,30000,0.030000
7506076712000,MATCHED,7306,7506076712000,7925,9094293060000,7506076681000,31000,0.031000
7506110053000,MATCHED,7307,7506110053000,7926,9094326378000,7506109999000,54000,0.054000
7506143379000,MATCHED,7308,7506143379000,7927,9094359696000,7506143317000,62000,0.062000
7506176661000,MATCHED,7309,7506176661000,7928,9094393015000,7506176636000,25000,0.025000
7506209978000,MATCHED,7310,7506209978000,7929,9094426334000,7506209955000,23000,0.023000
7506243297000,MATCHED,7311,7506243297000,7930,9094459651000,7506243272000,25000,0.025000
7506276616000,MATCHED,7312,7506276616000,7931,9094492971000,7506276592000,24000,0.024000
7506309934000,MATCHED,7313,7506309934000,7932,9094526289000,7506309910000,24000,0.024000
7506343253000,MATCHED,7314,7506343253000,7933,9094559607000,7506343228000,25000,0.025000
7506376571000,MATCHED,7315,7506376571000,7934,9094592926000,7506376547000,24000,0.024000
7506409894000,MATCHED,7316,7506409894000,7935,9094626244000,7506409865000,29000,0.029000
7506443221000,MATCHED,7317,7506443221000,7936,9094659563000,7506443184000,37000,0.037000
7506476533000,MATCHED,7318,7506476533000,7937,9094692881000,7506476502000,31000,0.031000
7506509845000,MATCHED,7319,7506509845000,7938,9094726200000,7506509821000,24000,0.024000
7506543178000,MATCHED,7320,7506543178000,7939,9094759521000,7506543142000,36000,0.036000
7506576490000,MATCHED,7321,7506576490000,7940,9094792839000,7506576460000,30000,0.030000
7506609804000,MATCHED,7322,7506609804000,7941,9094826155000,7506609776000,28000,0.028000
7506643122000,MATCHED,7323,7506643122000,7942,9094859474000,7506643095000,27000,0.027000
7506676443000,MATCHED,7324,7506676443000,7943,9094892792000,7506676413000,30000,0.030000
7506709759000,MATCHED,7325,7506709759000,7944,9094926109000,7506709730000,29000,0.029000
7506743083000,MATCHED,7326,7506743083000,7945,9094959430000,7506743051000,32000,0.032000
7506776403000,MATCHED,7327,7506776403000,7946,9094992746000,7506776367000,36000,0.036000
7506809713000,MATCHED,7328,7506809713000,7947,9095026064000,7506809685000,28000,0.028000
7506843030000,MATCHED,7329,7506843030000,7948,9095059383000,7506843004000,26000,0.026000
7506876351000,MATCHED,7330,7506876351000,7949,9095092701000,7506876322000,29000,0.029000
7506909667000,MATCHED,7331,7506909667000,7950,9095126019000,7506909640000,27000,0.027000
7506942984000,MATCHED,7332,7506942984000,7951,9095159338000,7506942959000,25000,0.025000
7506976303000,MATCHED,7333,7506976303000,7952,9095192656000,7506976277000,26000,0.026000
7507009623000,MATCHED,7334,7507009623000,7953,9095225975000,7507009596000,27000,0.027000
7507042940000,MATCHED,7335,7507042940000,7954,9095259293000,7507042914000,26000,0.026000
7507076263000,MATCHED,7336,7507076263000,7955,9095292612000,7507076233000,30000,0.030000
7507109580000,MATCHED,7337,7507109580000,7956,9095325931000,7507109552000,28000,0.028000
7507142896000,MATCHED,7338,7507142896000,7957,9095359252000,7507142873000,23000,0.023000
7507176214000,MATCHED,7339,7507176214000,7958,9095392568000,7507176189000,25000,0.025000
7507209533000,MATCHED,7340,7507209533000,7959,9095425886000,7507209507000,26000,0.026000
7507242852000,MATCHED,7341,7507242852000,7960,9095459204000,7507242825000,27000,0.027000
7507276171000,MATCHED,7342,7507276171000,7961,9095492524000,7507276145000,26000,0.026000
7507309489000,MATCHED,7343,7507309489000,7962,9095525841000,7507309462000,27000,0.027000
7507342808000,MATCHED,7344,7507342808000,7963,9095559160000,7507342781000,27000,0.027000
7507376127000,MATCHED,7345,7507376127000,7964,9095592478000,7507376099000,28000,0.028000
7507409446000,MATCHED,7346,7507409446000,7965,9095625798000,7507409419000,27000,0.027000
7507442765000,MATCHED,7347,7507442765000,7966,9095659115000,7507442736000,29000,0.029000
7507476082000,MATCHED,7348,7507476082000,7967,9095692434000,7507476055000,27000,0.027000
7507509402000,MATCHED,7349,7507509402000,7968,9095725752000,7507509373000,29000,0.029000
7507542719000,MATCHED,7350,7507542719000,7969,9095759074000,7507542695000,24000,0.024000
7507576039000,MATCHED,7351,7507576039000,7970,9095792390000,7507576011000,28000,0.028000
7507609356000,MATCHED,7352,7507609356000,7971,9095825707000,7507609328000,28000,0.028000
7507642673000,MATCHED,7353,7507642673000,7972,9095859026000,7507642647000,26000,0.026000
7507675992000,MATCHED,7354,7507675992000,7973,9095892345000,7507675966000,26000,0.026000
7507709312000,MATCHED,7355,7507709312000,7974,9095925663000,7507709284000,28000,0.028000
7507742629000,MATCHED,7356,7507742629000,7975,9095958981000,7507742602000,27000,0.027000
7507775950000,MATCHED,7357,7507775950000,7976,9095992300000,7507775921000,29000,0.029000
7507809267000,MATCHED,7358,7507809267000,7977,9096025618000,7507809239000,28000,0.028000
7527467179000,MATCHED,7359,7527467179000,8567,9115683522000,7527467143000,36000,0.036000
7527500495000,MATCHED,7360,7527500495000,8568,9115716841000,7527500462000,33000,0.033000
7527533813000,MATCHED,7361,7527533813000,8569,9115750160000,7527533781000,32000,0.032000
7527567127000,MATCHED,7362,7527567127000,8570,9115783478000,7527567099000,28000,0.028000
7527600444000,MATCHED,7363,7527600444000,8571,9115816796000,7527600417000,27000,0.027000
7527633760000,MATCHED,7364,7527633760000,8572,9115850114000,7527633735000,25000,0.025000
7527667077000,MATCHED,7365,7527667077000,8573,9115883433000,7527667054000,23000,0.023000
7527700398000,MATCHED,7366,7527700398000,8574,9115916752000,7527700373000,25000,0.025000
7527733714000,MATCHED,7367,7527733714000,8575,9115950070000,7527733691000,23000,0.023000
7527767038000,MATCHED,7368,7527767038000,8576,9115983389000,7527767010000,28000,0.028000
7527800352000,MATCHED,7369,7527800352000,8577,9116016707000,7527800328000,24000,0.024000
7527833673000,MATCHED,7370,7527833673000,8578,9116050026000,7527833647000,26000,0.026000
7527866989000,MATCHED,7371,7527866989000,8579,9116083345000,7527866966000,23000,0.023000
7527900307000,MATCHED,7372,7527900307000,8580,9116116664000,7527900285000,22000,0.022000
7527933625000,MATCHED,7373,7527933625000,8581,9116149981000,7527933602000,23000,0.023000
7527966944000,MATCHED,7374,7527966944000,8582,9116183299000,7527966920000,24000,0.024000
7528000262000,MATCHED,7375,7528000262000,8583,9116216621000,7528000242000,20000,0.020000
7528033582000,MATCHED,7376,7528033582000,8584,9116249937000,7528033558000,24000,0.024000
7528066900000,MATCHED,7377,7528066900000,8585,9116283255000,7528066876000,24000,0.024000
7537795907000,MATCHED,7378,7537795907000,8877,9126012249000,7537795870000,37000,0.037000
7537829234000,MATCHED,7379,7537829234000,8878,9126045567000,7537829188000,46000,0.046000
7537862550000,MATCHED,7380,7537862550000,8879,9126078885000,7537862506000,44000,0.044000
7537895868000,MATCHED,7381,7537895868000,8880,9126112206000,7537895827000,41000,0.041000
7537929177000,MATCHED,7382,7537929177000,8881,9126145523000,7537929144000,33000,0.033000
7537962499000,MATCHED,7383,7537962499000,8882,9126178839000,7537962460000,39000,0.039000
7537995818000,MATCHED,7384,7537995818000,8883,9126212162000,7537995783000,35000,0.035000
7538029134000,MATCHED,7385,7538029134000,8884,9126245479000,7538029100000,34000,0.034000
7538062445000,MATCHED,7386,7538062445000,8885,9126278798000,7538062419000,26000,0.026000
7538095771000,MATCHED,7387,7538095771000,8886,9126312116000,7538095737000,34000,0.034000
7538129085000,MATCHED,7388,7538129085000,8887,9126345434000,7538129055000,30000,0.030000
7538162403000,MATCHED,7389,7538162403000,8888,9126378752000,7538162373000,30000,0.030000
7538195731000,MATCHED,7390,7538195731000,8889,9126412071000,7538195692000,39000,0.039000
7538229037000,MATCHED,7391,7538229037000,8890,9126445390000,7538229011000,26000,0.026000
7538262363000,MATCHED,7392,7538262363000,8891,9126478709000,7538262330000,33000,0.033000
7538295679000,MATCHED,7393,7538295679000,8892,9126512027000,7538295648000,31000,0.031000
7538328991000,MATCHED,7394,7538328991000,8893,9126545345000,7538328966000,25000,0.025000
7538362312000,MATCHED,7395,7538362312000,8894,9126578663000,7538362284000,28000,0.028000
7538395627000,MATCHED,7396,7538395627000,8895,9126611982000,7538395603000,24000,0.024000
7538428945000,MATCHED,7397,7538428945000,8896,9126645300000,7538428921000,24000,0.024000
7538462266000,MATCHED,7398,7538462266000,8897,9126678619000,7538462240000,26000,0.026000
7538495583000,MATCHED,7399,7538495583000,8898,9126711937000,7538495558000,25000,0.025000
7538528903000,MATCHED,7400,7538528903000,8899,9126745255000,7538528876000,27000,0.027000
7538562219000,MATCHED,7401,7538562219000,8900,9126778574000,7538562195000,24000,0.024000
7538595539000,MATCHED,7402,7538595539000,8901,9126811895000,7538595516000,23000,0.023000
7538628859000,MATCHED,7403,7538628859000,8902,9126845209000,7538628830000,29000,0.029000
7538662182000,MATCHED,7404,7538662182000,8903,9126878527000,7538662148000,34000,0.034000
7538695494000,MATCHED,7405,7538695494000,8904,9126911845000,7538695466000,28000,0.028000
7538728812000,MATCHED,7406,7538728812000,8905,9126945164000,7538728785000,27000,0.027000
7538762130000,MATCHED,7407,7538762130000,8906,9126978486000,7538762107000,23000,0.023000
7538795449000,MATCHED,7408,7538795449000,8907,9127011801000,7538795422000,27000,0.027000
7538828771000,MATCHED,7409,7538828771000,8908,9127045119000,7538828740000,31000,0.031000
7538862098000,MATCHED,7410,7538862098000,8909,9127078437000,7538862058000,40000,0.040000
7538895404000,MATCHED,7411,7538895404000,8910,9127111756000,7538895377000,27000,0.027000
7538928723000,MATCHED,7412,7538928723000,8911,9127145077000,7538928698000,25000,0.025000
7538962047000,MATCHED,7413,7538962047000,8912,9127178393000,7538962014000,33000,0.033000
7538995362000,MATCHED,7414,7538995362000,8913,9127211712000,7538995333000,29000,0.029000
7539028681000,MATCHED,7415,7539028681000,8914,9127245030000,7539028651000,30000,0.030000
7539061997000,MATCHED,7416,7539061997000,8915,9127278348000,7539061969000,28000,0.028000
7539095317000,MATCHED,7417,7539095317000,8916,9127311667000,7539095288000,29000,0.029000
7539128634000,MATCHED,7418,7539128634000,8917,9127344985000,7539128606000,28000,0.028000
7539161952000,MATCHED,7419,7539161952000,8918,9127378304000,7539161925000,27000,0.027000
7539195272000,MATCHED,7420,7539195272000,8919,9127411622000,7539195243000,29000,0.029000
7539228589000,MATCHED,7421,7539228589000,8920,9127444941000,7539228562000,27000,0.027000
7539261910000,MATCHED,7422,7539261910000,8921,9127478261000,7539261882000,28000,0.028000
7539295226000,MATCHED,7423,7539295226000,8922,9127511578000,7539295199000,27000,0.027000
7539328544000,MATCHED,7424,7539328544000,8923,9127544896000,7539328517000,27000,0.027000
7539361866000,MATCHED,7425,7539361866000,8924,9127578215000,7539361836000,30000,0.030000
7539395182000,MATCHED,7426,7539395182000,8925,9127611534000,7539395155000,27000,0.027000
7539428501000,MATCHED,7427,7539428501000,8926,9127644853000,7539428474000,27000,0.027000
7539461819000,MATCHED,7428,7539461819000,8927,9127678170000,7539461791000,28000,0.028000
7539495137000,MATCHED,7429,7539495137000,8928,9127711490000,7539495111000,26000,0.026000
7539528459000,MATCHED,7430,7539528459000,8929,9127744808000,7539528429000,30000,0.030000
7539561773000,MATCHED,7431,7539561773000,8930,9127778127000,7539561748000,25000,0.025000
7539595093000,MATCHED,7432,7539595093000,8931,9127811447000,7539595068000,25000,0.025000
7539628411000,MATCHED,7433,7539628411000,8932,9127844764000,7539628385000,26000,0.026000
7539661731000,MATCHED,7434,7539661731000,8933,9127878083000,7539661704000,27000,0.027000
7539695052000,MATCHED,7435,7539695052000,8934,9127911401000,7539695022000,30000,0.030000
7539728366000,MATCHED,7436,7539728366000,8935,9127944719000,7539728340000,26000,0.026000
7539761693000,MATCHED,7437,7539761693000,8936,9127978037000,7539761658000,35000,0.035000
7539795002000,MATCHED,7438,7539795002000,8937,9128011357000,7539794978000,24000,0.024000
7539828322000,MATCHED,7439,7539828322000,8938,9128044677000,7539828298000,24000,0.024000
7539861641000,MATCHED,7440,7539861641000,8939,9128077995000,7539861616000,25000,0.025000
7539894959000,MATCHED,7441,7539894959000,8940,9128111313000,7539894934000,25000,0.025000
7539928278000,MATCHED,7442,7539928278000,8941,9128144632000,7539928253000,25000,0.025000
7539961595000,MATCHED,7443,7539961595000,8942,9128177949000,7539961570000,25000,0.025000
7539994913000,MATCHED,7444,7539994913000,8943,9128211269000,7539994890000,23000,0.023000
7540028237000,MATCHED,7445,7540028237000,8944,9128244587000,7540028208000,29000,0.029000
7540061553000,MATCHED,7446,7540061553000,8945,9128277907000,7540061528000,25000,0.025000
7540094872000,MATCHED,7447,7540094872000,8946,9128311224000,7540094845000,27000,0.027000
7540128189000,MATCHED,7448,7540128189000,8947,9128344543000,7540128164000,25000,0.025000
7540161506000,MATCHED,7449,7540161506000,8948,9128377861000,7540161482000,24000,0.024000
7540194825000,MATCHED,7450,7540194825000,8949,9128411179000,7540194800000,25000,0.025000
7540228143000,MATCHED,7451,7540228143000,8950,9128444499000,7540228120000,23000,0.023000
7540261463000,MATCHED,7452,7540261463000,8951,9128477819000,7540261440000,23000,0.023000
7540294782000,MATCHED,7453,7540294782000,8952,9128511134000,7540294755000,27000,0.027000
7540328099000,MATCHED,7454,7540328099000,8953,9128544453000,7540328074000,25000,0.025000
7540361417000,MATCHED,7455,7540361417000,8954,9128577773000,7540361394000,23000,0.023000
7540394736000,MATCHED,7456,7540394736000,8955,9128611091000,7540394712000,24000,0.024000
7540428056000,MATCHED,7457,7540428056000,8956,9128644409000,7540428030000,26000,0.026000
7540461373000,MATCHED,7458,7540461373000,8957,9128677728000,7540461349000,24000,0.024000
7540494691000,MATCHED,7459,7540494691000,8958,9128711045000,7540494666000,25000,0.025000
7540528010000,MATCHED,7460,7540528010000,8959,9128744363000,7540527984000,26000,0.026000
7540561330000,MATCHED,7461,7540561330000,8960,9128777682000,7540561303000,27000,0.027000
7540594646000,MATCHED,7462,7540594646000,8961,9128811001000,7540594622000,24000,0.024000
7540627964000,MATCHED,7463,7540627964000,8962,9128844317000,7540627938000,26000,0.026000
7540661284000,MATCHED,7464,7540661284000,8963,9128877635000,7540661256000,28000,0.028000
7540694601000,MATCHED,7465,7540694601000,8964,9128910957000,7540694578000,23000,0.023000
7540727920000,MATCHED,7466,7540727920000,8965,9128944274000,7540727895000,25000,0.025000
7540761240000,MATCHED,7467,7540761240000,8966,9128977595000,7540761216000,24000,0.024000
7540794561000,MATCHED,7468,7540794561000,8967,9129010910000,7540794531000,30000,0.030000
7540827882000,MATCHED,7469,7540827882000,8968,9129044228000,7540827849000,33000,0.033000
7540861199000,MATCHED,7470,7540861199000,8969,9129077550000,7540861171000,28000,0.028000
7540894516000,MATCHED,7471,7540894516000,8970,9129110868000,7540894489000,27000,0.027000
7540927831000,MATCHED,7472,7540927831000,8971,9129144185000,7540927806000,25000,0.025000
7540961156000,MATCHED,7473,7540961156000,8972,9129177503000,7540961124000,32000,0.032000
7540994470000,MATCHED,7474,7540994470000,8973,9129210820000,7540994441000,29000,0.029000
7541027788000,MATCHED,7475,7541027788000,8974,9129244138000,7541027759000,29000,0.029000
7541061115000,MATCHED,7476,7541061115000,8975,9129277459000,7541061080000,35000,0.035000
7541094430000,MATCHED,7477,7541094430000,8976,9129310775000,7541094396000,34000,0.034000
7541127749000,MATCHED,7478,7541127749000,8977,9129344094000,7541127715000,34000,0.034000
7541161060000,MATCHED,7479,7541161060000,8978,9129377412000,7541161033000,27000,0.027000
7541194387000,MATCHED,7480,7541194387000,8979,9129410731000,7541194352000,35000,0.035000
7541227700000,MATCHED,7481,7541227700000,8980,9129444050000,7541227671000,29000,0.029000
7541261021000,MATCHED,7482,7541261021000,8981,9129477370000,7541260991000,30000,0.030000
7541294338000,MATCHED,7483,7541294338000,8982,9129510687000,7541294308000,30000,0.030000
7541327654000,MATCHED,7484,7541327654000,8983,9129544012000,7541327633000,21000,0.021000
7541360980000,MATCHED,7485,7541360980000,8984,9129577323000,7541360944000,36000,0.036000
7541394294000,MATCHED,7486,7541394294000,8985,9129610642000,7541394263000,31000,0.031000
7541427608000,MATCHED,7487,7541427608000,8986,9129643961000,7541427582000,26000,0.026000
7541460935000,MATCHED,7488,7541460935000,8987,9129677279000,7541460900000,35000,0.035000
7541494253000,MATCHED,7489,7541494253000,8988,9129710597000,7541494218000,35000,0.035000
7541527570000,MATCHED,7490,7541527570000,8989,9129743916000,7541527537000,33000,0.033000
7541560885000,MATCHED,7491,7541560885000,8990,9129777234000,7541560855000,30000,0.030000
7541594216000,MATCHED,7492,7541594216000,8991,9129810556000,7541594177000,39000,0.039000
7541627528000,MATCHED,7493,7541627528000,8992,9129843871000,7541627492000,36000,0.036000
7541660839000,MATCHED,7494,7541660839000,8993,9129877189000,7541660810000,29000,0.029000
7541694164000,MATCHED,7495,7541694164000,8994,9129910508000,7541694129000,35000,0.035000
7541727482000,MATCHED,7496,7541727482000,8995,9129943826000,7541727447000,35000,0.035000
7541760799000,MATCHED,7497,7541760799000,8996,9129977145000,7541760766000,33000,0.033000
7541794121000,MATCHED,7498,7541794121000,8997,9130010464000,7541794085000,36000,0.036000
7541827440000,MATCHED,7499,7541827440000,8998,9130043782000,7541827403000,37000,0.037000
7541860756000,MATCHED,7500,7541860756000,8999,9130077100000,7541860721000,35000,0.035000
7541894073000,MATCHED,7501,7541894073000,9000,9130110418000,7541894039000,34000,0.034000
7541927396000,MATCHED,7502,7541927396000,9001,9130143739000,7541927360000,36000,0.036000
7541960709000,MATCHED,7503,7541960709000,9002,9130177056000,7541960677000,32000,0.032000
7541994026000,MATCHED,7504,7541994026000,9003,9130210383000,7541994004000,22000,0.022000
7542027344000,MATCHED,7505,7542027344000,9004,9130243695000,7542027316000,28000,0.028000
7542060661000,MATCHED,7506,7542060661000,9005,9130277014000,7542060635000,26000,0.026000
7542093984000,MATCHED,7507,7542093984000,9006,9130310332000,7542093953000,31000,0.031000
7542127302000,MATCHED,7508,7542127302000,9007,9130343651000,7542127272000,30000,0.030000
7542160618000,MATCHED,7509,7542160618000,9008,9130376969000,7542160590000,28000,0.028000
7542193939000,MATCHED,7510,7542193939000,9009,9130410287000,7542193908000,31000,0.031000
7542227260000,MATCHED,7511,7542227260000,9010,9130443605000,7542227226000,34000,0.034000
7542260587000,MATCHED,7512,7542260587000,9011,9130476926000,7542260547000,40000,0.040000
7542293901000,MATCHED,7513,7542293901000,9012,9130510244000,7542293865000,36000,0.036000
7542327215000,MATCHED,7514,7542327215000,9013,9130543561000,7542327182000,33000,0.033000
7542360536000,MATCHED,7515,7542360536000,9014,9130576881000,7542360502000,34000,0.034000
7542393849000,MATCHED,7516,7542393849000,9015,9130610198000,7542393819000,30000,0.030000
7542427174000,MATCHED,7517,7542427174000,9016,9130643518000,7542427139000,35000,0.035000
7542460486000,MATCHED,7518,7542460486000,9017,9130676835000,7542460456000,30000,0.030000
7542493804000,MATCHED,7519,7542493804000,9018,9130710153000,7542493774000,30000,0.030000
7542527129000,MATCHED,7520,7542527129000,9019,9130743472000,7542527093000,36000,0.036000
7542560443000,MATCHED,7521,7542560443000,9020,9130776790000,7542560411000,32000,0.032000
7542593756000,MATCHED,7522,7542593756000,9021,9130810110000,7542593731000,25000,0.025000
7542627076000,MATCHED,7523,7542627076000,9022,9130843425000,7542627046000,30000,0.030000
7542660398000,MATCHED,7524,7542660398000,9023,9130876744000,7542660365000,33000,0.033000
7542693709000,MATCHED,7525,7542693709000,9024,9130910062000,7542693683000,26000,0.026000
7542727029000,MATCHED,7526,7542727029000,9025,9130943380000,7542727001000,28000,0.028000
7542760346000,MATCHED,7527,7542760346000,9026,9130976699000,7542760320000,26000,0.026000
7542793665000,MATCHED,7528,7542793665000,9027,9131010018000,7542793639000,26000,0.026000
7542826992000,MATCHED,7529,7542826992000,9028,9131043336000,7542826957000,35000,0.035000
7542860303000,MATCHED,7530,7542860303000,9029,9131076655000,7542860276000,27000,0.027000
7542893622000,MATCHED,7531,7542893622000,9030,9131109975000,7542893596000,26000,0.026000
7542926941000,MATCHED,7532,7542926941000,9031,9131143294000,7542926915000,26000,0.026000
7542960264000,MATCHED,7533,7542960264000,9032,9131176611000,7542960232000,32000,0.032000
7542993577000,MATCHED,7534,7542993577000,9033,9131209928000,7542993549000,28000,0.028000
7543026894000,MATCHED,7535,7543026894000,9034,9131243247000,7543026868000,26000,0.026000
7543060219000,MATCHED,7536,7543060219000,9035,9131276565000,7543060186000,33000,0.033000
7543093548000,MATCHED,7537,7543093548000,9036,9131309885000,7543093506000,42000,0.042000
7543126858000,MATCHED,7538,7543126858000,9037,9131343202000,7543126823000,35000,0.035000
7543160184000,MATCHED,7539,7543160184000,9038,9131376521000,7543160142000,42000,0.042000
7543193495000,MATCHED,7540,7543193495000,9039,9131409839000,7543193460000,35000,0.035000
7543226810000,MATCHED,7541,7543226810000,9040,9131443157000,7543226778000,32000,0.032000
7543260130000,MATCHED,7542,7543260130000,9041,9131476478000,7543260099000,31000,0.031000
7543293447000,MATCHED,7543,7543293447000,9042,9131509795000,7543293416000,31000,0.031000
7543326784000,MATCHED,7544,7543326784000,9043,9131543113000,7543326734000,50000,0.050000
7543360081000,MATCHED,7545,7543360081000,9044,9131576433000,7543360054000,27000,0.027000
7543393400000,MATCHED,7546,7543393400000,9045,9131609752000,7543393373000,27000,0.027000
7543426720000,MATCHED,7547,7543426720000,9046,9131643070000,7543426691000,29000,0.029000
7543460036000,MATCHED,7548,7543460036000,9047,9131676389000,7543460010000,26000,0.026000
7543493354000,MATCHED,7549,7543493354000,9048,9131709707000,7543493328000,26000,0.026000
7543526672000,MATCHED,7550,7543526672000,9049,9131743025000,7543526646000,26000,0.026000
7543559997000,MATCHED,7551,7543559997000,9050,9131776344000,7543559965000,32000,0.032000
7543593310000,MATCHED,7552,7543593310000,9051,9131809665000,7543593286000,24000,0.024000
7543626628000,MATCHED,7553,7543626628000,9052,9131842982000,7543626603000,25000,0.025000
7543659949000,MATCHED,7554,7543659949000,9053,9131876300000,7543659921000,28000,0.028000
7543693264000,MATCHED,7555,7543693264000,9054,9131909617000,7543693238000,26000,0.026000
7543726584000,MATCHED,7556,7543726584000,9055,9131942936000,7543726557000,27000,0.027000
7543759900000,MATCHED,7557,7543759900000,9056,9131976255000,7543759876000,24000,0.024000
7543793220000,MATCHED,7558,7543793220000,9057,9132009573000,7543793194000,26000,0.026000
7543826538000,MATCHED,7559,7543826538000,9058,9132042892000,7543826513000,25000,0.025000
7543859857000,MATCHED,7560,7543859857000,9059,9132076210000,7543859831000,26000,0.026000
7543893174000,MATCHED,7561,7543893174000,9060,9132109528000,7543893149000,25000,0.025000
7543926494000,MATCHED,7562,7543926494000,9061,9132142848000,7543926469000,25000,0.025000
7543959812000,MATCHED,7563,7543959812000,9062,9132176165000,7543959786000,26000,0.026000
7543993130000,MATCHED,7564,7543993130000,9063,9132209484000,7543993105000,25000,0.025000
7544026451000,MATCHED,7565,7544026451000,9064,9132242803000,7544026424000,27000,0.027000
7544059768000,MATCHED,7566,7544059768000,9065,9132276121000,7544059742000,26000,0.026000
7544093090000,MATCHED,7567,7544093090000,9066,9132309440000,7544093061000,29000,0.029000
7544126405000,MATCHED,7568,7544126405000,9067,9132342758000,7544126379000,26000,0.026000
7544159724000,MATCHED,7569,7544159724000,9068,9132376076000,7544159697000,27000,0.027000
7544193042000,MATCHED,7570,7544193042000,9069,9132409396000,7544193017000,25000,0.025000
7544226359000,MATCHED,7571,7544226359000,9070,9132442713000,7544226334000,25000,0.025000
7544259678000,MATCHED,7572,7544259678000,9071,9132476033000,7544259654000,24000,0.024000
7544292996000,MATCHED,7573,7544292996000,9072,9132509350000,7544292971000,25000,0.025000
7544326316000,MATCHED,7574,7544326316000,9073,9132542668000,7544326289000,27000,0.027000
7544359639000,MATCHED,7575,7544359639000,9074,9132575987000,7544359608000,31000,0.031000
7544392953000,MATCHED,7576,7544392953000,9075,9132609307000,7544392928000,25000,0.025000
7544426273000,MATCHED,7577,7544426273000,9076,9132642625000,7544426246000,27000,0.027000
7544459590000,MATCHED,7578,7544459590000,9077,9132675943000,7544459564000,26000,0.026000
7544492907000,MATCHED,7579,7544492907000,9078,9132709261000,7544492882000,25000,0.025000
7544526226000,MATCHED,7580,7544526226000,9079,9132742579000,7544526200000,26000,0.026000
7544559543000,MATCHED,7581,7544559543000,9080,9132775898000,7544559519000,24000,0.024000
7544592863000,MATCHED,7582,7544592863000,9081,9132809219000,7544592840000,23000,0.023000
7544626181000,MATCHED,7583,7544626181000,9082,9132842535000,7544626156000,25000,0.025000
7544659501000,MATCHED,7584,7544659501000,9083,9132875853000,7544659474000,27000,0.027000
7544692818000,MATCHED,7585,7544692818000,9084,9132909172000,7544692793000,25000,0.025000
7544726136000,MATCHED,7586,7544726136000,9085,9132942490000,7544726111000,25000,0.025000
7544759457000,MATCHED,7587,7544759457000,9086,9132975811000,7544759432000,25000,0.025000
7544792776000,MATCHED,7588,7544792776000,9087,9133009127000,7544792748000,28000,0.028000
7544826093000,MATCHED,7589,7544826093000,9088,9133042446000,7544826067000,26000,0.026000
7544859410000,MATCHED,7590,7544859410000,9089,9133075764000,7544859385000,25000,0.025000
7544892729000,MATCHED,7591,7544892729000,9090,9133109083000,7544892704000,25000,0.025000
7544926049000,MATCHED,7592,7544926049000,9091,9133142402000,7544926023000,26000,0.026000
7544959366000,MATCHED,7593,7544959366000,9092,9133175722000,7544959343000,23000,0.023000
7544992688000,MATCHED,7594,7544992688000,9093,9133209039000,7544992660000,28000,0.028000
7545026003000,MATCHED,7595,7545026003000,9094,9133242357000,7545025978000,25000,0.025000
7545059321000,MATCHED,7596,7545059321000,9095,9133275675000,7545059296000,25000,0.025000
7545092653000,MATCHED,7597,7545092653000,9096,9133308994000,7545092615000,38000,0.038000
7545125958000,MATCHED,7598,7545125958000,9097,9133342312000,7545125933000,25000,0.025000
7545159277000,MATCHED,7599,7545159277000,9098,9133375630000,7545159251000,26000,0.026000
7545192596000,MATCHED,7600,7545192596000,9099,9133408950000,7545192571000,25000,0.025000
7545225914000,MATCHED,7601,7545225914000,9100,9133442267000,7545225888000,26000,0.026000
7545259232000,MATCHED,7602,7545259232000,9101,9133475589000,7545259210000,22000,0.022000
7545292550000,MATCHED,7603,7545292550000,9102,9133508904000,7545292525000,25000,0.025000
7545325869000,MATCHED,7604,7545325869000,9103,9133542224000,7545325845000,24000,0.024000
7545359187000,MATCHED,7605,7545359187000,9104,9133575541000,7545359162000,25000,0.025000
7545392506000,MATCHED,7606,7545392506000,9105,9133608859000,7545392480000,26000,0.026000
7545425825000,MATCHED,7607,7545425825000,9106,9133642178000,7545425799000,26000,0.026000
7545459144000,MATCHED,7608,7545459144000,9107,9133675497000,7545459118000,26000,0.026000
7545492464000,MATCHED,7609,7545492464000,9108,9133708816000,7545492437000,27000,0.027000
7545525780000,MATCHED,7610,7545525780000,9109,9133742134000,7545525755000,25000,0.025000
7545559101000,MATCHED,7611,7545559101000,9110,9133775452000,7545559073000,28000,0.028000
7545592416000,MATCHED,7612,7545592416000,9111,9133808773000,7545592394000,22000,0.022000
7545625738000,MATCHED,7613,7545625738000,9112,9133842091000,7545625712000,26000,0.026000
7545659057000,MATCHED,7614,7545659057000,9113,9133875408000,7545659029000,28000,0.028000
7545692376000,MATCHED,7615,7545692376000,9114,9133908726000,7545692347000,29000,0.029000
7545725699000,MATCHED,7616,7545725699000,9115,9133942045000,7545725666000,33000,0.033000
7545759020000,MATCHED,7617,7545759020000,9116,9133975363000,7545758984000,36000,0.036000
7545792332000,MATCHED,7618,7545792332000,9117,9134008682000,7545792303000,29000,0.029000
7545825650000,MATCHED,7619,7545825650000,9118,9134042000000,7545825621000,29000,0.029000
7545858969000,MATCHED,7620,7545858969000,9119,9134075319000,7545858940000,29000,0.029000
7545892288000,MATCHED,7621,7545892288000,9120,9134108637000,7545892258000,30000,0.030000
7545925608000,MATCHED,7622,7545925608000,9121,9134141957000,7545925578000,30000,0.030000
7545958922000,MATCHED,7623,7545958922000,9122,9134175273000,7545958894000,28000,0.028000
7545992245000,MATCHED,7624,7545992245000,9123,9134208594000,7545992215000,30000,0.030000
7546025569000,MATCHED,7625,7546025569000,9124,9134241911000,7546025532000,37000,0.037000
7546058884000,MATCHED,7626,7546058884000,9125,9134275229000,7546058850000,34000,0.034000
7546092205000,MATCHED,7627,7546092205000,9126,9134308548000,7546092169000,36000,0.036000
7546125522000,MATCHED,7628,7546125522000,9127,9134341866000,7546125487000,35000,0.035000
7546158840000,MATCHED,7629,7546158840000,9128,9134375185000,7546158806000,34000,0.034000
7546192157000,MATCHED,7630,7546192157000,9129,9134408504000,7546192125000,32000,0.032000
7546225477000,MATCHED,7631,7546225477000,9130,9134441822000,7546225443000,34000,0.034000
7546258796000,MATCHED,7632,7546258796000,9131,9134475141000,7546258762000,34000,0.034000
7546292114000,MATCHED,7633,7546292114000,9132,9134508459000,7546292080000,34000,0.034000
7546325434000,MATCHED,7634,7546325434000,9133,9134541777000,7546325398000,36000,0.036000
7546358755000,MATCHED,7635,7546358755000,9134,9134575095000,7546358716000,39000,0.039000
7546392073000,MATCHED,7636,7546392073000,9135,9134608414000,7546392035000,38000,0.038000
7546425384000,MATCHED,7637,7546425384000,9136,9134641733000,7546425354000,30000,0.030000
7546458705000,MATCHED,7638,7546458705000,9137,9134675052000,7546458673000,32000,0.032000
7546492064000,MATCHED,7639,7546492064000,9138,9134708370000,7546491991000,73000,0.073000
7546525348000,MATCHED,7640,7546525348000,9139,9134741689000,7546525310000,38000,0.038000
7546558671000,MATCHED,7641,7546558671000,9140,9134775008000,7546558629000,42000,0.042000
7546591980000,MATCHED,7642,7546591980000,9141,9134808326000,7546591947000,33000,0.033000
7546625302000,MATCHED,7643,7546625302000,9142,9134841645000,7546625266000,36000,0.036000
7546658617000,MATCHED,7644,7546658617000,9143,9134874962000,7546658583000,34000,0.034000
7546691927000,MATCHED,7645,7546691927000,9144,9134908282000,7546691903000,24000,0.024000
7546725245000,MATCHED,7646,7546725245000,9145,9134941599000,7546725220000,25000,0.025000
7546758564000,MATCHED,7647,7546758564000,9146,9134974918000,7546758539000,25000,0.025000
7546791883000,MATCHED,7648,7546791883000,9147,9135008236000,7546791857000,26000,0.026000
7546825205000,MATCHED,7649,7546825205000,9148,9135041554000,7546825175000,30000,0.030000
7546858529000,MATCHED,7650,7546858529000,9149,9135074872000,7546858493000,36000,0.036000
7546891849000,MATCHED,7651,7546891849000,9150,9135108192000,7546891813000,36000,0.036000
7546925164000,MATCHED,7652,7546925164000,9151,9135141511000,7546925132000,32000,0.032000
7546958487000,MATCHED,7653,7546958487000,9152,9135174829000,7546958450000,37000,0.037000
7546991800000,MATCHED,7654,7546991800000,9153,9135208148000,7546991769000,31000,0.031000
7547025118000,MATCHED,7655,7547025118000,9154,9135241467000,7547025088000,30000,0.030000
7547058438000,MATCHED,7656,7547058438000,9155,9135274783000,7547058404000,34000,0.034000
7547091762000,MATCHED,7657,7547091762000,9156,9135308103000,7547091724000,38000,0.038000
7547125069000,MATCHED,7658,7547125069000,9157,9135341422000,7547125043000,26000,0.026000
7547158394000,MATCHED,7659,7547158394000,9158,9135374739000,7547158360000,34000,0.034000
7547191713000,MATCHED,7660,7547191713000,9159,9135408058000,7547191679000,34000,0.034000
7547225032000,MATCHED,7661,7547225032000,9160,9135441376000,7547224997000,35000,0.035000
7547258350000,MATCHED,7662,7547258350000,9161,9135474695000,7547258316000,34000,0.034000
7547291663000,MATCHED,7663,7547291663000,9162,9135508014000,7547291635000,28000,0.028000
7547324986000,MATCHED,7664,7547324986000,9163,9135541332000,7547324953000,33000,0.033000
7547358304000,MATCHED,7665,7547358304000,9164,9135574650000,7547358271000,33000,0.033000
7547391625000,MATCHED,7666,7547391625000,9165,9135607969000,7547391590000,35000,0.035000
7547424939000,MATCHED,7667,7547424939000,9166,9135641287000,7547424908000,31000,0.031000
7547458258000,MATCHED,7668,7547458258000,9167,9135674606000,7547458227000,31000,0.031000
7547491590000,MATCHED,7669,7547491590000,9168,9135707924000,7547491545000,45000,0.045000
7547524897000,MATCHED,7670,7547524897000,9169,9135741243000,7547524864000,33000,0.033000
7547558217000,MATCHED,7671,7547558217000,9170,9135774561000,7547558182000,35000,0.035000
7547591533000,MATCHED,7672,7547591533000,9171,9135807881000,7547591502000,31000,0.031000
7547624850000,MATCHED,7673,7547624850000,9172,9135841197000,7547624818000,32000,0.032000
7547658170000,MATCHED,7674,7547658170000,9173,9135874515000,7547658136000,34000,0.034000
7547691512000,MATCHED,7675,7547691512000,9174,9135907833000,7547691454000,58000,0.058000
7547724807000,MATCHED,7676,7547724807000,9175,9135941152000,7547724773000,34000,0.034000
7547758127000,MATCHED,7677,7547758127000,9176,9135974471000,7547758092000,35000,0.035000
7547791445000,MATCHED,7678,7547791445000,9177,9136007789000,7547791410000,35000,0.035000
7547824761000,MATCHED,7679,7547824761000,9178,9136041107000,7547824728000,33000,0.033000
7547858083000,MATCHED,7680,7547858083000,9179,9136074426000,7547858047000,36000,0.036000
7547891403000,MATCHED,7681,7547891403000,9180,9136107745000,7547891366000,37000,0.037000
7547924716000,MATCHED,7682,7547924716000,9181,9136141066000,7547924687000,29000,0.029000
7547958039000,MATCHED,7683,7547958039000,9182,9136174381000,7547958002000,37000,0.037000
7547991357000,MATCHED,7684,7547991357000,9183,9136207700000,7547991321000,36000,0.036000
7548024673000,MATCHED,7685,7548024673000,9184,9136241019000,7548024640000,33000,0.033000
7548057994000,MATCHED,7686,7548057994000,9185,9136274336000,7548057957000,37000,0.037000
7548091321000,MATCHED,7687,7548091321000,9186,9136307655000,7548091276000,45000,0.045000
7548124628000,MATCHED,7688,7548124628000,9187,9136340974000,7548124595000,33000,0.033000
7548157945000,MATCHED,7689,7548157945000,9188,9136374292000,7548157913000,32000,0.032000
7548191266000,MATCHED,7690,7548191266000,9189,9136407611000,7548191232000,34000,0.034000
7548224585000,MATCHED,7691,7548224585000,9190,9136440929000,7548224550000,35000,0.035000
7548257904000,MATCHED,7692,7548257904000,9191,9136474249000,7548257870000,34000,0.034000
7548291222000,MATCHED,7693,7548291222000,9192,9136507566000,7548291187000,35000,0.035000
7548324538000,MATCHED,7694,7548324538000,9193,9136540885000,7548324506000,32000,0.032000
7548357859000,MATCHED,7695,7548357859000,9194,9136574203000,7548357824000,35000,0.035000
7548391181000,MATCHED,7696,7548391181000,9195,9136607522000,7548391143000,38000,0.038000
7548424500000,MATCHED,7697,7548424500000,9196,9136640840000,7548424461000,39000,0.039000
7548457814000,MATCHED,7698,7548457814000,9197,9136674158000,7548457779000,35000,0.035000
7548491134000,MATCHED,7699,7548491134000,9198,9136707478000,7548491099000,35000,0.035000
7548524453000,MATCHED,7700,7548524453000,9199,9136740796000,7548524417000,36000,0.036000
7548557769000,MATCHED,7701,7548557769000,9200,9136774114000,7548557735000,34000,0.034000
7548591091000,MATCHED,7702,7548591091000,9201,9136807434000,7548591055000,36000,0.036000
7548624403000,MATCHED,7703,7548624403000,9202,9136840753000,7548624374000,29000,0.029000
7548657727000,MATCHED,7704,7548657727000,9203,9136874070000,7548657691000,36000,0.036000
7548691046000,MATCHED,7705,7548691046000,9204,9136907388000,7548691009000,37000,0.037000
7548724359000,MATCHED,7706,7548724359000,9205,9136940708000,7548724329000,30000,0.030000
7548757679000,MATCHED,7707,7548757679000,9206,9136974025000,7548757646000,33000,0.033000
7548790997000,MATCHED,7708,7548790997000,9207,9137007344000,7548790965000,32000,0.032000
7548824318000,MATCHED,7709,7548824318000,9208,9137040662000,7548824283000,35000,0.035000
7548857634000,MATCHED,7710,7548857634000,9209,9137073981000,7548857602000,32000,0.032000
7548890959000,MATCHED,7711,7548890959000,9210,9137107299000,7548890920000,39000,0.039000
7548924269000,MATCHED,7712,7548924269000,9211,9137140619000,7548924240000,29000,0.029000
7548957591000,MATCHED,7713,7548957591000,9212,9137173936000,7548957557000,34000,0.034000
7548990909000,MATCHED,7714,7548990909000,9213,9137207255000,7548990876000,33000,0.033000
7549024227000,MATCHED,7715,7549024227000,9214,9137240573000,7549024194000,33000,0.033000
7549057549000,MATCHED,7716,7549057549000,9215,9137273891000,7549057512000,37000,0.037000
7549090864000,MATCHED,7717,7549090864000,9216,9137307210000,7549090831000,33000,0.033000
7549124183000,MATCHED,7718,7549124183000,9217,9137340528000,7549124149000,34000,0.034000
7549157503000,MATCHED,7719,7549157503000,9218,9137373847000,7549157468000,35000,0.035000
7549190820000,MATCHED,7720,7549190820000,9219,9137407165000,7549190786000,34000,0.034000
7549224142000,MATCHED,7721,7549224142000,9220,9137440485000,7549224106000,36000,0.036000
7549257463000,MATCHED,7722,7549257463000,9221,9137473803000,7549257424000,39000,0.039000
7549290774000,MATCHED,7723,7549290774000,9222,9137507121000,7549290742000,32000,0.032000
7549324095000,MATCHED,7724,7549324095000,9223,9137540440000,7549324061000,34000,0.034000
7549357418000,MATCHED,7725,7549357418000,9224,9137573757000,7549357378000,40000,0.040000
7549390730000,MATCHED,7726,7549390730000,9225,9137607076000,7549390697000,33000,0.033000
7549424043000,MATCHED,7727,7549424043000,9226,9137640395000,7549424016000,27000,0.027000
7549457362000,MATCHED,7728,7549457362000,9227,9137673713000,7549457334000,28000,0.028000
7549490680000,MATCHED,7729,7549490680000,9228,9137707032000,7549490653000,27000,0.027000
7549523998000,MATCHED,7730,7549523998000,9229,9137740350000,7549523971000,27000,0.027000
7549557318000,MATCHED,7731,7549557318000,9230,9137773669000,7549557290000,28000,0.028000
7549590636000,MATCHED,7732,7549590636000,9231,9137806988000,7549590609000,27000,0.027000
7549623954000,MATCHED,7733,7549623954000,9232,9137840308000,7549623929000,25000,0.025000
7549657273000,MATCHED,7734,7549657273000,9233,9137873626000,7549657247000,26000,0.026000
7549690590000,MATCHED,7735,7549690590000,9234,9137906944000,7549690565000,25000,0.025000
7549723909000,MATCHED,7736,7549723909000,9235,9137940263000,7549723884000,25000,0.025000
7549757228000,MATCHED,7737,7549757228000,9236,9137973581000,7549757202000,26000,0.026000
7549790546000,MATCHED,7738,7549790546000,9237,9138006899000,7549790520000,26000,0.026000
7549823867000,MATCHED,7739,7549823867000,9238,9138040218000,7549823839000,28000,0.028000
7549857189000,MATCHED,7740,7549857189000,9239,9138073536000,7549857157000,32000,0.032000
7549890502000,MATCHED,7741,7549890502000,9240,9138106855000,7549890476000,26000,0.026000
7549923821000,MATCHED,7742,7549923821000,9241,9138140174000,7549923795000,26000,0.026000
7549957140000,MATCHED,7743,7549957140000,9242,9138173492000,7549957113000,27000,0.027000
7549990458000,MATCHED,7744,7549990458000,9243,9138206811000,7549990432000,26000,0.026000
7550023777000,MATCHED,7745,7550023777000,9244,9138240130000,7550023751000,26000,0.026000
7550057095000,MATCHED,7746,7550057095000,9245,9138273448000,7550057069000,26000,0.026000
7550090413000,MATCHED,7747,7550090413000,9246,9138306768000,7550090389000,24000,0.024000
7550123732000,MATCHED,7748,7550123732000,9247,9138340085000,7550123706000,26000,0.026000
7550157050000,MATCHED,7749,7550157050000,9248,9138373404000,7550157025000,25000,0.025000
7550190368000,MATCHED,7750,7550190368000,9249,9138406723000,7550190344000,24000,0.024000
7550223688000,MATCHED,7751,7550223688000,9250,9138440040000,7550223661000,27000,0.027000
7550257015000,MATCHED,7752,7550257015000,9251,9138473360000,7550256981000,34000,0.034000
7550290328000,MATCHED,7753,7550290328000,9252,9138506678000,7550290299000,29000,0.029000
7550323656000,MATCHED,7754,7550323656000,9253,9138539996000,7550323617000,39000,0.039000
7550356969000,MATCHED,7755,7550356969000,9254,9138573315000,7550356936000,33000,0.033000
7550390288000,MATCHED,7756,7550390288000,9255,9138606633000,7550390254000,34000,0.034000
7550423597000,MATCHED,7757,7550423597000,9256,9138639952000,7550423573000,24000,0.024000
7550456915000,MATCHED,7758,7550456915000,9257,9138673270000,7550456891000,24000,0.024000
7550490232000,MATCHED,7759,7550490232000,9258,9138706589000,7550490210000,22000,0.022000
7550523551000,MATCHED,7760,7550523551000,9259,9138739908000,7550523529000,22000,0.022000
7550556871000,MATCHED,7761,7550556871000,9260,9138773226000,7550556847000,24000,0.024000
7550590188000,MATCHED,7762,7550590188000,9261,9138806546000,7550590167000,21000,0.021000
7550623507000,MATCHED,7763,7550623507000,9262,9138839863000,7550623484000,23000,0.023000
7550656825000,MATCHED,7764,7550656825000,9263,9138873180000,7550656801000,24000,0.024000
7550690144000,MATCHED,7765,7550690144000,9264,9138906498000,7550690119000,25000,0.025000
7550723464000,MATCHED,7766,7550723464000,9265,9138939818000,7550723439000,25000,0.025000
7550756782000,MATCHED,7767,7550756782000,9266,9138973137000,7550756758000,24000,0.024000
7550790099000,MATCHED,7768,7550790099000,9267,9139006455000,7550790076000,23000,0.023000
7550823418000,MATCHED,7769,7550823418000,9268,9139039773000,7550823394000,24000,0.024000
7550856736000,MATCHED,7770,7550856736000,9269,9139073091000,7550856712000,24000,0.024000
7550890057000,MATCHED,7771,7550890057000,9270,9139106409000,7550890030000,27000,0.027000
7550923375000,MATCHED,7772,7550923375000,9271,9139139729000,7550923350000,25000,0.025000
7550956694000,MATCHED,7773,7550956694000,9272,9139173051000,7550956672000,22000,0.022000
7550990013000,MATCHED,7774,7550990013000,9273,9139206366000,7550989987000,26000,0.026000
7551023331000,MATCHED,7775,7551023331000,9274,9139239685000,7551023306000,25000,0.025000
7551056649000,MATCHED,7776,7551056649000,9275,9139273003000,7551056624000,25000,0.025000
7551089967000,MATCHED,7777,7551089967000,9276,9139306321000,7551089942000,25000,0.025000
7551123286000,MATCHED,7778,7551123286000,9277,9139339640000,7551123261000,25000,0.025000
7551156604000,MATCHED,7779,7551156604000,9278,9139372958000,7551156579000,25000,0.025000
7551189922000,MATCHED,7780,7551189922000,9279,9139406277000,7551189898000,24000,0.024000
7551223242000,MATCHED,7781,7551223242000,9280,9139439595000,7551223216000,26000,0.026000
7551256560000,MATCHED,7782,7551256560000,9281,9139472914000,7551256535000,25000,0.025000
7551289878000,MATCHED,7783,7551289878000,9282,9139506232000,7551289853000,25000,0.025000
7551323197000,MATCHED,7784,7551323197000,9283,9139539548000,7551323169000,28000,0.028000
7551356515000,MATCHED,7785,7551356515000,9284,9139572869000,7551356490000,25000,0.025000
7551389835000,MATCHED,7786,7551389835000,9285,9139606188000,7551389809000,26000,0.026000
7551423152000,MATCHED,7787,7551423152000,9286,9139639506000,7551423127000,25000,0.025000
7551456470000,MATCHED,7788,7551456470000,9287,9139672825000,7551456446000,24000,0.024000
7551489789000,MATCHED,7789,7551489789000,9288,9139706143000,7551489764000,25000,0.025000
7551523107000,MATCHED,7790,7551523107000,9289,9139739461000,7551523082000,25000,0.025000
7551556427000,MATCHED,7791,7551556427000,9290,9139772780000,7551556401000,26000,0.026000
7551589746000,MATCHED,7792,7551589746000,9291,9139806099000,7551589720000,26000,0.026000
7551623062000,MATCHED,7793,7551623062000,9292,9139839417000,7551623038000,24000,0.024000
7551656381000,MATCHED,7794,7551656381000,9293,9139872735000,7551656356000,25000,0.025000
7551689699000,MATCHED,7795,7551689699000,9294,9139906054000,7551689675000,24000,0.024000
7551723019000,MATCHED,7796,7551723019000,9295,9139939373000,7551722994000,25000,0.025000
7551756338000,MATCHED,7797,7551756338000,9296,9139972692000,7551756313000,25000,0.025000
7551789655000,MATCHED,7798,7551789655000,9297,9140006010000,7551789631000,24000,0.024000
7551822974000,MATCHED,7799,7551822974000,9298,9140039328000,7551822949000,25000,0.025000
7551856292000,MATCHED,7800,7551856292000,9299,9140072647000,7551856268000,24000,0.024000
7551889614000,MATCHED,7801,7551889614000,9300,9140105965000,7551889586000,28000,0.028000
7551922930000,MATCHED,7802,7551922930000,9301,9140139283000,7551922904000,26000,0.026000
7551956248000,MATCHED,7803,7551956248000,9302,9140172600000,7551956221000,27000,0.027000
7551989566000,MATCHED,7804,7551989566000,9303,9140205920000,7551989541000,25000,0.025000
7552022886000,MATCHED,7805,7552022886000,9304,9140239239000,7552022860000,26000,0.026000
7552056204000,MATCHED,7806,7552056204000,9305,9140272558000,7552056179000,25000,0.025000
7552089522000,MATCHED,7807,7552089522000,9306,9140305875000,7552089496000,26000,0.026000
7552122840000,MATCHED,7808,7552122840000,9307,9140339194000,7552122815000,25000,0.025000
7552156158000,MATCHED,7809,7552156158000,9308,9140372513000,7552156134000,24000,0.024000
7552189478000,MATCHED,7810,7552189478000,9309,9140405831000,7552189452000,26000,0.026000
7552222798000,MATCHED,7811,7552222798000,9310,9140439150000,7552222771000,27000,0.027000
7552256117000,MATCHED,7812,7552256117000,9311,9140472468000,7552256089000,28000,0.028000
7552289432000,MATCHED,7813,7552289432000,9312,9140505787000,7552289408000,24000,0.024000
7552322751000,MATCHED,7814,7552322751000,9313,9140539106000,7552322727000,24000,0.024000
7552356070000,MATCHED,7815,7552356070000,9314,9140572423000,7552356044000,26000,0.026000
7552389390000,MATCHED,7816,7552389390000,9315,9140605742000,7552389363000,27000,0.027000
7552422707000,MATCHED,7817,7552422707000,9316,9140639061000,7552422682000,25000,0.025000
7552456026000,MATCHED,7818,7552456026000,9317,9140672378000,7552455999000,27000,0.027000
7552489348000,MATCHED,7819,7552489348000,9318,9140705697000,7552489318000,30000,0.030000
7552522662000,MATCHED,7820,7552522662000,9319,9140739016000,7552522637000,25000,0.025000
7552555981000,MATCHED,7821,7552555981000,9320,9140772333000,7552555954000,27000,0.027000
7552589299000,MATCHED,7822,7552589299000,9321,9140805653000,7552589274000,25000,0.025000
7552622618000,MATCHED,7823,7552622618000,9322,9140838971000,7552622592000,26000,0.026000
7552655936000,MATCHED,7824,7552655936000,9323,9140872290000,7552655911000,25000,0.025000
7552689254000,MATCHED,7825,7552689254000,9324,9140905608000,7552689229000,25000,0.025000
7552722572000,MATCHED,7826,7552722572000,9325,9140938926000,7552722547000,25000,0.025000
7552755892000,MATCHED,7827,7552755892000,9326,9140972244000,7552755865000,27000,0.027000
7552789209000,MATCHED,7828,7552789209000,9327,9141005564000,7552789185000,24000,0.024000
7552822529000,MATCHED,7829,7552822529000,9328,9141038882000,7552822503000,26000,0.026000
7552855847000,MATCHED,7830,7552855847000,9329,9141072200000,7552855821000,26000,0.026000
7552889166000,MATCHED,7831,7552889166000,9330,9141105519000,7552889140000,26000,0.026000
7552922484000,MATCHED,7832,7552922484000,9331,9141138836000,7552922457000,27000,0.027000
7552955802000,MATCHED,7833,7552955802000,9332,9141172156000,7552955777000,25000,0.025000
7552989120000,MATCHED,7834,7552989120000,9333,9141205474000,7552989095000,25000,0.025000
7553022438000,MATCHED,7835,7553022438000,9334,9141238792000,7553022413000,25000,0.025000
7553055758000,MATCHED,7836,7553055758000,9335,9141272114000,7553055735000,23000,0.023000
7553089077000,MATCHED,7837,7553089077000,9336,9141305430000,7553089051000,26000,0.026000
7553122394000,MATCHED,7838,7553122394000,9337,9141338748000,7553122369000,25000,0.025000
7553155713000,MATCHED,7839,7553155713000,9338,9141372067000,7553155688000,25000,0.025000
7553189032000,MATCHED,7840,7553189032000,9339,9141405385000,7553189006000,26000,0.026000
7553222350000,MATCHED,7841,7553222350000,9340,9141438703000,7553222324000,26000,0.026000
7553255670000,MATCHED,7842,7553255670000,9341,9141472022000,7553255643000,27000,0.027000
7553288987000,MATCHED,7843,7553288987000,9342,9141505340000,7553288961000,26000,0.026000
7553322305000,MATCHED,7844,7553322305000,9343,9141538658000,7553322279000,26000,0.026000
7553355624000,MATCHED,7845,7553355624000,9344,9141571977000,7553355598000,26000,0.026000
7553388944000,MATCHED,7846,7553388944000,9345,9141605296000,7553388917000,27000,0.027000
7553422261000,MATCHED,7847,7553422261000,9346,9141638614000,7553422235000,26000,0.026000
7553455582000,MATCHED,7848,7553455582000,9347,9141671933000,7553455554000,28000,0.028000
7553488899000,MATCHED,7849,7553488899000,9348,9141705251000,7553488872000,27000,0.027000
7553522217000,MATCHED,7850,7553522217000,9349,9141738570000,7553522191000,26000,0.026000
7553555536000,MATCHED,7851,7553555536000,9350,9141771888000,7553555509000,27000,0.027000
7553588855000,MATCHED,7852,7553588855000,9351,9141805206000,7553588827000,28000,0.028000
7553622173000,MATCHED,7853,7553622173000,9352,9141838525000,7553622146000,27000,0.027000
7553655492000,MATCHED,7854,7553655492000,9353,9141871843000,7553655464000,28000,0.028000
7553688811000,MATCHED,7855,7553688811000,9354,9141905162000,7553688783000,28000,0.028000
7553722129000,MATCHED,7856,7553722129000,9355,9141938481000,7553722102000,27000,0.027000
7553755448000,MATCHED,7857,7553755448000,9356,9141971799000,7553755420000,28000,0.028000
7553788766000,MATCHED,7858,7553788766000,9357,9142005119000,7553788740000,26000,0.026000
7553822084000,MATCHED,7859,7553822084000,9358,9142038437000,7553822058000,26000,0.026000
7553855403000,MATCHED,7860,7553855403000,9359,9142071754000,7553855375000,28000,0.028000
7553888721000,MATCHED,7861,7553888721000,9360,9142105074000,7553888695000,26000,0.026000
7553922039000,MATCHED,7862,7553922039000,9361,9142138392000,7553922013000,26000,0.026000
7553955360000,MATCHED,7863,7553955360000,9362,9142171708000,7553955329000,31000,0.031000
7553988676000,MATCHED,7864,7553988676000,9363,9142205029000,7553988650000,26000,0.026000
7554021994000,MATCHED,7865,7554021994000,9364,9142238347000,7554021968000,26000,0.026000
7554055313000,MATCHED,7866,7554055313000,9365,9142271665000,7554055286000,27000,0.027000
7554088631000,MATCHED,7867,7554088631000,9366,9142304983000,7554088604000,27000,0.027000
7554121949000,MATCHED,7868,7554121949000,9367,9142338302000,7554121923000,26000,0.026000
7554155268000,MATCHED,7869,7554155268000,9368,9142371621000,7554155242000,26000,0.026000
7554188586000,MATCHED,7870,7554188586000,9369,9142404939000,7554188560000,26000,0.026000
7554221905000,MATCHED,7871,7554221905000,9370,9142438258000,7554221879000,26000,0.026000
7554255224000,MATCHED,7872,7554255224000,9371,9142471575000,7554255196000,28000,0.028000
7554288541000,MATCHED,7873,7554288541000,9372,9142504894000,7554288515000,26000,0.026000
7554321861000,MATCHED,7874,7554321861000,9373,9142538213000,7554321834000,27000,0.027000
7554355179000,MATCHED,7875,7554355179000,9374,9142571531000,7554355152000,27000,0.027000
7554388500000,MATCHED,7876,7554388500000,9375,9142604850000,7554388471000,29000,0.029000
7554421816000,MATCHED,7877,7554421816000,9376,9142638168000,7554421789000,27000,0.027000
7554455134000,MATCHED,7878,7554455134000,9377,9142671487000,7554455108000,26000,0.026000
7554488453000,MATCHED,7879,7554488453000,9378,9142704805000,7554488426000,27000,0.027000
7554521775000,MATCHED,7880,7554521775000,9379,9142738123000,7554521744000,31000,0.031000
7554555090000,MATCHED,7881,7554555090000,9380,9142771442000,7554555063000,27000,0.027000
7554588410000,MATCHED,7882,7554588410000,9381,9142804761000,7554588382000,28000,0.028000
7554621727000,MATCHED,7883,7554621727000,9382,9142838079000,7554621700000,27000,0.027000
7554655046000,MATCHED,7884,7554655046000,9383,9142871397000,7554655018000,28000,0.028000
7554688364000,MATCHED,7885,7554688364000,9384,9142904717000,7554688338000,26000,0.026000
7554721683000,MATCHED,7886,7554721683000,9385,9142938035000,7554721656000,27000,0.027000
7554755002000,MATCHED,7887,7554755002000,9386,9142971353000,7554754974000,28000,0.028000
7554788321000,MATCHED,7888,7554788321000,9387,9143004672000,7554788293000,28000,0.028000
7554821638000,MATCHED,7889,7554821638000,9388,9143037990000,7554821611000,27000,0.027000
7554854957000,MATCHED,7890,7554854957000,9389,9143071308000,7554854929000,28000,0.028000
7554888276000,MATCHED,7891,7554888276000,9390,9143104627000,7554888248000,28000,0.028000
7554921594000,MATCHED,7892,7554921594000,9391,9143137946000,7554921567000,27000,0.027000
7554954912000,MATCHED,7893,7554954912000,9392,9143171264000,7554954885000,27000,0.027000
7554988231000,MATCHED,7894,7554988231000,9393,9143204583000,7554988204000,27000,0.027000
7555021549000,MATCHED,7895,7555021549000,9394,9143237900000,7555021521000,28000,0.028000
7555054868000,MATCHED,7896,7555054868000,9395,9143271219000,7555054840000,28000,0.028000
7555088187000,MATCHED,7897,7555088187000,9396,9143304538000,7555088159000,28000,0.028000
7555121503000,MATCHED,7898,7555121503000,9397,9143337857000,7555121478000,25000,0.025000
7555154822000,MATCHED,7899,7555154822000,9398,9143371175000,7555154796000,26000,0.026000
7555188140000,MATCHED,7900,7555188140000,9399,9143404493000,7555188114000,26000,0.026000
7555221460000,MATCHED,7901,7555221460000,9400,9143437811000,7555221432000,28000,0.028000
7555254780000,MATCHED,7902,7555254780000,9401,9143471130000,7555254751000,29000,0.029000
7555288095000,MATCHED,7903,7555288095000,9402,9143504449000,7555288070000,25000,0.025000
7555321415000,MATCHED,7904,7555321415000,9403,9143537766000,7555321387000,28000,0.028000
7555354733000,MATCHED,7905,7555354733000,9404,9143571085000,7555354706000,27000,0.027000
7555388051000,MATCHED,7906,7555388051000,9405,9143604403000,7555388024000,27000,0.027000
7555421369000,MATCHED,7907,7555421369000,9406,9143637722000,7555421343000,26000,0.026000
7555454689000,MATCHED,7908,7555454689000,9407,9143671041000,7555454662000,27000,0.027000
7555488007000,MATCHED,7909,7555488007000,9408,9143704359000,7555487980000,27000,0.027000
7555521325000,MATCHED,7910,7555521325000,9409,9143737678000,7555521299000,26000,0.026000
7555554644000,MATCHED,7911,7555554644000,9410,9143770995000,7555554616000,28000,0.028000
7555587964000,MATCHED,7912,7555587964000,9411,9143804314000,7555587935000,29000,0.029000
7555621281000,MATCHED,7913,7555621281000,9412,9143837634000,7555621255000,26000,0.026000
7555654599000,MATCHED,7914,7555654599000,9413,9143870951000,7555654572000,27000,0.027000
7555687917000,MATCHED,7915,7555687917000,9414,9143904270000,7555687891000,26000,0.026000
7555721236000,MATCHED,7916,7555721236000,9415,9143937588000,7555721209000,27000,0.027000
7555754555000,MATCHED,7917,7555754555000,9416,9143970907000,7555754528000,27000,0.027000
7555787873000,MATCHED,7918,7555787873000,9417,9144004225000,7555787846000,27000,0.027000
7555821194000,MATCHED,7919,7555821194000,9418,9144037544000,7555821165000,29000,0.029000
7555854511000,MATCHED,7920,7555854511000,9419,9144070862000,7555854483000,28000,0.028000
7555887829000,MATCHED,7921,7555887829000,9420,9144104182000,7555887803000,26000,0.026000
7555921149000,MATCHED,7922,7555921149000,9421,9144137500000,7555921121000,28000,0.028000
7555954469000,MATCHED,7923,7555954469000,9422,9144170817000,7555954438000,31000,0.031000
7555987786000,MATCHED,7924,7555987786000,9423,9144204138000,7555987759000,27000,0.027000
7556021105000,MATCHED,7925,7556021105000,9424,9144237455000,7556021076000,29000,0.029000
7556054422000,MATCHED,7926,7556054422000,9425,9144270774000,7556054395000,27000,0.027000
7556087740000,MATCHED,7927,7556087740000,9426,9144304092000,7556087713000,27000,0.027000
7556121058000,MATCHED,7928,7556121058000,9427,9144337411000,7556121032000,26000,0.026000
7556154376000,MATCHED,7929,7556154376000,9428,9144370729000,7556154350000,26000,0.026000
7556187695000,MATCHED,7930,7556187695000,9429,9144404047000,7556187668000,27000,0.027000
7556221015000,MATCHED,7931,7556221015000,9430,9144437366000,7556220987000,28000,0.028000
7556254335000,MATCHED,7932,7556254335000,9431,9144470684000,7556254305000,30000,0.030000
7556287649000,MATCHED,7933,7556287649000,9432,9144504002000,7556287623000,26000,0.026000
7556320967000,MATCHED,7934,7556320967000,9433,9144537321000,7556320942000,25000,0.025000
7556354285000,MATCHED,7935,7556354285000,9434,9144570640000,7556354261000,24000,0.024000
7556387605000,MATCHED,7936,7556387605000,9435,9144603959000,7556387580000,25000,0.025000
7556420922000,MATCHED,7937,7556420922000,9436,9144637280000,7556420901000,21000,0.021000
7556454241000,MATCHED,7938,7556454241000,9437,9144670596000,7556454217000,24000,0.024000
7556487563000,MATCHED,7939,7556487563000,9438,9144703914000,7556487535000,28000,0.028000
7556520880000,MATCHED,7940,7556520880000,9439,9144737232000,7556520853000,27000,0.027000
7556554197000,MATCHED,7941,7556554197000,9440,9144770551000,7556554172000,25000,0.025000
7556587517000,MATCHED,7942,7556587517000,9441,9144803869000,7556587490000,27000,0.027000
7556620834000,MATCHED,7943,7556620834000,9442,9144837189000,7556620810000,24000,0.024000
7556654152000,MATCHED,7944,7556654152000,9443,9144870508000,7556654129000,23000,0.023000
7556687471000,MATCHED,7945,7556687471000,9444,9144903825000,7556687446000,25000,0.025000
7556720790000,MATCHED,7946,7556720790000,9445,9144937143000,7556720764000,26000,0.026000
7556754107000,MATCHED,7947,7556754107000,9446,9144970462000,7556754083000,24000,0.024000
7556787425000,MATCHED,7948,7556787425000,9447,9145003780000,7556787401000,24000,0.024000
7556820744000,MATCHED,7949,7556820744000,9448,9145037099000,7556820720000,24000,0.024000
7556854063000,MATCHED,7950,7556854063000,9449,9145070417000,7556854038000,25000,0.025000
7556887384000,MATCHED,7951,7556887384000,9450,9145103736000,7556887357000,27000,0.027000
7556920702000,MATCHED,7952,7556920702000,9451,9145137054000,7556920675000,27000,0.027000
7556954018000,MATCHED,7953,7556954018000,9452,9145170373000,7556953994000,24000,0.024000
7556987336000,MATCHED,7954,7556987336000,9453,9145203691000,7556987312000,24000,0.024000
7557020655000,MATCHED,7955,7557020655000,9454,9145237010000,7557020631000,24000,0.024000
7557053974000,MATCHED,7956,7557053974000,9455,9145270328000,7557053949000,25000,0.025000
7557087292000,MATCHED,7957,7557087292000,9456,9145303647000,7557087268000,24000,0.024000
7557120613000,MATCHED,7958,7557120613000,9457,9145336965000,7557120586000,27000,0.027000
7557153928000,MATCHED,7959,7557153928000,9458,9145370284000,7557153905000,23000,0.023000
7557187247000,MATCHED,7960,7557187247000,9459,9145403602000,7557187223000,24000,0.024000
7557220569000,MATCHED,7961,7557220569000,9460,9145436921000,7557220542000,27000,0.027000
7557253888000,MATCHED,7962,7557253888000,9461,9145470240000,7557253861000,27000,0.027000
7557287203000,MATCHED,7963,7557287203000,9462,9145503557000,7557287178000,25000,0.025000
7557320521000,MATCHED,7964,7557320521000,9463,9145536875000,7557320496000,25000,0.025000
7557353839000,MATCHED,7965,7557353839000,9464,9145570194000,7557353815000,24000,0.024000
7557387161000,MATCHED,7966,7557387161000,9465,9145603512000,7557387133000,28000,0.028000
7557420477000,MATCHED,7967,7557420477000,9466,9145636831000,7557420452000,25000,0.025000
7557453795000,MATCHED,7968,7557453795000,9467,9145670149000,7557453770000,25000,0.025000
7557487114000,MATCHED,7969,7557487114000,9468,9145703468000,7557487089000,25000,0.025000
7557520432000,MATCHED,7970,7557520432000,9469,9145736786000,7557520407000,25000,0.025000
7557553751000,MATCHED,7971,7557553751000,9470,9145770105000,7557553726000,25000,0.025000
7557587072000,MATCHED,7972,7557587072000,9471,9145803425000,7557587046000,26000,0.026000
7557620391000,MATCHED,7973,7557620391000,9472,9145836743000,7557620364000,27000,0.027000
7557653710000,MATCHED,7974,7557653710000,9473,9145870061000,7557653682000,28000,0.028000
7557687027000,MATCHED,7975,7557687027000,9474,9145903379000,7557687000000,27000,0.027000
7557720345000,MATCHED,7976,7557720345000,9475,9145936698000,7557720319000,26000,0.026000
7557753664000,MATCHED,7977,7557753664000,9476,9145970017000,7557753638000,26000,0.026000
7557786984000,MATCHED,7978,7557786984000,9477,9146003335000,7557786956000,28000,0.028000
7557820303000,MATCHED,7979,7557820303000,9478,9146036653000,7557820274000,29000,0.029000
7557853620000,MATCHED,7980,7557853620000,9479,9146069972000,7557853593000,27000,0.027000
7557886940000,MATCHED,7981,7557886940000,9480,9146103291000,7557886912000,28000,0.028000
7557920256000,MATCHED,7982,7557920256000,9481,9146136609000,7557920230000,26000,0.026000
7557953574000,MATCHED,7983,7557953574000,9482,9146169928000,7557953549000,25000,0.025000
7557986891000,MATCHED,7984,7557986891000,9483,9146203249000,7557986870000,21000,0.021000
7558020212000,MATCHED,7985,7558020212000,9484,9146236565000,7558020186000,26000,0.026000
7558053530000,MATCHED,7986,7558053530000,9485,9146269883000,7558053504000,26000,0.026000
7558086850000,MATCHED,7987,7558086850000,9486,9146303201000,7558086822000,28000,0.028000
7558120167000,MATCHED,7988,7558120167000,9487,9146336520000,7558120141000,26000,0.026000
7558153487000,MATCHED,7989,7558153487000,9488,9146369838000,7558153459000,28000,0.028000
7558186804000,MATCHED,7990,7558186804000,9489,9146403157000,7558186778000,26000,0.026000
7558220124000,MATCHED,7991,7558220124000,9490,9146436475000,7558220096000,28000,0.028000
7558253442000,MATCHED,7992,7558253442000,9491,9146469794000,7558253415000,27000,0.027000
7558286759000,MATCHED,7993,7558286759000,9492,9146503114000,7558286735000,24000,0.024000
7558320079000,MATCHED,7994,7558320079000,9493,9146536431000,7558320052000,27000,0.027000
7558353397000,MATCHED,7995,7558353397000,9494,9146569749000,7558353370000,27000,0.027000
7558386716000,MATCHED,7996,7558386716000,9495,9146603068000,7558386689000,27000,0.027000
7558420034000,MATCHED,7997,7558420034000,9496,9146636386000,7558420007000,27000,0.027000
7558453352000,MATCHED,7998,7558453352000,9497,9146669705000,7558453326000,26000,0.026000
7558486671000,MATCHED,7999,7558486671000,9498,9146703024000,7558486645000,26000,0.026000
7558519991000,MATCHED,8000,7558519991000,9499,9146736341000,7558519962000,29000,0.029000
7558553309000,MATCHED,8001,7558553309000,9500,9146769660000,7558553281000,28000,0.028000
7558586627000,MATCHED,8002,7558586627000,9501,9146802979000,7558586600000,27000,0.027000
7558619945000,MATCHED,8003,7558619945000,9502,9146836297000,7558619918000,27000,0.027000
7558653264000,MATCHED,8004,7558653264000,9503,9146869617000,7558653238000,26000,0.026000
7558686582000,MATCHED,8005,7558686582000,9504,9146902933000,7558686554000,28000,0.028000
7558719901000,MATCHED,8006,7558719901000,9505,9146936252000,7558719873000,28000,0.028000
7558753219000,MATCHED,8007,7558753219000,9506,9146969571000,7558753192000,27000,0.027000
7558786538000,MATCHED,8008,7558786538000,9507,9147002889000,7558786510000,28000,0.028000
7558819856000,MATCHED,8009,7558819856000,9508,9147036208000,7558819829000,27000,0.027000
7558853175000,MATCHED,8010,7558853175000,9509,9147069527000,7558853148000,27000,0.027000
7558886493000,MATCHED,8011,7558886493000,9510,9147102845000,7558886466000,27000,0.027000
7558919812000,MATCHED,8012,7558919812000,9511,9147136163000,7558919784000,28000,0.028000
7558953130000,MATCHED,8013,7558953130000,9512,9147169482000,7558953103000,27000,0.027000
7558986449000,MATCHED,8014,7558986449000,9513,9147202801000,7558986422000,27000,0.027000
7559019767000,MATCHED,8015,7559019767000,9514,9147236119000,7559019740000,27000,0.027000
7559053085000,MATCHED,8016,7559053085000,9515,9147269437000,7559053058000,27000,0.027000
7559086405000,MATCHED,8017,7559086405000,9516,9147302756000,7559086377000,28000,0.028000
7559119721000,MATCHED,8018,7559119721000,9517,9147336074000,7559119695000,26000,0.026000
7559153041000,MATCHED,8019,7559153041000,9518,9147369393000,7559153014000,27000,0.027000
7559186358000,MATCHED,8020,7559186358000,9519,9147402711000,7559186332000,26000,0.026000
7559219678000,MATCHED,8021,7559219678000,9520,9147436029000,7559219650000,28000,0.028000
7559252996000,MATCHED,8022,7559252996000,9521,9147469348000,7559252969000,27000,0.027000
7559286314000,MATCHED,8023,7559286314000,9522,9147502667000,7559286288000,26000,0.026000
7559319634000,MATCHED,8024,7559319634000,9523,9147535984000,7559319605000,29000,0.029000
7559352951000,MATCHED,8025,7559352951000,9524,9147569303000,7559352924000,27000,0.027000
7559386271000,MATCHED,8026,7559386271000,9525,9147602621000,7559386242000,29000,0.029000
7559419588000,MATCHED,8027,7559419588000,9526,9147635942000,7559419563000,25000,0.025000
7559452907000,MATCHED,8028,7559452907000,9527,9147669259000,7559452880000,27000,0.027000
7559486225000,MATCHED,8029,7559486225000,9528,9147702577000,7559486198000,27000,0.027000
7559519545000,MATCHED,8030,7559519545000,9529,9147735897000,7559519518000,27000,0.027000
7559552862000,MATCHED,8031,7559552862000,9530,9147769215000,7559552836000,26000,0.026000
7559586181000,MATCHED,8032,7559586181000,9531,9147802533000,7559586154000,27000,0.027000
7559619500000,MATCHED,8033,7559619500000,9532,9147835851000,7559619472000,28000,0.028000
7559652818000,MATCHED,8034,7559652818000,9533,9147869170000,7559652791000,27000,0.027000
7559686137000,MATCHED,8035,7559686137000,9534,9147902488000,7559686109000,28000,0.028000
7559719454000,MATCHED,8036,7559719454000,9535,9147935807000,7559719428000,26000,0.026000
7559752773000,MATCHED,8037,7559752773000,9536,9147969125000,7559752746000,27000,0.027000
7559786092000,MATCHED,8038,7559786092000,9537,9148002443000,7559786064000,28000,0.028000
7559819410000,MATCHED,8039,7559819410000,9538,9148035762000,7559819383000,27000,0.027000
7559852728000,MATCHED,8040,7559852728000,9539,9148069080000,7559852701000,27000,0.027000
7559886047000,MATCHED,8041,7559886047000,9540,9148102399000,7559886020000,27000,0.027000
7559919367000,MATCHED,8042,7559919367000,9541,9148135717000,7559919338000,29000,0.029000
7559952683000,MATCHED,8043,7559952683000,9542,9148169035000,7559952656000,27000,0.027000
7559986003000,MATCHED,8044,7559986003000,9543,9148202354000,7559985975000,28000,0.028000
7560019320000,MATCHED,8045,7560019320000,9544,9148235672000,7560019293000,27000,0.027000
7560052640000,MATCHED,8046,7560052640000,9545,9148268991000,7560052612000,28000,0.028000
7560085957000,MATCHED,8047,7560085957000,9546,9148302309000,7560085930000,27000,0.027000
7560119277000,MATCHED,8048,7560119277000,9547,9148335627000,7560119248000,29000,0.029000
7560152596000,MATCHED,8049,7560152596000,9548,9148368946000,7560152567000,29000,0.029000
7560185914000,MATCHED,8050,7560185914000,9549,9148402265000,7560185886000,28000,0.028000
7560219232000,MATCHED,8051,7560219232000,9550,9148435583000,7560219204000,28000,0.028000
7560252550000,MATCHED,8052,7560252550000,9551,9148468901000,7560252522000,28000,0.028000
7560285869000,MATCHED,8053,7560285869000,9552,9148502221000,7560285842000,27000,0.027000
7560319188000,MATCHED,8054,7560319188000,9553,9148535539000,7560319160000,28000,0.028000
7560352507000,MATCHED,8055,7560352507000,9554,9148568857000,7560352478000,29000,0.029000
7560385825000,MATCHED,8056,7560385825000,9555,9148602175000,7560385796000,29000,0.029000
7560419143000,MATCHED,8057,7560419143000,9556,9148635493000,7560419114000,29000,0.029000
7560452462000,MATCHED,8058,7560452462000,9557,9148668812000,7560452433000,29000,0.029000
7560485780000,MATCHED,8059,7560485780000,9558,9148702131000,7560485752000,28000,0.028000
7560519099000,MATCHED,8060,7560519099000,9559,9148735449000,7560519070000,29000,0.029000
7560552416000,MATCHED,8061,7560552416000,9560,9148768768000,7560552389000,27000,0.027000
7560585738000,MATCHED,8062,7560585738000,9561,9148802086000,7560585707000,31000,0.031000
7560619055000,MATCHED,8063,7560619055000,9562,9148835405000,7560619026000,29000,0.029000
7560652372000,MATCHED,8064,7560652372000,9563,9148868723000,7560652344000,28000,0.028000
7560685690000,MATCHED,8065,7560685690000,9564,9148902041000,7560685662000,28000,0.028000
7560719009000,MATCHED,8066,7560719009000,9565,9148935360000,7560718981000,28000,0.028000
7560752326000,MATCHED,8067,7560752326000,9566,9148968679000,7560752300000,26000,0.026000
7560785645000,MATCHED,8068,7560785645000,9567,9149001997000,7560785618000,27000,0.027000
7560818965000,MATCHED,8069,7560818965000,9568,9149035315000,7560818936000,29000,0.029000
7560852282000,MATCHED,8070,7560852282000,9569,9149068634000,7560852255000,27000,0.027000
7560885602000,MATCHED,8071,7560885602000,9570,9149101952000,7560885573000,29000,0.029000
7560918920000,MATCHED,8072,7560918920000,9571,9149135271000,7560918892000,28000,0.028000
7560952239000,MATCHED,8073,7560952239000,9572,9149168590000,7560952211000,28000,0.028000
7560985558000,MATCHED,8074,7560985558000,9573,9149201908000,7560985529000,29000,0.029000
7561018876000,MATCHED,8075,7561018876000,9574,9149235227000,7561018848000,28000,0.028000
7561052194000,MATCHED,8076,7561052194000,9575,9149268545000,7561052166000,28000,0.028000
7561085512000,MATCHED,8077,7561085512000,9576,9149301864000,7561085485000,27000,0.027000
7561118831000,MATCHED,8078,7561118831000,9577,9149335182000,7561118803000,28000,0.028000
7561152150000,MATCHED,8079,7561152150000,9578,9149368500000,7561152121000,29000,0.029000
7561185467000,MATCHED,8080,7561185467000,9579,9149401819000,7561185440000,27000,0.027000
7561218787000,MATCHED,8081,7561218787000,9580,9149435137000,7561218758000,29000,0.029000
7561252105000,MATCHED,8082,7561252105000,9581,9149468456000,7561252077000,28000,0.028000
7561285422000,MATCHED,8083,7561285422000,9582,9149501774000,7561285395000,27000,0.027000
7561318742000,MATCHED,8084,7561318742000,9583,9149535092000,7561318713000,29000,0.029000
7561352060000,MATCHED,8085,7561352060000,9584,9149568412000,7561352033000,27000,0.027000
7561385379000,MATCHED,8086,7561385379000,9585,9149601730000,7561385351000,28000,0.028000
7561418697000,MATCHED,8087,7561418697000,9586,9149635048000,7561418669000,28000,0.028000
7561452019000,MATCHED,8088,7561452019000,9587,9149668366000,7561451987000,32000,0.032000
7561485335000,MATCHED,8089,7561485335000,9588,9149701685000,7561485306000,29000,0.029000
7561518652000,MATCHED,8090,7561518652000,9589,9149735004000,7561518625000,27000,0.027000
7561551971000,MATCHED,8091,7561551971000,9590,9149768322000,7561551943000,28000,0.028000
7561585292000,MATCHED,8092,7561585292000,9591,9149801640000,7561585261000,31000,0.031000
7561618609000,MATCHED,8093,7561618609000,9592,9149834959000,7561618580000,29000,0.029000
7561651927000,MATCHED,8094,7561651927000,9593,9149868277000,7561651898000,29000,0.029000
7561685245000,MATCHED,8095,7561685245000,9594,9149901596000,7561685217000,28000,0.028000
7561718564000,MATCHED,8096,7561718564000,9595,9149934914000,7561718535000,29000,0.029000
7561751883000,MATCHED,8097,7561751883000,9596,9149968233000,7561751854000,29000,0.029000
7561785201000,MATCHED,8098,7561785201000,9597,9150001552000,7561785173000,28000,0.028000
7561818519000,MATCHED,8099,7561818519000,9598,9150034869000,7561818490000,29000,0.029000
7561851838000,MATCHED,8100,7561851838000,9599,9150068188000,7561851809000,29000,0.029000
7561885157000,MATCHED,8101,7561885157000,9600,9150101507000,7561885128000,29000,0.029000
7561918472000,MATCHED,8102,7561918472000,9601,9150134825000,7561918446000,26000,0.026000
7561951794000,MATCHED,8103,7561951794000,9602,9150168143000,7561951764000,30000,0.030000
7561985111000,MATCHED,8104,7561985111000,9603,9150201463000,7561985084000,27000,0.027000
7562018430000,MATCHED,8105,7562018430000,9604,9150234781000,7562018402000,28000,0.028000
7562051747000,MATCHED,8106,7562051747000,9605,9150268100000,7562051721000,26000,0.026000
7562085066000,MATCHED,8107,7562085066000,9606,9150301418000,7562085039000,27000,0.027000
7562118385000,MATCHED,8108,7562118385000,9607,9150334736000,7562118357000,28000,0.028000
7562151704000,MATCHED,8109,7562151704000,9608,9150368055000,7562151676000,28000,0.028000
7562185022000,MATCHED,8110,7562185022000,9609,9150401374000,7562184995000,27000,0.027000
7562218341000,MATCHED,8111,7562218341000,9610,9150434692000,7562218313000,28000,0.028000
7562251662000,MATCHED,8112,7562251662000,9611,9150468011000,7562251632000,30000,0.030000
7562284978000,MATCHED,8113,7562284978000,9612,9150501329000,7562284950000,28000,0.028000
7562318296000,MATCHED,8114,7562318296000,9613,9150534647000,7562318268000,28000,0.028000
7562351613000,MATCHED,8115,7562351613000,9614,9150567967000,7562351588000,25000,0.025000
7562384932000,MATCHED,8116,7562384932000,9615,9150601284000,7562384905000,27000,0.027000
7562418250000,MATCHED,8117,7562418250000,9616,9150634602000,7562418223000,27000,0.027000
7562451569000,MATCHED,8118,7562451569000,9617,9150667920000,7562451541000,28000,0.028000
7562484888000,MATCHED,8119,7562484888000,9618,9150701238000,7562484859000,29000,0.029000
7562518207000,MATCHED,8120,7562518207000,9619,9150734557000,7562518178000,29000,0.029000
7562551527000,MATCHED,8121,7562551527000,9620,9150767875000,7562551496000,31000,0.031000
7562584843000,MATCHED,8122,7562584843000,9621,9150801194000,7562584815000,28000,0.028000
7562618162000,MATCHED,8123,7562618162000,9622,9150834513000,7562618134000,28000,0.028000
7562651481000,MATCHED,8124,7562651481000,9623,9150867831000,7562651452000,29000,0.029000
7562684801000,MATCHED,8125,7562684801000,9624,9150901149000,7562684770000,31000,0.031000
7562718119000,MATCHED,8126,7562718119000,9625,9150934467000,7562718088000,31000,0.031000
7562751435000,MATCHED,8127,7562751435000,9626,9150967787000,7562751408000,27000,0.027000
7562784755000,MATCHED,8128,7562784755000,9627,9151001105000,7562784726000,29000,0.029000
7562818073000,MATCHED,8129,7562818073000,9628,9151034423000,7562818044000,29000,0.029000
7562851389000,MATCHED,8130,7562851389000,9629,9151067742000,7562851363000,26000,0.026000
7562884708000,MATCHED,8131,7562884708000,9630,9151101060000,7562884681000,27000,0.027000
7562918029000,MATCHED,8132,7562918029000,9631,9151134379000,7562918000000,29000,0.029000
7562951347000,MATCHED,8133,7562951347000,9632,9151167697000,7562951318000,29000,0.029000
7562984665000,MATCHED,8134,7562984665000,9633,9151201016000,7562984637000,28000,0.028000
7563017984000,MATCHED,8135,7563017984000,9634,9151234335000,7563017956000,28000,0.028000
7563051302000,MATCHED,8136,7563051302000,9635,9151267654000,7563051275000,27000,0.027000
7563084620000,MATCHED,8137,7563084620000,9636,9151300973000,7563084594000,26000,0.026000
7563117939000,MATCHED,8138,7563117939000,9637,9151334291000,7563117912000,27000,0.027000
7563151258000,MATCHED,8139,7563151258000,9638,9151367610000,7563151231000,27000,0.027000
7563184576000,MATCHED,8140,7563184576000,9639,9151400929000,7563184550000,26000,0.026000
7563217894000,MATCHED,8141,7563217894000,9640,9151434247000,7563217868000,26000,0.026000
7563251213000,MATCHED,8142,7563251213000,9641,9151467565000,7563251186000,27000,0.027000
7563284532000,MATCHED,8143,7563284532000,9642,9151500884000,7563284505000,27000,0.027000
7563317850000,MATCHED,8144,7563317850000,9643,9151534201000,7563317822000,28000,0.028000
7563351169000,MATCHED,8145,7563351169000,9644,9151567520000,7563351141000,28000,0.028000
7563384487000,MATCHED,8146,7563384487000,9645,9151600838000,7563384459000,28000,0.028000
7563417806000,MATCHED,8147,7563417806000,9646,9151634157000,7563417778000,28000,0.028000
7563451124000,MATCHED,8148,7563451124000,9647,9151667475000,7563451096000,28000,0.028000
7563484441000,MATCHED,8149,7563484441000,9648,9151700794000,7563484415000,26000,0.026000
7563517765000,MATCHED,8150,7563517765000,9649,9151734112000,7563517733000,32000,0.032000
7563551078000,MATCHED,8151,7563551078000,9650,9151767430000,7563551051000,27000,0.027000
7563584395000,MATCHED,8152,7563584395000,9651,9151800750000,7563584371000,24000,0.024000
7563617713000,MATCHED,8153,7563617713000,9652,9151834068000,7563617689000,24000,0.024000
7563651033000,MATCHED,8154,7563651033000,9653,9151867386000,7563651007000,26000,0.026000
7563684350000,MATCHED,8155,7563684350000,9654,9151900704000,7563684325000,25000,0.025000
7563717669000,MATCHED,8156,7563717669000,9655,9151934023000,7563717644000,25000,0.025000
7563750989000,MATCHED,8157,7563750989000,9656,9151967343000,7563750964000,25000,0.025000
7563784309000,MATCHED,8158,7563784309000,9657,9152000658000,7563784279000,30000,0.030000
7563817626000,MATCHED,8159,7563817626000,9658,9152033979000,7563817600000,26000,0.026000
7563850943000,MATCHED,8160,7563850943000,9659,9152067297000,7563850918000,25000,0.025000
7563884261000,MATCHED,8161,7563884261000,9660,9152100615000,7563884236000,25000,0.025000
7563917580000,MATCHED,8162,7563917580000,9661,9152133934000,7563917555000,25000,0.025000
7563950900000,MATCHED,8163,7563950900000,9662,9152167251000,7563950872000,28000,0.028000
7563984217000,MATCHED,8164,7563984217000,9663,9152200572000,7563984193000,24000,0.024000
7564017537000,MATCHED,8165,7564017537000,9664,9152233889000,7564017510000,27000,0.027000
7564050854000,MATCHED,8166,7564050854000,9665,9152267208000,7564050829000,25000,0.025000
7564084172000,MATCHED,8167,7564084172000,9666,9152300526000,7564084147000,25000,0.025000
7564117493000,MATCHED,8168,7564117493000,9667,9152333845000,7564117466000,27000,0.027000
7564150809000,MATCHED,8169,7564150809000,9668,9152367163000,7564150784000,25000,0.025000
7564184127000,MATCHED,8170,7564184127000,9669,9152400482000,7564184103000,24000,0.024000
7564217448000,MATCHED,8171,7564217448000,9670,9152433800000,7564217421000,27000,0.027000
7564250767000,MATCHED,8172,7564250767000,9671,9152467119000,7564250740000,27000,0.027000
7564284083000,MATCHED,8173,7564284083000,9672,9152500437000,7564284058000,25000,0.025000
7564317404000,MATCHED,8174,7564317404000,9673,9152533755000,7564317376000,28000,0.028000
7564350725000,MATCHED,8175,7564350725000,9674,9152567074000,7564350695000,30000,0.030000
7564384040000,MATCHED,8176,7564384040000,9675,9152600393000,7564384014000,26000,0.026000
7564417359000,MATCHED,8177,7564417359000,9676,9152633711000,7564417332000,27000,0.027000
7564450678000,MATCHED,8178,7564450678000,9677,9152667029000,7564450650000,28000,0.028000
7564483996000,MATCHED,8179,7564483996000,9678,9152700349000,7564483970000,26000,0.026000
7564517316000,MATCHED,8180,7564517316000,9679,9152733667000,7564517288000,28000,0.028000
7564550633000,MATCHED,8181,7564550633000,9680,9152766985000,7564550606000,27000,0.027000
7564583953000,MATCHED,8182,7564583953000,9681,9152800303000,7564583924000,29000,0.029000
7564617271000,MATCHED,8183,7564617271000,9682,9152833623000,7564617244000,27000,0.027000
7564650589000,MATCHED,8184,7564650589000,9683,9152866941000,7564650562000,27000,0.027000
7564683906000,MATCHED,8185,7564683906000,9684,9152900259000,7564683880000,26000,0.026000
7564717225000,MATCHED,8186,7564717225000,9685,9152933577000,7564717198000,27000,0.027000
7564750543000,MATCHED,8187,7564750543000,9686,9152966896000,7564750517000,26000,0.026000
7564783863000,MATCHED,8188,7564783863000,9687,9153000214000,7564783835000,28000,0.028000
7564817181000,MATCHED,8189,7564817181000,9688,9153033533000,7564817154000,27000,0.027000
7564850498000,MATCHED,8190,7564850498000,9689,9153066851000,7564850472000,26000,0.026000
7564883819000,MATCHED,8191,7564883819000,9690,9153100170000,7564883791000,28000,0.028000
7564917136000,MATCHED,8192,7564917136000,9691,9153133488000,7564917109000,27000,0.027000
7564950454000,MATCHED,8193,7564950454000,9692,9153166807000,7564950428000,26000,0.026000
7564983774000,MATCHED,8194,7564983774000,9693,9153200126000,7564983747000,27000,0.027000
7565017092000,MATCHED,8195,7565017092000,9694,9153233444000,7565017065000,27000,0.027000
7565050410000,MATCHED,8196,7565050410000,9695,9153266762000,7565050383000,27000,0.027000
7565083730000,MATCHED,8197,7565083730000,9696,9153300081000,7565083702000,28000,0.028000
7565117047000,MATCHED,8198,7565117047000,9697,9153333399000,7565117020000,27000,0.027000
7565150364000,MATCHED,8199,7565150364000,9698,9153366717000,7565150338000,26000,0.026000
7565183683000,MATCHED,8200,7565183683000,9699,9153400036000,7565183657000,26000,0.026000
7565217003000,MATCHED,8201,7565217003000,9700,9153433354000,7565216975000,28000,0.028000
7565250323000,MATCHED,8202,7565250323000,9701,9153466674000,7565250295000,28000,0.028000
7565283640000,MATCHED,8203,7565283640000,9702,9153499992000,7565283613000,27000,0.027000
7565316958000,MATCHED,8204,7565316958000,9703,9153533310000,7565316931000,27000,0.027000
7565350276000,MATCHED,8205,7565350276000,9704,9153566628000,7565350249000,27000,0.027000
7565383597000,MATCHED,8206,7565383597000,9705,9153599946000,7565383567000,30000,0.030000
7565416914000,MATCHED,8207,7565416914000,9706,9153633266000,7565416887000,27000,0.027000
7565450233000,MATCHED,8208,7565450233000,9707,9153666584000,7565450205000,28000,0.028000
7565483551000,MATCHED,8209,7565483551000,9708,9153699902000,7565483523000,28000,0.028000
7565516869000,MATCHED,8210,7565516869000,9709,9153733221000,7565516842000,27000,0.027000
7565550188000,MATCHED,8211,7565550188000,9710,9153766539000,7565550160000,28000,0.028000
7565583506000,MATCHED,8212,7565583506000,9711,9153799858000,7565583479000,27000,0.027000
7565616826000,MATCHED,8213,7565616826000,9712,9153833178000,7565616799000,27000,0.027000
7565650145000,MATCHED,8214,7565650145000,9713,9153866494000,7565650115000,30000,0.030000
7565683461000,MATCHED,8215,7565683461000,9714,9153899813000,7565683434000,27000,0.027000
7565716780000,MATCHED,8216,7565716780000,9715,9153933132000,7565716753000,27000,0.027000
7565750099000,MATCHED,8217,7565750099000,9716,9153966450000,7565750071000,28000,0.028000
7565783417000,MATCHED,8218,7565783417000,9717,9153999768000,7565783389000,28000,0.028000
7565816737000,MATCHED,8219,7565816737000,9718,9154033087000,7565816708000,29000,0.029000
7565850055000,MATCHED,8220,7565850055000,9719,9154066406000,7565850027000,28000,0.028000
7565883374000,MATCHED,8221,7565883374000,9720,9154099724000,7565883345000,29000,0.029000
7565916691000,MATCHED,8222,7565916691000,9721,9154133042000,7565916663000,28000,0.028000
7565950013000,MATCHED,8223,7565950013000,9722,9154166360000,7565949981000,32000,0.032000
7565983327000,MATCHED,8224,7565983327000,9723,9154199680000,7565983301000,26000,0.026000
7566016647000,MATCHED,8225,7566016647000,9724,9154232999000,7566016620000,27000,0.027000
7566049965000,MATCHED,8226,7566049965000,9725,9154266318000,7566049939000,26000,0.026000
7566083284000,MATCHED,8227,7566083284000,9726,9154299635000,7566083256000,28000,0.028000
7566116604000,MATCHED,8228,7566116604000,9727,9154332954000,7566116575000,29000,0.029000
7566149924000,MATCHED,8229,7566149924000,9728,9154366272000,7566149893000,31000,0.031000
7566183239000,MATCHED,8230,7566183239000,9729,9154399591000,7566183212000,27000,0.027000
7566216558000,MATCHED,8231,7566216558000,9730,9154432909000,7566216530000,28000,0.028000
7566249877000,MATCHED,8232,7566249877000,9731,9154466228000,7566249849000,28000,0.028000
7566283195000,MATCHED,8233,7566283195000,9732,9154499547000,7566283168000,27000,0.027000
7566316513000,MATCHED,8234,7566316513000,9733,9154532865000,7566316486000,27000,0.027000
7566349831000,MATCHED,8235,7566349831000,9734,9154566184000,7566349805000,26000,0.026000
7566383150000,MATCHED,8236,7566383150000,9735,9154599502000,7566383123000,27000,0.027000
7566416468000,MATCHED,8237,7566416468000,9736,9154632821000,7566416442000,26000,0.026000
7566449787000,MATCHED,8238,7566449787000,9737,9154666139000,7566449760000,27000,0.027000
7566483105000,MATCHED,8239,7566483105000,9738,9154699458000,7566483079000,26000,0.026000
7566516424000,MATCHED,8240,7566516424000,9739,9154732776000,7566516397000,27000,0.027000
7566549743000,MATCHED,8241,7566549743000,9740,9154766095000,7566549716000,27000,0.027000
7566583062000,MATCHED,8242,7566583062000,9741,9154799414000,7566583035000,27000,0.027000
7566616380000,MATCHED,8243,7566616380000,9742,9154832733000,7566616354000,26000,0.026000
7566649697000,MATCHED,8244,7566649697000,9743,9154866057000,7566649678000,19000,0.019000
7566683015000,MATCHED,8245,7566683015000,9744,9154899369000,7566682990000,25000,0.025000
7566716334000,MATCHED,8246,7566716334000,9745,9154932687000,7566716308000,26000,0.026000
7566749651000,MATCHED,8247,7566749651000,9746,9154966005000,7566749626000,25000,0.025000
7566782970000,MATCHED,8248,7566782970000,9747,9154999324000,7566782945000,25000,0.025000
7566816288000,MATCHED,8249,7566816288000,9748,9155032642000,7566816263000,25000,0.025000
7566849607000,MATCHED,8250,7566849607000,9749,9155065960000,7566849581000,26000,0.026000
7566882925000,MATCHED,8251,7566882925000,9750,9155099279000,7566882900000,25000,0.025000
7566916246000,MATCHED,8252,7566916246000,9751,9155132597000,7566916218000,28000,0.028000
7566949561000,MATCHED,8253,7566949561000,9752,9155165916000,7566949537000,24000,0.024000
7566982879000,MATCHED,8254,7566982879000,9753,9155199235000,7566982856000,23000,0.023000
7567016198000,MATCHED,8255,7567016198000,9754,9155232553000,7567016174000,24000,0.024000
7567049517000,MATCHED,8256,7567049517000,9755,9155265871000,7567049492000,25000,0.025000
7567082835000,MATCHED,8257,7567082835000,9756,9155299190000,7567082811000,24000,0.024000
7567116158000,MATCHED,8258,7567116158000,9757,9155332507000,7567116128000,30000,0.030000
7567149475000,MATCHED,8259,7567149475000,9758,9155365826000,7567149447000,28000,0.028000
7567182793000,MATCHED,8260,7567182793000,9759,9155399144000,7567182765000,28000,0.028000
7567216111000,MATCHED,8261,7567216111000,9760,9155432463000,7567216084000,27000,0.027000
7567249430000,MATCHED,8262,7567249430000,9761,9155465782000,7567249403000,27000,0.027000
7567282748000,MATCHED,8263,7567282748000,9762,9155499101000,7567282722000,26000,0.026000
7567316067000,MATCHED,8264,7567316067000,9763,9155532419000,7567316040000,27000,0.027000
7567349384000,MATCHED,8265,7567349384000,9764,9155565737000,7567349358000,26000,0.026000
7567382704000,MATCHED,8266,7567382704000,9765,9155599059000,7567382680000,24000,0.024000
7567416023000,MATCHED,8267,7567416023000,9766,9155632375000,7567415996000,27000,0.027000
7567449340000,MATCHED,8268,7567449340000,9767,9155665693000,7567449314000,26000,0.026000
7567482659000,MATCHED,8269,7567482659000,9768,9155699012000,7567482633000,26000,0.026000
7567515978000,MATCHED,8270,7567515978000,9769,9155732331000,7567515952000,26000,0.026000
7567549296000,MATCHED,8271,7567549296000,9770,9155765649000,7567549270000,26000,0.026000
7567582615000,MATCHED,8272,7567582615000,9771,9155798967000,7567582588000,27000,0.027000
7567615933000,MATCHED,8273,7567615933000,9772,9155832286000,7567615907000,26000,0.026000
7567649249000,MATCHED,8274,7567649249000,9773,9155865604000,7567649225000,24000,0.024000
7567682569000,MATCHED,8275,7567682569000,9774,9155898923000,7567682544000,25000,0.025000
7567715886000,MATCHED,8276,7567715886000,9775,9155932240000,7567715861000,25000,0.025000
7567749204000,MATCHED,8277,7567749204000,9776,9155965559000,7567749180000,24000,0.024000
7567782523000,MATCHED,8278,7567782523000,9777,9155998878000,7567782499000,24000,0.024000
7567815844000,MATCHED,8279,7567815844000,9778,9156032196000,7567815817000,27000,0.027000
7567849162000,MATCHED,8280,7567849162000,9779,9156065515000,7567849136000,26000,0.026000
7567882480000,MATCHED,8281,7567882480000,9780,9156098832000,7567882453000,27000,0.027000
7567915799000,MATCHED,8282,7567915799000,9781,9156132151000,7567915772000,27000,0.027000
7567949115000,MATCHED,8283,7567949115000,9782,9156165468000,7567949089000,26000,0.026000
7567982433000,MATCHED,8284,7567982433000,9783,9156198789000,7567982410000,23000,0.023000
7568015753000,MATCHED,8285,7568015753000,9784,9156232107000,7568015728000,25000,0.025000
7568049070000,MATCHED,8286,7568049070000,9785,9156265424000,7568049045000,25000,0.025000
7568082391000,MATCHED,8287,7568082391000,9786,9156298744000,7568082365000,26000,0.026000
7568115712000,MATCHED,8288,7568115712000,9787,9156332062000,7568115683000,29000,0.029000
7568149026000,MATCHED,8289,7568149026000,9788,9156365380000,7568149001000,25000,0.025000
7568182344000,MATCHED,8290,7568182344000,9789,9156398699000,7568182320000,24000,0.024000
7568215666000,MATCHED,8291,7568215666000,9790,9156432025000,7568215646000,20000,0.020000
7568248983000,MATCHED,8292,7568248983000,9791,9156465336000,7568248957000,26000,0.026000
7568282303000,MATCHED,8293,7568282303000,9792,9156498653000,7568282274000,29000,0.029000
7568315621000,MATCHED,8294,7568315621000,9793,9156531974000,7568315595000,26000,0.026000
7568348937000,MATCHED,8295,7568348937000,9794,9156565291000,7568348912000,25000,0.025000
7568382255000,MATCHED,8296,7568382255000,9795,9156598608000,7568382229000,26000,0.026000
7568415576000,MATCHED,8297,7568415576000,9796,9156631930000,7568415551000,25000,0.025000
7568448895000,MATCHED,8298,7568448895000,9797,9156665248000,7568448869000,26000,0.026000
7568482212000,MATCHED,8299,7568482212000,9798,9156698564000,7568482185000,27000,0.027000
7568515531000,MATCHED,8300,7568515531000,9799,9156731884000,7568515505000,26000,0.026000
7568548851000,MATCHED,8301,7568548851000,9800,9156765202000,7568548823000,28000,0.028000
7568582170000,MATCHED,8302,7568582170000,9801,9156798520000,7568582141000,29000,0.029000
7568615488000,MATCHED,8303,7568615488000,9802,9156831842000,7568615463000,25000,0.025000
7568648806000,MATCHED,8304,7568648806000,9803,9156865159000,7568648780000,26000,0.026000
7568682125000,MATCHED,8305,7568682125000,9804,9156898476000,7568682097000,28000,0.028000
7568715441000,MATCHED,8306,7568715441000,9805,9156931796000,7568715417000,24000,0.024000
7568748759000,MATCHED,8307,7568748759000,9806,9156965114000,7568748735000,24000,0.024000
7568782078000,MATCHED,8308,7568782078000,9807,9156998433000,7568782054000,24000,0.024000
7568815396000,MATCHED,8309,7568815396000,9808,9157031751000,7568815372000,24000,0.024000
7568848714000,MATCHED,8310,7568848714000,9809,9157065070000,7568848691000,23000,0.023000
7568882033000,MATCHED,8311,7568882033000,9810,9157098388000,7568882009000,24000,0.024000
7568915354000,MATCHED,8312,7568915354000,9811,9157131709000,7568915330000,24000,0.024000
7568948672000,MATCHED,8313,7568948672000,9812,9157165024000,7568948645000,27000,0.027000
7568981990000,MATCHED,8314,7568981990000,9813,9157198343000,7568981964000,26000,0.026000
7569015309000,MATCHED,8315,7569015309000,9814,9157231662000,7569015283000,26000,0.026000
7569048628000,MATCHED,8316,7569048628000,9815,9157264981000,7569048602000,26000,0.026000
7569081946000,MATCHED,8317,7569081946000,9816,9157298300000,7569081921000,25000,0.025000
7569115264000,MATCHED,8318,7569115264000,9817,9157331616000,7569115237000,27000,0.027000
7569148583000,MATCHED,8319,7569148583000,9818,9157364936000,7569148557000,26000,0.026000
7569181907000,MATCHED,8320,7569181907000,9819,9157398255000,7569181876000,31000,0.031000
7569215223000,MATCHED,8321,7569215223000,9820,9157431572000,7569215193000,30000,0.030000
7569248538000,MATCHED,8322,7569248538000,9821,9157464891000,7569248512000,26000,0.026000
7569281856000,MATCHED,8323,7569281856000,9822,9157498209000,7569281830000,26000,0.026000
7569315176000,MATCHED,8324,7569315176000,9823,9157531527000,7569315148000,28000,0.028000
7569348494000,MATCHED,8325,7569348494000,9824,9157564846000,7569348467000,27000,0.027000
7569381812000,MATCHED,8326,7569381812000,9825,9157598164000,7569381785000,27000,0.027000
7569415132000,MATCHED,8327,7569415132000,9826,9157631483000,7569415104000,28000,0.028000
7569448451000,MATCHED,8328,7569448451000,9827,9157664801000,7569448422000,29000,0.029000
7569481768000,MATCHED,8329,7569481768000,9828,9157698120000,7569481741000,27000,0.027000
7569515086000,MATCHED,8330,7569515086000,9829,9157731439000,7569515060000,26000,0.026000
7569548405000,MATCHED,8331,7569548405000,9830,9157764757000,7569548378000,27000,0.027000
7569581725000,MATCHED,8332,7569581725000,9831,9157798076000,7569581697000,28000,0.028000
7569615042000,MATCHED,8333,7569615042000,9832,9157831393000,7569615014000,28000,0.028000
7569648360000,MATCHED,8334,7569648360000,9833,9157864712000,7569648333000,27000,0.027000
7569681679000,MATCHED,8335,7569681679000,9834,9157898032000,7569681653000,26000,0.026000
7569714996000,MATCHED,8336,7569714996000,9835,9157931351000,7569714972000,24000,0.024000
7569748315000,MATCHED,8337,7569748315000,9836,9157964668000,7569748289000,26000,0.026000
7569781634000,MATCHED,8338,7569781634000,9837,9157997987000,7569781608000,26000,0.026000
7569814952000,MATCHED,8339,7569814952000,9838,9158031306000,7569814927000,25000,0.025000
7569848270000,MATCHED,8340,7569848270000,9839,9158064623000,7569848244000,26000,0.026000
7569881590000,MATCHED,8341,7569881590000,9840,9158097942000,7569881563000,27000,0.027000
7569914908000,MATCHED,8342,7569914908000,9841,9158131262000,7569914883000,25000,0.025000
7569948227000,MATCHED,8343,7569948227000,9842,9158164578000,7569948199000,28000,0.028000
7569981545000,MATCHED,8344,7569981545000,9843,9158197900000,7569981521000,24000,0.024000
7570014861000,MATCHED,8345,7570014861000,9844,9158231216000,7570014837000,24000,0.024000
7570048179000,MATCHED,8346,7570048179000,9845,9158264534000,7570048155000,24000,0.024000
7570081497000,MATCHED,8347,7570081497000,9846,9158297853000,7570081474000,23000,0.023000
7570114818000,MATCHED,8348,7570114818000,9847,9158331172000,7570114793000,25000,0.025000
7570148136000,MATCHED,8349,7570148136000,9848,9158364490000,7570148111000,25000,0.025000
7570181456000,MATCHED,8350,7570181456000,9849,9158397808000,7570181429000,27000,0.027000
7570214776000,MATCHED,8351,7570214776000,9850,9158431126000,7570214747000,29000,0.029000
7570248095000,MATCHED,8352,7570248095000,9851,9158464445000,7570248066000,29000,0.029000
7570281410000,MATCHED,8353,7570281410000,9852,9158497764000,7570281385000,25000,0.025000
7570314729000,MATCHED,8354,7570314729000,9853,9158531082000,7570314703000,26000,0.026000
7570348049000,MATCHED,8355,7570348049000,9854,9158564401000,7570348022000,27000,0.027000
7570381367000,MATCHED,8356,7570381367000,9855,9158597719000,7570381340000,27000,0.027000
7570414686000,MATCHED,8357,7570414686000,9856,9158631038000,7570414659000,27000,0.027000
7570448004000,MATCHED,8358,7570448004000,9857,9158664356000,7570447977000,27000,0.027000
7570481323000,MATCHED,8359,7570481323000,9858,9158697675000,7570481296000,27000,0.027000
7570514643000,MATCHED,8360,7570514643000,9859,9158730993000,7570514614000,29000,0.029000
7570547961000,MATCHED,8361,7570547961000,9860,9158764312000,7570547933000,28000,0.028000
7570581278000,MATCHED,8362,7570581278000,9861,9158797630000,7570581251000,27000,0.027000
7570614598000,MATCHED,8363,7570614598000,9862,9158830949000,7570614570000,28000,0.028000
7570647916000,MATCHED,8364,7570647916000,9863,9158864267000,7570647888000,28000,0.028000
7570681234000,MATCHED,8365,7570681234000,9864,9158897586000,7570681207000,27000,0.027000
7570714554000,MATCHED,8366,7570714554000,9865,9158930904000,7570714525000,29000,0.029000
7570747875000,MATCHED,8367,7570747875000,9866,9158964222000,7570747843000,32000,0.032000
7570781190000,MATCHED,8368,7570781190000,9867,9158997542000,7570781163000,27000,0.027000
7570814507000,MATCHED,8369,7570814507000,9868,9159030860000,7570814481000,26000,0.026000
7570847825000,MATCHED,8370,7570847825000,9869,9159064178000,7570847799000,26000,0.026000
7570881144000,MATCHED,8371,7570881144000,9870,9159097497000,7570881118000,26000,0.026000
7570914464000,MATCHED,8372,7570914464000,9871,9159130816000,7570914437000,27000,0.027000
7570947783000,MATCHED,8373,7570947783000,9872,9159164137000,7570947758000,25000,0.025000
7570981100000,MATCHED,8374,7570981100000,9873,9159197453000,7570981074000,26000,0.026000
7571014419000,MATCHED,8375,7571014419000,9874,9159230774000,7571014395000,24000,0.024000
7571047738000,MATCHED,8376,7571047738000,9875,9159264088000,7571047709000,29000,0.029000
7571081055000,MATCHED,8377,7571081055000,9876,9159297408000,7571081029000,26000,0.026000
7571114373000,MATCHED,8378,7571114373000,9877,9159330725000,7571114346000,27000,0.027000
7571147692000,MATCHED,8379,7571147692000,9878,9159364044000,7571147665000,27000,0.027000
7571181010000,MATCHED,8380,7571181010000,9879,9159397362000,7571180983000,27000,0.027000
7571214330000,MATCHED,8381,7571214330000,9880,9159430682000,7571214303000,27000,0.027000
7571247648000,MATCHED,8382,7571247648000,9881,9159463999000,7571247620000,28000,0.028000
7571280966000,MATCHED,8383,7571280966000,9882,9159497318000,7571280939000,27000,0.027000
7571314283000,MATCHED,8384,7571314283000,9883,9159530637000,7571314258000,25000,0.025000
7571347602000,MATCHED,8385,7571347602000,9884,9159563955000,7571347576000,26000,0.026000
7571380920000,MATCHED,8386,7571380920000,9885,9159597273000,7571380894000,26000,0.026000
7571414236000,MATCHED,8387,7571414236000,9886,9159630592000,7571414213000,23000,0.023000
7571447558000,MATCHED,8388,7571447558000,9887,9159663910000,7571447531000,27000,0.027000
7571480875000,MATCHED,8389,7571480875000,9888,9159697230000,7571480851000,24000,0.024000
7571514195000,MATCHED,8390,7571514195000,9889,9159730548000,7571514169000,26000,0.026000
7571547512000,MATCHED,8391,7571547512000,9890,9159763866000,7571547487000,25000,0.025000
7571580833000,MATCHED,8392,7571580833000,9891,9159797185000,7571580806000,27000,0.027000
7571614151000,MATCHED,8393,7571614151000,9892,9159830503000,7571614124000,27000,0.027000
7571647469000,MATCHED,8394,7571647469000,9893,9159863822000,7571647443000,26000,0.026000
7571680787000,MATCHED,8395,7571680787000,9894,9159897140000,7571680761000,26000,0.026000
7571714107000,MATCHED,8396,7571714107000,9895,9159930458000,7571714079000,28000,0.028000
7571747428000,MATCHED,8397,7571747428000,9896,9159963778000,7571747399000,29000,0.029000
7571780743000,MATCHED,8398,7571780743000,9897,9159997096000,7571780717000,26000,0.026000
7571814061000,MATCHED,8399,7571814061000,9898,9160030415000,7571814036000,25000,0.025000
7571847379000,MATCHED,8400,7571847379000,9899,9160063733000,7571847354000,25000,0.025000
7571880701000,MATCHED,8401,7571880701000,9900,9160097051000,7571880672000,29000,0.029000
7571914015000,MATCHED,8402,7571914015000,9901,9160130369000,7571913990000,25000,0.025000
7571947337000,MATCHED,8403,7571947337000,9902,9160163687000,7571947308000,29000,0.029000
7571980651000,MATCHED,8404,7571980651000,9903,9160197006000,7571980627000,24000,0.024000
7572013970000,MATCHED,8405,7572013970000,9904,9160230326000,7572013947000,23000,0.023000
7572047288000,MATCHED,8406,7572047288000,9905,9160263643000,7572047264000,24000,0.024000
7572080606000,MATCHED,8407,7572080606000,9906,9160296961000,7572080582000,24000,0.024000
7572113925000,MATCHED,8408,7572113925000,9907,9160330280000,7572113901000,24000,0.024000
7572147247000,MATCHED,8409,7572147247000,9908,9160363598000,7572147219000,28000,0.028000
7572180565000,MATCHED,8410,7572180565000,9909,9160396918000,7572180539000,26000,0.026000
7572213884000,MATCHED,8411,7572213884000,9910,9160430236000,7572213857000,27000,0.027000
7572247202000,MATCHED,8412,7572247202000,9911,9160463554000,7572247175000,27000,0.027000
7572280521000,MATCHED,8413,7572280521000,9912,9160496873000,7572280494000,27000,0.027000
7572313840000,MATCHED,8414,7572313840000,9913,9160530191000,7572313812000,28000,0.028000
7572347156000,MATCHED,8415,7572347156000,9914,9160563510000,7572347131000,25000,0.025000
7572380474000,MATCHED,8416,7572380474000,9915,9160596828000,7572380449000,25000,0.025000
7572413793000,MATCHED,8417,7572413793000,9916,9160630146000,7572413767000,26000,0.026000
7572447112000,MATCHED,8418,7572447112000,9917,9160663465000,7572447086000,26000,0.026000
7572480429000,MATCHED,8419,7572480429000,9918,9160696783000,7572480404000,25000,0.025000
7572513748000,MATCHED,8420,7572513748000,9919,9160730101000,7572513722000,26000,0.026000
7572547066000,MATCHED,8421,7572547066000,9920,9160763420000,7572547041000,25000,0.025000
7572580385000,MATCHED,8422,7572580385000,9921,9160796739000,7572580360000,25000,0.025000
7572613706000,MATCHED,8423,7572613706000,9922,9160830059000,7572613680000,26000,0.026000
7572647022000,MATCHED,8424,7572647022000,9923,9160863376000,7572646997000,25000,0.025000
7572680340000,MATCHED,8425,7572680340000,9924,9160896694000,7572680315000,25000,0.025000
7572713659000,MATCHED,8426,7572713659000,9925,9160930014000,7572713635000,24000,0.024000
7572746977000,MATCHED,8427,7572746977000,9926,9160963332000,7572746953000,24000,0.024000
7572780296000,MATCHED,8428,7572780296000,9927,9160996650000,7572780271000,25000,0.025000
7572813617000,MATCHED,8429,7572813617000,9928,9161029968000,7572813589000,28000,0.028000
7572846933000,MATCHED,8430,7572846933000,9929,9161063287000,7572846908000,25000,0.025000
7572880251000,MATCHED,8431,7572880251000,9930,9161096605000,7572880226000,25000,0.025000
7572913572000,MATCHED,8432,7572913572000,9931,9161129923000,7572913544000,28000,0.028000
7572946889000,MATCHED,8433,7572946889000,9932,9161163242000,7572946863000,26000,0.026000
7572980206000,MATCHED,8434,7572980206000,9933,9161196561000,7572980182000,24000,0.024000
7573013525000,MATCHED,8435,7573013525000,9934,9161229882000,7573013503000,22000,0.022000
7573046845000,MATCHED,8436,7573046845000,9935,9161263198000,7573046819000,26000,0.026000
7573080163000,MATCHED,8437,7573080163000,9936,9161296516000,7573080137000,26000,0.026000
7573113482000,MATCHED,8438,7573113482000,9937,9161329835000,7573113456000,26000,0.026000
7573146801000,MATCHED,8439,7573146801000,9938,9161363153000,7573146774000,27000,0.027000
7573180119000,MATCHED,8440,7573180119000,9939,9161396471000,7573180092000,27000,0.027000
7573213437000,MATCHED,8441,7573213437000,9940,9161429791000,7573213412000,25000,0.025000
7573246755000,MATCHED,8442,7573246755000,9941,9161463109000,7573246730000,25000,0.025000
7573280074000,MATCHED,8443,7573280074000,9942,9161496427000,7573280048000,26000,0.026000
7573313395000,MATCHED,8444,7573313395000,9943,9161529746000,7573313367000,28000,0.028000
7573346711000,MATCHED,8445,7573346711000,9944,9161563064000,7573346685000,26000,0.026000
7573380030000,MATCHED,8446,7573380030000,9945,9161596382000,7573380003000,27000,0.027000
7573413350000,MATCHED,8447,7573413350000,9946,9161629701000,7573413322000,28000,0.028000
7573446668000,MATCHED,8448,7573446668000,9947,9161663020000,7573446641000,27000,0.027000
7573479987000,MATCHED,8449,7573479987000,9948,9161696338000,7573479959000,28000,0.028000
7573513306000,MATCHED,8450,7573513306000,9949,9161729658000,7573513279000,27000,0.027000
7573546622000,MATCHED,8451,7573546622000,9950,9161762975000,7573546596000,26000,0.026000
7573579941000,MATCHED,8452,7573579941000,9951,9161796294000,7573579915000,26000,0.026000
7573613260000,MATCHED,8453,7573613260000,9952,9161829612000,7573613233000,27000,0.027000
7573646576000,MATCHED,8454,7573646576000,9953,9161862930000,7573646551000,25000,0.025000
7573679897000,MATCHED,8455,7573679897000,9954,9161896249000,7573679870000,27000,0.027000
7573713216000,MATCHED,8456,7573713216000,9955,9161929568000,7573713189000,27000,0.027000
7573746536000,MATCHED,8457,7573746536000,9956,9161962886000,7573746507000,29000,0.029000
7573779853000,MATCHED,8458,7573779853000,9957,9161996203000,7573779824000,29000,0.029000
7573813170000,MATCHED,8459,7573813170000,9958,9162029523000,7573813144000,26000,0.026000
7573846489000,MATCHED,8460,7573846489000,9959,9162062841000,7573846462000,27000,0.027000
7573879808000,MATCHED,8461,7573879808000,9960,9162096159000,7573879780000,28000,0.028000
7573913125000,MATCHED,8462,7573913125000,9961,9162129479000,7573913100000,25000,0.025000
7573946445000,MATCHED,8463,7573946445000,9962,9162162796000,7573946417000,28000,0.028000
7573979760000,MATCHED,8464,7573979760000,9963,9162196115000,7573979736000,24000,0.024000
7574013078000,MATCHED,8465,7574013078000,9964,9162229434000,7574013055000,23000,0.023000
7574046397000,MATCHED,8466,7574046397000,9965,9162262752000,7574046373000,24000,0.024000
7574079715000,MATCHED,8467,7574079715000,9966,9162296071000,7574079692000,23000,0.023000
7574113033000,MATCHED,8468,7574113033000,9967,9162329389000,7574113010000,23000,0.023000
7574146353000,MATCHED,8469,7574146353000,9968,9162362707000,7574146328000,25000,0.025000
7574179673000,MATCHED,8470,7574179673000,9969,9162396027000,7574179648000,25000,0.025000
7574212990000,MATCHED,8471,7574212990000,9970,9162429344000,7574212965000,25000,0.025000
7574246309000,MATCHED,8472,7574246309000,9971,9162462663000,7574246284000,25000,0.025000
7574279629000,MATCHED,8473,7574279629000,9972,9162495981000,7574279602000,27000,0.027000
7574312948000,MATCHED,8474,7574312948000,9973,9162529300000,7574312921000,27000,0.027000
7574346264000,MATCHED,8475,7574346264000,9974,9162562618000,7574346239000,25000,0.025000
7574379584000,MATCHED,8476,7574379584000,9975,9162595937000,7574379558000,26000,0.026000
7574412903000,MATCHED,8477,7574412903000,9976,9162629255000,7574412876000,27000,0.027000
7574446225000,MATCHED,8478,7574446225000,9977,9162662573000,7574446194000,31000,0.031000
7574479542000,MATCHED,8479,7574479542000,9978,9162695892000,7574479513000,29000,0.029000
7574512858000,MATCHED,8480,7574512858000,9979,9162729211000,7574512832000,26000,0.026000
7574546176000,MATCHED,8481,7574546176000,9980,9162762530000,7574546151000,25000,0.025000
7574579496000,MATCHED,8482,7574579496000,9981,9162795848000,7574579469000,27000,0.027000
7574612813000,MATCHED,8483,7574612813000,9982,9162829166000,7574612787000,26000,0.026000
7574646132000,MATCHED,8484,7574646132000,9983,9162862485000,7574646106000,26000,0.026000
7574679450000,MATCHED,8485,7574679450000,9984,9162895802000,7574679423000,27000,0.027000
7574712770000,MATCHED,8486,7574712770000,9985,9162929122000,7574712743000,27000,0.027000
7574746088000,MATCHED,8487,7574746088000,9986,9162962440000,7574746061000,27000,0.027000
7574779407000,MATCHED,8488,7574779407000,9987,9162995759000,7574779380000,27000,0.027000
7574812725000,MATCHED,8489,7574812725000,9988,9163029078000,7574812699000,26000,0.026000
7574846046000,MATCHED,8490,7574846046000,9989,9163062395000,7574846016000,30000,0.030000
7574879364000,MATCHED,8491,7574879364000,9990,9163095714000,7574879335000,29000,0.029000
7574912679000,MATCHED,8492,7574912679000,9991,9163129032000,7574912653000,26000,0.026000
7574946004000,MATCHED,8493,7574946004000,9992,9163162351000,7574945972000,32000,0.032000
7574979317000,MATCHED,8494,7574979317000,9993,9163195670000,7574979291000,26000,0.026000
7575012635000,MATCHED,8495,7575012635000,9994,9163228988000,7575012609000,26000,0.026000
7575045953000,MATCHED,8496,7575045953000,9995,9163262306000,7575045927000,26000,0.026000
7575079271000,MATCHED,8497,7575079271000,9996,9163295624000,7575079245000,26000,0.026000
7575112592000,MATCHED,8498,7575112592000,9997,9163328943000,7575112564000,28000,0.028000
7575145911000,MATCHED,8499,7575145911000,9998,9163362261000,7575145882000,29000,0.029000
7575179227000,MATCHED,8500,7575179227000,9999,9163395580000,7575179201000,26000,0.026000
7575212547000,MATCHED,8501,7575212547000,10000,9163428898000,7575212519000,28000,0.028000
7575245866000,MATCHED,8502,7575245866000,10001,9163462218000,7575245839000,27000,0.027000
7575279181000,MATCHED,8503,7575279181000,10002,9163495535000,7575279156000,25000,0.025000
7575312503000,MATCHED,8504,7575312503000,10003,9163528854000,7575312475000,28000,0.028000
7575345819000,MATCHED,8505,7575345819000,10004,9163562172000,7575345793000,26000,0.026000
7575379137000,MATCHED,8506,7575379137000,10005,9163595490000,7575379111000,26000,0.026000
7575412456000,MATCHED,8507,7575412456000,10006,9163628810000,7575412431000,25000,0.025000
7575445778000,MATCHED,8508,7575445778000,10007,9163662128000,7575445749000,29000,0.029000
7575479100000,MATCHED,8509,7575479100000,10008,9163695446000,7575479067000,33000,0.033000
7575512413000,MATCHED,8510,7575512413000,10009,9163728765000,7575512386000,27000,0.027000
7575545729000,MATCHED,8511,7575545729000,10010,9163762082000,7575545703000,26000,0.026000
7575579048000,MATCHED,8512,7575579048000,10011,9163795401000,7575579022000,26000,0.026000
7575612364000,MATCHED,8513,7575612364000,10012,9163828719000,7575612340000,24000,0.024000
7575645683000,MATCHED,8514,7575645683000,10013,9163862038000,7575645659000,24000,0.024000
7575679001000,MATCHED,8515,7575679001000,10014,9163895357000,7575678978000,23000,0.023000
7575712322000,MATCHED,8516,7575712322000,10015,9163928675000,7575712296000,26000,0.026000
7575745639000,MATCHED,8517,7575745639000,10016,9163961995000,7575745616000,23000,0.023000
7575778956000,MATCHED,8518,7575778956000,10017,9163995312000,7575778933000,23000,0.023000
7575812275000,MATCHED,8519,7575812275000,10018,9164028631000,7575812252000,23000,0.023000
7575845595000,MATCHED,8520,7575845595000,10019,9164061949000,7575845570000,25000,0.025000
7575878914000,MATCHED,8521,7575878914000,10020,9164095268000,7575878889000,25000,0.025000
7575912234000,MATCHED,8522,7575912234000,10021,9164128586000,7575912207000,27000,0.027000
7575945551000,MATCHED,8523,7575945551000,10022,9164161904000,7575945525000,26000,0.026000
7575978868000,MATCHED,8524,7575978868000,10023,9164195226000,7575978847000,21000,0.021000
7576012186000,MATCHED,8525,7576012186000,10024,9164228542000,7576012163000,23000,0.023000
7576045506000,MATCHED,8526,7576045506000,10025,9164261860000,7576045481000,25000,0.025000
7576078823000,MATCHED,8527,7576078823000,10026,9164295179000,7576078800000,23000,0.023000
7576112144000,MATCHED,8528,7576112144000,10027,9164328497000,7576112118000,26000,0.026000
7576145462000,MATCHED,8529,7576145462000,10028,9164361816000,7576145437000,25000,0.025000
7576178779000,MATCHED,8530,7576178779000,10029,9164395135000,7576178756000,23000,0.023000
7576212098000,MATCHED,8531,7576212098000,10030,9164428453000,7576212074000,24000,0.024000
7576245419000,MATCHED,8532,7576245419000,10031,9164461771000,7576245392000,27000,0.027000
7576278733000,MATCHED,8533,7576278733000,10032,9164495090000,7576278711000,22000,0.022000
7576312054000,MATCHED,8534,7576312054000,10033,9164528408000,7576312029000,25000,0.025000
7576345372000,MATCHED,8535,7576345372000,10034,9164561727000,7576345348000,24000,0.024000
7576378689000,MATCHED,8536,7576378689000,10035,9164595045000,7576378666000,23000,0.023000
7576412012000,MATCHED,8537,7576412012000,10036,9164628364000,7576411985000,27000,0.027000
7576445327000,MATCHED,8538,7576445327000,10037,9164661681000,7576445302000,25000,0.025000
7576478661000,MATCHED,8539,7576478661000,10038,9164695001000,7576478622000,39000,0.039000
7576511964000,MATCHED,8540,7576511964000,10039,9164728319000,7576511940000,24000,0.024000
7576545282000,MATCHED,8541,7576545282000,10040,9164761637000,7576545258000,24000,0.024000
7576578601000,MATCHED,8542,7576578601000,10041,9164794956000,7576578577000,24000,0.024000
7576611919000,MATCHED,8543,7576611919000,10042,9164828275000,7576611896000,23000,0.023000
7576645238000,MATCHED,8544,7576645238000,10043,9164861593000,7576645214000,24000,0.024000
7576678556000,MATCHED,8545,7576678556000,10044,9164894911000,7576678532000,24000,0.024000
7576711874000,MATCHED,8546,7576711874000,10045,9164928230000,7576711851000,23000,0.023000
7576745195000,MATCHED,8547,7576745195000,10046,9164961548000,7576745169000,26000,0.026000
7576778512000,MATCHED,8548,7576778512000,10047,9164994867000,7576778488000,24000,0.024000
7576811829000,MATCHED,8549,7576811829000,10048,9165028185000,7576811806000,23000,0.023000
7576845149000,MATCHED,8550,7576845149000,10049,9165061503000,7576845124000,25000,0.025000
7576878468000,MATCHED,8551,7576878468000,10050,9165094823000,7576878444000,24000,0.024000
7576911787000,MATCHED,8552,7576911787000,10051,9165128140000,7576911761000,26000,0.026000
7576945104000,MATCHED,8553,7576945104000,10052,9165161460000,7576945081000,23000,0.023000
7576978422000,MATCHED,8554,7576978422000,10053,9165194777000,7576978398000,24000,0.024000
7577011743000,MATCHED,8555,7577011743000,10054,9165228095000,7577011716000,27000,0.027000
7577045059000,MATCHED,8556,7577045059000,10055,9165261414000,7577045035000,24000,0.024000
7577078376000,MATCHED,8557,7577078376000,10056,9165294731000,7577078352000,24000,0.024000
7577111695000,MATCHED,8558,7577111695000,10057,9165328051000,7577111672000,23000,0.023000
7577145014000,MATCHED,8559,7577145014000,10058,9165361371000,7577144992000,22000,0.022000
7577178333000,MATCHED,8560,7577178333000,10059,9165394689000,7577178310000,23000,0.023000
7577211651000,MATCHED,8561,7577211651000,10060,9165428024000,7577211645000,6000,0.006000
7577244972000,MATCHED,8562,7577244972000,10061,9165461325000,7577244946000,26000,0.026000
7577278287000,MATCHED,8563,7577278287000,10062,9165494644000,7577278265000,22000,0.022000
7577311606000,MATCHED,8564,7577311606000,10063,9165527963000,7577311584000,22000,0.022000
7577344927000,MATCHED,8565,7577344927000,10064,9165561281000,7577344902000,25000,0.025000
7577378243000,MATCHED,8566,7577378243000,10065,9165594601000,7577378222000,21000,0.021000
7577411565000,MATCHED,8567,7577411565000,10066,9165627919000,7577411540000,25000,0.025000
7577444882000,MATCHED,8568,7577444882000,10067,9165661236000,7577444857000,25000,0.025000
7577478198000,MATCHED,8569,7577478198000,10068,9165694557000,7577478178000,20000,0.020000
7577511523000,MATCHED,8570,7577511523000,10069,9165727875000,7577511496000,27000,0.027000
7577544836000,MATCHED,8571,7577544836000,10070,9165761192000,7577544813000,23000,0.023000
7577578156000,MATCHED,8572,7577578156000,10071,9165794511000,7577578132000,24000,0.024000
7577611474000,MATCHED,8573,7577611474000,10072,9165827829000,7577611450000,24000,0.024000
7577644791000,MATCHED,8574,7577644791000,10073,9165861148000,7577644769000,22000,0.022000
7577678109000,MATCHED,8575,7577678109000,10074,9165894466000,7577678087000,22000,0.022000
7577711428000,MATCHED,8576,7577711428000,10075,9165927784000,7577711405000,23000,0.023000
7577744747000,MATCHED,8577,7577744747000,10076,9165961104000,7577744725000,22000,0.022000
7577778065000,MATCHED,8578,7577778065000,10077,9165994422000,7577778043000,22000,0.022000
7577811384000,MATCHED,8579,7577811384000,10078,9166027740000,7577811361000,23000,0.023000
7577844701000,MATCHED,8580,7577844701000,10079,9166061059000,7577844680000,21000,0.021000
7577878020000,MATCHED,8581,7577878020000,10080,9166094377000,7577877998000,22000,0.022000
7577911342000,MATCHED,8582,7577911342000,10081,9166127696000,7577911317000,25000,0.025000
7577944658000,MATCHED,8583,7577944658000,10082,9166161012000,7577944633000,25000,0.025000
7577977977000,MATCHED,8584,7577977977000,10083,9166194337000,7577977958000,19000,0.019000
7578011297000,MATCHED,8585,7578011297000,10084,9166227651000,7578011272000,25000,0.025000
7578044615000,MATCHED,8586,7578044615000,10085,9166260970000,7578044591000,24000,0.024000
7578077931000,MATCHED,8587,7578077931000,10086,9166294287000,7578077908000,23000,0.023000
7578111249000,MATCHED,8588,7578111249000,10087,9166327606000,7578111227000,22000,0.022000
7578144569000,MATCHED,8589,7578144569000,10088,9166360924000,7578144545000,24000,0.024000
7578177886000,MATCHED,8590,7578177886000,10089,9166394243000,7578177864000,22000,0.022000
7578211204000,MATCHED,8591,7578211204000,10090,9166427562000,7578211183000,21000,0.021000
7578244529000,MATCHED,8592,7578244529000,10091,9166460881000,7578244502000,27000,0.027000
7578277845000,MATCHED,8593,7578277845000,10092,9166494199000,7578277820000,25000,0.025000
7578311160000,MATCHED,8594,7578311160000,10093,9166527517000,7578311138000,22000,0.022000
7578344483000,MATCHED,8595,7578344483000,10094,9166560836000,7578344457000,26000,0.026000
7578377798000,MATCHED,8596,7578377798000,10095,9166594155000,7578377776000,22000,0.022000
7578411120000,MATCHED,8597,7578411120000,10096,9166627473000,7578411094000,26000,0.026000
7578444435000,MATCHED,8598,7578444435000,10097,9166660791000,7578444412000,23000,0.023000
7578477754000,MATCHED,8599,7578477754000,10098,9166694110000,7578477731000,23000,0.023000
7578511076000,MATCHED,8600,7578511076000,10099,9166727428000,7578511049000,27000,0.027000
7578544395000,MATCHED,8601,7578544395000,10100,9166760747000,7578544368000,27000,0.027000
7578577711000,MATCHED,8602,7578577711000,10101,9166794065000,7578577686000,25000,0.025000
7578611026000,MATCHED,8603,7578611026000,10102,9166827385000,7578611006000,20000,0.020000
7578644345000,MATCHED,8604,7578644345000,10103,9166860702000,7578644323000,22000,0.022000
7578677663000,MATCHED,8605,7578677663000,10104,9166894019000,7578677640000,23000,0.023000
7578710981000,MATCHED,8606,7578710981000,10105,9166927338000,7578710959000,22000,0.022000
7578744302000,MATCHED,8607,7578744302000,10106,9166960656000,7578744277000,25000,0.025000
7578777623000,MATCHED,8608,7578777623000,10107,9166993975000,7578777596000,27000,0.027000
7578810938000,MATCHED,8609,7578810938000,10108,9167027295000,7578810916000,22000,0.022000
7578844257000,MATCHED,8610,7578844257000,10109,9167060612000,7578844233000,24000,0.024000
7578877575000,MATCHED,8611,7578877575000,10110,9167093930000,7578877551000,24000,0.024000
7578910895000,MATCHED,8612,7578910895000,10111,9167127248000,7578910869000,26000,0.026000
7578944212000,MATCHED,8613,7578944212000,10112,9167160568000,7578944189000,23000,0.023000
7578977530000,MATCHED,8614,7578977530000,10113,9167193887000,7578977508000,22000,0.022000
7579010852000,MATCHED,8615,7579010852000,10114,9167227204000,7579010825000,27000,0.027000
7579044174000,MATCHED,8616,7579044174000,10115,9167260523000,7579044144000,30000,0.030000
7579077486000,MATCHED,8617,7579077486000,10116,9167293841000,7579077462000,24000,0.024000
7579110804000,MATCHED,8618,7579110804000,10117,9167327160000,7579110781000,23000,0.023000
7579144124000,MATCHED,8619,7579144124000,10118,9167360478000,7579144099000,25000,0.025000
7579177441000,MATCHED,8620,7579177441000,10119,9167393798000,7579177419000,22000,0.022000
7579210759000,MATCHED,8621,7579210759000,10120,9167427115000,7579210736000,23000,0.023000
7579244082000,MATCHED,8622,7579244082000,10121,9167460434000,7579244055000,27000,0.027000
7579277396000,MATCHED,8623,7579277396000,10122,9167493753000,7579277374000,22000,0.022000
7579310718000,MATCHED,8624,7579310718000,10123,9167527071000,7579310692000,26000,0.026000
7579344037000,MATCHED,8625,7579344037000,10124,9167560390000,7579344011000,26000,0.026000
7579377353000,MATCHED,8626,7579377353000,10125,9167593708000,7579377329000,24000,0.024000
7579410674000,MATCHED,8627,7579410674000,10126,9167627026000,7579410647000,27000,0.027000
7579443991000,MATCHED,8628,7579443991000,10127,9167660344000,7579443965000,26000,0.026000
7579477314000,MATCHED,8629,7579477314000,10128,9167693663000,7579477284000,30000,0.030000
7579510628000,MATCHED,8630,7579510628000,10129,9167726982000,7579510603000,25000,0.025000
7579543945000,MATCHED,8631,7579543945000,10130,9167760301000,7579543922000,23000,0.023000
7579577264000,MATCHED,8632,7579577264000,10131,9167793620000,7579577241000,23000,0.023000
7579610582000,MATCHED,8633,7579610582000,10132,9167826937000,7579610558000,24000,0.024000
7579643900000,MATCHED,8634,7579643900000,10133,9167860256000,7579643877000,23000,0.023000
7579677218000,MATCHED,8635,7579677218000,10134,9167893575000,7579677196000,22000,0.022000
7579710538000,MATCHED,8636,7579710538000,10135,9167926893000,7579710514000,24000,0.024000
7579743856000,MATCHED,8637,7579743856000,10136,9167960211000,7579743832000,24000,0.024000
7579777175000,MATCHED,8638,7579777175000,10137,9167993530000,7579777151000,24000,0.024000
7579810492000,MATCHED,8639,7579810492000,10138,9168026848000,7579810469000,23000,0.023000
7579843812000,MATCHED,8640,7579843812000,10139,9168060167000,7579843788000,24000,0.024000
7579877129000,MATCHED,8641,7579877129000,10140,9168093486000,7579877107000,22000,0.022000
7579910450000,MATCHED,8642,7579910450000,10141,9168126803000,7579910424000,26000,0.026000
7579943767000,MATCHED,8643,7579943767000,10142,9168160120000,7579943741000,26000,0.026000
7579977085000,MATCHED,8644,7579977085000,10143,9168193445000,7579977066000,19000,0.019000
7580010405000,MATCHED,8645,7580010405000,10144,9168226758000,7580010379000,26000,0.026000
7580043724000,MATCHED,8646,7580043724000,10145,9168260077000,7580043698000,26000,0.026000
7580077044000,MATCHED,8647,7580077044000,10146,9168293395000,7580077016000,28000,0.028000
7580110360000,MATCHED,8648,7580110360000,10147,9168326713000,7580110334000,26000,0.026000
7580143681000,MATCHED,8649,7580143681000,10148,9168360032000,7580143653000,28000,0.028000
7580176996000,MATCHED,8650,7580176996000,10149,9168393350000,7580176971000,25000,0.025000
7580210314000,MATCHED,8651,7580210314000,10150,9168426669000,7580210290000,24000,0.024000
7580243634000,MATCHED,8652,7580243634000,10151,9168459988000,7580243609000,25000,0.025000
7580276952000,MATCHED,8653,7580276952000,10152,9168493307000,7580276928000,24000,0.024000
7580310270000,MATCHED,8654,7580310270000,10153,9168526625000,7580310246000,24000,0.024000
7580343591000,MATCHED,8655,7580343591000,10154,9168559943000,7580343564000,27000,0.027000
7580376907000,MATCHED,8656,7580376907000,10155,9168593261000,7580376882000,25000,0.025000
7580410228000,MATCHED,8657,7580410228000,10156,9168626580000,7580410201000,27000,0.027000
7580443544000,MATCHED,8658,7580443544000,10157,9168659899000,7580443520000,24000,0.024000
7580476865000,MATCHED,8659,7580476865000,10158,9168693218000,7580476839000,26000,0.026000
7580510181000,MATCHED,8660,7580510181000,10159,9168726535000,7580510156000,25000,0.025000
7580543503000,MATCHED,8661,7580543503000,10160,9168759853000,7580543474000,29000,0.029000
7580576824000,MATCHED,8662,7580576824000,10161,9168793172000,7580576793000,31000,0.031000
7580610140000,MATCHED,8663,7580610140000,10162,9168826491000,7580610112000,28000,0.028000
7580643458000,MATCHED,8664,7580643458000,10163,9168859811000,7580643432000,26000,0.026000
7580676777000,MATCHED,8665,7580676777000,10164,9168893129000,7580676750000,27000,0.027000
7580710095000,MATCHED,8666,7580710095000,10165,9168926446000,7580710067000,28000,0.028000
7580743415000,MATCHED,8667,7580743415000,10166,9168959765000,7580743386000,29000,0.029000
7580776733000,MATCHED,8668,7580776733000,10167,9168993084000,7580776705000,28000,0.028000
7580810051000,MATCHED,8669,7580810051000,10168,9169026403000,7580810024000,27000,0.027000
7580843369000,MATCHED,8670,7580843369000,10169,9169059721000,7580843342000,27000,0.027000
7580876688000,MATCHED,8671,7580876688000,10170,9169093040000,7580876661000,27000,0.027000
7580910006000,MATCHED,8672,7580910006000,10171,9169126357000,7580909978000,28000,0.028000
7580943324000,MATCHED,8673,7580943324000,10172,9169159676000,7580943297000,27000,0.027000
7580976642000,MATCHED,8674,7580976642000,10173,9169192994000,7580976615000,27000,0.027000
7581009961000,MATCHED,8675,7581009961000,10174,9169226313000,7581009934000,27000,0.027000
7581043280000,MATCHED,8676,7581043280000,10175,9169259632000,7581043253000,27000,0.027000
7581076600000,MATCHED,8677,7581076600000,10176,9169292950000,7581076571000,29000,0.029000
7581109918000,MATCHED,8678,7581109918000,10177,9169326268000,7581109889000,29000,0.029000
7581143238000,MATCHED,8679,7581143238000,10178,9169359588000,7581143209000,29000,0.029000
7581176555000,MATCHED,8680,7581176555000,10179,9169392907000,7581176528000,27000,0.027000
7581209873000,MATCHED,8681,7581209873000,10180,9169426225000,7581209846000,27000,0.027000
7581243190000,MATCHED,8682,7581243190000,10181,9169459542000,7581243163000,27000,0.027000
7581276509000,MATCHED,8683,7581276509000,10182,9169492862000,7581276483000,26000,0.026000
7581309827000,MATCHED,8684,7581309827000,10183,9169526181000,7581309802000,25000,0.025000
7581343147000,MATCHED,8685,7581343147000,10184,9169559499000,7581343120000,27000,0.027000
7581376465000,MATCHED,8686,7581376465000,10185,9169592818000,7581376439000,26000,0.026000
7581409783000,MATCHED,8687,7581409783000,10186,9169626136000,7581409757000,26000,0.026000
7581443103000,MATCHED,8688,7581443103000,10187,9169659454000,7581443075000,28000,0.028000
7581476420000,MATCHED,8689,7581476420000,10188,9169692772000,7581476393000,27000,0.027000
7581509737000,MATCHED,8690,7581509737000,10189,9169726091000,7581509712000,25000,0.025000
7581543058000,MATCHED,8691,7581543058000,10190,9169759410000,7581543031000,27000,0.027000
7581576375000,MATCHED,8692,7581576375000,10191,9169792728000,7581576349000,26000,0.026000
7581609693000,MATCHED,8693,7581609693000,10192,9169826046000,7581609667000,26000,0.026000
7581643011000,MATCHED,8694,7581643011000,10193,9169859365000,7581642986000,25000,0.025000
7581676330000,MATCHED,8695,7581676330000,10194,9169892683000,7581676304000,26000,0.026000
7581709649000,MATCHED,8696,7581709649000,10195,9169926002000,7581709623000,26000,0.026000
7581742968000,MATCHED,8697,7581742968000,10196,9169959320000,7581742941000,27000,0.027000
7581776285000,MATCHED,8698,7581776285000,10197,9169992638000,7581776259000,26000,0.026000
7581809609000,MATCHED,8699,7581809609000,10198,9170025956000,7581809577000,32000,0.032000
7581842924000,MATCHED,8700,7581842924000,10199,9170059275000,7581842896000,28000,0.028000
7581876242000,MATCHED,8701,7581876242000,10200,9170092593000,7581876214000,28000,0.028000
7581909562000,MATCHED,8702,7581909562000,10201,9170125913000,7581909534000,28000,0.028000
7581942879000,MATCHED,8703,7581942879000,10202,9170159230000,7581942851000,28000,0.028000
7581976197000,MATCHED,8704,7581976197000,10203,9170192550000,7581976171000,26000,0.026000
7582009516000,MATCHED,8705,7582009516000,10204,9170225868000,7582009489000,27000,0.027000
7582042835000,MATCHED,8706,7582042835000,10205,9170259188000,7582042809000,26000,0.026000
7582076152000,MATCHED,8707,7582076152000,10206,9170292505000,7582076126000,26000,0.026000
7582109471000,MATCHED,8708,7582109471000,10207,9170325824000,7582109445000,26000,0.026000
7582142790000,MATCHED,8709,7582142790000,10208,9170359141000,7582142762000,28000,0.028000
7582176107000,MATCHED,8710,7582176107000,10209,9170392460000,7582176081000,26000,0.026000
7582209427000,MATCHED,8711,7582209427000,10210,9170425779000,7582209400000,27000,0.027000
7582242746000,MATCHED,8712,7582242746000,10211,9170459097000,7582242718000,28000,0.028000
7582276063000,MATCHED,8713,7582276063000,10212,9170492415000,7582276036000,27000,0.027000
7582309383000,MATCHED,8714,7582309383000,10213,9170525734000,7582309355000,28000,0.028000
7582342701000,MATCHED,8715,7582342701000,10214,9170559053000,7582342674000,27000,0.027000
7582376021000,MATCHED,8716,7582376021000,10215,9170592371000,7582375992000,29000,0.029000
7582409338000,MATCHED,8717,7582409338000,10216,9170625690000,7582409311000,27000,0.027000
7582442656000,MATCHED,8718,7582442656000,10217,9170659007000,7582442628000,28000,0.028000
7582475973000,MATCHED,8719,7582475973000,10218,9170692327000,7582475948000,25000,0.025000
7582509292000,MATCHED,8720,7582509292000,10219,9170725646000,7582509267000,25000,0.025000
7582542611000,MATCHED,8721,7582542611000,10220,9170758964000,7582542585000,26000,0.026000
7582575933000,MATCHED,8722,7582575933000,10221,9170792282000,7582575903000,30000,0.030000
7582609248000,MATCHED,8723,7582609248000,10222,9170825600000,7582609221000,27000,0.027000
7582642568000,MATCHED,8724,7582642568000,10223,9170858919000,7582642540000,28000,0.028000
7582675886000,MATCHED,8725,7582675886000,10224,9170892237000,7582675858000,28000,0.028000
7582709205000,MATCHED,8726,7582709205000,10225,9170925557000,7582709178000,27000,0.027000
7582742523000,MATCHED,8727,7582742523000,10226,9170958874000,7582742495000,28000,0.028000
7582775842000,MATCHED,8728,7582775842000,10227,9170992193000,7582775814000,28000,0.028000
7582809161000,MATCHED,8729,7582809161000,10228,9171025511000,7582809132000,29000,0.029000
7582842480000,MATCHED,8730,7582842480000,10229,9171058830000,7582842451000,29000,0.029000
7582875795000,MATCHED,8731,7582875795000,10230,9171092148000,7582875769000,26000,0.026000
7582909113000,MATCHED,8732,7582909113000,10231,9171125468000,7582909089000,24000,0.024000
7582942435000,MATCHED,8733,7582942435000,10232,9171158786000,7582942407000,28000,0.028000
7582975752000,MATCHED,8734,7582975752000,10233,9171192104000,7582975725000,27000,0.027000
7583009068000,MATCHED,8735,7583009068000,10234,9171225422000,7583009043000,25000,0.025000
7583042393000,MATCHED,8736,7583042393000,10235,9171258741000,7583042362000,31000,0.031000
7583075707000,MATCHED,8737,7583075707000,10236,9171292059000,7583075680000,27000,0.027000
7583109025000,MATCHED,8738,7583109025000,10237,9171325378000,7583108999000,26000,0.026000
7583142343000,MATCHED,8739,7583142343000,10238,9171358697000,7583142318000,25000,0.025000
7583175661000,MATCHED,8740,7583175661000,10239,9171392019000,7583175640000,21000,0.021000
7583208979000,MATCHED,8741,7583208979000,10240,9171425333000,7583208954000,25000,0.025000
7583242298000,MATCHED,8742,7583242298000,10241,9171458652000,7583242273000,25000,0.025000
7583275619000,MATCHED,8743,7583275619000,10242,9171491971000,7583275592000,27000,0.027000
7583308939000,MATCHED,8744,7583308939000,10243,9171525289000,7583308910000,29000,0.029000
7583342255000,MATCHED,8745,7583342255000,10244,9171558607000,7583342228000,27000,0.027000
7583375575000,MATCHED,8746,7583375575000,10245,9171591926000,7583375547000,28000,0.028000
7583408893000,MATCHED,8747,7583408893000,10246,9171625244000,7583408865000,28000,0.028000
7583442210000,MATCHED,8748,7583442210000,10247,9171658563000,7583442184000,26000,0.026000
7583475531000,MATCHED,8749,7583475531000,10248,9171691882000,7583475503000,28000,0.028000
7583508848000,MATCHED,8750,7583508848000,10249,9171725199000,7583508820000,28000,0.028000
7583542172000,MATCHED,8751,7583542172000,10250,9171758519000,7583542140000,32000,0.032000
7583575486000,MATCHED,8752,7583575486000,10251,9171791837000,7583575458000,28000,0.028000
7583608805000,MATCHED,8753,7583608805000,10252,9171825155000,7583608776000,29000,0.029000
7583642121000,MATCHED,8754,7583642121000,10253,9171858474000,7583642095000,26000,0.026000
7583675441000,MATCHED,8755,7583675441000,10254,9171891794000,7583675415000,26000,0.026000
7583708758000,MATCHED,8756,7583708758000,10255,9171925111000,7583708732000,26000,0.026000
7583742075000,MATCHED,8757,7583742075000,10256,9171958429000,7583742050000,25000,0.025000
7583775396000,MATCHED,8758,7583775396000,10257,9171991747000,7583775368000,28000,0.028000
7583808713000,MATCHED,8759,7583808713000,10258,9172025066000,7583808687000,26000,0.026000
7583842032000,MATCHED,8760,7583842032000,10259,9172058384000,7583842005000,27000,0.027000
7583875353000,MATCHED,8761,7583875353000,10260,9172091703000,7583875324000,29000,0.029000
7583908670000,MATCHED,8762,7583908670000,10261,9172125021000,7583908642000,28000,0.028000
7583941992000,MATCHED,8763,7583941992000,10262,9172158338000,7583941959000,33000,0.033000
7583975307000,MATCHED,8764,7583975307000,10263,9172191659000,7583975280000,27000,0.027000
7584008624000,MATCHED,8765,7584008624000,10264,9172224977000,7584008598000,26000,0.026000
7584041941000,MATCHED,8766,7584041941000,10265,9172258295000,7584041916000,25000,0.025000
7584075260000,MATCHED,8767,7584075260000,10266,9172291613000,7584075234000,26000,0.026000
7584108581000,MATCHED,8768,7584108581000,10267,9172324932000,7584108553000,28000,0.028000
7584141899000,MATCHED,8769,7584141899000,10268,9172358250000,7584141871000,28000,0.028000
7584175217000,MATCHED,8770,7584175217000,10269,9172391568000,7584175189000,28000,0.028000
7584208535000,MATCHED,8771,7584208535000,10270,9172424887000,7584208508000,27000,0.027000
7584241853000,MATCHED,8772,7584241853000,10271,9172458206000,7584241827000,26000,0.026000
7584275173000,MATCHED,8773,7584275173000,10272,9172491524000,7584275145000,28000,0.028000
7584308492000,MATCHED,8774,7584308492000,10273,9172524843000,7584308464000,28000,0.028000
7584341810000,MATCHED,8775,7584341810000,10274,9172558161000,7584341782000,28000,0.028000
7584375129000,MATCHED,8776,7584375129000,10275,9172591480000,7584375101000,28000,0.028000
7584408448000,MATCHED,8777,7584408448000,10276,9172624798000,7584408419000,29000,0.029000
7584441765000,MATCHED,8778,7584441765000,10277,9172658117000,7584441738000,27000,0.027000
7584475084000,MATCHED,8779,7584475084000,10278,9172691435000,7584475056000,28000,0.028000
7584508402000,MATCHED,8780,7584508402000,10279,9172724754000,7584508375000,27000,0.027000
7584541719000,MATCHED,8781,7584541719000,10280,9172758072000,7584541693000,26000,0.026000
7584575039000,MATCHED,8782,7584575039000,10281,9172791391000,7584575012000,27000,0.027000
7584608358000,MATCHED,8783,7584608358000,10282,9172824709000,7584608330000,28000,0.028000
7584641677000,MATCHED,8784,7584641677000,10283,9172858027000,7584641648000,29000,0.029000
7584675011000,MATCHED,8785,7584675011000,10284,9172891347000,7584674968000,43000,0.043000
7584708317000,MATCHED,8786,7584708317000,10285,9172924664000,7584708285000,32000,0.032000
7584741630000,MATCHED,8787,7584741630000,10286,9172957983000,7584741604000,26000,0.026000
7584774945000,MATCHED,8788,7584774945000,10287,9172991301000,7584774922000,23000,0.023000
7584808264000,MATCHED,8789,7584808264000,10288,9173024620000,7584808241000,23000,0.023000
7584841584000,MATCHED,8790,7584841584000,10289,9173057939000,7584841560000,24000,0.024000
7584874901000,MATCHED,8791,7584874901000,10290,9173091258000,7584874879000,22000,0.022000
7584908219000,MATCHED,8792,7584908219000,10291,9173124576000,7584908197000,22000,0.022000
7584941538000,MATCHED,8793,7584941538000,10292,9173157893000,7584941514000,24000,0.024000
7584974856000,MATCHED,8794,7584974856000,10293,9173191212000,7584974833000,23000,0.023000
7585008174000,MATCHED,8795,7585008174000,10294,9173224531000,7585008152000,22000,0.022000
7585041494000,MATCHED,8796,7585041494000,10295,9173257849000,7585041470000,24000,0.024000
7585074814000,MATCHED,8797,7585074814000,10296,9173291168000,7585074789000,25000,0.025000
7585108133000,MATCHED,8798,7585108133000,10297,9173324486000,7585108107000,26000,0.026000
7585141450000,MATCHED,8799,7585141450000,10298,9173357805000,7585141426000,24000,0.024000
7585174768000,MATCHED,8800,7585174768000,10299,9173391124000,7585174745000,23000,0.023000
7585208086000,MATCHED,8801,7585208086000,10300,9173424442000,7585208063000,23000,0.023000
7585241406000,MATCHED,8802,7585241406000,10301,9173457760000,7585241381000,25000,0.025000
7585274723000,MATCHED,8803,7585274723000,10302,9173491078000,7585274699000,24000,0.024000
7585308042000,MATCHED,8804,7585308042000,10303,9173524397000,7585308018000,24000,0.024000
7585341362000,MATCHED,8805,7585341362000,10304,9173557715000,7585341336000,26000,0.026000
7585374681000,MATCHED,8806,7585374681000,10305,9173591034000,7585374655000,26000,0.026000
7585408000000,MATCHED,8807,7585408000000,10306,9173624353000,7585407974000,26000,0.026000
7585441317000,MATCHED,8808,7585441317000,10307,9173657671000,7585441292000,25000,0.025000
7585474635000,MATCHED,8809,7585474635000,10308,9173690990000,7585474611000,24000,0.024000
7585507954000,MATCHED,8810,7585507954000,10309,9173724308000,7585507929000,25000,0.025000
7585541273000,MATCHED,8811,7585541273000,10310,9173757627000,7585541248000,25000,0.025000
7585574593000,MATCHED,8812,7585574593000,10311,9173790944000,7585574565000,28000,0.028000
7585607910000,MATCHED,8813,7585607910000,10312,9173824263000,7585607884000,26000,0.026000
7585641228000,MATCHED,8814,7585641228000,10313,9173857582000,7585641203000,25000,0.025000
7585674546000,MATCHED,8815,7585674546000,10314,9173890901000,7585674522000,24000,0.024000
7585707864000,MATCHED,8816,7585707864000,10315,9173924219000,7585707840000,24000,0.024000
7585741183000,MATCHED,8817,7585741183000,10316,9173957539000,7585741160000,23000,0.023000
7585774500000,MATCHED,8818,7585774500000,10317,9173990855000,7585774476000,24000,0.024000
7585807820000,MATCHED,8819,7585807820000,10318,9174024175000,7585807796000,24000,0.024000
7585841139000,MATCHED,8820,7585841139000,10319,9174057493000,7585841114000,25000,0.025000
7585874457000,MATCHED,8821,7585874457000,10320,9174090811000,7585874432000,25000,0.025000
7585907776000,MATCHED,8822,7585907776000,10321,9174124130000,7585907751000,25000,0.025000
7585941094000,MATCHED,8823,7585941094000,10322,9174157446000,7585941067000,27000,0.027000
7585974412000,MATCHED,8824,7585974412000,10323,9174190767000,7585974388000,24000,0.024000
7586007730000,MATCHED,8825,7586007730000,10324,9174224085000,7586007706000,24000,0.024000
7586041051000,MATCHED,8826,7586041051000,10325,9174257403000,7586041024000,27000,0.027000
7586074368000,MATCHED,8827,7586074368000,10326,9174290722000,7586074343000,25000,0.025000
7586107688000,MATCHED,8828,7586107688000,10327,9174324040000,7586107661000,27000,0.027000
7586141006000,MATCHED,8829,7586141006000,10328,9174357359000,7586140980000,26000,0.026000
7586174323000,MATCHED,8830,7586174323000,10329,9174390677000,7586174298000,25000,0.025000
7586207645000,MATCHED,8831,7586207645000,10330,9174423995000,7586207616000,29000,0.029000
7586240960000,MATCHED,8832,7586240960000,10331,9174457315000,7586240936000,24000,0.024000
7586274281000,MATCHED,8833,7586274281000,10332,9174490633000,7586274254000,27000,0.027000
7586307595000,MATCHED,8834,7586307595000,10333,9174523952000,7586307573000,22000,0.022000
7586340915000,MATCHED,8835,7586340915000,10334,9174557270000,7586340891000,24000,0.024000
7586374231000,MATCHED,8836,7586374231000,10335,9174590588000,7586374209000,22000,0.022000
7586407553000,MATCHED,8837,7586407553000,10336,9174623907000,7586407528000,25000,0.025000
7586440869000,MATCHED,8838,7586440869000,10337,9174657225000,7586440846000,23000,0.023000
7586474189000,MATCHED,8839,7586474189000,10338,9174690544000,7586474165000,24000,0.024000
7586507507000,MATCHED,8840,7586507507000,10339,9174723862000,7586507483000,24000,0.024000
7586540824000,MATCHED,8841,7586540824000,10340,9174757181000,7586540802000,22000,0.022000
7586574146000,MATCHED,8842,7586574146000,10341,9174790499000,7586574120000,26000,0.026000
7586607464000,MATCHED,8843,7586607464000,10342,9174823818000,7586607439000,25000,0.025000
7586640784000,MATCHED,8844,7586640784000,10343,9174857138000,7586640759000,25000,0.025000
7586674101000,MATCHED,8845,7586674101000,10344,9174890455000,7586674076000,25000,0.025000
7586707420000,MATCHED,8846,7586707420000,10345,9174923773000,7586707394000,26000,0.026000
7586740737000,MATCHED,8847,7586740737000,10346,9174957092000,7586740713000,24000,0.024000
7586774055000,MATCHED,8848,7586774055000,10347,9174990410000,7586774031000,24000,0.024000
7586807373000,MATCHED,8849,7586807373000,10348,9175023728000,7586807349000,24000,0.024000
7586840692000,MATCHED,8850,7586840692000,10349,9175057048000,7586840669000,23000,0.023000
7586874020000,MATCHED,8851,7586874020000,10350,9175090366000,7586873987000,33000,0.033000
7586907331000,MATCHED,8852,7586907331000,10351,9175123685000,7586907306000,25000,0.025000
7586940648000,MATCHED,8853,7586940648000,10352,9175157004000,7586940625000,23000,0.023000
7586973965000,MATCHED,8854,7586973965000,10353,9175190322000,7586973943000,22000,0.022000
7587007284000,MATCHED,8855,7587007284000,10354,9175223640000,7587007261000,23000,0.023000
7587040603000,MATCHED,8856,7587040603000,10355,9175256958000,7587040579000,24000,0.024000
7587073922000,MATCHED,8857,7587073922000,10356,9175290277000,7587073898000,24000,0.024000
7587107247000,MATCHED,8858,7587107247000,10357,9175323596000,7587107217000,30000,0.030000
7587140560000,MATCHED,8859,7587140560000,10358,9175356913000,7587140534000,26000,0.026000
7587173878000,MATCHED,8860,7587173878000,10359,9175390232000,7587173853000,25000,0.025000
7587207196000,MATCHED,8861,7587207196000,10360,9175423551000,7587207172000,24000,0.024000
7587240514000,MATCHED,8862,7587240514000,10361,9175456869000,7587240490000,24000,0.024000
7587273833000,MATCHED,8863,7587273833000,10362,9175490188000,7587273809000,24000,0.024000
7587307150000,MATCHED,8864,7587307150000,10363,9175523507000,7587307128000,22000,0.022000
7587340470000,MATCHED,8865,7587340470000,10364,9175556824000,7587340445000,25000,0.025000
7587373789000,MATCHED,8866,7587373789000,10365,9175590144000,7587373765000,24000,0.024000
7587407108000,MATCHED,8867,7587407108000,10366,9175623472000,7587407093000,15000,0.015000
7587440425000,MATCHED,8868,7587440425000,10367,9175656780000,7587440401000,24000,0.024000
7587473743000,MATCHED,8869,7587473743000,10368,9175690099000,7587473720000,23000,0.023000
7587507066000,MATCHED,8870,7587507066000,10369,9175723417000,7587507038000,28000,0.028000
7587540381000,MATCHED,8871,7587540381000,10370,9175756735000,7587540356000,25000,0.025000
7587573700000,MATCHED,8872,7587573700000,10371,9175790054000,7587573675000,25000,0.025000
7587607023000,MATCHED,8873,7587607023000,10372,9175823372000,7587606993000,30000,0.030000
7587640336000,MATCHED,8874,7587640336000,10373,9175856691000,7587640312000,24000,0.024000
7587673655000,MATCHED,8875,7587673655000,10374,9175890010000,7587673631000,24000,0.024000
7587706972000,MATCHED,8876,7587706972000,10375,9175923328000,7587706949000,23000,0.023000
7587740291000,MATCHED,8877,7587740291000,10376,9175956646000,7587740267000,24000,0.024000
7587773610000,MATCHED,8878,7587773610000,10377,9175989965000,7587773586000,24000,0.024000
7587806929000,MATCHED,8879,7587806929000,10378,9176023283000,7587806904000,25000,0.025000
7587840247000,MATCHED,8880,7587840247000,10379,9176056602000,7587840223000,24000,0.024000
7587873566000,MATCHED,8881,7587873566000,10380,9176089921000,7587873542000,24000,0.024000
7587906885000,MATCHED,8882,7587906885000,10381,9176123240000,7587906861000,24000,0.024000
7587940202000,MATCHED,8883,7587940202000,10382,9176156556000,7587940177000,25000,0.025000
7587973520000,MATCHED,8884,7587973520000,10383,9176189878000,7587973499000,21000,0.021000
7588006838000,MATCHED,8885,7588006838000,10384,9176223195000,7588006816000,22000,0.022000
7588040160000,MATCHED,8886,7588040160000,10385,9176256513000,7588040134000,26000,0.026000
7588073477000,MATCHED,8887,7588073477000,10386,9176289831000,7588073452000,25000,0.025000
7588106795000,MATCHED,8888,7588106795000,10387,9176323149000,7588106770000,25000,0.025000
7588140114000,MATCHED,8889,7588140114000,10388,9176356468000,7588140089000,25000,0.025000
7588173433000,MATCHED,8890,7588173433000,10389,9176389786000,7588173407000,26000,0.026000
7588206750000,MATCHED,8891,7588206750000,10390,9176423106000,7588206727000,23000,0.023000
7588240069000,MATCHED,8892,7588240069000,10391,9176456433000,7588240054000,15000,0.015000
7588273390000,MATCHED,8893,7588273390000,10392,9176489742000,7588273363000,27000,0.027000
7588306706000,MATCHED,8894,7588306706000,10393,9176523060000,7588306681000,25000,0.025000
7588340025000,MATCHED,8895,7588340025000,10394,9176556379000,7588340000000,25000,0.025000
7588373342000,MATCHED,8896,7588373342000,10395,9176589697000,7588373318000,24000,0.024000
7588406663000,MATCHED,8897,7588406663000,10396,9176623016000,7588406637000,26000,0.026000
7588439979000,MATCHED,8898,7588439979000,10397,9176656334000,7588439955000,24000,0.024000
7588473298000,MATCHED,8899,7588473298000,10398,9176689653000,7588473274000,24000,0.024000
7588506618000,MATCHED,8900,7588506618000,10399,9176722971000,7588506592000,26000,0.026000
7588539935000,MATCHED,8901,7588539935000,10400,9176756290000,7588539911000,24000,0.024000
7588573264000,MATCHED,8902,7588573264000,10401,9176789608000,7588573229000,35000,0.035000
7588606573000,MATCHED,8903,7588606573000,10402,9176822928000,7588606549000,24000,0.024000
7588639890000,MATCHED,8904,7588639890000,10403,9176856245000,7588639866000,24000,0.024000
7588673209000,MATCHED,8905,7588673209000,10404,9176889564000,7588673185000,24000,0.024000
7588706527000,MATCHED,8906,7588706527000,10405,9176922882000,7588706503000,24000,0.024000
7588739845000,MATCHED,8907,7588739845000,10406,9176956201000,7588739822000,23000,0.023000
7588773164000,MATCHED,8908,7588773164000,10407,9176989519000,7588773140000,24000,0.024000
7588806482000,MATCHED,8909,7588806482000,10408,9177022837000,7588806458000,24000,0.024000
7588839802000,MATCHED,8910,7588839802000,10409,9177056156000,7588839777000,25000,0.025000
7588873120000,MATCHED,8911,7588873120000,10410,9177089475000,7588873096000,24000,0.024000
7588906438000,MATCHED,8912,7588906438000,10411,9177122793000,7588906414000,24000,0.024000
7588939756000,MATCHED,8913,7588939756000,10412,9177156112000,7588939733000,23000,0.023000
7588973075000,MATCHED,8914,7588973075000,10413,9177189430000,7588973051000,24000,0.024000
7589006394000,MATCHED,8915,7589006394000,10414,9177222748000,7589006369000,25000,0.025000
7589039712000,MATCHED,8916,7589039712000,10415,9177256067000,7589039688000,24000,0.024000
7589073031000,MATCHED,8917,7589073031000,10416,9177289385000,7589073006000,25000,0.025000
7589106350000,MATCHED,8918,7589106350000,10417,9177322704000,7589106325000,25000,0.025000
7589139670000,MATCHED,8919,7589139670000,10418,9177356023000,7589139644000,26000,0.026000
7589172987000,MATCHED,8920,7589172987000,10419,9177389341000,7589172962000,25000,0.025000
7589206306000,MATCHED,8921,7589206306000,10420,9177422659000,7589206280000,26000,0.026000
7589239624000,MATCHED,8922,7589239624000,10421,9177455978000,7589239599000,25000,0.025000
7589272943000,MATCHED,8923,7589272943000,10422,9177489297000,7589272918000,25000,0.025000
7589306260000,MATCHED,8924,7589306260000,10423,9177522615000,7589306236000,24000,0.024000
7589339580000,MATCHED,8925,7589339580000,10424,9177555933000,7589339554000,26000,0.026000
7589372897000,MATCHED,8926,7589372897000,10425,9177589252000,7589372873000,24000,0.024000
7589406217000,MATCHED,8927,7589406217000,10426,9177622570000,7589406191000,26000,0.026000
7589439536000,MATCHED,8928,7589439536000,10427,9177655889000,7589439510000,26000,0.026000
7589472852000,MATCHED,8929,7589472852000,10428,9177689207000,7589472828000,24000,0.024000
7589506172000,MATCHED,8930,7589506172000,10429,9177722526000,7589506147000,25000,0.025000
7589539490000,MATCHED,8931,7589539490000,10430,9177755844000,7589539465000,25000,0.025000
7589572810000,MATCHED,8932,7589572810000,10431,9177789163000,7589572784000,26000,0.026000
7589606133000,MATCHED,8933,7589606133000,10432,9177822481000,7589606102000,31000,0.031000
7589639448000,MATCHED,8934,7589639448000,10433,9177855799000,7589639420000,28000,0.028000
7589672766000,MATCHED,8935,7589672766000,10434,9177889119000,7589672740000,26000,0.026000
7589706086000,MATCHED,8936,7589706086000,10435,9177922437000,7589706058000,28000,0.028000
7589739403000,MATCHED,8937,7589739403000,10436,9177955755000,7589739376000,27000,0.027000
7589772721000,MATCHED,8938,7589772721000,10437,9177989074000,7589772695000,26000,0.026000
7589806039000,MATCHED,8939,7589806039000,10438,9178022392000,7589806013000,26000,0.026000
7589839358000,MATCHED,8940,7589839358000,10439,9178055711000,7589839332000,26000,0.026000
7589872678000,MATCHED,8941,7589872678000,10440,9178089029000,7589872650000,28000,0.028000
7589905995000,MATCHED,8942,7589905995000,10441,9178122348000,7589905969000,26000,0.026000
7589939317000,MATCHED,8943,7589939317000,10442,9178155663000,7589939284000,33000,0.033000
7589972632000,MATCHED,8944,7589972632000,10443,9178188986000,7589972607000,25000,0.025000
7590005951000,MATCHED,8945,7590005951000,10444,9178222303000,7590005924000,27000,0.027000
7590039270000,MATCHED,8946,7590039270000,10445,9178255622000,7590039243000,27000,0.027000
7590072587000,MATCHED,8947,7590072587000,10446,9178288940000,7590072561000,26000,0.026000
7590105906000,MATCHED,8948,7590105906000,10447,9178322258000,7590105879000,27000,0.027000
7590139229000,MATCHED,8949,7590139229000,10448,9178355577000,7590139198000,31000,0.031000
7590172543000,MATCHED,8950,7590172543000,10449,9178388895000,7590172516000,27000,0.027000
7590205862000,MATCHED,8951,7590205862000,10450,9178422214000,7590205835000,27000,0.027000
7590239180000,MATCHED,8952,7590239180000,10451,9178455533000,7590239154000,26000,0.026000
7590272498000,MATCHED,8953,7590272498000,10452,9178488851000,7590272472000,26000,0.026000
7590305817000,MATCHED,8954,7590305817000,10453,9178522169000,7590305790000,27000,0.027000
7590339136000,MATCHED,8955,7590339136000,10454,9178555487000,7590339108000,28000,0.028000
7590372455000,MATCHED,8956,7590372455000,10455,9178588806000,7590372427000,28000,0.028000
7590405772000,MATCHED,8957,7590405772000,10456,9178622125000,7590405746000,26000,0.026000
7590439092000,MATCHED,8958,7590439092000,10457,9178655443000,7590439064000,28000,0.028000
7590472409000,MATCHED,8959,7590472409000,10458,9178688762000,7590472383000,26000,0.026000
7590505729000,MATCHED,8960,7590505729000,10459,9178722080000,7590505701000,28000,0.028000
7590539047000,MATCHED,8961,7590539047000,10460,9178755398000,7590539019000,28000,0.028000
7590572365000,MATCHED,8962,7590572365000,10461,9178788717000,7590572338000,27000,0.027000
7590605683000,MATCHED,8963,7590605683000,10462,9178822036000,7590605657000,26000,0.026000
7590639006000,MATCHED,8964,7590639006000,10463,9178855353000,7590638974000,32000,0.032000
7590672320000,MATCHED,8965,7590672320000,10464,9178888673000,7590672294000,26000,0.026000
7590705639000,MATCHED,8966,7590705639000,10465,9178921990000,7590705611000,28000,0.028000
7590738957000,MATCHED,8967,7590738957000,10466,9178955310000,7590738931000,26000,0.026000
7590772275000,MATCHED,8968,7590772275000,10467,9178988628000,7590772249000,26000,0.026000
7590805595000,MATCHED,8969,7590805595000,10468,9179021946000,7590805567000,28000,0.028000
7590838915000,MATCHED,8970,7590838915000,10469,9179055265000,7590838886000,29000,0.029000
7590872232000,MATCHED,8971,7590872232000,10470,9179088583000,7590872204000,28000,0.028000
7590905550000,MATCHED,8972,7590905550000,10471,9179121902000,7590905523000,27000,0.027000
7590938872000,MATCHED,8973,7590938872000,10472,9179155220000,7590938841000,31000,0.031000
7590972187000,MATCHED,8974,7590972187000,10473,9179188539000,7590972160000,27000,0.027000
7591005507000,MATCHED,8975,7591005507000,10474,9179221857000,7591005478000,29000,0.029000
7591038825000,MATCHED,8976,7591038825000,10475,9179255176000,7591038797000,28000,0.028000
7591072143000,MATCHED,8977,7591072143000,10476,9179288494000,7591072115000,28000,0.028000
7591105464000,MATCHED,8978,7591105464000,10477,9179321811000,7591105432000,32000,0.032000
7591138804000,MATCHED,8979,7591138804000,10478,9179355132000,7591138753000,51000,0.051000
7591172105000,MATCHED,8980,7591172105000,10479,9179388449000,7591172070000,35000,0.035000
7591205414000,MATCHED,8981,7591205414000,10480,9179421769000,7591205390000,24000,0.024000
7591238736000,MATCHED,8982,7591238736000,10481,9179455086000,7591238707000,29000,0.029000
7591272051000,MATCHED,8983,7591272051000,10482,9179488405000,7591272026000,25000,0.025000
7591305369000,MATCHED,8984,7591305369000,10483,9179521723000,7591305344000,25000,0.025000
7591338688000,MATCHED,8985,7591338688000,10484,9179555042000,7591338663000,25000,0.025000
7591372006000,MATCHED,8986,7591372006000,10485,9179588360000,7591371981000,25000,0.025000
7591405327000,MATCHED,8987,7591405327000,10486,9179621679000,7591405300000,27000,0.027000
7591438643000,MATCHED,8988,7591438643000,10487,9179654997000,7591438618000,25000,0.025000
7591471962000,MATCHED,8989,7591471962000,10488,9179688316000,7591471937000,25000,0.025000
7591505282000,MATCHED,8990,7591505282000,10489,9179721635000,7591505256000,26000,0.026000
7591538599000,MATCHED,8991,7591538599000,10490,9179754953000,7591538574000,25000,0.025000
7591571918000,MATCHED,8992,7591571918000,10491,9179788271000,7591571892000,26000,0.026000
7591605236000,MATCHED,8993,7591605236000,10492,9179821590000,7591605211000,25000,0.025000
7591638553000,MATCHED,8994,7591638553000,10493,9179854907000,7591638528000,25000,0.025000
7591671880000,MATCHED,8995,7591671880000,10494,9179888226000,7591671847000,33000,0.033000
7591705190000,MATCHED,8996,7591705190000,10495,9179921545000,7591705166000,24000,0.024000
7591738530000,MATCHED,8997,7591738530000,10496,9179954864000,7591738485000,45000,0.045000
7591771831000,MATCHED,8998,7591771831000,10497,9179988182000,7591771803000,28000,0.028000
7591805148000,MATCHED,8999,7591805148000,10498,9180021501000,7591805122000,26000,0.026000
7591838476000,MATCHED,9000,7591838476000,10499,9180054820000,7591838441000,35000,0.035000
7591871792000,MATCHED,9001,7591871792000,10500,9180088139000,7591871760000,32000,0.032000
7591905109000,MATCHED,9002,7591905109000,10501,9180121456000,7591905077000,32000,0.032000
7591938433000,MATCHED,9003,7591938433000,10502,9180154773000,7591938394000,39000,0.039000
7591971739000,MATCHED,9004,7591971739000,10503,9180188093000,7591971714000,25000,0.025000
7592005064000,MATCHED,9005,7592005064000,10504,9180221412000,7592005033000,31000,0.031000
7592038390000,MATCHED,9006,7592038390000,10505,9180254731000,7592038352000,38000,0.038000
7592071708000,MATCHED,9007,7592071708000,10506,9180288048000,7592071669000,39000,0.039000
7592105018000,MATCHED,9008,7592105018000,10507,9180321367000,7592104988000,30000,0.030000
7592138349000,MATCHED,9009,7592138349000,10508,9180354686000,7592138307000,42000,0.042000
7592171657000,MATCHED,9010,7592171657000,10509,9180388005000,7592171626000,31000,0.031000
7592204969000,MATCHED,9011,7592204969000,10510,9180421322000,7592204943000,26000,0.026000
7592238306000,MATCHED,9012,7592238306000,10511,9180454642000,7592238263000,43000,0.043000
7592271606000,MATCHED,9013,7592271606000,10512,9180487959000,7592271580000,26000,0.026000
7592304927000,MATCHED,9014,7592304927000,10513,9180521277000,7592304898000,29000,0.029000
7592338246000,MATCHED,9015,7592338246000,10514,9180554596000,7592338217000,29000,0.029000
7592371568000,MATCHED,9016,7592371568000,10515,9180587915000,7592371536000,32000,0.032000
7592404882000,MATCHED,9017,7592404882000,10516,9180621233000,7592404854000,28000,0.028000
7592438209000,MATCHED,9018,7592438209000,10517,9180654552000,7592438173000,36000,0.036000
7592471516000,MATCHED,9019,7592471516000,10518,9180687870000,7592471491000,25000,0.025000
7592504837000,MATCHED,9020,7592504837000,10519,9180721189000,7592504810000,27000,0.027000
7592538158000,MATCHED,9021,7592538158000,10520,9180754508000,7592538129000,29000,0.029000
7592571473000,MATCHED,9022,7592571473000,10521,9180787826000,7592571447000,26000,0.026000
7592604794000,MATCHED,9023,7592604794000,10522,9180821144000,7592604765000,29000,0.029000
7592638111000,MATCHED,9024,7592638111000,10523,9180854463000,7592638084000,27000,0.027000
7592671435000,MATCHED,9025,7592671435000,10524,9180887782000,7592671403000,32000,0.032000
7592704756000,MATCHED,9026,7592704756000,10525,9180921100000,7592704721000,35000,0.035000
7592738080000,MATCHED,9027,7592738080000,10526,9180954419000,7592738040000,40000,0.040000
7592771386000,MATCHED,9028,7592771386000,10527,9180987737000,7592771358000,28000,0.028000
7592804706000,MATCHED,9029,7592804706000,10528,9181021055000,7592804676000,30000,0.030000
7592838025000,MATCHED,9030,7592838025000,10529,9181054374000,7592837995000,30000,0.030000
7592871348000,MATCHED,9031,7592871348000,10530,9181087693000,7592871314000,34000,0.034000
7592904662000,MATCHED,9032,7592904662000,10531,9181121011000,7592904632000,30000,0.030000
7592937982000,MATCHED,9033,7592937982000,10532,9181154330000,7592937951000,31000,0.031000
7592971309000,MATCHED,9034,7592971309000,10533,9181187648000,7592971269000,40000,0.040000
7593004614000,MATCHED,9035,7593004614000,10534,9181220967000,7593004588000,26000,0.026000
7593037930000,MATCHED,9036,7593037930000,10535,9181254285000,7593037906000,24000,0.024000
7593071256000,MATCHED,9037,7593071256000,10536,9181287604000,7593071225000,31000,0.031000
7593104569000,MATCHED,9038,7593104569000,10537,9181320922000,7593104543000,26000,0.026000
7593137889000,MATCHED,9039,7593137889000,10538,9181354240000,7593137861000,28000,0.028000
7593171214000,MATCHED,9040,7593171214000,10539,9181387560000,7593171181000,33000,0.033000
7593204531000,MATCHED,9041,7593204531000,10540,9181420877000,7593204498000,33000,0.033000
7593237848000,MATCHED,9042,7593237848000,10541,9181454196000,7593237817000,31000,0.031000
7593271164000,MATCHED,9043,7593271164000,10542,9181487511000,7593271132000,32000,0.032000
7593304479000,MATCHED,9044,7593304479000,10543,9181520832000,7593304453000,26000,0.026000
7593337797000,MATCHED,9045,7593337797000,10544,9181554151000,7593337772000,25000,0.025000
7593371115000,MATCHED,9046,7593371115000,10545,9181587468000,7593371089000,26000,0.026000
7593404435000,MATCHED,9047,7593404435000,10546,9181620788000,7593404409000,26000,0.026000
7593437759000,MATCHED,9048,7593437759000,10547,9181654107000,7593437728000,31000,0.031000
7593471074000,MATCHED,9049,7593471074000,10548,9181687424000,7593471045000,29000,0.029000
7593504390000,MATCHED,9050,7593504390000,10549,9181720743000,7593504364000,26000,0.026000
7593537715000,MATCHED,9051,7593537715000,10550,9181754063000,7593537684000,31000,0.031000
7593571028000,MATCHED,9052,7593571028000,10551,9181787380000,7593571001000,27000,0.027000
7593604352000,MATCHED,9053,7593604352000,10552,9181820699000,7593604320000,32000,0.032000
7593637674000,MATCHED,9054,7593637674000,10553,9181854017000,7593637638000,36000,0.036000
7593670983000,MATCHED,9055,7593670983000,10554,9181887336000,7593670957000,26000,0.026000
7593704300000,MATCHED,9056,7593704300000,10555,9181920654000,7593704275000,25000,0.025000
7593737621000,MATCHED,9057,7593737621000,10556,9181953972000,7593737593000,28000,0.028000
7593770937000,MATCHED,9058,7593770937000,10557,9181987291000,7593770912000,25000,0.025000
7593804268000,MATCHED,9059,7593804268000,10558,9182020609000,7593804230000,38000,0.038000
7593837580000,MATCHED,9060,7593837580000,10559,9182053928000,7593837549000,31000,0.031000
7593870894000,MATCHED,9061,7593870894000,10560,9182087247000,7593870868000,26000,0.026000
7593904212000,MATCHED,9062,7593904212000,10561,9182120565000,7593904186000,26000,0.026000
7593937532000,MATCHED,9063,7593937532000,10562,9182153880000,7593937501000,31000,0.031000
7593970848000,MATCHED,9064,7593970848000,10563,9182187202000,7593970823000,25000,0.025000
7594004169000,MATCHED,9065,7594004169000,10564,9182220520000,7594004141000,28000,0.028000
7594037486000,MATCHED,9066,7594037486000,10565,9182253839000,7594037460000,26000,0.026000
7594070808000,MATCHED,9067,7594070808000,10566,9182287158000,7594070779000,29000,0.029000
7594104125000,MATCHED,9068,7594104125000,10567,9182320475000,7594104096000,29000,0.029000
7594137447000,MATCHED,9069,7594137447000,10568,9182353794000,7594137415000,32000,0.032000
7594170760000,MATCHED,9070,7594170760000,10569,9182387112000,7594170733000,27000,0.027000
7594204087000,MATCHED,9071,7594204087000,10570,9182420431000,7594204052000,35000,0.035000
7594237399000,MATCHED,9072,7594237399000,10571,9182453750000,7594237371000,28000,0.028000
7594270722000,MATCHED,9073,7594270722000,10572,9182487068000,7594270689000,33000,0.033000
7594304064000,MATCHED,9074,7594304064000,10573,9182520386000,7594304007000,57000,0.057000
7594337360000,MATCHED,9075,7594337360000,10574,9182553705000,7594337326000,34000,0.034000
7594370669000,MATCHED,9076,7594370669000,10575,9182587023000,7594370644000,25000,0.025000
7594403992000,MATCHED,9077,7594403992000,10576,9182620342000,7594403963000,29000,0.029000
7594437308000,MATCHED,9078,7594437308000,10577,9182653661000,7594437282000,26000,0.026000
7594470628000,MATCHED,9079,7594470628000,10578,9182686979000,7594470600000,28000,0.028000
7594503944000,MATCHED,9080,7594503944000,10579,9182720298000,7594503919000,25000,0.025000
7594537262000,MATCHED,9081,7594537262000,10580,9182753616000,7594537237000,25000,0.025000
7594570589000,MATCHED,9082,7594570589000,10581,9182786934000,7594570555000,34000,0.034000
7594603904000,MATCHED,9083,7594603904000,10582,9182820253000,7594603874000,30000,0.030000
7594637219000,MATCHED,9084,7594637219000,10583,9182853571000,7594637192000,27000,0.027000
7594670537000,MATCHED,9085,7594670537000,10584,9182886891000,7594670512000,25000,0.025000
7594703859000,MATCHED,9086,7594703859000,10585,9182920208000,7594703829000,30000,0.030000
7594737176000,MATCHED,9087,7594737176000,10586,9182953527000,7594737148000,28000,0.028000
7594770501000,MATCHED,9088,7594770501000,10587,9182986845000,7594770466000,35000,0.035000
7594803822000,MATCHED,9089,7594803822000,10588,9183020163000,7594803784000,38000,0.038000
7594837130000,MATCHED,9090,7594837130000,10589,9183053482000,7594837103000,27000,0.027000
7594870446000,MATCHED,9091,7594870446000,10590,9183086801000,7594870422000,24000,0.024000
7594903765000,MATCHED,9092,7594903765000,10591,9183120119000,7594903740000,25000,0.025000
7594937089000,MATCHED,9093,7594937089000,10592,9183153438000,7594937059000,30000,0.030000
7594970402000,MATCHED,9094,7594970402000,10593,9183186757000,7594970378000,24000,0.024000
7595003725000,MATCHED,9095,7595003725000,10594,9183220075000,7595003696000,29000,0.029000
7595037055000,MATCHED,9096,7595037055000,10595,9183253393000,7595037014000,41000,0.041000
7595070360000,MATCHED,9097,7595070360000,10596,9183286712000,7595070333000,27000,0.027000
7595103681000,MATCHED,9098,7595103681000,10597,9183320030000,7595103651000,30000,0.030000
7595136995000,MATCHED,9099,7595136995000,10598,9183353348000,7595136969000,26000,0.026000
7595170314000,MATCHED,9100,7595170314000,10599,9183386667000,7595170288000,26000,0.026000
7595203631000,MATCHED,9101,7595203631000,10600,9183419985000,7595203606000,25000,0.025000
7595236955000,MATCHED,9102,7595236955000,10601,9183453304000,7595236925000,30000,0.030000
7595270272000,MATCHED,9103,7595270272000,10602,9183486622000,7595270243000,29000,0.029000
7595303593000,MATCHED,9104,7595303593000,10603,9183519941000,7595303562000,31000,0.031000
7595336916000,MATCHED,9105,7595336916000,10604,9183553260000,7595336881000,35000,0.035000
7595370228000,MATCHED,9106,7595370228000,10605,9183586578000,7595370199000,29000,0.029000
7595403550000,MATCHED,9107,7595403550000,10606,9183619896000,7595403517000,33000,0.033000
7595436861000,MATCHED,9108,7595436861000,10607,9183653215000,7595436836000,25000,0.025000
7595470183000,MATCHED,9109,7595470183000,10608,9183686534000,7595470155000,28000,0.028000
7595503498000,MATCHED,9110,7595503498000,10609,9183719852000,7595503473000,25000,0.025000
7595536818000,MATCHED,9111,7595536818000,10610,9183753171000,7595536792000,26000,0.026000
7595570135000,MATCHED,9112,7595570135000,10611,9183786489000,7595570110000,25000,0.025000
7595603455000,MATCHED,9113,7595603455000,10612,9183819809000,7595603430000,25000,0.025000
7595636771000,MATCHED,9114,7595636771000,10613,9183853127000,7595636748000,23000,0.023000
7595670092000,MATCHED,9115,7595670092000,10614,9183886444000,7595670065000,27000,0.027000
7595703408000,MATCHED,9116,7595703408000,10615,9183919762000,7595703383000,25000,0.025000
7595736730000,MATCHED,9117,7595736730000,10616,9183953082000,7595736703000,27000,0.027000
7595770047000,MATCHED,9118,7595770047000,10617,9183986399000,7595770020000,27000,0.027000
7595803363000,MATCHED,9119,7595803363000,10618,9184019718000,7595803339000,24000,0.024000
7595836689000,MATCHED,9120,7595836689000,10619,9184053036000,7595836657000,32000,0.032000
7595870005000,MATCHED,9121,7595870005000,10620,9184086355000,7595869976000,29000,0.029000
7595903319000,MATCHED,9122,7595903319000,10621,9184119673000,7595903294000,25000,0.025000
7595936639000,MATCHED,9123,7595936639000,10622,9184152989000,7595936610000,29000,0.029000
7595969956000,MATCHED,9124,7595969956000,10623,9184186313000,7595969934000,22000,0.022000
7596003277000,MATCHED,9125,7596003277000,10624,9184219628000,7596003249000,28000,0.028000
7596036599000,MATCHED,9126,7596036599000,10625,9184252947000,7596036568000,31000,0.031000
7596069912000,MATCHED,9127,7596069912000,10626,9184286265000,7596069886000,26000,0.026000
7596103238000,MATCHED,9128,7596103238000,10627,9184319584000,7596103205000,33000,0.033000
7596136548000,MATCHED,9129,7596136548000,10628,9184352903000,7596136524000,24000,0.024000
7596169868000,MATCHED,9130,7596169868000,10629,9184386221000,7596169842000,26000,0.026000
7596203187000,MATCHED,9131,7596203187000,10630,9184419540000,7596203161000,26000,0.026000
7596236507000,MATCHED,9132,7596236507000,10631,9184452858000,7596236479000,28000,0.028000
7596269823000,MATCHED,9133,7596269823000,10632,9184486176000,7596269797000,26000,0.026000
7596303146000,MATCHED,9134,7596303146000,10633,9184519495000,7596303116000,30000,0.030000
7596336461000,MATCHED,9135,7596336461000,10634,9184552813000,7596336434000,27000,0.027000
7596369790000,MATCHED,9136,7596369790000,10635,9184586132000,7596369753000,37000,0.037000
7596403101000,MATCHED,9137,7596403101000,10636,9184619450000,7596403071000,30000,0.030000
7596436420000,MATCHED,9138,7596436420000,10637,9184652769000,7596436390000,30000,0.030000
7596469733000,MATCHED,9139,7596469733000,10638,9184686087000,7596469708000,25000,0.025000
7596503072000,MATCHED,9140,7596503072000,10639,9184719407000,7596503028000,44000,0.044000
7596536370000,MATCHED,9141,7596536370000,10640,9184752725000,7596536346000,24000,0.024000
7596569703000,MATCHED,9142,7596569703000,10641,9184786043000,7596569664000,39000,0.039000
7596603019000,MATCHED,9143,7596603019000,10642,9184819361000,7596602982000,37000,0.037000
7596636327000,MATCHED,9144,7596636327000,10643,9184852680000,7596636301000,26000,0.026000
7596669645000,MATCHED,9145,7596669645000,10644,9184885999000,7596669620000,25000,0.025000
7596702971000,MATCHED,9146,7596702971000,10645,9184919317000,7596702938000,33000,0.033000
7596736283000,MATCHED,9147,7596736283000,10646,9184952636000,7596736257000,26000,0.026000
7596769606000,MATCHED,9148,7596769606000,10647,9184985954000,7596769575000,31000,0.031000
7596802923000,MATCHED,9149,7596802923000,10648,9185019272000,7596802893000,30000,0.030000
7596836257000,MATCHED,9150,7596836257000,10649,9185052591000,7596836212000,45000,0.045000
7596869564000,MATCHED,9151,7596869564000,10650,9185085909000,7596869530000,34000,0.034000
7596902880000,MATCHED,9152,7596902880000,10651,9185119227000,7596902848000,32000,0.032000
7596936197000,MATCHED,9153,7596936197000,10652,9185152546000,7596936167000,30000,0.030000
7596969516000,MATCHED,9154,7596969516000,10653,9185185864000,7596969485000,31000,0.031000
7597002834000,MATCHED,9155,7597002834000,10654,9185219184000,7597002805000,29000,0.029000
7597036157000,MATCHED,9156,7597036157000,10655,9185252501000,7597036122000,35000,0.035000
7597069472000,MATCHED,9157,7597069472000,10656,9185285820000,7597069441000,31000,0.031000
7597102788000,MATCHED,9158,7597102788000,10657,9185319139000,7597102760000,28000,0.028000
7597136108000,MATCHED,9159,7597136108000,10658,9185352457000,7597136078000,30000,0.030000
7597169425000,MATCHED,9160,7597169425000,10659,9185385775000,7597169396000,29000,0.029000
7597202746000,MATCHED,9161,7597202746000,10660,9185419094000,7597202715000,31000,0.031000
7597236062000,MATCHED,9162,7597236062000,10661,9185452412000,7597236033000,29000,0.029000
7597269386000,MATCHED,9163,7597269386000,10662,9185485731000,7597269352000,34000,0.034000
7597302704000,MATCHED,9164,7597302704000,10663,9185519049000,7597302670000,34000,0.034000
7597336016000,MATCHED,9165,7597336016000,10664,9185552368000,7597335989000,27000,0.027000
7597369334000,MATCHED,9166,7597369334000,10665,9185585687000,7597369308000,26000,0.026000
7597402651000,MATCHED,9167,7597402651000,10666,9185619004000,7597402625000,26000,0.026000
7597435969000,MATCHED,9168,7597435969000,10667,9185652323000,7597435944000,25000,0.025000
7597469287000,MATCHED,9169,7597469287000,10668,9185685641000,7597469262000,25000,0.025000
7597502605000,MATCHED,9170,7597502605000,10669,9185718960000,7597502581000,24000,0.024000
7597535924000,MATCHED,9171,7597535924000,10670,9185752279000,7597535900000,24000,0.024000
7597569245000,MATCHED,9172,7597569245000,10671,9185785597000,7597569218000,27000,0.027000
7597602564000,MATCHED,9173,7597602564000,10672,9185818916000,7597602537000,27000,0.027000
7597635880000,MATCHED,9174,7597635880000,10673,9185852234000,7597635855000,25000,0.025000
7597669202000,MATCHED,9175,7597669202000,10674,9185885552000,7597669173000,29000,0.029000
7597702516000,MATCHED,9176,7597702516000,10675,9185918871000,7597702492000,24000,0.024000
7597735835000,MATCHED,9177,7597735835000,10676,9185952190000,7597735811000,24000,0.024000
7597769152000,MATCHED,9178,7597769152000,10677,9185985509000,7597769130000,22000,0.022000
7597802471000,MATCHED,9179,7597802471000,10678,9186018826000,7597802447000,24000,0.024000
7597835792000,MATCHED,9180,7597835792000,10679,9186052152000,7597835773000,19000,0.019000
7597869107000,MATCHED,9181,7597869107000,10680,9186085462000,7597869083000,24000,0.024000
7597902430000,MATCHED,9182,7597902430000,10681,9186118790000,7597902411000,19000,0.019000
7597935755000,MATCHED,9183,7597935755000,10682,9186152107000,7597935728000,27000,0.027000
7597969072000,MATCHED,9184,7597969072000,10683,9186185418000,7597969039000,33000,0.033000
7598002393000,MATCHED,9185,7598002393000,10684,9186218736000,7598002357000,36000,0.036000
7598035720000,MATCHED,9186,7598035720000,10685,9186252055000,7598035676000,44000,0.044000
7598069027000,MATCHED,9187,7598069027000,10686,9186285373000,7598068994000,33000,0.033000
7598102350000,MATCHED,9188,7598102350000,10687,9186318689000,7598102310000,40000,0.040000
7598135687000,MATCHED,9189,7598135687000,10688,9186352008000,7598135629000,58000,0.058000
7598168990000,MATCHED,9190,7598168990000,10689,9186385328000,7598168949000,41000,0.041000
7598202298000,MATCHED,9191,7598202298000,10690,9186418646000,7598202267000,31000,0.031000
7598235616000,MATCHED,9192,7598235616000,10691,9186451964000,7598235585000,31000,0.031000
7598268933000,MATCHED,9193,7598268933000,10692,9186485283000,7598268904000,29000,0.029000
7598302269000,MATCHED,9194,7598302269000,10693,9186518603000,7598302224000,45000,0.045000
7598335583000,MATCHED,9195,7598335583000,10694,9186551919000,7598335540000,43000,0.043000
7598368905000,MATCHED,9196,7598368905000,10695,9186585240000,7598368861000,44000,0.044000
7598402232000,MATCHED,9197,7598402232000,10696,9186618558000,7598402179000,53000,0.053000
7598435523000,MATCHED,9198,7598435523000,10697,9186651875000,7598435496000,27000,0.027000
7598468856000,MATCHED,9199,7598468856000,10698,9186685196000,7598468817000,39000,0.039000
7598502166000,MATCHED,9200,7598502166000,10699,9186718516000,7598502137000,29000,0.029000
7598535492000,MATCHED,9201,7598535492000,10700,9186751835000,7598535456000,36000,0.036000
7598568802000,MATCHED,9202,7598568802000,10701,9186785159000,7598568780000,22000,0.022000
7598602120000,MATCHED,9203,7598602120000,10702,9186818477000,7598602098000,22000,0.022000
7598635445000,MATCHED,9204,7598635445000,10703,9186851788000,7598635409000,36000,0.036000
7598668764000,MATCHED,9205,7598668764000,10704,9186885107000,7598668728000,36000,0.036000
7598702090000,MATCHED,9206,7598702090000,10705,9186918425000,7598702046000,44000,0.044000
7598735404000,MATCHED,9207,7598735404000,10706,9186951751000,7598735372000,32000,0.032000
7598768718000,MATCHED,9208,7598768718000,10707,9186985063000,7598768684000,34000,0.034000
7598802037000,MATCHED,9209,7598802037000,10708,9187018382000,7598802003000,34000,0.034000
7598835353000,MATCHED,9210,7598835353000,10709,9187051707000,7598835328000,25000,0.025000
7598868672000,MATCHED,9211,7598868672000,10710,9187085019000,7598868640000,32000,0.032000
7598901988000,MATCHED,9212,7598901988000,10711,9187118338000,7598901959000,29000,0.029000
7598935301000,MATCHED,9213,7598935301000,10712,9187151654000,7598935275000,26000,0.026000
7598968619000,MATCHED,9214,7598968619000,10713,9187184976000,7598968597000,22000,0.022000
7599001939000,MATCHED,9215,7599001939000,10714,9187218296000,7599001917000,22000,0.022000
7599035269000,MATCHED,9216,7599035269000,10715,9187251621000,7599035242000,27000,0.027000
7599068580000,MATCHED,9217,7599068580000,10716,9187284928000,7599068549000,31000,0.031000
7599101895000,MATCHED,9218,7599101895000,10717,9187318247000,7599101868000,27000,0.027000
7599135222000,MATCHED,9219,7599135222000,10718,9187351564000,7599135185000,37000,0.037000
7599168542000,MATCHED,9220,7599168542000,10719,9187384884000,7599168505000,37000,0.037000
7599201860000,MATCHED,9221,7599201860000,10720,9187418205000,7599201826000,34000,0.034000
7599235182000,MATCHED,9222,7599235182000,10721,9187451531000,7599235152000,30000,0.030000
7599268500000,MATCHED,9223,7599268500000,10722,9187484838000,7599268459000,41000,0.041000
7599301813000,MATCHED,9224,7599301813000,10723,9187518157000,7599301778000,35000,0.035000
7599335133000,MATCHED,9225,7599335133000,10724,9187551484000,7599335105000,28000,0.028000
7599368441000,MATCHED,9226,7599368441000,10725,9187584798000,7599368419000,22000,0.022000
7599401762000,MATCHED,9227,7599401762000,10726,9187618115000,7599401736000,26000,0.026000
7599435084000,MATCHED,9228,7599435084000,10727,9187651432000,7599435053000,31000,0.031000
7599468416000,MATCHED,9229,7599468416000,10728,9187684749000,7599468370000,46000,0.046000
7599501716000,MATCHED,9230,7599501716000,10729,9187718069000,7599501690000,26000,0.026000
7599535046000,MATCHED,9231,7599535046000,10730,9187751388000,7599535009000,37000,0.037000
7599568353000,MATCHED,9232,7599568353000,10731,9187784714000,7599568335000,18000,0.018000
7599601676000,MATCHED,9233,7599601676000,10732,9187818023000,7599601644000,32000,0.032000
7599634992000,MATCHED,9234,7599634992000,10733,9187851349000,7599634970000,22000,0.022000
7599668320000,MATCHED,9235,7599668320000,10734,9187884659000,7599668280000,40000,0.040000
7599701642000,MATCHED,9236,7599701642000,10735,9187917979000,7599701600000,42000,0.042000
7599734959000,MATCHED,9237,7599734959000,10736,9187951304000,7599734925000,34000,0.034000
7599768274000,MATCHED,9238,7599768274000,10737,9187984616000,7599768237000,37000,0.037000
7599801600000,MATCHED,9239,7599801600000,10738,9188017933000,7599801554000,46000,0.046000
7599834910000,MATCHED,9240,7599834910000,10739,9188051254000,7599834875000,35000,0.035000
7599868225000,MATCHED,9241,7599868225000,10740,9188084571000,7599868192000,33000,0.033000
7599901538000,MATCHED,9242,7599901538000,10741,9188117901000,7599901522000,16000,0.016000
7599934865000,MATCHED,9243,7599934865000,10742,9188151211000,7599934832000,33000,0.033000
7599968175000,MATCHED,9244,7599968175000,10743,9188184533000,7599968154000,21000,0.021000
7600001495000,MATCHED,9245,7600001495000,10744,9188217855000,7600001476000,19000,0.019000
7600034813000,MATCHED,9246,7600034813000,10745,9188251169000,7600034790000,23000,0.023000
7600068128000,MATCHED,9247,7600068128000,10746,9188284483000,7600068104000,24000,0.024000
7600101447000,MATCHED,9248,7600101447000,10747,9188317806000,7600101427000,20000,0.020000
7600134773000,MATCHED,9249,7600134773000,10748,9188351126000,7600134747000,26000,0.026000
7600168087000,MATCHED,9250,7600168087000,10749,9188384440000,7600168061000,26000,0.026000
7600201404000,MATCHED,9251,7600201404000,10750,9188417761000,7600201382000,22000,0.022000
7600234723000,MATCHED,9252,7600234723000,10751,9188451079000,7600234700000,23000,0.023000
7600268076000,MATCHED,9253,7600268076000,10752,9188484398000,7600268019000,57000,0.057000
7600301364000,MATCHED,9254,7600301364000,10753,9188517722000,7600301343000,21000,0.021000
7600334683000,MATCHED,9255,7600334683000,10754,9188551033000,7600334654000,29000,0.029000
7600367997000,MATCHED,9256,7600367997000,10755,9188584351000,7600367972000,25000,0.025000
7600401313000,MATCHED,9257,7600401313000,10756,9188617675000,7600401296000,17000,0.017000
7600434639000,MATCHED,9258,7600434639000,10757,9188650993000,7600434614000,25000,0.025000
7600467952000,MATCHED,9259,7600467952000,10758,9188684305000,7600467926000,26000,0.026000
7600501273000,MATCHED,9260,7600501273000,10759,9188717622000,7600501243000,30000,0.030000
7600534589000,MATCHED,9261,7600534589000,10760,9188750940000,7600534561000,28000,0.028000
7600567909000,MATCHED,9262,7600567909000,10761,9188784258000,7600567879000,30000,0.030000
7600601231000,MATCHED,9263,7600601231000,10762,9188817577000,7600601198000,33000,0.033000
7600634552000,MATCHED,9264,7600634552000,10763,9188850895000,7600634516000,36000,0.036000
7600667893000,MATCHED,9265,7600667893000,10764,9188884214000,7600667835000,58000,0.058000
7600701187000,MATCHED,9266,7600701187000,10765,9188917532000,7600701153000,34000,0.034000
7600734518000,MATCHED,9267,7600734518000,10766,9188950850000,7600734471000,47000,0.047000
7600767824000,MATCHED,9268,7600767824000,10767,9188984168000,7600767789000,35000,0.035000
7600801142000,MATCHED,9269,7600801142000,10768,9189017487000,7600801108000,34000,0.034000
7600834488000,MATCHED,9270,7600834488000,10769,9189050806000,7600834427000,61000,0.061000
7600867780000,MATCHED,9271,7600867780000,10770,9189084124000,7600867745000,35000,0.035000
7600901119000,MATCHED,9272,7600901119000,10771,9189117443000,7600901064000,55000,0.055000
7600934446000,MATCHED,9273,7600934446000,10772,9189150762000,7600934383000,63000,0.063000
7600967759000,MATCHED,9274,7600967759000,10773,9189184080000,7600967701000,58000,0.058000
7601001050000,MATCHED,9275,7601001050000,10774,9189217399000,7601001020000,30000,0.030000
7601034365000,MATCHED,9276,7601034365000,10775,9189250716000,7601034337000,28000,0.028000
7601067683000,MATCHED,9277,7601067683000,10776,9189284034000,7601067655000,28000,0.028000
7601101001000,MATCHED,9278,7601101001000,10777,9189317354000,7601100975000,26000,0.026000
7601134319000,MATCHED,9279,7601134319000,10778,9189350672000,7601134293000,26000,0.026000
7601167639000,MATCHED,9280,7601167639000,10779,9189383990000,7601167611000,28000,0.028000
7601200956000,MATCHED,9281,7601200956000,10780,9189417311000,7601200932000,24000,0.024000
7601234275000,MATCHED,9282,7601234275000,10781,9189450628000,7601234249000,26000,0.026000
7601267594000,MATCHED,9283,7601267594000,10782,9189483946000,7601267567000,27000,0.027000
7601300912000,MATCHED,9284,7601300912000,10783,9189517264000,7601300885000,27000,0.027000
7601334230000,MATCHED,9285,7601334230000,10784,9189550583000,7601334204000,26000,0.026000
7601367548000,MATCHED,9286,7601367548000,10785,9189583903000,7601367524000,24000,0.024000
7601400870000,MATCHED,9287,7601400870000,10786,9189617220000,7601400841000,29000,0.029000
7601434186000,MATCHED,9288,7601434186000,10787,9189650539000,7601434160000,26000,0.026000
7601467506000,MATCHED,9289,7601467506000,10788,9189683857000,7601467478000,28000,0.028000
7601500840000,MATCHED,9290,7601500840000,10789,9189717176000,7601500797000,43000,0.043000
7601534146000,MATCHED,9291,7601534146000,10790,9189750493000,7601534114000,32000,0.032000
7601567465000,MATCHED,9292,7601567465000,10791,9189783812000,7601567433000,32000,0.032000
7601600779000,MATCHED,9293,7601600779000,10792,9189817130000,7601600751000,28000,0.028000
7601634097000,MATCHED,9294,7601634097000,10793,9189850450000,7601634071000,26000,0.026000
7601667416000,MATCHED,9295,7601667416000,10794,9189883769000,7601667390000,26000,0.026000
7601700735000,MATCHED,9296,7601700735000,10795,9189917086000,7601700707000,28000,0.028000
7601734056000,MATCHED,9297,7601734056000,10796,9189950405000,7601734026000,30000,0.030000
7601767372000,MATCHED,9298,7601767372000,10797,9189983723000,7601767344000,28000,0.028000
7601800689000,MATCHED,9299,7601800689000,10798,9190017042000,7601800663000,26000,0.026000
7601834009000,MATCHED,9300,7601834009000,10799,9190050362000,7601833983000,26000,0.026000
7601867327000,MATCHED,9301,7601867327000,10800,9190083679000,7601867300000,27000,0.027000
7601900647000,MATCHED,9302,7601900647000,10801,9190116997000,7601900618000,29000,0.029000
7601933964000,MATCHED,9303,7601933964000,10802,9190150318000,7601933939000,25000,0.025000
7601967282000,MATCHED,9304,7601967282000,10803,9190183635000,7601967256000,26000,0.026000
7602000603000,MATCHED,9305,7602000603000,10804,9190216953000,7602000574000,29000,0.029000
7602033921000,MATCHED,9306,7602033921000,10805,9190250271000,7602033892000,29000,0.029000
7602067237000,MATCHED,9307,7602067237000,10806,9190283589000,7602067210000,27000,0.027000
7602100564000,MATCHED,9308,7602100564000,10807,9190316909000,7602100530000,34000,0.034000
7602133877000,MATCHED,9309,7602133877000,10808,9190350227000,7602133848000,29000,0.029000
7602167196000,MATCHED,9310,7602167196000,10809,9190383545000,7602167166000,30000,0.030000
7602200512000,MATCHED,9311,7602200512000,10810,9190416864000,7602200485000,27000,0.027000
7602233834000,MATCHED,9312,7602233834000,10811,9190450183000,7602233804000,30000,0.030000
7602267149000,MATCHED,9313,7602267149000,10812,9190483501000,7602267122000,27000,0.027000
7602300468000,MATCHED,9314,7602300468000,10813,9190516819000,7602300440000,28000,0.028000
7602333785000,MATCHED,9315,7602333785000,10814,9190550137000,7602333758000,27000,0.027000
7602367105000,MATCHED,9316,7602367105000,10815,9190583457000,7602367078000,27000,0.027000
7602400422000,MATCHED,9317,7602400422000,10816,9190616775000,7602400396000,26000,0.026000
7602433742000,MATCHED,9318,7602433742000,10817,9190650093000,7602433714000,28000,0.028000
7602467061000,MATCHED,9319,7602467061000,10818,9190683412000,7602467033000,28000,0.028000
7602500383000,MATCHED,9320,7602500383000,10819,9190716730000,7602500351000,32000,0.032000
7602533697000,MATCHED,9321,7602533697000,10820,9190750048000,7602533669000,28000,0.028000
7602567015000,MATCHED,9322,7602567015000,10821,9190783368000,7602566989000,26000,0.026000
7602600334000,MATCHED,9323,7602600334000,10822,9190816685000,7602600306000,28000,0.028000
7602633652000,MATCHED,9324,7602633652000,10823,9190850005000,7602633626000,26000,0.026000
7602666971000,MATCHED,9325,7602666971000,10824,9190883324000,7602666945000,26000,0.026000
7602700290000,MATCHED,9326,7602700290000,10825,9190916641000,7602700262000,28000,0.028000
7602733613000,MATCHED,9327,7602733613000,10826,9190949959000,7602733580000,33000,0.033000
7602766945000,MATCHED,9328,7602766945000,10827,9190983278000,7602766899000,46000,0.046000
7602800260000,MATCHED,9329,7602800260000,10828,9191016597000,7602800218000,42000,0.042000
7602833584000,MATCHED,9330,7602833584000,10829,9191049916000,7602833537000,47000,0.047000
7602866887000,MATCHED,9331,7602866887000,10830,9191083236000,7602866857000,30000,0.030000
7602900202000,MATCHED,9332,7602900202000,10831,9191116553000,7602900174000,28000,0.028000
7602933528000,MATCHED,9333,7602933528000,10832,9191149873000,7602933494000,34000,0.034000
7602966854000,MATCHED,9334,7602966854000,10833,9191183192000,7602966813000,41000,0.041000
7603000160000,MATCHED,9335,7603000160000,10834,9191216510000,7603000131000,29000,0.029000
7603033480000,MATCHED,9336,7603033480000,10835,9191249829000,7603033450000,30000,0.030000
7603066810000,MATCHED,9337,7603066810000,10836,9191283146000,7603066767000,43000,0.043000
7603100116000,MATCHED,9338,7603100116000,10837,9191316466000,7603100087000,29000,0.029000
7603133455000,MATCHED,9339,7603133455000,10838,9191349783000,7603133404000,51000,0.051000
7603166769000,MATCHED,9340,7603166769000,10839,9191383103000,7603166724000,45000,0.045000
7603200077000,MATCHED,9341,7603200077000,10840,9191416420000,7603200041000,36000,0.036000
7603233408000,MATCHED,9342,7603233408000,10841,9191449740000,7603233361000,47000,0.047000
7603266703000,MATCHED,9343,7603266703000,10842,9191483060000,7603266681000,22000,0.022000
7603300022000,MATCHED,9344,7603300022000,10843,9191516376000,7603299997000,25000,0.025000
7603333341000,MATCHED,9345,7603333341000,10844,9191549693000,7603333314000,27000,0.027000
7603366660000,MATCHED,9346,7603366660000,10845,9191583009000,7603366630000,30000,0.030000
7603399976000,MATCHED,9347,7603399976000,10846,9191616327000,7603399948000,28000,0.028000
7603433297000,MATCHED,9348,7603433297000,10847,9191649645000,7603433266000,31000,0.031000
7603466629000,MATCHED,9349,7603466629000,10848,9191682965000,7603466586000,43000,0.043000
7603499942000,MATCHED,9350,7603499942000,10849,9191716284000,7603499905000,37000,0.037000
7603533256000,MATCHED,9351,7603533256000,10850,9191749601000,7603533222000,34000,0.034000
7603566574000,MATCHED,9352,7603566574000,10851,9191782924000,7603566545000,29000,0.029000
7603599892000,MATCHED,9353,7603599892000,10852,9191816240000,7603599861000,31000,0.031000
7603633207000,MATCHED,9354,7603633207000,10853,9191849565000,7603633186000,21000,0.021000
7603666524000,MATCHED,9355,7603666524000,10854,9191882882000,7603666503000,21000,0.021000
7603699842000,MATCHED,9356,7603699842000,10855,9191916195000,7603699816000,26000,0.026000
7603733166000,MATCHED,9357,7603733166000,10856,9191949516000,7603733137000,29000,0.029000
7603766481000,MATCHED,9358,7603766481000,10857,9191982839000,7603766460000,21000,0.021000
7603799799000,MATCHED,9359,7603799799000,10858,9192016154000,7603799775000,24000,0.024000
7603833119000,MATCHED,9360,7603833119000,10859,9192049471000,7603833092000,27000,0.027000
7603866434000,MATCHED,9361,7603866434000,10860,9192082787000,7603866408000,26000,0.026000
7603899755000,MATCHED,9362,7603899755000,10861,9192116105000,7603899726000,29000,0.029000
7603933072000,MATCHED,9363,7603933072000,10862,9192149427000,7603933048000,24000,0.024000
7603966393000,MATCHED,9364,7603966393000,10863,9192182743000,7603966364000,29000,0.029000
7603999710000,MATCHED,9365,7603999710000,10864,9192216060000,7603999681000,29000,0.029000
7604033034000,MATCHED,9366,7604033034000,10865,9192249379000,7604033000000,34000,0.034000
7604066347000,MATCHED,9367,7604066347000,10866,9192282701000,7604066322000,25000,0.025000
7604099664000,MATCHED,9368,7604099664000,10867,9192316020000,7604099641000,23000,0.023000
7604132984000,MATCHED,9369,7604132984000,10868,9192349342000,7604132963000,21000,0.021000
7604166303000,MATCHED,9370,7604166303000,10869,9192382661000,7604166282000,21000,0.021000
7604199620000,MATCHED,9371,7604199620000,10870,9192415980000,7604199601000,19000,0.019000
7604232940000,MATCHED,9372,7604232940000,10871,9192449292000,7604232913000,27000,0.027000
7604266256000,MATCHED,9373,7604266256000,10872,9192482609000,7604266230000,26000,0.026000
7604299581000,MATCHED,9374,7604299581000,10873,9192515932000,7604299553000,28000,0.028000
7604332896000,MATCHED,9375,7604332896000,10874,9192549247000,7604332868000,28000,0.028000
7604366217000,MATCHED,9376,7604366217000,10875,9192582566000,7604366187000,30000,0.030000
7604399534000,MATCHED,9377,7604399534000,10876,9192615883000,7604399504000,30000,0.030000
7604432851000,MATCHED,9378,7604432851000,10877,9192649205000,7604432826000,25000,0.025000
7604466168000,MATCHED,9379,7604466168000,10878,9192682521000,7604466142000,26000,0.026000
7604499493000,MATCHED,9380,7604499493000,10879,9192715837000,7604499458000,35000,0.035000
7604532806000,MATCHED,9381,7604532806000,10880,9192749156000,7604532777000,29000,0.029000
7604566124000,MATCHED,9382,7604566124000,10881,9192782474000,7604566095000,29000,0.029000
7604599442000,MATCHED,9383,7604599442000,10882,9192815794000,7604599415000,27000,0.027000
7604632761000,MATCHED,9384,7604632761000,10883,9192849111000,7604632732000,29000,0.029000
7604666078000,MATCHED,9385,7604666078000,10884,9192882432000,7604666053000,25000,0.025000
7604699401000,MATCHED,9386,7604699401000,10885,9192915752000,7604699373000,28000,0.028000
7604732717000,MATCHED,9387,7604732717000,10886,9192949073000,7604732694000,23000,0.023000
7604766035000,MATCHED,9388,7604766035000,10887,9192982391000,7604766012000,23000,0.023000
7604799352000,MATCHED,9389,7604799352000,10888,9193015713000,7604799334000,18000,0.018000
7604832673000,MATCHED,9390,7604832673000,10889,9193049028000,7604832649000,24000,0.024000
7604865989000,MATCHED,9391,7604865989000,10890,9193082341000,7604865962000,27000,0.027000
7604899312000,MATCHED,9392,7604899312000,10891,9193115668000,7604899289000,23000,0.023000
7604932635000,MATCHED,9393,7604932635000,10892,9193148979000,7604932600000,35000,0.035000
7604965963000,MATCHED,9394,7604965963000,10893,9193182295000,7604965916000,47000,0.047000
7604999284000,MATCHED,9395,7604999284000,10894,9193215615000,7604999236000,48000,0.048000
7605032591000,MATCHED,9396,7605032591000,10895,9193248934000,7605032555000,36000,0.036000
7605065902000,MATCHED,9397,7605065902000,10896,9193282251000,7605065872000,30000,0.030000
7605099227000,MATCHED,9398,7605099227000,10897,9193315570000,7605099191000,36000,0.036000
7605132543000,MATCHED,9399,7605132543000,10898,9193348888000,7605132509000,34000,0.034000
7605165871000,MATCHED,9400,7605165871000,10899,9193382206000,7605165827000,44000,0.044000
7605199186000,MATCHED,9401,7605199186000,10900,9193415525000,7605199146000,40000,0.040000
7605232505000,MATCHED,9402,7605232505000,10901,9193448844000,7605232465000,40000,0.040000
7605265821000,MATCHED,9403,7605265821000,10902,9193482161000,7605265782000,39000,0.039000
7605299138000,MATCHED,9404,7605299138000,10903,9193515482000,7605299103000,35000,0.035000
7605332451000,MATCHED,9405,7605332451000,10904,9193548799000,7605332420000,31000,0.031000
7605365793000,MATCHED,9406,7605365793000,10905,9193582117000,7605365738000,55000,0.055000
7605399111000,MATCHED,9407,7605399111000,10906,9193615435000,7605399056000,55000,0.055000
7605432417000,MATCHED,9408,7605432417000,10907,9193648754000,7605432375000,42000,0.042000
7605465724000,MATCHED,9409,7605465724000,10908,9193682072000,7605465693000,31000,0.031000
7605499044000,MATCHED,9410,7605499044000,10909,9193715391000,7605499012000,32000,0.032000
7605532362000,MATCHED,9411,7605532362000,10910,9193748710000,7605532331000,31000,0.031000
7605565688000,MATCHED,9412,7605565688000,10911,9193782028000,7605565649000,39000,0.039000
7605599000000,MATCHED,9413,7605599000000,10912,9193815346000,7605598967000,33000,0.033000
7605632323000,MATCHED,9414,7605632323000,10913,9193848665000,7605632286000,37000,0.037000
7605665643000,MATCHED,9415,7605665643000,10914,9193881985000,7605665606000,37000,0.037000
7605698955000,MATCHED,9416,7605698955000,10915,9193915302000,7605698923000,32000,0.032000
7605732272000,MATCHED,9417,7605732272000,10916,9193948620000,7605732241000,31000,0.031000
7605765593000,MATCHED,9418,7605765593000,10917,9193981939000,7605765560000,33000,0.033000
7605798908000,MATCHED,9419,7605798908000,10918,9194015257000,7605798878000,30000,0.030000
7605832229000,MATCHED,9420,7605832229000,10919,9194048576000,7605832197000,32000,0.032000
7605865545000,MATCHED,9421,7605865545000,10920,9194081894000,7605865515000,30000,0.030000
7605898863000,MATCHED,9422,7605898863000,10921,9194115213000,7605898834000,29000,0.029000
7605932182000,MATCHED,9423,7605932182000,10922,9194148532000,7605932153000,29000,0.029000
7605965504000,MATCHED,9424,7605965504000,10923,9194181850000,7605965471000,33000,0.033000
7605998820000,MATCHED,9425,7605998820000,10924,9194215168000,7605998789000,31000,0.031000
7606032137000,MATCHED,9426,7606032137000,10925,9194248487000,7606032108000,29000,0.029000
7606065457000,MATCHED,9427,7606065457000,10926,9194281805000,7606065426000,31000,0.031000
7606098779000,MATCHED,9428,7606098779000,10927,9194315123000,7606098744000,35000,0.035000
7606132094000,MATCHED,9429,7606132094000,10928,9194348443000,7606132064000,30000,0.030000
7606165415000,MATCHED,9430,7606165415000,10929,9194381761000,7606165382000,33000,0.033000
7606198730000,MATCHED,9431,7606198730000,10930,9194415079000,7606198700000,30000,0.030000
7606232048000,MATCHED,9432,7606232048000,10931,9194448397000,7606232018000,30000,0.030000
7606265366000,MATCHED,9433,7606265366000,10932,9194481716000,7606265337000,29000,0.029000
7606298686000,MATCHED,9434,7606298686000,10933,9194515034000,7606298655000,31000,0.031000
7606332017000,MATCHED,9435,7606332017000,10934,9194548353000,7606331974000,43000,0.043000
7606365323000,MATCHED,9436,7606365323000,10935,9194581678000,7606365299000,24000,0.024000
7606398639000,MATCHED,9437,7606398639000,10936,9194614990000,7606398611000,28000,0.028000
7606431959000,MATCHED,9438,7606431959000,10937,9194648308000,7606431929000,30000,0.030000
7606465276000,MATCHED,9439,7606465276000,10938,9194681627000,7606465248000,28000,0.028000
7606498604000,MATCHED,9440,7606498604000,10939,9194714945000,7606498566000,38000,0.038000
7606531921000,MATCHED,9441,7606531921000,10940,9194748264000,7606531885000,36000,0.036000
7606565235000,MATCHED,9442,7606565235000,10941,9194781582000,7606565203000,32000,0.032000
7606598556000,MATCHED,9443,7606598556000,10942,9194814901000,7606598522000,34000,0.034000
7606631867000,MATCHED,9444,7606631867000,10943,9194848219000,7606631840000,27000,0.027000
7606665187000,MATCHED,9445,7606665187000,10944,9194881538000,7606665159000,28000,0.028000
7606698504000,MATCHED,9446,7606698504000,10945,9194914856000,7606698477000,27000,0.027000
7606731822000,MATCHED,9447,7606731822000,10946,9194948175000,7606731796000,26000,0.026000
7606765144000,MATCHED,9448,7606765144000,10947,9194981493000,7606765114000,30000,0.030000
7606798459000,MATCHED,9449,7606798459000,10948,9195014811000,7606798432000,27000,0.027000
7606831778000,MATCHED,9450,7606831778000,10949,9195048130000,7606831751000,27000,0.027000
7606865098000,MATCHED,9451,7606865098000,10950,9195081448000,7606865069000,29000,0.029000
7606898415000,MATCHED,9452,7606898415000,10951,9195114767000,7606898388000,27000,0.027000
7606931732000,MATCHED,9453,7606931732000,10952,9195148085000,7606931706000,26000,0.026000
7606965054000,MATCHED,9454,7606965054000,10953,9195181404000,7606965025000,29000,0.029000
7606998370000,MATCHED,9455,7606998370000,10954,9195214723000,7606998344000,26000,0.026000
7607031692000,MATCHED,9456,7607031692000,10955,9195248041000,7607031662000,30000,0.030000
7607065008000,MATCHED,9457,7607065008000,10956,9195281361000,7607064982000,26000,0.026000
7607098326000,MATCHED,9458,7607098326000,10957,9195314678000,7607098299000,27000,0.027000
7607131646000,MATCHED,9459,7607131646000,10958,9195347996000,7607131617000,29000,0.029000
7607164970000,MATCHED,9460,7607164970000,10959,9195381315000,7607164936000,34000,0.034000
7607198281000,MATCHED,9461,7607198281000,10960,9195414633000,7607198254000,27000,0.027000
7607231599000,MATCHED,9462,7607231599000,10961,9195447952000,7607231573000,26000,0.026000
7607264918000,MATCHED,9463,7607264918000,10962,9195481271000,7607264892000,26000,0.026000
7607298236000,MATCHED,9464,7607298236000,10963,9195514589000,7607298210000,26000,0.026000
7607331555000,MATCHED,9465,7607331555000,10964,9195547908000,7607331529000,26000,0.026000
7607364874000,MATCHED,9466,7607364874000,10965,9195581226000,7607364847000,27000,0.027000
7607398192000,MATCHED,9467,7607398192000,10966,9195614544000,7607398165000,27000,0.027000
7607431512000,MATCHED,9468,7607431512000,10967,9195647862000,7607431483000,29000,0.029000
7607464829000,MATCHED,9469,7607464829000,10968,9195681181000,7607464802000,27000,0.027000
7607498146000,MATCHED,9470,7607498146000,10969,9195714500000,7607498121000,25000,0.025000
7607531482000,MATCHED,9471,7607531482000,10970,9195747819000,7607531440000,42000,0.042000
7607564791000,MATCHED,9472,7607564791000,10971,9195781137000,7607564758000,33000,0.033000
7607598105000,MATCHED,9473,7607598105000,10972,9195814455000,7607598076000,29000,0.029000
7607631423000,MATCHED,9474,7607631423000,10973,9195847774000,7607631395000,28000,0.028000
7607664741000,MATCHED,9475,7607664741000,10974,9195881092000,7607664713000,28000,0.028000
7607698061000,MATCHED,9476,7607698061000,10975,9195914411000,7607698032000,29000,0.029000
7607731378000,MATCHED,9477,7607731378000,10976,9195947729000,7607731350000,28000,0.028000
7607764698000,MATCHED,9478,7607764698000,10977,9195981048000,7607764669000,29000,0.029000
7607798018000,MATCHED,9479,7607798018000,10978,9196014366000,7607797987000,31000,0.031000
7607831333000,MATCHED,9480,7607831333000,10979,9196047684000,7607831305000,28000,0.028000
7607864652000,MATCHED,9481,7607864652000,10980,9196081003000,7607864624000,28000,0.028000
7607897972000,MATCHED,9482,7607897972000,10981,9196114322000,7607897943000,29000,0.029000
7607931289000,MATCHED,9483,7607931289000,10982,9196147639000,7607931260000,29000,0.029000
7607964610000,MATCHED,9484,7607964610000,10983,9196180959000,7607964580000,30000,0.030000
7607997926000,MATCHED,9485,7607997926000,10984,9196214277000,7607997898000,28000,0.028000
7608031248000,MATCHED,9486,7608031248000,10985,9196247595000,7608031216000,32000,0.032000
7608064564000,MATCHED,9487,7608064564000,10986,9196280914000,7608064535000,29000,0.029000
7608097881000,MATCHED,9488,7608097881000,10987,9196314233000,7608097854000,27000,0.027000
7608131204000,MATCHED,9489,7608131204000,10988,9196347551000,7608131172000,32000,0.032000
7608164527000,MATCHED,9490,7608164527000,10989,9196380870000,7608164491000,36000,0.036000
7608197837000,MATCHED,9491,7608197837000,10990,9196414187000,7608197808000,29000,0.029000
7608231156000,MATCHED,9492,7608231156000,10991,9196447506000,7608231127000,29000,0.029000
7608264473000,MATCHED,9493,7608264473000,10992,9196480825000,7608264446000,27000,0.027000
7608297794000,MATCHED,9494,7608297794000,10993,9196514144000,7608297765000,29000,0.029000
7608331111000,MATCHED,9495,7608331111000,10994,9196547463000,7608331084000,27000,0.027000
7608364429000,MATCHED,9496,7608364429000,10995,9196580782000,7608364403000,26000,0.026000
7608397747000,MATCHED,9497,7608397747000,10996,9196614102000,7608397723000,24000,0.024000
7608431068000,MATCHED,9498,7608431068000,10997,9196647418000,7608431039000,29000,0.029000
7608464384000,MATCHED,9499,7608464384000,10998,9196680737000,7608464358000,26000,0.026000
7608497703000,MATCHED,9500,7608497703000,10999,9196714056000,7608497677000,26000,0.026000
7608531022000,MATCHED,9501,7608531022000,11000,9196747375000,7608530996000,26000,0.026000
7608564342000,MATCHED,9502,7608564342000,11001,9196780693000,7608564314000,28000,0.028000
7608597657000,MATCHED,9503,7608597657000,11002,9196814012000,7608597633000,24000,0.024000
7608630977000,MATCHED,9504,7608630977000,11003,9196847330000,7608630951000,26000,0.026000
7608664294000,MATCHED,9505,7608664294000,11004,9196880648000,7608664269000,25000,0.025000
7608697612000,MATCHED,9506,7608697612000,11005,9196913967000,7608697588000,24000,0.024000
7608730931000,MATCHED,9507,7608730931000,11006,9196947286000,7608730907000,24000,0.024000
7608764251000,MATCHED,9508,7608764251000,11007,9196980604000,7608764225000,26000,0.026000
7608797569000,MATCHED,9509,7608797569000,11008,9197013922000,7608797543000,26000,0.026000
7608830889000,MATCHED,9510,7608830889000,11009,9197047241000,7608830862000,27000,0.027000
7608864206000,MATCHED,9511,7608864206000,11010,9197080559000,7608864180000,26000,0.026000
7608897523000,MATCHED,9512,7608897523000,11011,9197113878000,7608897499000,24000,0.024000
7608930842000,MATCHED,9513,7608930842000,11012,9197147197000,7608930818000,24000,0.024000
7608964160000,MATCHED,9514,7608964160000,11013,9197180515000,7608964136000,24000,0.024000
7608997478000,MATCHED,9515,7608997478000,11014,9197213833000,7608997454000,24000,0.024000
7609030797000,MATCHED,9516,7609030797000,11015,9197247152000,7609030773000,24000,0.024000
7609064119000,MATCHED,9517,7609064119000,11016,9197280470000,7609064091000,28000,0.028000
7609097435000,MATCHED,9518,7609097435000,11017,9197313788000,7609097409000,26000,0.026000
7609130756000,MATCHED,9519,7609130756000,11018,9197347108000,7609130729000,27000,0.027000
7609164078000,MATCHED,9520,7609164078000,11019,9197380427000,7609164048000,30000,0.030000
7609197391000,MATCHED,9521,7609197391000,11020,9197413745000,7609197366000,25000,0.025000
7609230710000,MATCHED,9522,7609230710000,11021,9197447064000,7609230685000,25000,0.025000
7609264028000,MATCHED,9523,7609264028000,11022,9197480381000,7609264002000,26000,0.026000
7609297346000,MATCHED,9524,7609297346000,11023,9197513700000,7609297321000,25000,0.025000
7609330665000,MATCHED,9525,7609330665000,11024,9197547023000,7609330644000,21000,0.021000
7609363984000,MATCHED,9526,7609363984000,11025,9197580341000,7609363962000,22000,0.022000
7609397304000,MATCHED,9527,7609397304000,11026,9197613657000,7609397278000,26000,0.026000
7609430624000,MATCHED,9528,7609430624000,11027,9197646975000,7609430596000,28000,0.028000
7609463938000,MATCHED,9529,7609463938000,11028,9197680294000,7609463915000,23000,0.023000
7609497258000,MATCHED,9530,7609497258000,11029,9197713612000,7609497233000,25000,0.025000
7609530576000,MATCHED,9531,7609530576000,11030,9197746931000,7609530552000,24000,0.024000
7609563901000,MATCHED,9532,7609563901000,11031,9197780250000,7609563871000,30000,0.030000
7609597212000,MATCHED,9533,7609597212000,11032,9197813568000,7609597189000,23000,0.023000
7609630531000,MATCHED,9534,7609630531000,11033,9197846886000,7609630507000,24000,0.024000
7609663849000,MATCHED,9535,7609663849000,11034,9197880205000,7609663826000,23000,0.023000
7609697168000,MATCHED,9536,7609697168000,11035,9197913523000,7609697144000,24000,0.024000
7609730487000,MATCHED,9537,7609730487000,11036,9197946842000,7609730463000,24000,0.024000
7609763805000,MATCHED,9538,7609763805000,11037,9197980160000,7609763781000,24000,0.024000
7609797124000,MATCHED,9539,7609797124000,11038,9198013478000,7609797099000,25000,0.025000
7609830442000,MATCHED,9540,7609830442000,11039,9198046796000,7609830417000,25000,0.025000
7609863760000,MATCHED,9541,7609863760000,11040,9198080115000,7609863736000,24000,0.024000
7609897080000,MATCHED,9542,7609897080000,11041,9198113435000,7609897056000,24000,0.024000
7609930397000,MATCHED,9543,7609930397000,11042,9198146751000,7609930372000,25000,0.025000
7609963716000,MATCHED,9544,7609963716000,11043,9198180074000,7609963695000,21000,0.021000
7609997039000,MATCHED,9545,7609997039000,11044,9198213390000,7609997011000,28000,0.028000
7610030354000,MATCHED,9546,7610030354000,11045,9198246710000,7610030331000,23000,0.023000
7610063672000,MATCHED,9547,7610063672000,11046,9198280026000,7610063647000,25000,0.025000
7610096995000,MATCHED,9548,7610096995000,11047,9198313345000,7610096966000,29000,0.029000
7610130309000,MATCHED,9549,7610130309000,11048,9198346663000,7610130284000,25000,0.025000
7610163649000,MATCHED,9550,7610163649000,11049,9198379982000,7610163603000,46000,0.046000
7610196957000,MATCHED,9551,7610196957000,11050,9198413300000,7610196921000,36000,0.036000
7610230269000,MATCHED,9552,7610230269000,11051,9198446619000,7610230240000,29000,0.029000
7610263591000,MATCHED,9553,7610263591000,11052,9198479937000,7610263558000,33000,0.033000
7610296906000,MATCHED,9554,7610296906000,11053,9198513255000,7610296876000,30000,0.030000
7610330220000,MATCHED,9555,7610330220000,11054,9198546574000,7610330195000,25000,0.025000
7610363537000,MATCHED,9556,7610363537000,11055,9198579893000,7610363514000,23000,0.023000
7610396856000,MATCHED,9557,7610396856000,11056,9198613212000,7610396833000,23000,0.023000
7610430174000,MATCHED,9558,7610430174000,11057,9198646530000,7610430151000,23000,0.023000
7610463493000,MATCHED,9559,7610463493000,11058,9198679848000,7610463469000,24000,0.024000
7610496811000,MATCHED,9560,7610496811000,11059,9198713166000,7610496787000,24000,0.024000
7610530129000,MATCHED,9561,7610530129000,11060,9198746487000,7610530108000,21000,0.021000
7610563449000,MATCHED,9562,7610563449000,11061,9198779805000,7610563426000,23000,0.023000
7610596766000,MATCHED,9563,7610596766000,11062,9198813123000,7610596744000,22000,0.022000
7610630090000,MATCHED,9564,7610630090000,11063,9198846441000,7610630062000,28000,0.028000
7610663403000,MATCHED,9565,7610663403000,11064,9198879759000,7610663380000,23000,0.023000
7610696723000,MATCHED,9566,7610696723000,11065,9198913078000,7610696699000,24000,0.024000
7610730040000,MATCHED,9567,7610730040000,11066,9198946396000,7610730017000,23000,0.023000
7610763360000,MATCHED,9568,7610763360000,11067,9198979714000,7610763335000,25000,0.025000
7610796678000,MATCHED,9569,7610796678000,11068,9199013034000,7610796655000,23000,0.023000
7610829998000,MATCHED,9570,7610829998000,11069,9199046351000,7610829972000,26000,0.026000
7610863323000,MATCHED,9571,7610863323000,11070,9199079670000,7610863291000,32000,0.032000
7610896640000,MATCHED,9572,7610896640000,11071,9199112989000,7610896610000,30000,0.030000
7610929960000,MATCHED,9573,7610929960000,11072,9199146307000,7610929928000,32000,0.032000
7610963277000,MATCHED,9574,7610963277000,11073,9199179625000,7610963246000,31000,0.031000
7610996589000,MATCHED,9575,7610996589000,11074,9199212944000,7610996565000,24000,0.024000
7611029909000,MATCHED,9576,7611029909000,11075,9199246262000,7611029883000,26000,0.026000
7611063225000,MATCHED,9577,7611063225000,11076,9199279581000,7611063202000,23000,0.023000
7611096549000,MATCHED,9578,7611096549000,11077,9199312900000,7611096521000,28000,0.028000
7611129864000,MATCHED,9579,7611129864000,11078,9199346218000,7611129839000,25000,0.025000
7611163204000,MATCHED,9580,7611163204000,11079,9199379538000,7611163159000,45000,0.045000
7611196510000,MATCHED,9581,7611196510000,11080,9199412855000,7611196476000,34000,0.034000
7611229824000,MATCHED,9582,7611229824000,11081,9199446173000,7611229794000,30000,0.030000
7611263154000,MATCHED,9583,7611263154000,11082,9199479491000,7611263112000,42000,0.042000
7611296470000,MATCHED,9584,7611296470000,11083,9199512810000,7611296431000,39000,0.039000
7611329788000,MATCHED,9585,7611329788000,11084,9199546129000,7611329750000,38000,0.038000
7611363100000,MATCHED,9586,7611363100000,11085,9199579447000,7611363068000,32000,0.032000
7611396413000,MATCHED,9587,7611396413000,11086,9199612766000,7611396387000,26000,0.026000
7611429734000,MATCHED,9588,7611429734000,11087,9199646084000,7611429705000,29000,0.029000
7611463049000,MATCHED,9589,7611463049000,11088,9199679402000,7611463023000,26000,0.026000
7611496366000,MATCHED,9590,7611496366000,11089,9199712722000,7611496343000,23000,0.023000
7611529687000,MATCHED,9591,7611529687000,11090,9199746040000,7611529661000,26000,0.026000
7611563007000,MATCHED,9592,7611563007000,11091,9199779357000,7611562978000,29000,0.029000
7611596322000,MATCHED,9593,7611596322000,11092,9199812675000,7611596296000,26000,0.026000
7611629641000,MATCHED,9594,7611629641000,11093,9199845995000,7611629616000,25000,0.025000
7611662958000,MATCHED,9595,7611662958000,11094,9199879313000,7611662934000,24000,0.024000
7611696277000,MATCHED,9596,7611696277000,11095,9199912631000,7611696252000,25000,0.025000
7611729594000,MATCHED,9597,7611729594000,11096,9199945951000,7611729572000,22000,0.022000
7611762913000,MATCHED,9598,7611762913000,11097,9199979267000,7611762888000,25000,0.025000
7611796234000,MATCHED,9599,7611796234000,11098,9200012587000,7611796208000,26000,0.026000
7611829551000,MATCHED,9600,7611829551000,11099,9200045907000,7611829528000,23000,0.023000
7611862870000,MATCHED,9601,7611862870000,11100,9200079235000,7611862856000,14000,0.014000
7611896187000,MATCHED,9602,7611896187000,11101,9200112547000,7611896168000,19000,0.019000
7611929506000,MATCHED,9603,7611929506000,11102,9200145875000,7611929496000,10000,0.010000
7611962824000,MATCHED,9604,7611962824000,11103,9200179179000,7611962800000,24000,0.024000
7611996144000,MATCHED,9605,7611996144000,11104,9200212501000,7611996122000,22000,0.022000
7612029468000,MATCHED,9606,7612029468000,11105,9200245820000,7612029441000,27000,0.027000
7612062807000,MATCHED,9607,7612062807000,11106,9200279135000,7612062756000,51000,0.051000
7612096109000,MATCHED,9608,7612096109000,11107,9200312452000,7612096073000,36000,0.036000
7612129433000,MATCHED,9609,7612129433000,11108,9200345773000,7612129394000,39000,0.039000
7612162752000,MATCHED,9610,7612162752000,11109,9200379090000,7612162711000,41000,0.041000
7612196057000,MATCHED,9611,7612196057000,11110,9200412408000,7612196029000,28000,0.028000
7612229378000,MATCHED,9612,7612229378000,11111,9200445727000,7612229348000,30000,0.030000
7612262690000,MATCHED,9613,7612262690000,11112,9200479044000,7612262665000,25000,0.025000
7612296011000,MATCHED,9614,7612296011000,11113,9200512363000,7612295984000,27000,0.027000
7612329328000,MATCHED,9615,7612329328000,11114,9200545681000,7612329302000,26000,0.026000
7612362646000,MATCHED,9616,7612362646000,11115,9200579001000,7612362622000,24000,0.024000
7612395980000,MATCHED,9617,7612395980000,11116,9200612324000,7612395945000,35000,0.035000
7612429303000,MATCHED,9618,7612429303000,11117,9200645638000,7612429259000,44000,0.044000
7612462610000,MATCHED,9619,7612462610000,11118,9200678956000,7612462577000,33000,0.033000
7612495937000,MATCHED,9620,7612495937000,11119,9200712274000,7612495895000,42000,0.042000
7612529243000,MATCHED,9621,7612529243000,11120,9200745596000,7612529217000,26000,0.026000
7612562562000,MATCHED,9622,7612562562000,11121,9200778911000,7612562532000,30000,0.030000
7612595890000,MATCHED,9623,7612595890000,11122,9200812230000,7612595851000,39000,0.039000
7612629204000,MATCHED,9624,7612629204000,11123,9200845551000,7612629172000,32000,0.032000
7612662513000,MATCHED,9625,7612662513000,11124,9200878868000,7612662489000,24000,0.024000
7612695834000,MATCHED,9626,7612695834000,11125,9200912186000,7612695807000,27000,0.027000
7612729149000,MATCHED,9627,7612729149000,11126,9200945503000,7612729124000,25000,0.025000
7612762470000,MATCHED,9628,7612762470000,11127,9200978820000,7612762441000,29000,0.029000
7612795788000,MATCHED,9629,7612795788000,11128,9201012139000,7612795760000,28000,0.028000
7612829104000,MATCHED,9630,7612829104000,11129,9201045458000,7612829079000,25000,0.025000
7612862424000,MATCHED,9631,7612862424000,11130,9201078776000,7612862397000,27000,0.027000
7612895742000,MATCHED,9632,7612895742000,11131,9201112094000,7612895715000,27000,0.027000
7612929060000,MATCHED,9633,7612929060000,11132,9201145413000,7612929034000,26000,0.026000
7612962380000,MATCHED,9634,7612962380000,11133,9201178732000,7612962353000,27000,0.027000
7612995697000,MATCHED,9635,7612995697000,11134,9201212050000,7612995671000,26000,0.026000
7613029016000,MATCHED,9636,7613029016000,11135,9201245368000,7613028989000,27000,0.027000
7613062334000,MATCHED,9637,7613062334000,11136,9201278686000,7613062307000,27000,0.027000
7613095652000,MATCHED,9638,7613095652000,11137,9201312005000,7613095626000,26000,0.026000
7613128974000,MATCHED,9639,7613128974000,11138,9201345323000,7613128944000,30000,0.030000
7613162292000,MATCHED,9640,7613162292000,11139,9201378643000,7613162264000,28000,0.028000
7613195610000,MATCHED,9641,7613195610000,11140,9201411961000,7613195582000,28000,0.028000
7613228926000,MATCHED,9642,7613228926000,11141,9201445279000,7613228900000,26000,0.026000
7613262255000,MATCHED,9643,7613262255000,11142,9201478597000,7613262218000,37000,0.037000
7613295563000,MATCHED,9644,7613295563000,11143,9201511917000,7613295538000,25000,0.025000
7613328882000,MATCHED,9645,7613328882000,11144,9201545235000,7613328856000,26000,0.026000
7613362201000,MATCHED,9646,7613362201000,11145,9201578555000,7613362176000,25000,0.025000
7613395519000,MATCHED,9647,7613395519000,11146,9201611871000,7613395492000,27000,0.027000
7613428837000,MATCHED,9648,7613428837000,11147,9201645191000,7613428812000,25000,0.025000
7613462157000,MATCHED,9649,7613462157000,11148,9201678508000,7613462129000,28000,0.028000
7613495475000,MATCHED,9650,7613495475000,11149,9201711827000,7613495448000,27000,0.027000
7613528793000,MATCHED,9651,7613528793000,11150,9201745147000,7613528768000,25000,0.025000
7613562114000,MATCHED,9652,7613562114000,11151,9201778465000,7613562086000,28000,0.028000
7613595431000,MATCHED,9653,7613595431000,11152,9201811782000,7613595403000,28000,0.028000
7613628749000,MATCHED,9654,7613628749000,11153,9201845101000,7613628722000,27000,0.027000
7613662065000,MATCHED,9655,7613662065000,11154,9201878419000,7613662040000,25000,0.025000
7613695385000,MATCHED,9656,7613695385000,11155,9201911738000,7613695359000,26000,0.026000
7613728706000,MATCHED,9657,7613728706000,11156,9201945057000,7613728678000,28000,0.028000
7613762023000,MATCHED,9658,7613762023000,11157,9201978375000,7613761996000,27000,0.027000
7613795351000,MATCHED,9659,7613795351000,11158,9202011694000,7613795315000,36000,0.036000
7613828660000,MATCHED,9660,7613828660000,11159,9202045014000,7613828635000,25000,0.025000
7613861981000,MATCHED,9661,7613861981000,11160,9202078331000,7613861952000,29000,0.029000
7613895296000,MATCHED,9662,7613895296000,11161,9202111649000,7613895270000,26000,0.026000
7613928614000,MATCHED,9663,7613928614000,11162,9202144967000,7613928588000,26000,0.026000
7613961933000,MATCHED,9664,7613961933000,11163,9202178286000,7613961907000,26000,0.026000
7613995251000,MATCHED,9665,7613995251000,11164,9202211604000,7613995225000,26000,0.026000
7614028570000,MATCHED,9666,7614028570000,11165,9202244923000,7614028544000,26000,0.026000
7614061887000,MATCHED,9667,7614061887000,11166,9202278241000,7614061862000,25000,0.025000
7614095210000,MATCHED,9668,7614095210000,11167,9202311562000,7614095183000,27000,0.027000
7614128526000,MATCHED,9669,7614128526000,11168,9202344882000,7614128503000,23000,0.023000
7614161843000,MATCHED,9670,7614161843000,11169,9202378206000,7614161827000,16000,0.016000
7614195161000,MATCHED,9671,7614195161000,11170,9202411525000,7614195146000,15000,0.015000
7614228479000,MATCHED,9672,7614228479000,11171,9202444838000,7614228459000,20000,0.020000
7614261801000,MATCHED,9673,7614261801000,11172,9202478153000,7614261774000,27000,0.027000
7614295126000,MATCHED,9674,7614295126000,11173,9202511480000,7614295101000,25000,0.025000
7614328437000,MATCHED,9675,7614328437000,11174,9202544792000,7614328413000,24000,0.024000
7614361754000,MATCHED,9676,7614361754000,11175,9202578109000,7614361730000,24000,0.024000
7614395074000,MATCHED,9677,7614395074000,11176,9202611427000,7614395048000,26000,0.026000
7614428391000,MATCHED,9678,7614428391000,11177,9202644746000,7614428367000,24000,0.024000
7614461710000,MATCHED,9679,7614461710000,11178,9202678064000,7614461685000,25000,0.025000
7614495029000,MATCHED,9680,7614495029000,11179,9202711384000,7614495005000,24000,0.024000
7614528349000,MATCHED,9681,7614528349000,11180,9202744701000,7614528322000,27000,0.027000
7614561665000,MATCHED,9682,7614561665000,11181,9202778018000,7614561639000,26000,0.026000
7614594986000,MATCHED,9683,7614594986000,11182,9202811339000,7614594960000,26000,0.026000
7614628304000,MATCHED,9684,7614628304000,11183,9202844656000,7614628277000,27000,0.027000
7614661621000,MATCHED,9685,7614661621000,11184,9202877980000,7614661601000,20000,0.020000
7614694940000,MATCHED,9686,7614694940000,11185,9202911300000,7614694921000,19000,0.019000
7614728257000,MATCHED,9687,7614728257000,11186,9202944615000,7614728236000,21000,0.021000
7614761576000,MATCHED,9688,7614761576000,11187,9202977934000,7614761555000,21000,0.021000
7614794897000,MATCHED,9689,7614794897000,11188,9203011249000,7614794870000,27000,0.027000
7614828212000,MATCHED,9690,7614828212000,11189,9203044567000,7614828188000,24000,0.024000
7614861538000,MATCHED,9691,7614861538000,11190,9203077887000,7614861508000,30000,0.030000
7614894867000,MATCHED,9692,7614894867000,11191,9203111203000,7614894824000,43000,0.043000
7614928170000,MATCHED,9693,7614928170000,11192,9203144522000,7614928143000,27000,0.027000
7614961486000,MATCHED,9694,7614961486000,11193,9203177839000,7614961460000,26000,0.026000
7614994807000,MATCHED,9695,7614994807000,11194,9203211158000,7614994779000,28000,0.028000
7615028127000,MATCHED,9696,7615028127000,11195,9203244476000,7615028097000,30000,0.030000
7615061442000,MATCHED,9697,7615061442000,11196,9203277794000,7615061415000,27000,0.027000
7615094761000,MATCHED,9698,7615094761000,11197,9203311116000,7615094737000,24000,0.024000
7615128082000,MATCHED,9699,7615128082000,11198,9203344432000,7615128053000,29000,0.029000
7615161401000,MATCHED,9700,7615161401000,11199,9203377750000,7615161371000,30000,0.030000
7615194726000,MATCHED,9701,7615194726000,11200,9203411068000,7615194689000,37000,0.037000
7615228035000,MATCHED,9702,7615228035000,11201,9203444388000,7615228009000,26000,0.026000
7615261353000,MATCHED,9703,7615261353000,11202,9203477705000,7615261326000,27000,0.027000
7615294681000,MATCHED,9704,7615294681000,11203,9203511024000,7615294645000,36000,0.036000
7615327999000,MATCHED,9705,7615327999000,11204,9203544342000,7615327963000,36000,0.036000
7615361319000,MATCHED,9706,7615361319000,11205,9203577665000,7615361286000,33000,0.033000
7615394630000,MATCHED,9707,7615394630000,11206,9203610979000,7615394600000,30000,0.030000
7615427950000,MATCHED,9708,7615427950000,11207,9203644298000,7615427919000,31000,0.031000
7615461264000,MATCHED,9709,7615461264000,11208,9203677616000,7615461237000,27000,0.027000
7615494582000,MATCHED,9710,7615494582000,11209,9203710937000,7615494558000,24000,0.024000
7615527903000,MATCHED,9711,7615527903000,11210,9203744253000,7615527874000,29000,0.029000
7615561218000,MATCHED,9712,7615561218000,11211,9203777572000,7615561193000,25000,0.025000
7615594538000,MATCHED,9713,7615594538000,11212,9203810889000,7615594510000,28000,0.028000
7615627859000,MATCHED,9714,7615627859000,11213,9203844208000,7615627829000,30000,0.030000
7615661174000,MATCHED,9715,7615661174000,11214,9203877526000,7615661147000,27000,0.027000
7615694492000,MATCHED,9716,7615694492000,11215,9203910846000,7615694467000,25000,0.025000
7615727811000,MATCHED,9717,7615727811000,11216,9203944166000,7615727787000,24000,0.024000
7615761131000,MATCHED,9718,7615761131000,11217,9203977482000,7615761103000,28000,0.028000
7615794448000,MATCHED,9719,7615794448000,11218,9204010801000,7615794422000,26000,0.026000
7615827766000,MATCHED,9720,7615827766000,11219,9204044119000,7615827740000,26000,0.026000
7615861086000,MATCHED,9721,7615861086000,11220,9204077438000,7615861059000,27000,0.027000
7615894404000,MATCHED,9722,7615894404000,11221,9204110759000,7615894380000,24000,0.024000
7615927723000,MATCHED,9723,7615927723000,11222,9204144075000,7615927696000,27000,0.027000
7615961040000,MATCHED,9724,7615961040000,11223,9204177395000,7615961016000,24000,0.024000
7615994360000,MATCHED,9725,7615994360000,11224,9204210711000,7615994332000,28000,0.028000
7616027677000,MATCHED,9726,7616027677000,11225,9204244030000,7616027651000,26000,0.026000
7616060996000,MATCHED,9727,7616060996000,11226,9204277349000,7616060970000,26000,0.026000
7616094316000,MATCHED,9728,7616094316000,11227,9204310667000,7616094288000,28000,0.028000
7616127635000,MATCHED,9729,7616127635000,11228,9204343986000,7616127607000,28000,0.028000
7616160952000,MATCHED,9730,7616160952000,11229,9204377305000,7616160926000,26000,0.026000
7616194276000,MATCHED,9731,7616194276000,11230,9204410622000,7616194243000,33000,0.033000
7616227589000,MATCHED,9732,7616227589000,11231,9204443942000,7616227563000,26000,0.026000
7616260908000,MATCHED,9733,7616260908000,11232,9204477259000,7616260880000,28000,0.028000
7616294226000,MATCHED,9734,7616294226000,11233,9204510580000,7616294201000,25000,0.025000
7616327546000,MATCHED,9735,7616327546000,11234,9204543897000,7616327518000,28000,0.028000
7616360864000,MATCHED,9736,7616360864000,11235,9204577216000,7616360837000,27000,0.027000
7616394183000,MATCHED,9737,7616394183000,11236,9204610534000,7616394155000,28000,0.028000
7616427504000,MATCHED,9738,7616427504000,11237,9204643852000,7616427473000,31000,0.031000
7616460820000,MATCHED,9739,7616460820000,11238,9204677170000,7616460791000,29000,0.029000
7616494138000,MATCHED,9740,7616494138000,11239,9204710489000,7616494110000,28000,0.028000
7616527459000,MATCHED,9741,7616527459000,11240,9204743807000,7616527428000,31000,0.031000
7616560776000,MATCHED,9742,7616560776000,11241,9204777126000,7616560747000,29000,0.029000
7616594096000,MATCHED,9743,7616594096000,11242,9204810444000,7616594065000,31000,0.031000
7616627413000,MATCHED,9744,7616627413000,11243,9204843763000,7616627384000,29000,0.029000
7616660732000,MATCHED,9745,7616660732000,11244,9204877081000,7616660702000,30000,0.030000
7616694051000,MATCHED,9746,7616694051000,11245,9204910403000,7616694024000,27000,0.027000
7616727370000,MATCHED,9747,7616727370000,11246,9204943718000,7616727339000,31000,0.031000
7616760688000,MATCHED,9748,7616760688000,11247,9204977038000,7616760659000,29000,0.029000
7616794007000,MATCHED,9749,7616794007000,11248,9205010357000,7616793978000,29000,0.029000
7616827325000,MATCHED,9750,7616827325000,11249,9205043678000,7616827299000,26000,0.026000
7616860643000,MATCHED,9751,7616860643000,11250,9205076997000,7616860618000,25000,0.025000
7616893962000,MATCHED,9752,7616893962000,11251,9205110314000,7616893935000,27000,0.027000
7616927281000,MATCHED,9753,7616927281000,11252,9205143633000,7616927254000,27000,0.027000
7616960599000,MATCHED,9754,7616960599000,11253,9205176952000,7616960573000,26000,0.026000
7616993917000,MATCHED,9755,7616993917000,11254,9205210271000,7616993892000,25000,0.025000
7617027236000,MATCHED,9756,7617027236000,11255,9205243589000,7617027210000,26000,0.026000
7617060554000,MATCHED,9757,7617060554000,11256,9205276907000,7617060528000,26000,0.026000
7617093872000,MATCHED,9758,7617093872000,11257,9205310225000,7617093846000,26000,0.026000
7617127192000,MATCHED,9759,7617127192000,11258,9205343544000,7617127165000,27000,0.027000
7617160510000,MATCHED,9760,7617160510000,11259,9205376864000,7617160485000,25000,0.025000
7617193828000,MATCHED,9761,7617193828000,11260,9205410181000,7617193802000,26000,0.026000
7617227147000,MATCHED,9762,7617227147000,11261,9205443499000,7617227120000,27000,0.027000
7617260464000,MATCHED,9763,7617260464000,11262,9205476818000,7617260439000,25000,0.025000
7617293783000,MATCHED,9764,7617293783000,11263,9205510136000,7617293757000,26000,0.026000
7617327102000,MATCHED,9765,7617327102000,11264,9205543454000,7617327075000,27000,0.027000
7617360421000,MATCHED,9766,7617360421000,11265,9205576773000,7617360394000,27000,0.027000
7617393740000,MATCHED,9767,7617393740000,11266,9205610091000,7617393712000,28000,0.028000
7617427058000,MATCHED,9768,7617427058000,11267,9205643410000,7617427031000,27000,0.027000
7617460376000,MATCHED,9769,7617460376000,11268,9205676729000,7617460350000,26000,0.026000
7617493693000,MATCHED,9770,7617493693000,11269,9205710047000,7617493668000,25000,0.025000
7617527013000,MATCHED,9771,7617527013000,11270,9205743365000,7617526986000,27000,0.027000
7617560331000,MATCHED,9772,7617560331000,11271,9205776684000,7617560305000,26000,0.026000
7617593654000,MATCHED,9773,7617593654000,11272,9205810003000,7617593624000,30000,0.030000
7617626970000,MATCHED,9774,7617626970000,11273,9205843320000,7617626941000,29000,0.029000
7617660286000,MATCHED,9775,7617660286000,11274,9205876639000,7617660260000,26000,0.026000
7617693604000,MATCHED,9776,7617693604000,11275,9205909957000,7617693578000,26000,0.026000
7617726923000,MATCHED,9777,7617726923000,11276,9205943277000,7617726898000,25000,0.025000
7617760241000,MATCHED,9778,7617760241000,11277,9205976595000,7617760216000,25000,0.025000
7617793561000,MATCHED,9779,7617793561000,11278,9206009913000,7617793534000,27000,0.027000
7617826879000,MATCHED,9780,7617826879000,11279,9206043232000,7617826853000,26000,0.026000
7617860198000,MATCHED,9781,7617860198000,11280,9206076551000,7617860172000,26000,0.026000
7617893513000,MATCHED,9782,7617893513000,11281,9206109867000,7617893488000,25000,0.025000
7617926835000,MATCHED,9783,7617926835000,11282,9206143185000,7617926806000,29000,0.029000
7617960154000,MATCHED,9784,7617960154000,11283,9206176505000,7617960126000,28000,0.028000
7617993471000,MATCHED,9785,7617993471000,11284,9206209822000,7617993443000,28000,0.028000
7618026789000,MATCHED,9786,7618026789000,11285,9206243140000,7618026761000,28000,0.028000
7618060106000,MATCHED,9787,7618060106000,11286,9206276460000,7618060081000,25000,0.025000
7618093427000,MATCHED,9788,7618093427000,11287,9206309777000,7618093398000,29000,0.029000
7618126750000,MATCHED,9789,7618126750000,11288,9206343096000,7618126717000,33000,0.033000
7618160064000,MATCHED,9790,7618160064000,11289,9206376415000,7618160036000,28000,0.028000
7618193380000,MATCHED,9791,7618193380000,11290,9206409733000,7618193354000,26000,0.026000
7618226698000,MATCHED,9792,7618226698000,11291,9206443051000,7618226672000,26000,0.026000
7618260018000,MATCHED,9793,7618260018000,11292,9206476370000,7618259991000,27000,0.027000
7618293337000,MATCHED,9794,7618293337000,11293,9206509688000,7618293309000,28000,0.028000
7618326656000,MATCHED,9795,7618326656000,11294,9206543007000,7618326628000,28000,0.028000
7618359974000,MATCHED,9796,7618359974000,11295,9206576325000,7618359946000,28000,0.028000
7618393294000,MATCHED,9797,7618393294000,11296,9206609644000,7618393265000,29000,0.029000
7618426612000,MATCHED,9798,7618426612000,11297,9206642963000,7618426584000,28000,0.028000
7618459931000,MATCHED,9799,7618459931000,11298,9206676281000,7618459902000,29000,0.029000
7618493253000,MATCHED,9800,7618493253000,11299,9206709599000,7618493220000,33000,0.033000
7618526570000,MATCHED,9801,7618526570000,11300,9206742918000,7618526539000,31000,0.031000
7618559887000,MATCHED,9802,7618559887000,11301,9206776239000,7618559860000,27000,0.027000
7618593204000,MATCHED,9803,7618593204000,11302,9206809555000,7618593176000,28000,0.028000
7618626523000,MATCHED,9804,7618626523000,11303,9206842874000,7618626495000,28000,0.028000
7618659849000,MATCHED,9805,7618659849000,11304,9206876192000,7618659813000,36000,0.036000
7618693160000,MATCHED,9806,7618693160000,11305,9206909510000,7618693131000,29000,0.029000
7618726479000,MATCHED,9807,7618726479000,11306,9206942829000,7618726450000,29000,0.029000
7618759796000,MATCHED,9808,7618759796000,11307,9206976147000,7618759768000,28000,0.028000
7618793116000,MATCHED,9809,7618793116000,11308,9207009466000,7618793087000,29000,0.029000
7618826434000,MATCHED,9810,7618826434000,11309,9207042784000,7618826405000,29000,0.029000
7618859752000,MATCHED,9811,7618859752000,11310,9207076104000,7618859725000,27000,0.027000
7618893071000,MATCHED,9812,7618893071000,11311,9207109423000,7618893044000,27000,0.027000
7618926390000,MATCHED,9813,7618926390000,11312,9207142741000,7618926362000,28000,0.028000
7618959708000,MATCHED,9814,7618959708000,11313,9207176058000,7618959679000,29000,0.029000
7618993030000,MATCHED,9815,7618993030000,11314,9207209378000,7618992999000,31000,0.031000
7619026345000,MATCHED,9816,7619026345000,11315,9207242696000,7619026317000,28000,0.028000
7619059664000,MATCHED,9817,7619059664000,11316,9207276019000,7619059640000,24000,0.024000
7619092981000,MATCHED,9818,7619092981000,11317,9207309333000,7619092954000,27000,0.027000
7619126299000,MATCHED,9819,7619126299000,11318,9207342651000,7619126272000,27000,0.027000
7619159617000,MATCHED,9820,7619159617000,11319,9207375969000,7619159590000,27000,0.027000
7619192936000,MATCHED,9821,7619192936000,11320,9207409288000,7619192909000,27000,0.027000
7619226252000,MATCHED,9822,7619226252000,11321,9207442606000,7619226227000,25000,0.025000
7619259571000,MATCHED,9823,7619259571000,11322,9207475924000,7619259545000,26000,0.026000
7619292889000,MATCHED,9824,7619292889000,11323,9207509243000,7619292864000,25000,0.025000
7619326209000,MATCHED,9825,7619326209000,11324,9207542561000,7619326182000,27000,0.027000
7619359527000,MATCHED,9826,7619359527000,11325,9207575880000,7619359501000,26000,0.026000
7619392848000,MATCHED,9827,7619392848000,11326,9207609200000,7619392821000,27000,0.027000
7619426163000,MATCHED,9828,7619426163000,11327,9207642518000,7619426139000,24000,0.024000
7619459481000,MATCHED,9829,7619459481000,11328,9207675835000,7619459456000,25000,0.025000
7619492801000,MATCHED,9830,7619492801000,11329,9207709154000,7619492775000,26000,0.026000
7619526118000,MATCHED,9831,7619526118000,11330,9207742473000,7619526094000,24000,0.024000
7619559437000,MATCHED,9832,7619559437000,11331,9207775791000,7619559412000,25000,0.025000
7619592757000,MATCHED,9833,7619592757000,11332,9207809109000,7619592730000,27000,0.027000
7619626076000,MATCHED,9834,7619626076000,11333,9207842428000,7619626049000,27000,0.027000
7619659393000,MATCHED,9835,7619659393000,11334,9207875746000,7619659367000,26000,0.026000
7619692733000,MATCHED,9836,7619692733000,11335,9207909066000,7619692687000,46000,0.046000
7619726036000,MATCHED,9837,7619726036000,11336,9207942384000,7619726005000,31000,0.031000
7619759369000,MATCHED,9838,7619759369000,11337,9207975702000,7619759323000,46000,0.046000
7619792693000,MATCHED,9839,7619792693000,11338,9208009021000,7619792642000,51000,0.051000
7619826003000,MATCHED,9840,7619826003000,11339,9208042339000,7619825960000,43000,0.043000
7619859305000,MATCHED,9841,7619859305000,11340,9208075658000,7619859279000,26000,0.026000
7619892624000,MATCHED,9842,7619892624000,11341,9208108976000,7619892597000,27000,0.027000
7619925954000,MATCHED,9843,7619925954000,11342,9208142293000,7619925914000,40000,0.040000
7619959289000,MATCHED,9844,7619959289000,11343,9208175614000,7619959235000,54000,0.054000
7619992586000,MATCHED,9845,7619992586000,11344,9208208931000,7619992552000,34000,0.034000
7620025909000,MATCHED,9846,7620025909000,11345,9208242249000,7620025870000,39000,0.039000
7620059217000,MATCHED,9847,7620059217000,11346,9208275568000,7620059189000,28000,0.028000
7620092535000,MATCHED,9848,7620092535000,11347,9208308887000,7620092508000,27000,0.027000
7620125854000,MATCHED,9849,7620125854000,11348,9208342209000,7620125830000,24000,0.024000
7620159174000,MATCHED,9850,7620159174000,11349,9208375525000,7620159146000,28000,0.028000
7620192491000,MATCHED,9851,7620192491000,11350,9208408842000,7620192463000,28000,0.028000
7620225808000,MATCHED,9852,7620225808000,11351,9208442161000,7620225782000,26000,0.026000
7620259127000,MATCHED,9853,7620259127000,11352,9208475479000,7620259100000,27000,0.027000
7620292444000,MATCHED,9854,7620292444000,11353,9208508799000,7620292420000,24000,0.024000
7620325763000,MATCHED,9855,7620325763000,11354,9208542117000,7620325738000,25000,0.025000
7620359082000,MATCHED,9856,7620359082000,11355,9208575435000,7620359056000,26000,0.026000
7620392401000,MATCHED,9857,7620392401000,11356,9208608753000,7620392374000,27000,0.027000
7620425723000,MATCHED,9858,7620425723000,11357,9208642082000,7620425703000,20000,0.020000
7620459048000,MATCHED,9859,7620459048000,11358,9208675391000,7620459012000,36000,0.036000
7620492361000,MATCHED,9860,7620492361000,11359,9208708724000,7620492345000,16000,0.016000
7620525684000,MATCHED,9861,7620525684000,11360,9208742033000,7620525654000,30000,0.030000
7620559003000,MATCHED,9862,7620559003000,11361,9208775373000,7620558994000,9000,0.009000
7620592312000,MATCHED,9863,7620592312000,11362,9208808665000,7620592286000,26000,0.026000
7620625631000,MATCHED,9864,7620625631000,11363,9208841992000,7620625613000,18000,0.018000
7620658963000,MATCHED,9865,7620658963000,11364,9208875305000,7620658926000,37000,0.037000
7620692271000,MATCHED,9866,7620692271000,11365,9208908622000,7620692243000,28000,0.028000
7620725588000,MATCHED,9867,7620725588000,11366,9208941960000,7620725581000,7000,0.007000
7620758915000,MATCHED,9868,7620758915000,11367,9208975258000,7620758879000,36000,0.036000
7620792224000,MATCHED,9869,7620792224000,11368,9209008575000,7620792196000,28000,0.028000
7620825555000,MATCHED,9870,7620825555000,11369,9209041895000,7620825516000,39000,0.039000
7620858868000,MATCHED,9871,7620858868000,11370,9209075212000,7620858833000,35000,0.035000
7620892180000,MATCHED,9872,7620892180000,11371,9209108530000,7620892151000,29000,0.029000
7620925498000,MATCHED,9873,7620925498000,11372,9209141858000,7620925479000,19000,0.019000
7620958814000,MATCHED,9874,7620958814000,11373,9209175167000,7620958788000,26000,0.026000
7620992156000,MATCHED,9875,7620992156000,11374,9209208485000,7620992106000,50000,0.050000
7621025453000,MATCHED,9876,7621025453000,11375,9209241804000,7621025425000,28000,0.028000
7621058770000,MATCHED,9877,7621058770000,11376,9209275122000,7621058743000,27000,0.027000
7621092087000,MATCHED,9878,7621092087000,11377,9209308442000,7621092063000,24000,0.024000
7621125406000,MATCHED,9879,7621125406000,11378,9209341759000,7621125380000,26000,0.026000
7621158723000,MATCHED,9880,7621158723000,11379,9209375077000,7621158698000,25000,0.025000
7621192053000,MATCHED,9881,7621192053000,11380,9209408397000,7621192018000,35000,0.035000
7621225360000,MATCHED,9882,7621225360000,11381,9209441715000,7621225336000,24000,0.024000
7621258681000,MATCHED,9883,7621258681000,11382,9209475034000,7621258655000,26000,0.026000
7621292004000,MATCHED,9884,7621292004000,11383,9209508352000,7621291973000,31000,0.031000
7621325318000,MATCHED,9885,7621325318000,11384,9209541670000,7621325291000,27000,0.027000
7621358633000,MATCHED,9886,7621358633000,11385,9209574989000,7621358610000,23000,0.023000
7621391952000,MATCHED,9887,7621391952000,11386,9209608309000,7621391930000,22000,0.022000
7621425274000,MATCHED,9888,7621425274000,11387,9209641625000,7621425246000,28000,0.028000
7621458594000,MATCHED,9889,7621458594000,11388,9209674944000,7621458565000,29000,0.029000
7621491908000,MATCHED,9890,7621491908000,11389,9209708263000,7621491884000,24000,0.024000
7621525234000,MATCHED,9891,7621525234000,11390,9209741584000,7621525205000,29000,0.029000
7621558558000,MATCHED,9892,7621558558000,11391,9209774900000,7621558521000,37000,0.037000
7621591864000,MATCHED,9893,7621591864000,11392,9209808219000,7621591840000,24000,0.024000
7621625183000,MATCHED,9894,7621625183000,11393,9209841536000,7621625157000,26000,0.026000
7621658503000,MATCHED,9895,7621658503000,11394,9209874855000,7621658476000,27000,0.027000
7621691834000,MATCHED,9896,7621691834000,11395,9209908175000,7621691796000,38000,0.038000
7621725144000,MATCHED,9897,7621725144000,11396,9209941492000,7621725113000,31000,0.031000
7621758464000,MATCHED,9898,7621758464000,11397,9209974811000,7621758432000,32000,0.032000
7621791785000,MATCHED,9899,7621791785000,11398,9210008130000,7621791751000,34000,0.034000
7621825097000,MATCHED,9900,7621825097000,11399,9210041448000,7621825069000,28000,0.028000
7621858416000,MATCHED,9901,7621858416000,11400,9210074767000,7621858388000,28000,0.028000
7621891738000,MATCHED,9902,7621891738000,11401,9210108085000,7621891706000,32000,0.032000
7621925054000,MATCHED,9903,7621925054000,11402,9210141405000,7621925026000,28000,0.028000
7621958378000,MATCHED,9904,7621958378000,11403,9210174721000,7621958342000,36000,0.036000
7621991687000,MATCHED,9905,7621991687000,11404,9210208039000,7621991660000,27000,0.027000
7622025007000,MATCHED,9906,7622025007000,11405,9210241358000,7622024979000,28000,0.028000
7622058351000,MATCHED,9907,7622058351000,11406,9210274677000,7622058298000,53000,0.053000
7622091652000,MATCHED,9908,7622091652000,11407,9210307997000,7622091618000,34000,0.034000
7622124962000,MATCHED,9909,7622124962000,11408,9210341315000,7622124936000,26000,0.026000
7622158279000,MATCHED,9910,7622158279000,11409,9210374634000,7622158255000,24000,0.024000
7622191609000,MATCHED,9911,7622191609000,11410,9210407951000,7622191572000,37000,0.037000
7622224916000,MATCHED,9912,7622224916000,11411,9210441270000,7622224891000,25000,0.025000
7622258235000,MATCHED,9913,7622258235000,11412,9210474588000,7622258209000,26000,0.026000
7622291554000,MATCHED,9914,7622291554000,11413,9210507907000,7622291528000,26000,0.026000
7622324872000,MATCHED,9915,7622324872000,11414,9210541224000,7622324845000,27000,0.027000
7622358192000,MATCHED,9916,7622358192000,11415,9210574543000,7622358164000,28000,0.028000
7622391510000,MATCHED,9917,7622391510000,11416,9210607867000,7622391488000,22000,0.022000
7622424827000,MATCHED,9918,7622424827000,11417,9210641181000,7622424802000,25000,0.025000
7622458146000,MATCHED,9919,7622458146000,11418,9210674501000,7622458122000,24000,0.024000
7622491465000,MATCHED,9920,7622491465000,11419,9210707820000,7622491441000,24000,0.024000
7622524784000,MATCHED,9921,7622524784000,11420,9210741139000,7622524760000,24000,0.024000
7622558101000,MATCHED,9922,7622558101000,11421,9210774455000,7622558076000,25000,0.025000
7622591422000,MATCHED,9923,7622591422000,11422,9210807779000,7622591400000,22000,0.022000
7622624738000,MATCHED,9924,7622624738000,11423,9210841092000,7622624713000,25000,0.025000
7622658055000,MATCHED,9925,7622658055000,11424,9210874410000,7622658031000,24000,0.024000
7622691389000,MATCHED,9926,7622691389000,11425,9210907730000,7622691351000,38000,0.038000
7622724696000,MATCHED,9927,7622724696000,11426,9210941047000,7622724668000,28000,0.028000
7622758014000,MATCHED,9928,7622758014000,11427,9210974365000,7622757986000,28000,0.028000
7622791333000,MATCHED,9929,7622791333000,11428,9211007685000,7622791306000,27000,0.027000
7622824649000,MATCHED,9930,7622824649000,11429,9211041003000,7622824624000,25000,0.025000
7622857967000,MATCHED,9931,7622857967000,11430,9211074322000,7622857943000,24000,0.024000
7622891285000,MATCHED,9932,7622891285000,11431,9211107642000,7622891263000,22000,0.022000
7622924604000,MATCHED,9933,7622924604000,11432,9211140959000,7622924580000,24000,0.024000
7622957922000,MATCHED,9934,7622957922000,11433,9211174288000,7622957909000,13000,0.013000
7622991242000,MATCHED,9935,7622991242000,11434,9211207607000,7622991228000,14000,0.014000
7623024560000,MATCHED,9936,7623024560000,11435,9211240917000,7623024538000,22000,0.022000
7623057878000,MATCHED,9937,7623057878000,11436,9211274232000,7623057853000,25000,0.025000
7623091201000,MATCHED,9938,7623091201000,11437,9211307557000,7623091178000,23000,0.023000
7623124519000,MATCHED,9939,7623124519000,11438,9211340868000,7623124489000,30000,0.030000
7623157840000,MATCHED,9940,7623157840000,11439,9211374188000,7623157809000,31000,0.031000
7623191159000,MATCHED,9941,7623191159000,11440,9211407506000,7623191127000,32000,0.032000
7623224474000,MATCHED,9942,7623224474000,11441,9211440825000,7623224446000,28000,0.028000
7623257789000,MATCHED,9943,7623257789000,11442,9211474143000,7623257764000,25000,0.025000
7623291109000,MATCHED,9944,7623291109000,11443,9211507461000,7623291082000,27000,0.027000
7623324425000,MATCHED,9945,7623324425000,11444,9211540779000,7623324400000,25000,0.025000
7623357743000,MATCHED,9946,7623357743000,11445,9211574099000,7623357720000,23000,0.023000
7623391064000,MATCHED,9947,7623391064000,11446,9211607419000,7623391040000,24000,0.024000
7623424383000,MATCHED,9948,7623424383000,11447,9211640735000,7623424356000,27000,0.027000
7623457701000,MATCHED,9949,7623457701000,11448,9211674054000,7623457675000,26000,0.026000
7623491017000,MATCHED,9950,7623491017000,11449,9211707371000,7623490992000,25000,0.025000
7623524339000,MATCHED,9951,7623524339000,11450,9211740690000,7623524311000,28000,0.028000
7623557654000,MATCHED,9952,7623557654000,11451,9211774009000,7623557630000,24000,0.024000
7623590977000,MATCHED,9953,7623590977000,11452,9211807328000,7623590949000,28000,0.028000
7623624291000,MATCHED,9954,7623624291000,11453,9211840646000,7623624267000,24000,0.024000
7623657610000,MATCHED,9955,7623657610000,11454,9211873964000,7623657585000,25000,0.025000
7623690928000,MATCHED,9956,7623690928000,11455,9211907284000,7623690905000,23000,0.023000
7623724257000,MATCHED,9957,7623724257000,11456,9211940602000,7623724223000,34000,0.034000
7623757569000,MATCHED,9958,7623757569000,11457,9211973919000,7623757540000,29000,0.029000
7623790887000,MATCHED,9959,7623790887000,11458,9212007238000,7623790859000,28000,0.028000
7623824204000,MATCHED,9960,7623824204000,11459,9212040557000,7623824178000,26000,0.026000
7623857522000,MATCHED,9961,7623857522000,11460,9212073875000,7623857496000,26000,0.026000
7623890846000,MATCHED,9962,7623890846000,11461,9212107193000,7623890814000,32000,0.032000
7623924163000,MATCHED,9963,7623924163000,11462,9212140514000,7623924135000,28000,0.028000
7623957483000,MATCHED,9964,7623957483000,11463,9212173831000,7623957452000,31000,0.031000
7623990797000,MATCHED,9965,7623990797000,11464,9212207149000,7623990770000,27000,0.027000
7624024115000,MATCHED,9966,7624024115000,11465,9212240469000,7624024090000,25000,0.025000
7624057434000,MATCHED,9967,7624057434000,11466,9212273786000,7624057407000,27000,0.027000
7624090752000,MATCHED,9968,7624090752000,11467,9212307104000,7624090725000,27000,0.027000
7624124071000,MATCHED,9969,7624124071000,11468,9212340423000,7624124044000,27000,0.027000
7624157388000,MATCHED,9970,7624157388000,11469,9212373741000,7624157362000,26000,0.026000
7624190709000,MATCHED,9971,7624190709000,11470,9212407060000,7624190681000,28000,0.028000
7624224041000,MATCHED,9972,7624224041000,11471,9212440380000,7624224001000,40000,0.040000
7624257346000,MATCHED,9973,7624257346000,11472,9212473697000,7624257318000,28000,0.028000
7624290663000,MATCHED,9974,7624290663000,11473,9212507016000,7624290637000,26000,0.026000
7624323984000,MATCHED,9975,7624323984000,11474,9212540334000,7624323955000,29000,0.029000
7624357301000,MATCHED,9976,7624357301000,11475,9212573653000,7624357274000,27000,0.027000
7624390621000,MATCHED,9977,7624390621000,11476,9212606970000,7624390591000,30000,0.030000
7624423939000,MATCHED,9978,7624423939000,11477,9212640289000,7624423910000,29000,0.029000
7624457256000,MATCHED,9979,7624457256000,11478,9212673608000,7624457229000,27000,0.027000
7624490574000,MATCHED,9980,7624490574000,11479,9212706927000,7624490548000,26000,0.026000
7624523895000,MATCHED,9981,7624523895000,11480,9212740245000,7624523866000,29000,0.029000
7624557212000,MATCHED,9982,7624557212000,11481,9212773563000,7624557184000,28000,0.028000
7624590534000,MATCHED,9983,7624590534000,11482,9212806881000,7624590502000,32000,0.032000
7624623848000,MATCHED,9984,7624623848000,11483,9212840200000,7624623821000,27000,0.027000
7624657166000,MATCHED,9985,7624657166000,11484,9212873518000,7624657139000,27000,0.027000
7624690484000,MATCHED,9986,7624690484000,11485,9212906838000,7624690459000,25000,0.025000
7624723805000,MATCHED,9987,7624723805000,11486,9212940156000,7624723777000,28000,0.028000
7624757125000,MATCHED,9988,7624757125000,11487,9212973476000,7624757097000,28000,0.028000
7624790443000,MATCHED,9989,7624790443000,11488,9213006792000,7624790413000,30000,0.030000
7624823758000,MATCHED,9990,7624823758000,11489,9213040111000,7624823732000,26000,0.026000
7624857080000,MATCHED,9991,7624857080000,11490,9213073429000,7624857050000,30000,0.030000
7624890397000,MATCHED,9992,7624890397000,11491,9213106749000,7624890370000,27000,0.027000
7624923714000,MATCHED,9993,7624923714000,11492,9213140066000,7624923687000,27000,0.027000
7624957032000,MATCHED,9994,7624957032000,11493,9213173385000,7624957006000,26000,0.026000
7624990351000,MATCHED,9995,7624990351000,11494,9213206704000,7624990325000,26000,0.026000
7625023671000,MATCHED,9996,7625023671000,11495,9213240024000,7625023645000,26000,0.026000
7625056989000,MATCHED,9997,7625056989000,11496,9213273340000,7625056961000,28000,0.028000
7625090306000,MATCHED,9998,7625090306000,11497,9213306660000,7625090281000,25000,0.025000
7625123625000,MATCHED,9999,7625123625000,11498,9213339977000,7625123598000,27000,0.027000
7625156944000,MATCHED,10000,7625156944000,11499,9213373296000,7625156917000,27000,0.027000
7625190263000,MATCHED,10001,7625190263000,11500,9213406615000,7625190236000,27000,0.027000
7625223582000,MATCHED,10002,7625223582000,11501,9213439935000,7625223556000,26000,0.026000
7625256900000,MATCHED,10003,7625256900000,11502,9213473254000,7625256875000,25000,0.025000
7625290220000,MATCHED,10004,7625290220000,11503,9213506571000,7625290192000,28000,0.028000
7625323538000,MATCHED,10005,7625323538000,11504,9213539890000,7625323511000,27000,0.027000
7625356855000,MATCHED,10006,7625356855000,11505,9213573209000,7625356830000,25000,0.025000
7625390175000,MATCHED,10007,7625390175000,11506,9213606527000,7625390148000,27000,0.027000
7625423492000,MATCHED,10008,7625423492000,11507,9213639846000,7625423467000,25000,0.025000
7625456812000,MATCHED,10009,7625456812000,11508,9213673165000,7625456786000,26000,0.026000
7625490129000,MATCHED,10010,7625490129000,11509,9213706483000,7625490104000,25000,0.025000
7625523448000,MATCHED,10011,7625523448000,11510,9213739802000,7625523423000,25000,0.025000
7625556766000,MATCHED,10012,7625556766000,11511,9213773121000,7625556742000,24000,0.024000
7625590089000,MATCHED,10013,7625590089000,11512,9213806438000,7625590059000,30000,0.030000
7625623408000,MATCHED,10014,7625623408000,11513,9213839757000,7625623378000,30000,0.030000
7625656723000,MATCHED,10015,7625656723000,11514,9213873074000,7625656695000,28000,0.028000
7625690040000,MATCHED,10016,7625690040000,11515,9213906394000,7625690015000,25000,0.025000
7625723365000,MATCHED,10017,7625723365000,11516,9213939713000,7625723334000,31000,0.031000
7625756682000,MATCHED,10018,7625756682000,11517,9213973030000,7625756651000,31000,0.031000
7625789994000,MATCHED,10019,7625789994000,11518,9214006349000,7625789970000,24000,0.024000
7625823313000,MATCHED,10020,7625823313000,11519,9214039668000,7625823289000,24000,0.024000
7625856630000,MATCHED,10021,7625856630000,11520,9214072986000,7625856607000,23000,0.023000
7625889950000,MATCHED,10022,7625889950000,11521,9214106304000,7625889925000,25000,0.025000
7625923267000,MATCHED,10023,7625923267000,11522,9214139622000,7625923243000,24000,0.024000
7625956585000,MATCHED,10024,7625956585000,11523,9214172943000,7625956564000,21000,0.021000
7625989904000,MATCHED,10025,7625989904000,11524,9214206260000,7625989881000,23000,0.023000
7626023221000,MATCHED,10026,7626023221000,11525,9214239578000,7626023199000,22000,0.022000
7626056541000,MATCHED,10027,7626056541000,11526,9214272897000,7626056518000,23000,0.023000
7626089861000,MATCHED,10028,7626089861000,11527,9214306215000,7626089836000,25000,0.025000
7626123178000,MATCHED,10029,7626123178000,11528,9214339535000,7626123156000,22000,0.022000
7626156496000,MATCHED,10030,7626156496000,11529,9214372852000,7626156473000,23000,0.023000
7626189816000,MATCHED,10031,7626189816000,11530,9214406171000,7626189792000,24000,0.024000
7626223133000,MATCHED,10032,7626223133000,11531,9214439490000,7626223111000,22000,0.022000
7626256469000,MATCHED,10033,7626256469000,11532,9214472808000,7626256429000,40000,0.040000
7626289770000,MATCHED,10034,7626289770000,11533,9214506126000,7626289747000,23000,0.023000
7626323089000,MATCHED,10035,7626323089000,11534,9214539443000,7626323064000,25000,0.025000
7626356411000,MATCHED,10036,7626356411000,11535,9214572762000,7626356383000,28000,0.028000
7626389727000,MATCHED,10037,7626389727000,11536,9214606081000,7626389702000,25000,0.025000
7626423045000,MATCHED,10038,7626423045000,11537,9214639399000,7626423020000,25000,0.025000
7626456365000,MATCHED,10039,7626456365000,11538,9214672718000,7626456339000,26000,0.026000
7626489682000,MATCHED,10040,7626489682000,11539,9214706036000,7626489657000,25000,0.025000
7626523006000,MATCHED,10041,7626523006000,11540,9214739355000,7626522976000,30000,0.030000
7626556320000,MATCHED,10042,7626556320000,11541,9214772674000,7626556295000,25000,0.025000
7626589638000,MATCHED,10043,7626589638000,11542,9214805993000,7626589614000,24000,0.024000
7626622954000,MATCHED,10044,7626622954000,11543,9214839310000,7626622931000,23000,0.023000
7626656274000,MATCHED,10045,7626656274000,11544,9214872629000,7626656250000,24000,0.024000
7626689592000,MATCHED,10046,7626689592000,11545,9214905948000,7626689569000,23000,0.023000
7626722910000,MATCHED,10047,7626722910000,11546,9214939266000,7626722887000,23000,0.023000
7626756231000,MATCHED,10048,7626756231000,11547,9214972584000,7626756205000,26000,0.026000
7626789547000,MATCHED,10049,7626789547000,11548,9215005903000,7626789524000,23000,0.023000
7626822865000,MATCHED,10050,7626822865000,11549,9215039222000,7626822843000,22000,0.022000
7626856184000,MATCHED,10051,7626856184000,11550,9215072540000,7626856161000,23000,0.023000
7626889504000,MATCHED,10052,7626889504000,11551,9215105859000,7626889480000,24000,0.024000
7626922822000,MATCHED,10053,7626922822000,11552,9215139178000,7626922799000,23000,0.023000
7626956139000,MATCHED,10054,7626956139000,11553,9215172495000,7626956116000,23000,0.023000
7626989457000,MATCHED,10055,7626989457000,11554,9215205814000,7626989435000,22000,0.022000
7627022776000,MATCHED,10056,7627022776000,11555,9215239133000,7627022754000,22000,0.022000
7627056094000,MATCHED,10057,7627056094000,11556,9215272451000,7627056072000,22000,0.022000
7627089414000,MATCHED,10058,7627089414000,11557,9215305770000,7627089391000,23000,0.023000
7627122733000,MATCHED,10059,7627122733000,11558,9215339088000,7627122709000,24000,0.024000
7627156049000,MATCHED,10060,7627156049000,11559,9215372406000,7627156027000,22000,0.022000
7627189370000,MATCHED,10061,7627189370000,11560,9215405724000,7627189345000,25000,0.025000
7627222691000,MATCHED,10062,7627222691000,11561,9215439043000,7627222664000,27000,0.027000
7627256007000,MATCHED,10063,7627256007000,11562,9215472362000,7627255983000,24000,0.024000
7627289331000,MATCHED,10064,7627289331000,11563,9215505680000,7627289301000,30000,0.030000
7627322645000,MATCHED,10065,7627322645000,11564,9215538999000,7627322620000,25000,0.025000
7627355960000,MATCHED,10066,7627355960000,11565,9215572318000,7627355939000,21000,0.021000
7627389280000,MATCHED,10067,7627389280000,11566,9215605636000,7627389257000,23000,0.023000
7627422601000,MATCHED,10068,7627422601000,11567,9215638954000,7627422575000,26000,0.026000
7627455921000,MATCHED,10069,7627455921000,11568,9215672272000,7627455893000,28000,0.028000
7627489237000,MATCHED,10070,7627489237000,11569,9215705591000,7627489212000,25000,0.025000
7627522555000,MATCHED,10071,7627522555000,11570,9215738909000,7627522530000,25000,0.025000
7627555874000,MATCHED,10072,7627555874000,11571,9215772227000,7627555848000,26000,0.026000
7627589191000,MATCHED,10073,7627589191000,11572,9215805546000,7627589167000,24000,0.024000
7627622509000,MATCHED,10074,7627622509000,11573,9215838865000,7627622486000,23000,0.023000
7627655828000,MATCHED,10075,7627655828000,11574,9215872183000,7627655804000,24000,0.024000
7627689147000,MATCHED,10076,7627689147000,11575,9215905503000,7627689124000,23000,0.023000
7627722465000,MATCHED,10077,7627722465000,11576,9215938820000,7627722441000,24000,0.024000
7627755784000,MATCHED,10078,7627755784000,11577,9215972140000,7627755761000,23000,0.023000
7627789106000,MATCHED,10079,7627789106000,11578,9216005458000,7627789079000,27000,0.027000
7627822423000,MATCHED,10080,7627822423000,11579,9216038776000,7627822397000,26000,0.026000
7627855741000,MATCHED,10081,7627855741000,11580,9216072094000,7627855715000,26000,0.026000
7627889063000,MATCHED,10082,7627889063000,11581,9216105413000,7627889034000,29000,0.029000
7627922378000,MATCHED,10083,7627922378000,11582,9216138729000,7627922350000,28000,0.028000
7627955707000,MATCHED,10084,7627955707000,11583,9216172050000,7627955671000,36000,0.036000
7627989015000,MATCHED,10085,7627989015000,11584,9216205368000,7627988989000,26000,0.026000
7628022331000,MATCHED,10086,7628022331000,11585,9216238699000,7628022320000,11000,0.011000
7628055651000,MATCHED,10087,7628055651000,11586,9216272018000,7628055639000,12000,0.012000
7628088968000,MATCHED,10088,7628088968000,11587,9216305324000,7628088945000,23000,0.023000
7628122284000,MATCHED,10089,7628122284000,11588,9216338640000,7628122261000,23000,0.023000
7628155607000,MATCHED,10090,7628155607000,11589,9216371958000,7628155579000,28000,0.028000
7628188925000,MATCHED,10091,7628188925000,11590,9216405276000,7628188897000,28000,0.028000
7628222241000,MATCHED,10092,7628222241000,11591,9216438596000,7628222217000,24000,0.024000
7628255559000,MATCHED,10093,7628255559000,11592,9216471913000,7628255534000,25000,0.025000
7628288878000,MATCHED,10094,7628288878000,11593,9216505233000,7628288854000,24000,0.024000
7628322200000,MATCHED,10095,7628322200000,11594,9216538552000,7628322173000,27000,0.027000
7628355515000,MATCHED,10096,7628355515000,11595,9216571875000,7628355496000,19000,0.019000
7628388833000,MATCHED,10097,7628388833000,11596,9216605193000,7628388814000,19000,0.019000
7628422152000,MATCHED,10098,7628422152000,11597,9216638516000,7628422137000,15000,0.015000
7628455473000,MATCHED,10099,7628455473000,11598,9216671842000,7628455463000,10000,0.010000
7628488789000,MATCHED,10100,7628488789000,11599,9216705144000,7628488765000,24000,0.024000
7628522109000,MATCHED,10101,7628522109000,11600,9216738469000,7628522090000,19000,0.019000
7628555435000,MATCHED,10102,7628555435000,11601,9216771783000,7628555404000,31000,0.031000
7629088526000,MATCHED,10103,7629088526000,11617,9217304877000,7629088498000,28000,0.028000
7629121859000,MATCHED,10104,7629121859000,11618,9217338195000,7629121816000,43000,0.043000
7629155169000,MATCHED,10105,7629155169000,11619,9217371514000,7629155135000,34000,0.034000
7629188480000,MATCHED,10106,7629188480000,11620,9217404832000,7629188453000,27000,0.027000
7629221807000,MATCHED,10107,7629221807000,11621,9217438151000,7629221772000,35000,0.035000
7629255121000,MATCHED,10108,7629255121000,11622,9217471469000,7629255090000,31000,0.031000
7629288438000,MATCHED,10109,7629288438000,11623,9217504787000,7629288408000,30000,0.030000
7629321752000,MATCHED,10110,7629321752000,11624,9217538107000,7629321728000,24000,0.024000
7629355070000,MATCHED,10111,7629355070000,11625,9217571423000,7629355044000,26000,0.026000
7629388388000,MATCHED,10112,7629388388000,11626,9217604744000,7629388365000,23000,0.023000
7629421707000,MATCHED,10113,7629421707000,11627,9217638063000,7629421684000,23000,0.023000
7629455030000,MATCHED,10114,7629455030000,11628,9217671379000,7629455000000,30000,0.030000
7629488344000,MATCHED,10115,7629488344000,11629,9217704699000,7629488320000,24000,0.024000
7629521662000,MATCHED,10116,7629521662000,11630,9217738017000,7629521638000,24000,0.024000
7629554982000,MATCHED,10117,7629554982000,11631,9217771335000,7629554956000,26000,0.026000
7629588300000,MATCHED,10118,7629588300000,11632,9217804655000,7629588276000,24000,0.024000
7629621619000,MATCHED,10119,7629621619000,11633,9217837972000,7629621593000,26000,0.026000
7629654939000,MATCHED,10120,7629654939000,11634,9217871292000,7629654913000,26000,0.026000
7629688255000,MATCHED,10121,7629688255000,11635,9217904610000,7629688231000,24000,0.024000
7629721574000,MATCHED,10122,7629721574000,11636,9217937927000,7629721548000,26000,0.026000
7629754894000,MATCHED,10123,7629754894000,11637,9217971246000,7629754867000,27000,0.027000
7629788212000,MATCHED,10124,7629788212000,11638,9218004564000,7629788185000,27000,0.027000
7629821530000,MATCHED,10125,7629821530000,11639,9218037883000,7629821504000,26000,0.026000
7629854848000,MATCHED,10126,7629854848000,11640,9218071201000,7629854822000,26000,0.026000
7629888167000,MATCHED,10127,7629888167000,11641,9218104520000,7629888141000,26000,0.026000
7629921485000,MATCHED,10128,7629921485000,11642,9218137840000,7629921461000,24000,0.024000
7629954803000,MATCHED,10129,7629954803000,11643,9218171157000,7629954778000,25000,0.025000
7629988123000,MATCHED,10130,7629988123000,11644,9218204475000,7629988096000,27000,0.027000
7630021440000,MATCHED,10131,7630021440000,11645,9218237794000,7630021415000,25000,0.025000
7630054760000,MATCHED,10132,7630054760000,11646,9218271113000,7630054734000,26000,0.026000
7630088078000,MATCHED,10133,7630088078000,11647,9218304431000,7630088052000,26000,0.026000
7630121398000,MATCHED,10134,7630121398000,11648,9218337748000,7630121369000,29000,0.029000
7630154716000,MATCHED,10135,7630154716000,11649,9218371068000,7630154689000,27000,0.027000
7630188046000,MATCHED,10136,7630188046000,11650,9218404387000,7630188008000,38000,0.038000
7630221353000,MATCHED,10137,7630221353000,11651,9218437706000,7630221327000,26000,0.026000
7630254671000,MATCHED,10138,7630254671000,11652,9218471024000,7630254645000,26000,0.026000
7630287989000,MATCHED,10139,7630287989000,11653,9218504342000,7630287963000,26000,0.026000
7630321309000,MATCHED,10140,7630321309000,11654,9218537663000,7630321284000,25000,0.025000
7630354624000,MATCHED,10141,7630354624000,11655,9218570979000,7630354600000,24000,0.024000
7630387945000,MATCHED,10142,7630387945000,11656,9218604297000,7630387918000,27000,0.027000
7630421262000,MATCHED,10143,7630421262000,11657,9218637615000,7630421236000,26000,0.026000
7630454580000,MATCHED,10144,7630454580000,11658,9218670935000,7630454556000,24000,0.024000
7630487899000,MATCHED,10145,7630487899000,11659,9218704252000,7630487873000,26000,0.026000
7630521217000,MATCHED,10146,7630521217000,11660,9218737572000,7630521193000,24000,0.024000
7630554536000,MATCHED,10147,7630554536000,11661,9218770890000,7630554511000,25000,0.025000
7630587857000,MATCHED,10148,7630587857000,11662,9218804208000,7630587829000,28000,0.028000
7630621177000,MATCHED,10149,7630621177000,11663,9218837531000,7630621152000,25000,0.025000
7630654497000,MATCHED,10150,7630654497000,11664,9218870850000,7630654471000,26000,0.026000
7630687813000,MATCHED,10151,7630687813000,11665,9218904169000,7630687790000,23000,0.023000
7630721130000,MATCHED,10152,7630721130000,11666,9218937506000,7630721127000,3000,0.003000
7630754451000,MATCHED,10153,7630754451000,11667,9218970801000,7630754422000,29000,0.029000
7630787769000,MATCHED,10154,7630787769000,11668,9219004139000,7630787760000,9000,0.009000
7630821087000,MATCHED,10155,7630821087000,11669,9219037444000,7630821065000,22000,0.022000
7630854410000,MATCHED,10156,7630854410000,11670,9219070757000,7630854378000,32000,0.032000
7630887730000,MATCHED,10157,7630887730000,11671,9219104074000,7630887695000,35000,0.035000
7630921042000,MATCHED,10158,7630921042000,11672,9219137392000,7630921013000,29000,0.029000
7630954358000,MATCHED,10159,7630954358000,11673,9219170710000,7630954331000,27000,0.027000
7630987674000,MATCHED,10160,7630987674000,11674,9219204029000,7630987650000,24000,0.024000
7631020996000,MATCHED,10161,7631020996000,11675,9219237349000,7631020970000,26000,0.026000
7631054314000,MATCHED,10162,7631054314000,11676,9219270666000,7631054287000,27000,0.027000
7631087630000,MATCHED,10163,7631087630000,11677,9219303985000,7631087606000,24000,0.024000
7631120950000,MATCHED,10164,7631120950000,11678,9219337304000,7631120925000,25000,0.025000
7631154268000,MATCHED,10165,7631154268000,11679,9219370627000,7631154248000,20000,0.020000
7631187585000,MATCHED,10166,7631187585000,11680,9219403943000,7631187564000,21000,0.021000
7631220904000,MATCHED,10167,7631220904000,11681,9219437263000,7631220884000,20000,0.020000
7631254230000,MATCHED,10168,7631254230000,11682,9219470587000,7631254208000,22000,0.022000
7631287541000,MATCHED,10169,7631287541000,11683,9219503895000,7631287516000,25000,0.025000
7631320863000,MATCHED,10170,7631320863000,11684,9219537217000,7631320838000,25000,0.025000
7631354202000,MATCHED,10171,7631354202000,11685,9219570534000,7631354155000,47000,0.047000
7631387501000,MATCHED,10172,7631387501000,11686,9219603857000,7631387478000,23000,0.023000
7631420822000,MATCHED,10173,7631420822000,11687,9219637173000,7631420794000,28000,0.028000
7631454150000,MATCHED,10174,7631454150000,11688,9219670489000,7631454110000,40000,0.040000
7631487454000,MATCHED,10175,7631487454000,11689,9219703807000,7631487428000,26000,0.026000
7631520775000,MATCHED,10176,7631520775000,11690,9219737125000,7631520746000,29000,0.029000
7631554098000,MATCHED,10177,7631554098000,11691,9219770443000,7631554064000,34000,0.034000
7631587408000,MATCHED,10178,7631587408000,11692,9219803762000,7631587383000,25000,0.025000
7631620726000,MATCHED,10179,7631620726000,11693,9219837080000,7631620701000,25000,0.025000
7631654044000,MATCHED,10180,7631654044000,11694,9219870399000,7631654020000,24000,0.024000
7631687362000,MATCHED,10181,7631687362000,11695,9219903717000,7631687338000,24000,0.024000
7631720683000,MATCHED,10182,7631720683000,11696,9219937035000,7631720656000,27000,0.027000
7631753999000,MATCHED,10183,7631753999000,11697,9219970354000,7631753975000,24000,0.024000
7631787318000,MATCHED,10184,7631787318000,11698,9220003673000,7631787294000,24000,0.024000
7631820637000,MATCHED,10185,7631820637000,11699,9220036991000,7631820612000,25000,0.025000
7631853954000,MATCHED,10186,7631853954000,11700,9220070309000,7631853930000,24000,0.024000
7631887284000,MATCHED,10187,7631887284000,11701,9220103628000,7631887249000,35000,0.035000
7631920597000,MATCHED,10188,7631920597000,11702,9220136948000,7631920569000,28000,0.028000
7631953916000,MATCHED,10189,7631953916000,11703,9220170265000,7631953886000,30000,0.030000
7631987237000,MATCHED,10190,7631987237000,11704,9220203584000,7631987205000,32000,0.032000
7632020549000,MATCHED,10191,7632020549000,11705,9220236902000,7632020523000,26000,0.026000
7632053867000,MATCHED,10192,7632053867000,11706,9220270220000,7632053841000,26000,0.026000
7632087185000,MATCHED,10193,7632087185000,11707,9220303539000,7632087160000,25000,0.025000
7632120507000,MATCHED,10194,7632120507000,11708,9220336857000,7632120478000,29000,0.029000
7632153824000,MATCHED,10195,7632153824000,11709,9220370175000,7632153796000,28000,0.028000
7632187143000,MATCHED,10196,7632187143000,11710,9220403494000,7632187115000,28000,0.028000
7632220458000,MATCHED,10197,7632220458000,11711,9220436813000,7632220434000,24000,0.024000
7632253778000,MATCHED,10198,7632253778000,11712,9220470131000,7632253752000,26000,0.026000
7632287102000,MATCHED,10199,7632287102000,11713,9220503450000,7632287071000,31000,0.031000
7632320416000,MATCHED,10200,7632320416000,11714,9220536768000,7632320389000,27000,0.027000
7632353732000,MATCHED,10201,7632353732000,11715,9220570087000,7632353708000,24000,0.024000
7632387055000,MATCHED,10202,7632387055000,11716,9220603406000,7632387027000,28000,0.028000
7632420371000,MATCHED,10203,7632420371000,11717,9220636724000,7632420345000,26000,0.026000
7632453689000,MATCHED,10204,7632453689000,11718,9220670042000,7632453663000,26000,0.026000
7632487008000,MATCHED,10205,7632487008000,11719,9220703360000,7632486981000,27000,0.027000
7632520324000,MATCHED,10206,7632520324000,11720,9220736679000,7632520300000,24000,0.024000
7632553643000,MATCHED,10207,7632553643000,11721,9220769998000,7632553619000,24000,0.024000
7632586964000,MATCHED,10208,7632586964000,11722,9220803316000,7632586937000,27000,0.027000
7632620282000,MATCHED,10209,7632620282000,11723,9220836634000,7632620255000,27000,0.027000
7632653600000,MATCHED,10210,7632653600000,11724,9220869953000,7632653574000,26000,0.026000
7632686919000,MATCHED,10211,7632686919000,11725,9220903272000,7632686893000,26000,0.026000
7632720236000,MATCHED,10212,7632720236000,11726,9220936591000,7632720212000,24000,0.024000
7632753557000,MATCHED,10213,7632753557000,11727,9220969909000,7632753530000,27000,0.027000
7632786874000,MATCHED,10214,7632786874000,11728,9221003227000,7632786848000,26000,0.026000
7632820192000,MATCHED,10215,7632820192000,11729,9221036545000,7632820166000,26000,0.026000
7632853509000,MATCHED,10216,7632853509000,11730,9221069864000,7632853485000,24000,0.024000
7632886830000,MATCHED,10217,7632886830000,11731,9221103183000,7632886804000,26000,0.026000
7632920149000,MATCHED,10218,7632920149000,11732,9221136500000,7632920121000,28000,0.028000
7632953465000,MATCHED,10219,7632953465000,11733,9221169819000,7632953440000,25000,0.025000
7632986783000,MATCHED,10220,7632986783000,11734,9221203138000,7632986759000,24000,0.024000
7633020102000,MATCHED,10221,7633020102000,11735,9221236456000,7633020077000,25000,0.025000
7633053421000,MATCHED,10222,7633053421000,11736,9221269776000,7633053397000,24000,0.024000
7633086740000,MATCHED,10223,7633086740000,11737,9221303093000,7633086714000,26000,0.026000
7633120058000,MATCHED,10224,7633120058000,11738,9221336413000,7633120034000,24000,0.024000
7633153380000,MATCHED,10225,7633153380000,11739,9221369732000,7633153353000,27000,0.027000
7633186698000,MATCHED,10226,7633186698000,11740,9221403051000,7633186672000,26000,0.026000
7633220013000,MATCHED,10227,7633220013000,11741,9221436370000,7633219991000,22000,0.022000
7633253330000,MATCHED,10228,7633253330000,11742,9221469688000,7633253309000,21000,0.021000
7633286649000,MATCHED,10229,7633286649000,11743,9221503006000,7633286627000,22000,0.022000
7633319968000,MATCHED,10230,7633319968000,11744,9221536325000,7633319946000,22000,0.022000
7633353288000,MATCHED,10231,7633353288000,11745,9221569643000,7633353264000,24000,0.024000
7633386605000,MATCHED,10232,7633386605000,11746,9221602961000,7633386582000,23000,0.023000
7633419926000,MATCHED,10233,7633419926000,11747,9221636280000,7633419901000,25000,0.025000
7633453243000,MATCHED,10234,7633453243000,11748,9221669600000,7633453221000,22000,0.022000
7633486561000,MATCHED,10235,7633486561000,11749,9221702916000,7633486537000,24000,0.024000
7633519882000,MATCHED,10236,7633519882000,11750,9221736235000,7633519856000,26000,0.026000
7633553198000,MATCHED,10237,7633553198000,11751,9221769554000,7633553175000,23000,0.023000
7633586518000,MATCHED,10238,7633586518000,11752,9221802871000,7633586492000,26000,0.026000
7650512307000,MATCHED,10239,7650512307000,12260,9238728660000,7650512281000,26000,0.026000
7650545632000,MATCHED,10240,7650545632000,12261,9238761978000,7650545599000,33000,0.033000
7650578946000,MATCHED,10241,7650578946000,12262,9238795297000,7650578918000,28000,0.028000
7650612272000,MATCHED,10242,7650612272000,12263,9238828615000,7650612236000,36000,0.036000
7650645591000,MATCHED,10243,7650645591000,12264,9238861933000,7650645554000,37000,0.037000
7650678902000,MATCHED,10244,7650678902000,12265,9238895252000,7650678873000,29000,0.029000
7650712226000,MATCHED,10245,7650712226000,12266,9238928570000,7650712191000,35000,0.035000
7650745536000,MATCHED,10246,7650745536000,12267,9238961890000,7650745511000,25000,0.025000
7650778865000,MATCHED,10247,7650778865000,12268,9238995207000,7650778828000,37000,0.037000
7650812176000,MATCHED,10248,7650812176000,12269,9239028526000,7650812147000,29000,0.029000
7650845497000,MATCHED,10249,7650845497000,12270,9239061844000,7650845465000,32000,0.032000
7650878814000,MATCHED,10250,7650878814000,12271,9239095162000,7650878783000,31000,0.031000
7650912144000,MATCHED,10251,7650912144000,12272,9239128482000,7650912103000,41000,0.041000
7650945447000,MATCHED,10252,7650945447000,12273,9239161799000,7650945420000,27000,0.027000
7650978764000,MATCHED,10253,7650978764000,12274,9239195117000,7650978738000,26000,0.026000
7651012082000,MATCHED,10254,7651012082000,12275,9239228435000,7651012056000,26000,0.026000
7651045400000,MATCHED,10255,7651045400000,12276,9239261754000,7651045375000,25000,0.025000
7651078725000,MATCHED,10256,7651078725000,12277,9239295073000,7651078694000,31000,0.031000
7651112037000,MATCHED,10257,7651112037000,12278,9239328392000,7651112013000,24000,0.024000
7651145355000,MATCHED,10258,7651145355000,12279,9239361710000,7651145331000,24000,0.024000
7651178674000,MATCHED,10259,7651178674000,12280,9239395028000,7651178649000,25000,0.025000
7651211992000,MATCHED,10260,7651211992000,12281,9239428347000,7651211968000,24000,0.024000
7651245310000,MATCHED,10261,7651245310000,12282,9239461666000,7651245287000,23000,0.023000
7651278631000,MATCHED,10262,7651278631000,12283,9239494985000,7651278606000,25000,0.025000
7651311947000,MATCHED,10263,7651311947000,12284,9239528302000,7651311923000,24000,0.024000
7651345266000,MATCHED,10264,7651345266000,12285,9239561623000,7651345244000,22000,0.022000
7651378586000,MATCHED,10265,7651378586000,12286,9239594946000,7651378567000,19000,0.019000
7651411903000,MATCHED,10266,7651411903000,12287,9239628257000,7651411878000,25000,0.025000
7651445222000,MATCHED,10267,7651445222000,12288,9239661578000,7651445199000,23000,0.023000
7651478550000,MATCHED,10268,7651478550000,12289,9239694909000,7651478530000,20000,0.020000
7651511870000,MATCHED,10269,7651511870000,12290,9239728229000,7651511850000,20000,0.020000
7651545195000,MATCHED,10270,7651545195000,12291,9239761532000,7651545153000,42000,0.042000
7670903219000,MATCHED,10271,7670903219000,12872,9259119568000,7670903189000,30000,0.030000
7670936537000,MATCHED,10272,7670936537000,12873,9259152886000,7670936507000,30000,0.030000
7670969867000,MATCHED,10273,7670969867000,12874,9259186212000,7670969833000,34000,0.034000
7671003178000,MATCHED,10274,7671003178000,12875,9259219522000,7671003143000,35000,0.035000
7671036488000,MATCHED,10275,7671036488000,12876,9259252841000,7671036462000,26000,0.026000
7671069816000,MATCHED,10276,7671069816000,12877,9259286159000,7671069780000,36000,0.036000
7671103142000,MATCHED,10277,7671103142000,12878,9259319478000,7671103099000,43000,0.043000
7671136449000,MATCHED,10278,7671136449000,12879,9259352797000,7671136418000,31000,0.031000
7671169769000,MATCHED,10279,7671169769000,12880,9259386116000,7671169737000,32000,0.032000
7671203097000,MATCHED,10280,7671203097000,12881,9259419437000,7671203058000,39000,0.039000
7671236396000,MATCHED,10281,7671236396000,12882,9259452750000,7671236371000,25000,0.025000
7671269723000,MATCHED,10282,7671269723000,12883,9259486077000,7671269698000,25000,0.025000
7671303033000,MATCHED,10283,7671303033000,12884,9259519390000,7671303011000,22000,0.022000
7671336353000,MATCHED,10284,7671336353000,12885,9259552711000,7671336332000,21000,0.021000
7671369671000,MATCHED,10285,7671369671000,12886,9259586027000,7671369648000,23000,0.023000
7671402989000,MATCHED,10286,7671402989000,12887,9259619344000,7671402965000,24000,0.024000
7671436309000,MATCHED,10287,7671436309000,12888,9259652663000,7671436284000,25000,0.025000
7671469626000,MATCHED,10288,7671469626000,12889,9259685982000,7671469603000,23000,0.023000
7671502945000,MATCHED,10289,7671502945000,12890,9259719300000,7671502921000,24000,0.024000
7672502502000,MATCHED,10290,7672502502000,12920,9260718854000,7672502475000,27000,0.027000
7672535820000,MATCHED,10291,7672535820000,12921,9260752173000,7672535794000,26000,0.026000
7672569142000,MATCHED,10292,7672569142000,12922,9260785489000,7672569110000,32000,0.032000
7672602468000,MATCHED,10293,7672602468000,12923,9260818810000,7672602431000,37000,0.037000
7672635774000,MATCHED,10294,7672635774000,12924,9260852126000,7672635747000,27000,0.027000
7672669101000,MATCHED,10295,7672669101000,12925,9260885445000,7672669066000,35000,0.035000
7672702417000,MATCHED,10296,7672702417000,12926,9260918762000,7672702383000,34000,0.034000
7672735730000,MATCHED,10297,7672735730000,12927,9260952080000,7672735701000,29000,0.029000
7672769051000,MATCHED,10298,7672769051000,12928,9260985400000,7672769021000,30000,0.030000
7672802367000,MATCHED,10299,7672802367000,12929,9261018718000,7672802339000,28000,0.028000
7672835685000,MATCHED,10300,7672835685000,12930,9261052036000,7672835657000,28000,0.028000
7672869009000,MATCHED,10301,7672869009000,12931,9261085356000,7672868977000,32000,0.032000
7672902323000,MATCHED,10302,7672902323000,12932,9261118673000,7672902294000,29000,0.029000
7672935640000,MATCHED,10303,7672935640000,12933,9261151994000,7672935615000,25000,0.025000
7672968961000,MATCHED,10304,7672968961000,12934,9261185310000,7672968931000,30000,0.030000
7673002277000,MATCHED,10305,7673002277000,12935,9261218628000,7673002249000,28000,0.028000
7673035604000,MATCHED,10306,7673035604000,12936,9261251947000,7673035568000,36000,0.036000
7673068915000,MATCHED,10307,7673068915000,12937,9261285265000,7673068886000,29000,0.029000
7673102233000,MATCHED,10308,7673102233000,12938,9261318584000,7673102205000,28000,0.028000
7673135560000,MATCHED,10309,7673135560000,12939,9261351902000,7673135523000,37000,0.037000
7673168871000,MATCHED,10310,7673168871000,12940,9261385221000,7673168842000,29000,0.029000
7673202191000,MATCHED,10311,7673202191000,12941,9261418542000,7673202163000,28000,0.028000
7673235508000,MATCHED,10312,7673235508000,12942,9261451858000,7673235479000,29000,0.029000
7673268826000,MATCHED,10313,7673268826000,12943,9261485176000,7673268797000,29000,0.029000
7673302144000,MATCHED,10314,7673302144000,12944,9261518495000,7673302116000,28000,0.028000
7673335463000,MATCHED,10315,7673335463000,12945,9261551813000,7673335434000,29000,0.029000
7673368782000,MATCHED,10316,7673368782000,12946,9261585131000,7673368752000,30000,0.030000
7673402099000,MATCHED,10317,7673402099000,12947,9261618450000,7673402071000,28000,0.028000
7673435418000,MATCHED,10318,7673435418000,12948,9261651770000,7673435391000,27000,0.027000
7673468735000,MATCHED,10319,7673468735000,12949,9261685086000,7673468707000,28000,0.028000
7673502055000,MATCHED,10320,7673502055000,12950,9261718405000,7673502026000,29000,0.029000
7673535373000,MATCHED,10321,7673535373000,12951,9261751725000,7673535346000,27000,0.027000
7673568692000,MATCHED,10322,7673568692000,12952,9261785042000,7673568663000,29000,0.029000
7673602010000,MATCHED,10323,7673602010000,12953,9261818360000,7673601981000,29000,0.029000
7673635334000,MATCHED,10324,7673635334000,12954,9261851679000,7673635300000,34000,0.034000
7673668652000,MATCHED,10325,7673668652000,12955,9261884997000,7673668618000,34000,0.034000
7673701966000,MATCHED,10326,7673701966000,12956,9261918317000,7673701938000,28000,0.028000
7673735284000,MATCHED,10327,7673735284000,12957,9261951634000,7673735255000,29000,0.029000
7673768603000,MATCHED,10328,7673768603000,12958,9261984952000,7673768573000,30000,0.030000
7673801920000,MATCHED,10329,7673801920000,12959,9262018271000,7673801892000,28000,0.028000
7673835242000,MATCHED,10330,7673835242000,12960,9262051590000,7673835211000,31000,0.031000
7673868571000,MATCHED,10331,7673868571000,12961,9262084909000,7673868530000,41000,0.041000
7673901890000,MATCHED,10332,7673901890000,12962,9262118227000,7673901848000,42000,0.042000
7673935196000,MATCHED,10333,7673935196000,12963,9262151556000,7673935177000,19000,0.019000
7673968515000,MATCHED,10334,7673968515000,12964,9262184867000,7673968488000,27000,0.027000
7674001832000,MATCHED,10335,7674001832000,12965,9262218183000,7674001804000,28000,0.028000
7674035150000,MATCHED,10336,7674035150000,12966,9262251500000,7674035121000,29000,0.029000
7674068468000,MATCHED,10337,7674068468000,12967,9262284818000,7674068439000,29000,0.029000
7674101788000,MATCHED,10338,7674101788000,12968,9262318138000,7674101759000,29000,0.029000
7674135107000,MATCHED,10339,7674135107000,12969,9262351456000,7674135077000,30000,0.030000
7674168425000,MATCHED,10340,7674168425000,12970,9262384775000,7674168396000,29000,0.029000
7674201745000,MATCHED,10341,7674201745000,12971,9262418102000,7674201723000,22000,0.022000
7674235061000,MATCHED,10342,7674235061000,12972,9262451414000,7674235035000,26000,0.026000
7674268380000,MATCHED,10343,7674268380000,12973,9262484747000,7674268368000,12000,0.012000
7674301702000,MATCHED,10344,7674301702000,12974,9262518051000,7674301672000,30000,0.030000
7674335016000,MATCHED,10345,7674335016000,12975,9262551369000,7674334990000,26000,0.026000
7674368336000,MATCHED,10346,7674368336000,12976,9262584688000,7674368309000,27000,0.027000
7674401654000,MATCHED,10347,7674401654000,12977,9262618008000,7674401629000,25000,0.025000
7674434973000,MATCHED,10348,7674434973000,12978,9262651332000,7674434953000,20000,0.020000
7674468291000,MATCHED,10349,7674468291000,12979,9262684644000,7674468265000,26000,0.026000
7674501610000,MATCHED,10350,7674501610000,12980,9262717961000,7674501582000,28000,0.028000
7674534928000,MATCHED,10351,7674534928000,12981,9262751280000,7674534901000,27000,0.027000
7674568245000,MATCHED,10352,7674568245000,12982,9262784598000,7674568219000,26000,0.026000
7674601565000,MATCHED,10353,7674601565000,12983,9262817918000,7674601539000,26000,0.026000
7674634883000,MATCHED,10354,7674634883000,12984,9262851234000,7674634855000,28000,0.028000
7674668202000,MATCHED,10355,7674668202000,12985,9262884554000,7674668175000,27000,0.027000
7674701520000,MATCHED,10356,7674701520000,12986,9262917876000,7674701497000,23000,0.023000
7674734839000,MATCHED,10357,7674734839000,12987,9262951196000,7674734817000,22000,0.022000
7674768158000,MATCHED,10358,7674768158000,12988,9262984510000,7674768131000,27000,0.027000
7674801474000,MATCHED,10359,7674801474000,12989,9263017832000,7674801453000,21000,0.021000
7674834795000,MATCHED,10360,7674834795000,12990,9263051156000,7674834777000,18000,0.018000
7674868113000,MATCHED,10361,7674868113000,12991,9263084470000,7674868091000,22000,0.022000
7674901431000,MATCHED,10362,7674901431000,12992,9263117782000,7674901403000,28000,0.028000
7674934754000,MATCHED,10363,7674934754000,12993,9263151110000,7674934731000,23000,0.023000
7674968083000,MATCHED,10364,7674968083000,12994,9263184419000,7674968040000,43000,0.043000
7675001393000,MATCHED,10365,7675001393000,12995,9263217737000,7675001358000,35000,0.035000
7675034719000,MATCHED,10366,7675034719000,12996,9263251055000,7675034676000,43000,0.043000
7675068063000,MATCHED,10367,7675068063000,12997,9263284373000,7675067994000,69000,0.069000
7675101346000,MATCHED,10368,7675101346000,12998,9263317692000,7675101313000,33000,0.033000
7675134691000,MATCHED,10369,7675134691000,12999,9263351010000,7675134631000,60000,0.060000
7675167979000,MATCHED,10370,7675167979000,13000,9263384329000,7675167950000,29000,0.029000
7675201299000,MATCHED,10371,7675201299000,13001,9263417651000,7675201272000,27000,0.027000
7675234619000,MATCHED,10372,7675234619000,13002,9263450965000,7675234586000,33000,0.033000
7675267936000,MATCHED,10373,7675267936000,13003,9263484285000,7675267906000,30000,0.030000
7675301252000,MATCHED,10374,7675301252000,13004,9263517602000,7675301223000,29000,0.029000
7675334571000,MATCHED,10375,7675334571000,13005,9263550921000,7675334542000,29000,0.029000
7675367889000,MATCHED,10376,7675367889000,13006,9263584239000,7675367860000,29000,0.029000
7675401208000,MATCHED,10377,7675401208000,13007,9263617558000,7675401179000,29000,0.029000
7675434526000,MATCHED,10378,7675434526000,13008,9263650879000,7675434500000,26000,0.026000
7675467846000,MATCHED,10379,7675467846000,13009,9263684195000,7675467816000,30000,0.030000
7675501164000,MATCHED,10380,7675501164000,13010,9263717513000,7675501134000,30000,0.030000
7675534481000,MATCHED,10381,7675534481000,13011,9263750835000,7675534456000,25000,0.025000
7675567802000,MATCHED,10382,7675567802000,13012,9263784151000,7675567772000,30000,0.030000
7675601119000,MATCHED,10383,7675601119000,13013,9263817469000,7675601090000,29000,0.029000
7675634437000,MATCHED,10384,7675634437000,13014,9263850789000,7675634410000,27000,0.027000
7675667757000,MATCHED,10385,7675667757000,13015,9263884106000,7675667727000,30000,0.030000
7675701075000,MATCHED,10386,7675701075000,13016,9263917425000,7675701046000,29000,0.029000
7675734399000,MATCHED,10387,7675734399000,13017,9263950745000,7675734366000,33000,0.033000
7675767713000,MATCHED,10388,7675767713000,13018,9263984062000,7675767683000,30000,0.030000
7675801030000,MATCHED,10389,7675801030000,13019,9264017380000,7675801001000,29000,0.029000
7675834347000,MATCHED,10390,7675834347000,13020,9264050699000,7675834320000,27000,0.027000
7675867667000,MATCHED,10391,7675867667000,13021,9264084019000,7675867640000,27000,0.027000
7675900994000,MATCHED,10392,7675900994000,13022,9264117338000,7675900959000,35000,0.035000
7675934305000,MATCHED,10393,7675934305000,13023,9264150654000,7675934275000,30000,0.030000
7675967628000,MATCHED,10394,7675967628000,13024,9264183974000,7675967595000,33000,0.033000
7676000942000,MATCHED,10395,7676000942000,13025,9264217291000,7676000912000,30000,0.030000
7676034261000,MATCHED,10396,7676034261000,13026,9264250609000,7676034230000,31000,0.031000
7676067582000,MATCHED,10397,7676067582000,13027,9264283928000,7676067549000,33000,0.033000
7676100902000,MATCHED,10398,7676100902000,13028,9264317246000,7676100867000,35000,0.035000
7676134217000,MATCHED,10399,7676134217000,13029,9264350565000,7676134186000,31000,0.031000
7676167533000,MATCHED,10400,7676167533000,13030,9264383883000,7676167504000,29000,0.029000
7676200858000,MATCHED,10401,7676200858000,13031,9264417203000,7676200824000,34000,0.034000
7676234170000,MATCHED,10402,7676234170000,13032,9264450521000,7676234142000,28000,0.028000
7676267491000,MATCHED,10403,7676267491000,13033,9264483839000,7676267460000,31000,0.031000
7676300810000,MATCHED,10404,7676300810000,13034,9264517158000,7676300779000,31000,0.031000
7676334125000,MATCHED,10405,7676334125000,13035,9264550476000,7676334097000,28000,0.028000
7676367445000,MATCHED,10406,7676367445000,13036,9264583794000,7676367415000,30000,0.030000
7676400765000,MATCHED,10407,7676400765000,13037,9264617113000,7676400734000,31000,0.031000
7676434086000,MATCHED,10408,7676434086000,13038,9264650433000,7676434054000,32000,0.032000
7676467402000,MATCHED,10409,7676467402000,13039,9264683750000,7676467371000,31000,0.031000
7676500719000,MATCHED,10410,7676500719000,13040,9264717068000,7676500689000,30000,0.030000
7676534039000,MATCHED,10411,7676534039000,13041,9264750388000,7676534009000,30000,0.030000
7676567357000,MATCHED,10412,7676567357000,13042,9264783705000,7676567326000,31000,0.031000
7676600675000,MATCHED,10413,7676600675000,13043,9264817024000,7676600645000,30000,0.030000
7676633994000,MATCHED,10414,7676633994000,13044,9264850342000,7676633963000,31000,0.031000
7676667313000,MATCHED,10415,7676667313000,13045,9264883660000,7676667281000,32000,0.032000
7676700632000,MATCHED,10416,7676700632000,13046,9264916979000,7676700600000,32000,0.032000
7676733953000,MATCHED,10417,7676733953000,13047,9264950299000,7676733920000,33000,0.033000
7676767268000,MATCHED,10418,7676767268000,13048,9264983618000,7676767239000,29000,0.029000
7676800586000,MATCHED,10419,7676800586000,13049,9265016935000,7676800556000,30000,0.030000
7676833904000,MATCHED,10420,7676833904000,13050,9265050253000,7676833874000,30000,0.030000
7676867223000,MATCHED,10421,7676867223000,13051,9265083573000,7676867194000,29000,0.029000
7676900541000,MATCHED,10422,7676900541000,13052,9265116890000,7676900511000,30000,0.030000
7676933860000,MATCHED,10423,7676933860000,13053,9265150208000,7676933829000,31000,0.031000
7676967179000,MATCHED,10424,7676967179000,13054,9265183527000,7676967148000,31000,0.031000
7677000498000,MATCHED,10425,7677000498000,13055,9265216846000,7677000467000,31000,0.031000
7677033815000,MATCHED,10426,7677033815000,13056,9265250164000,7677033785000,30000,0.030000
7677067134000,MATCHED,10427,7677067134000,13057,9265283483000,7677067104000,30000,0.030000
7677100453000,MATCHED,10428,7677100453000,13058,9265316800000,7677100421000,32000,0.032000
7677133770000,MATCHED,10429,7677133770000,13059,9265350119000,7677133740000,30000,0.030000
7677167090000,MATCHED,10430,7677167090000,13060,9265383438000,7677167059000,31000,0.031000
7677200410000,MATCHED,10431,7677200410000,13061,9265416757000,7677200378000,32000,0.032000
7677233726000,MATCHED,10432,7677233726000,13062,9265450075000,7677233696000,30000,0.030000
7677267045000,MATCHED,10433,7677267045000,13063,9265483394000,7677267015000,30000,0.030000
7677300363000,MATCHED,10434,7677300363000,13064,9265516711000,7677300332000,31000,0.031000
7677333680000,MATCHED,10435,7677333680000,13065,9265550030000,7677333651000,29000,0.029000
7677366999000,MATCHED,10436,7677366999000,13066,9265583349000,7677366970000,29000,0.029000
7677400318000,MATCHED,10437,7677400318000,13067,9265616667000,7677400288000,30000,0.030000
7677433637000,MATCHED,10438,7677433637000,13068,9265649987000,7677433608000,29000,0.029000
7677466956000,MATCHED,10439,7677466956000,13069,9265683304000,7677466925000,31000,0.031000
7677500275000,MATCHED,10440,7677500275000,13070,9265716623000,7677500244000,31000,0.031000
7677533593000,MATCHED,10441,7677533593000,13071,9265749943000,7677533564000,29000,0.029000
7677566912000,MATCHED,10442,7677566912000,13072,9265783260000,7677566881000,31000,0.031000
7677600229000,MATCHED,10443,7677600229000,13073,9265816579000,7677600200000,29000,0.029000
7677633549000,MATCHED,10444,7677633549000,13074,9265849898000,7677633519000,30000,0.030000
7677666867000,MATCHED,10445,7677666867000,13075,9265883218000,7677666839000,28000,0.028000
7677700186000,MATCHED,10446,7677700186000,13076,9265916537000,7677700158000,28000,0.028000
7677733504000,MATCHED,10447,7677733504000,13077,9265949856000,7677733477000,27000,0.027000
7677766823000,MATCHED,10448,7677766823000,13078,9265983174000,7677766795000,28000,0.028000
7677800142000,MATCHED,10449,7677800142000,13079,9266016492000,7677800113000,29000,0.029000
7677833464000,MATCHED,10450,7677833464000,13080,9266049810000,7677833431000,33000,0.033000
7677866779000,MATCHED,10451,7677866779000,13081,9266083129000,7677866750000,29000,0.029000
7677900094000,MATCHED,10452,7677900094000,13082,9266116446000,7677900067000,27000,0.027000
7677933412000,MATCHED,10453,7677933412000,13083,9266149766000,7677933387000,25000,0.025000
7677966732000,MATCHED,10454,7677966732000,13084,9266183085000,7677966706000,26000,0.026000
7678000050000,MATCHED,10455,7678000050000,13085,9266216403000,7678000024000,26000,0.026000
7678033367000,MATCHED,10456,7678033367000,13086,9266249721000,7678033342000,25000,0.025000
7678066686000,MATCHED,10457,7678066686000,13087,9266283040000,7678066661000,25000,0.025000
7678100006000,MATCHED,10458,7678100006000,13088,9266316358000,7678099979000,27000,0.027000
7678133325000,MATCHED,10459,7678133325000,13089,9266349677000,7678133298000,27000,0.027000
7678166646000,MATCHED,10460,7678166646000,13090,9266382995000,7678166616000,30000,0.030000
7678199972000,MATCHED,10461,7678199972000,13091,9266416315000,7678199936000,36000,0.036000
7678233280000,MATCHED,10462,7678233280000,13092,9266449632000,7678233253000,27000,0.027000
7678266598000,MATCHED,10463,7678266598000,13093,9266482951000,7678266572000,26000,0.026000
7678299915000,MATCHED,10464,7678299915000,13094,9266516269000,7678299890000,25000,0.025000
7678333234000,MATCHED,10465,7678333234000,13095,9266549587000,7678333208000,26000,0.026000
7678366554000,MATCHED,10466,7678366554000,13096,9266582906000,7678366527000,27000,0.027000
7678399870000,MATCHED,10467,7678399870000,13097,9266616225000,7678399846000,24000,0.024000
7678433189000,MATCHED,10468,7678433189000,13098,9266649543000,7678433164000,25000,0.025000
7678466507000,MATCHED,10469,7678466507000,13099,9266682861000,7678466482000,25000,0.025000
7678499828000,MATCHED,10470,7678499828000,13100,9266716180000,7678499801000,27000,0.027000
7678533146000,MATCHED,10471,7678533146000,13101,9266749499000,7678533120000,26000,0.026000
7678566469000,MATCHED,10472,7678566469000,13102,9266782816000,7678566437000,32000,0.032000
7678599781000,MATCHED,10473,7678599781000,13103,9266816133000,7678599754000,27000,0.027000
7678633100000,MATCHED,10474,7678633100000,13104,9266849452000,7678633073000,27000,0.027000
7678666420000,MATCHED,10475,7678666420000,13105,9266882770000,7678666391000,29000,0.029000
7678699744000,MATCHED,10476,7678699744000,13106,9266916089000,7678699710000,34000,0.034000
7678733056000,MATCHED,10477,7678733056000,13107,9266949407000,7678733028000,28000,0.028000
7678766374000,MATCHED,10478,7678766374000,13108,9266982725000,7678766346000,28000,0.028000
7678799692000,MATCHED,10479,7678799692000,13109,9267016044000,7678799665000,27000,0.027000
7678833010000,MATCHED,10480,7678833010000,13110,9267049364000,7678832985000,25000,0.025000
7678866328000,MATCHED,10481,7678866328000,13111,9267082682000,7678866303000,25000,0.025000
7678899648000,MATCHED,10482,7678899648000,13112,9267115999000,7678899620000,28000,0.028000
7678932968000,MATCHED,10483,7678932968000,13113,9267149318000,7678932939000,29000,0.029000
7678966284000,MATCHED,10484,7678966284000,13114,9267182637000,7678966258000,26000,0.026000
7678999602000,MATCHED,10485,7678999602000,13115,9267215955000,7678999576000,26000,0.026000
7679032921000,MATCHED,10486,7679032921000,13116,9267249274000,7679032895000,26000,0.026000
7679066238000,MATCHED,10487,7679066238000,13117,9267282592000,7679066213000,25000,0.025000
7679099558000,MATCHED,10488,7679099558000,13118,9267315910000,7679099531000,27000,0.027000
7679132877000,MATCHED,10489,7679132877000,13119,9267349229000,7679132850000,27000,0.027000
7679166199000,MATCHED,10490,7679166199000,13120,9267382547000,7679166168000,31000,0.031000
7679199522000,MATCHED,10491,7679199522000,13121,9267415868000,7679199489000,33000,0.033000
7679232835000,MATCHED,10492,7679232835000,13122,9267449184000,7679232805000,30000,0.030000
7679266152000,MATCHED,10493,7679266152000,13123,9267482505000,7679266126000,26000,0.026000
7679299468000,MATCHED,10494,7679299468000,13124,9267515823000,7679299444000,24000,0.024000
7679332786000,MATCHED,10495,7679332786000,13125,9267549143000,7679332764000,22000,0.022000
7679366105000,MATCHED,10496,7679366105000,13126,9267582459000,7679366080000,25000,0.025000
7679399423000,MATCHED,10497,7679399423000,13127,9267615780000,7679399401000,22000,0.022000
7679432742000,MATCHED,10498,7679432742000,13128,9267649097000,7679432718000,24000,0.024000
7679466061000,MATCHED,10499,7679466061000,13129,9267682416000,7679466037000,24000,0.024000
7679499382000,MATCHED,10500,7679499382000,13130,9267715734000,7679499355000,27000,0.027000
7679532698000,MATCHED,10501,7679532698000,13131,9267749053000,7679532674000,24000,0.024000
7679566018000,MATCHED,10502,7679566018000,13132,9267782371000,7679565992000,26000,0.026000
7679599336000,MATCHED,10503,7679599336000,13133,9267815690000,7679599311000,25000,0.025000
7679632652000,MATCHED,10504,7679632652000,13134,9267849009000,7679632630000,22000,0.022000
7679665977000,MATCHED,10505,7679665977000,13135,9267882327000,7679665948000,29000,0.029000
7679699297000,MATCHED,10506,7679699297000,13136,9267915646000,7679699267000,30000,0.030000
7679732616000,MATCHED,10507,7679732616000,13137,9267948964000,7679732585000,31000,0.031000
7679765942000,MATCHED,10508,7679765942000,13138,9267982283000,7679765904000,38000,0.038000
7679799268000,MATCHED,10509,7679799268000,13139,9268015602000,7679799223000,45000,0.045000
7679832579000,MATCHED,10510,7679832579000,13140,9268048920000,7679832541000,38000,0.038000
7679865899000,MATCHED,10511,7679865899000,13141,9268082238000,7679865859000,40000,0.040000
7679899219000,MATCHED,10512,7679899219000,13142,9268115554000,7679899175000,44000,0.044000
7679932519000,MATCHED,10513,7679932519000,13143,9268148875000,7679932496000,23000,0.023000
7679965838000,MATCHED,10514,7679965838000,13144,9268182193000,7679965814000,24000,0.024000
7679999157000,MATCHED,10515,7679999157000,13145,9268215511000,7679999132000,25000,0.025000
7680032474000,MATCHED,10516,7680032474000,13146,9268248830000,7680032451000,23000,0.023000
7680065795000,MATCHED,10517,7680065795000,13147,9268282148000,7680065769000,26000,0.026000
7680099111000,MATCHED,10518,7680099111000,13148,9268315467000,7680099088000,23000,0.023000
7680132429000,MATCHED,10519,7680132429000,13149,9268348786000,7680132407000,22000,0.022000
7680165747000,MATCHED,10520,7680165747000,13150,9268382104000,7680165725000,22000,0.022000
7680199073000,MATCHED,10521,7680199073000,13151,9268415424000,7680199045000,28000,0.028000
7680232389000,MATCHED,10522,7680232389000,13152,9268448742000,7680232363000,26000,0.026000
7680265706000,MATCHED,10523,7680265706000,13153,9268482059000,7680265680000,26000,0.026000
7680299029000,MATCHED,10524,7680299029000,13154,9268515378000,7680298999000,30000,0.030000
7680332341000,MATCHED,10525,7680332341000,13155,9268548696000,7680332317000,24000,0.024000
7680365659000,MATCHED,10526,7680365659000,13156,9268582015000,7680365636000,23000,0.023000
7680398977000,MATCHED,10527,7680398977000,13157,9268615333000,7680398954000,23000,0.023000
7680432297000,MATCHED,10528,7680432297000,13158,9268648652000,7680432273000,24000,0.024000
7680465615000,MATCHED,10529,7680465615000,13159,9268681970000,7680465591000,24000,0.024000
7680498935000,MATCHED,10530,7680498935000,13160,9268715289000,7680498910000,25000,0.025000
7680532253000,MATCHED,10531,7680532253000,13161,9268748609000,7680532230000,23000,0.023000
7681032030000,MATCHED,10532,7681032030000,13176,9269248383000,7681032004000,26000,0.026000
7681065347000,MATCHED,10533,7681065347000,13177,9269281700000,7681065321000,26000,0.026000
7681098669000,MATCHED,10534,7681098669000,13178,9269315019000,7681098640000,29000,0.029000
7681131984000,MATCHED,10535,7681131984000,13179,9269348339000,7681131960000,24000,0.024000
7681165303000,MATCHED,10536,7681165303000,13180,9269381658000,7681165279000,24000,0.024000
7681198628000,MATCHED,10537,7681198628000,13181,9269414977000,7681198598000,30000,0.030000
7681231941000,MATCHED,10538,7681231941000,13182,9269448295000,7681231916000,25000,0.025000
7681265259000,MATCHED,10539,7681265259000,13183,9269481614000,7681265235000,24000,0.024000
7681298577000,MATCHED,10540,7681298577000,13184,9269514931000,7681298552000,25000,0.025000
7681331894000,MATCHED,10541,7681331894000,13185,9269548249000,7681331870000,24000,0.024000
7681365212000,MATCHED,10542,7681365212000,13186,9269581568000,7681365189000,23000,0.023000
7681398532000,MATCHED,10543,7681398532000,13187,9269614886000,7681398507000,25000,0.025000
7681431850000,MATCHED,10544,7681431850000,13188,9269648207000,7681431828000,22000,0.022000
7681465168000,MATCHED,10545,7681465168000,13189,9269681524000,7681465145000,23000,0.023000
7681498490000,MATCHED,10546,7681498490000,13190,9269714842000,7681498463000,27000,0.027000
7681531805000,MATCHED,10547,7681531805000,13191,9269748162000,7681531783000,22000,0.022000
7681565125000,MATCHED,10548,7681565125000,13192,9269781479000,7681565100000,25000,0.025000
7688362094000,MATCHED,10549,7688362094000,13396,9276578450000,7688362071000,23000,0.023000
7689195063000,MATCHED,10550,7689195063000,13421,9277411416000,7689195037000,26000,0.026000
7689228383000,MATCHED,10551,7689228383000,13422,9277444733000,7689228354000,29000,0.029000
7689261699000,MATCHED,10552,7689261699000,13423,9277478050000,7689261671000,28000,0.028000
7689295018000,MATCHED,10553,7689295018000,13424,9277511370000,7689294991000,27000,0.027000
7689328343000,MATCHED,10554,7689328343000,13425,9277544688000,7689328309000,34000,0.034000
7689361656000,MATCHED,10555,7689361656000,13426,9277578006000,7689361627000,29000,0.029000
7689394980000,MATCHED,10556,7689394980000,13427,9277611324000,7689394945000,35000,0.035000
7689428300000,MATCHED,10557,7689428300000,13428,9277644644000,7689428265000,35000,0.035000
7689461612000,MATCHED,10558,7689461612000,13429,9277677961000,7689461582000,30000,0.030000
7689494926000,MATCHED,10559,7689494926000,13430,9277711280000,7689494901000,25000,0.025000
7689528244000,MATCHED,10560,7689528244000,13431,9277744598000,7689528219000,25000,0.025000
7689561575000,MATCHED,10561,7689561575000,13432,9277777917000,7689561538000,37000,0.037000
7689594881000,MATCHED,10562,7689594881000,13433,9277811236000,7689594857000,24000,0.024000
7689628205000,MATCHED,10563,7689628205000,13434,9277844553000,7689628174000,31000,0.031000
7689661524000,MATCHED,10564,7689661524000,13435,9277877871000,7689661492000,32000,0.032000
7689694846000,MATCHED,10565,7689694846000,13436,9277911190000,7689694811000,35000,0.035000
7689728158000,MATCHED,10566,7689728158000,13437,9277944511000,7689728132000,26000,0.026000
7689761481000,MATCHED,10567,7689761481000,13438,9277977827000,7689761448000,33000,0.033000
7689794798000,MATCHED,10568,7689794798000,13439,9278011146000,7689794767000,31000,0.031000
7689828122000,MATCHED,10569,7689828122000,13440,9278044466000,7689828087000,35000,0.035000
7689861432000,MATCHED,10570,7689861432000,13441,9278077783000,7689861404000,28000,0.028000
7689894764000,MATCHED,10571,7689894764000,13442,9278111102000,7689894723000,41000,0.041000
7689928071000,MATCHED,10572,7689928071000,13443,9278144421000,7689928042000,29000,0.029000
7689961384000,MATCHED,10573,7689961384000,13444,9278177739000,7689961360000,24000,0.024000
7689994703000,MATCHED,10574,7689994703000,13445,9278211057000,7689994678000,25000,0.025000
7690028024000,MATCHED,10575,7690028024000,13446,9278244376000,7690027997000,27000,0.027000
7690061339000,MATCHED,10576,7690061339000,13447,9278277694000,7690061315000,24000,0.024000
7690094655000,MATCHED,10577,7690094655000,13448,9278311011000,7690094632000,23000,0.023000
7690127974000,MATCHED,10578,7690127974000,13449,9278344328000,7690127949000,25000,0.025000
7690161293000,MATCHED,10579,7690161293000,13450,9278377645000,7690161266000,27000,0.027000
7690194612000,MATCHED,10580,7690194612000,13451,9278410966000,7690194587000,25000,0.025000
7690227932000,MATCHED,10581,7690227932000,13452,9278444283000,7690227904000,28000,0.028000
7690261250000,MATCHED,10582,7690261250000,13453,9278477602000,7690261223000,27000,0.027000
7690294568000,MATCHED,10583,7690294568000,13454,9278510920000,7690294541000,27000,0.027000
7690327890000,MATCHED,10584,7690327890000,13455,9278544241000,7690327862000,28000,0.028000
7690361207000,MATCHED,10585,7690361207000,13456,9278577564000,7690361185000,22000,0.022000
7690394523000,MATCHED,10586,7690394523000,13457,9278610883000,7690394504000,19000,0.019000
7690427840000,MATCHED,10587,7690427840000,13458,9278644201000,7690427822000,18000,0.018000
7690461160000,MATCHED,10588,7690461160000,13459,9278677527000,7690461148000,12000,0.012000
7690494478000,MATCHED,10589,7690494478000,13460,9278710832000,7690494453000,25000,0.025000
7690527796000,MATCHED,10590,7690527796000,13461,9278744154000,7690527775000,21000,0.021000
7690561125000,MATCHED,10591,7690561125000,13462,9278777479000,7690561100000,25000,0.025000
7690594443000,MATCHED,10592,7690594443000,13463,9278810789000,7690594410000,33000,0.033000
7690627759000,MATCHED,10593,7690627759000,13464,9278844105000,7690627726000,33000,0.033000
7690661082000,MATCHED,10594,7690661082000,13465,9278877424000,7690661045000,37000,0.037000
7690694396000,MATCHED,10595,7690694396000,13466,9278910744000,7690694365000,31000,0.031000
7690727711000,MATCHED,10596,7690727711000,13467,9278944061000,7690727682000,29000,0.029000
7690761024000,MATCHED,10597,7690761024000,13468,9278977379000,7690761000000,24000,0.024000
7690794345000,MATCHED,10598,7690794345000,13469,9279010700000,7690794321000,24000,0.024000
7690827662000,MATCHED,10599,7690827662000,13470,9279044017000,7690827638000,24000,0.024000
7690860982000,MATCHED,10600,7690860982000,13471,9279077335000,7690860956000,26000,0.026000
7690894299000,MATCHED,10601,7690894299000,13472,9279110654000,7690894275000,24000,0.024000
7690927627000,MATCHED,10602,7690927627000,13473,9279143972000,7690927593000,34000,0.034000
7690960942000,MATCHED,10603,7690960942000,13474,9279177291000,7690960912000,30000,0.030000
7690994282000,MATCHED,10604,7690994282000,13475,9279210608000,7690994229000,53000,0.053000
7691027575000,MATCHED,10605,7691027575000,13476,9279243929000,7691027550000,25000,0.025000
7691060920000,MATCHED,10606,7691060920000,13477,9279277249000,7691060870000,50000,0.050000
7691094215000,MATCHED,10607,7691094215000,13478,9279310565000,7691094186000,29000,0.029000
7691127553000,MATCHED,10608,7691127553000,13479,9279343882000,7691127503000,50000,0.050000
7691160854000,MATCHED,10609,7691160854000,13480,9279377208000,7691160829000,25000,0.025000
7691194172000,MATCHED,10610,7691194172000,13481,9279410520000,7691194141000,31000,0.031000
7691227489000,MATCHED,10611,7691227489000,13482,9279443842000,7691227463000,26000,0.026000
7691260808000,MATCHED,10612,7691260808000,13483,9279477157000,7691260778000,30000,0.030000
7691294130000,MATCHED,10613,7691294130000,13484,9279510478000,7691294099000,31000,0.031000
7691327465000,MATCHED,10614,7691327465000,13485,9279543796000,7691327417000,48000,0.048000
7691360771000,MATCHED,10615,7691360771000,13486,9279577116000,7691360737000,34000,0.034000
7691394090000,MATCHED,10616,7691394090000,13487,9279610433000,7691394054000,36000,0.036000
7691427400000,MATCHED,10617,7691427400000,13488,9279643760000,7691427381000,19000,0.019000
7691460719000,MATCHED,10618,7691460719000,13489,9279677077000,7691460698000,21000,0.021000
7691494034000,MATCHED,10619,7691494034000,13490,9279710388000,7691494009000,25000,0.025000
7691527351000,MATCHED,10620,7691527351000,13491,9279743705000,7691527326000,25000,0.025000
7691560672000,MATCHED,10621,7691560672000,13492,9279777023000,7691560644000,28000,0.028000
7691593990000,MATCHED,10622,7691593990000,13493,9279810342000,7691593963000,27000,0.027000
7691627306000,MATCHED,10623,7691627306000,13494,9279843660000,7691627281000,25000,0.025000
7691660626000,MATCHED,10624,7691660626000,13495,9279876978000,7691660599000,27000,0.027000
7691693944000,MATCHED,10625,7691693944000,13496,9279910297000,7691693918000,26000,0.026000
7691727262000,MATCHED,10626,7691727262000,13497,9279943615000,7691727236000,26000,0.026000
7691760579000,MATCHED,10627,7691760579000,13498,9279976933000,7691760554000,25000,0.025000
7691793900000,MATCHED,10628,7691793900000,13499,9280010254000,7691793875000,25000,0.025000
7691827219000,MATCHED,10629,7691827219000,13500,9280043574000,7691827195000,24000,0.024000
7691860536000,MATCHED,10630,7691860536000,13501,9280076891000,7691860512000,24000,0.024000
7691893862000,MATCHED,10631,7691893862000,13502,9280110210000,7691893831000,31000,0.031000
7691927174000,MATCHED,10632,7691927174000,13503,9280143527000,7691927148000,26000,0.026000
7691960490000,MATCHED,10633,7691960490000,13504,9280176844000,7691960465000,25000,0.025000
7691993810000,MATCHED,10634,7691993810000,13505,9280210163000,7691993784000,26000,0.026000
7692027126000,MATCHED,10635,7692027126000,13506,9280243482000,7692027103000,23000,0.023000
7692060460000,MATCHED,10636,7692060460000,13507,9280276801000,7692060422000,38000,0.038000
7692093766000,MATCHED,10637,7692093766000,13508,9280310118000,7692093739000,27000,0.027000
7692127091000,MATCHED,10638,7692127091000,13509,9280343436000,7692127057000,34000,0.034000
7692160403000,MATCHED,10639,7692160403000,13510,9280376755000,7692160376000,27000,0.027000
7692193721000,MATCHED,10640,7692193721000,13511,9280410074000,7692193695000,26000,0.026000
7692227040000,MATCHED,10641,7692227040000,13512,9280443392000,7692227013000,27000,0.027000
7692260357000,MATCHED,10642,7692260357000,13513,9280476712000,7692260333000,24000,0.024000
7692293677000,MATCHED,10643,7692293677000,13514,9280510029000,7692293650000,27000,0.027000
7692326993000,MATCHED,10644,7692326993000,13515,9280543347000,7692326968000,25000,0.025000
7692360315000,MATCHED,10645,7692360315000,13516,9280576666000,7692360287000,28000,0.028000
7692393633000,MATCHED,10646,7692393633000,13517,9280609985000,7692393606000,27000,0.027000
7692426949000,MATCHED,10647,7692426949000,13518,9280643304000,7692426925000,24000,0.024000
7692460269000,MATCHED,10648,7692460269000,13519,9280676622000,7692460243000,26000,0.026000
7692493588000,MATCHED,10649,7692493588000,13520,9280709940000,7692493561000,27000,0.027000
7692526905000,MATCHED,10650,7692526905000,13521,9280743259000,7692526880000,25000,0.025000
7692560225000,MATCHED,10651,7692560225000,13522,9280776577000,7692560198000,27000,0.027000
7692593549000,MATCHED,10652,7692593549000,13523,9280809896000,7692593517000,32000,0.032000
7692626862000,MATCHED,10653,7692626862000,13524,9280843224000,7692626845000,17000,0.017000
7692660180000,MATCHED,10654,7692660180000,13525,9280876536000,7692660157000,23000,0.023000
7692693499000,MATCHED,10655,7692693499000,13526,9280909852000,7692693473000,26000,0.026000
7692726818000,MATCHED,10656,7692726818000,13527,9280943171000,7692726792000,26000,0.026000
7692760134000,MATCHED,10657,7692760134000,13528,9280976490000,7692760111000,23000,0.023000
7692793454000,MATCHED,10658,7692793454000,13529,9281009810000,7692793431000,23000,0.023000
7692826772000,MATCHED,10659,7692826772000,13530,9281043129000,7692826750000,22000,0.022000
7692860095000,MATCHED,10660,7692860095000,13531,9281076443000,7692860064000,31000,0.031000
7692893410000,MATCHED,10661,7692893410000,13532,9281109765000,7692893386000,24000,0.024000
7692926726000,MATCHED,10662,7692926726000,13533,9281143084000,7692926705000,21000,0.021000
7692960044000,MATCHED,10663,7692960044000,13534,9281176401000,7692960022000,22000,0.022000
7692993366000,MATCHED,10664,7692993366000,13535,9281209725000,7692993346000,20000,0.020000
7693026681000,MATCHED,10665,7693026681000,13536,9281243043000,7693026664000,17000,0.017000
7693060002000,MATCHED,10666,7693060002000,13537,9281276358000,7693059979000,23000,0.023000
7693093319000,MATCHED,10667,7693093319000,13538,9281309673000,7693093294000,25000,0.025000
7693126642000,MATCHED,10668,7693126642000,13539,9281342999000,7693126620000,22000,0.022000
7693159956000,MATCHED,10669,7693159956000,13540,9281376312000,7693159933000,23000,0.023000
7693193276000,MATCHED,10670,7693193276000,13541,9281409628000,7693193249000,27000,0.027000
7693226593000,MATCHED,10671,7693226593000,13542,9281442949000,7693226570000,23000,0.023000
7693259910000,MATCHED,10672,7693259910000,13543,9281476264000,7693259885000,25000,0.025000
7693293231000,MATCHED,10673,7693293231000,13544,9281509583000,7693293204000,27000,0.027000
7693326548000,MATCHED,10674,7693326548000,13545,9281542904000,7693326525000,23000,0.023000
7693359869000,MATCHED,10675,7693359869000,13546,9281576222000,7693359843000,26000,0.026000
7693393186000,MATCHED,10676,7693393186000,13547,9281609539000,7693393160000,26000,0.026000
7693426503000,MATCHED,10677,7693426503000,13548,9281642860000,7693426481000,22000,0.022000
7693459823000,MATCHED,10678,7693459823000,13549,9281676178000,7693459799000,24000,0.024000
7693493143000,MATCHED,10679,7693493143000,13550,9281709506000,7693493127000,16000,0.016000
7693526461000,MATCHED,10680,7693526461000,13551,9281742823000,7693526444000,17000,0.017000
7693559776000,MATCHED,10681,7693559776000,13552,9281776136000,7693559757000,19000,0.019000
7693593097000,MATCHED,10682,7693593097000,13553,9281809452000,7693593073000,24000,0.024000
7693626419000,MATCHED,10683,7693626419000,13554,9281842774000,7693626395000,24000,0.024000
7693659732000,MATCHED,10684,7693659732000,13555,9281876089000,7693659710000,22000,0.022000
7693693051000,MATCHED,10685,7693693051000,13556,9281909408000,7693693029000,22000,0.022000
7693726374000,MATCHED,10686,7693726374000,13557,9281942726000,7693726347000,27000,0.027000
7693759688000,MATCHED,10687,7693759688000,13558,9281976045000,7693759666000,22000,0.022000
7693793008000,MATCHED,10688,7693793008000,13559,9282009364000,7693792985000,23000,0.023000
7693826324000,MATCHED,10689,7693826324000,13560,9282042684000,7693826305000,19000,0.019000
7693859644000,MATCHED,10690,7693859644000,13561,9282076000000,7693859621000,23000,0.023000
7693892963000,MATCHED,10691,7693892963000,13562,9282109320000,7693892941000,22000,0.022000
7716549535000,MATCHED,10692,7716549535000,14242,9304765889000,7716549510000,25000,0.025000
7716582859000,MATCHED,10693,7716582859000,14243,9304799208000,7716582829000,30000,0.030000
7716616169000,MATCHED,10694,7716616169000,14244,9304832527000,7716616148000,21000,0.021000
7716649490000,MATCHED,10695,7716649490000,14245,9304865845000,7716649466000,24000,0.024000
7716682827000,MATCHED,10696,7716682827000,14246,9304899163000,7716682784000,43000,0.043000
7716716126000,MATCHED,10697,7716716126000,14247,9304932481000,7716716102000,24000,0.024000
7716749447000,MATCHED,10698,7716749447000,14248,9304965801000,7716749422000,25000,0.025000
7716782770000,MATCHED,10699,7716782770000,14249,9304999119000,7716782740000,30000,0.030000
7716816086000,MATCHED,10700,7716816086000,14250,9305032438000,7716816059000,27000,0.027000
7716849398000,MATCHED,10701,7716849398000,14251,9305065756000,7716849377000,21000,0.021000
7716882722000,MATCHED,10702,7716882722000,14252,9305099074000,7716882695000,27000,0.027000
7716916038000,MATCHED,10703,7716916038000,14253,9305132393000,7716916014000,24000,0.024000
7716949356000,MATCHED,10704,7716949356000,14254,9305165710000,7716949331000,25000,0.025000
7716982674000,MATCHED,10705,7716982674000,14255,9305199029000,7716982650000,24000,0.024000
7717015992000,MATCHED,10706,7717015992000,14256,9305232348000,7717015969000,23000,0.023000
7717049307000,MATCHED,10707,7717049307000,14257,9305265666000,7717049287000,20000,0.020000
7717082624000,MATCHED,10708,7717082624000,14258,9305298985000,7717082606000,18000,0.018000
7717115944000,MATCHED,10709,7717115944000,14259,9305332303000,7717115924000,20000,0.020000
7717149261000,MATCHED,10710,7717149261000,14260,9305365621000,7717149242000,19000,0.019000
7717182580000,MATCHED,10711,7717182580000,14261,9305398940000,7717182561000,19000,0.019000
7717215901000,MATCHED,10712,7717215901000,14262,9305432259000,7717215880000,21000,0.021000
7717249217000,MATCHED,10713,7717249217000,14263,9305465577000,7717249198000,19000,0.019000
7717282537000,MATCHED,10714,7717282537000,14264,9305498896000,7717282517000,20000,0.020000
7717315853000,MATCHED,10715,7717315853000,14265,9305532214000,7717315835000,18000,0.018000
7717349172000,MATCHED,10716,7717349172000,14266,9305565533000,7717349154000,18000,0.018000
7717382491000,MATCHED,10717,7717382491000,14267,9305598851000,7717382472000,19000,0.019000
7720447793000,MATCHED,10718,7720447793000,14359,9308664151000,7720447772000,21000,0.021000
7720481114000,MATCHED,10719,7720481114000,14360,9308697469000,7720481090000,24000,0.024000
7720514441000,MATCHED,10720,7720514441000,14361,9308730788000,7720514409000,32000,0.032000
7720547761000,MATCHED,10721,7720547761000,14362,9308764106000,7720547727000,34000,0.034000
7720581071000,MATCHED,10722,7720581071000,14363,9308797424000,7720581045000,26000,0.026000
7720614384000,MATCHED,10723,7720614384000,14364,9308830743000,7720614364000,20000,0.020000
7720647706000,MATCHED,10724,7720647706000,14365,9308864063000,7720647684000,22000,0.022000
7720681019000,MATCHED,10725,7720681019000,14366,9308897382000,7720681003000,16000,0.016000
7720714338000,MATCHED,10726,7720714338000,14367,9308930699000,7720714320000,18000,0.018000
7720747658000,MATCHED,10727,7720747658000,14368,9308964018000,7720747639000,19000,0.019000
7720780980000,MATCHED,10728,7720780980000,14369,9308997337000,7720780958000,22000,0.022000
7720814294000,MATCHED,10729,7720814294000,14370,9309030654000,7720814275000,19000,0.019000
7720847613000,MATCHED,10730,7720847613000,14371,9309063973000,7720847594000,19000,0.019000
7720880932000,MATCHED,10731,7720880932000,14372,9309097292000,7720880913000,19000,0.019000
7720914251000,MATCHED,10732,7720914251000,14373,9309130611000,7720914232000,19000,0.019000
7720947569000,MATCHED,10733,7720947569000,14374,9309163930000,7720947551000,18000,0.018000
7720980887000,MATCHED,10734,7720980887000,14375,9309197248000,7720980869000,18000,0.018000
7721014205000,MATCHED,10735,7721014205000,14376,9309230566000,7721014187000,18000,0.018000
7721047523000,MATCHED,10736,7721047523000,14377,9309263884000,7721047505000,18000,0.018000
7721080844000,MATCHED,10737,7721080844000,14378,9309297204000,7721080825000,19000,0.019000
7721114160000,MATCHED,10738,7721114160000,14379,9309330523000,7721114144000,16000,0.016000
7721147480000,MATCHED,10739,7721147480000,14380,9309363841000,7721147462000,18000,0.018000
7721180802000,MATCHED,10740,7721180802000,14381,9309397159000,7721180780000,22000,0.022000
7721214117000,MATCHED,10741,7721214117000,14382,9309430482000,7721214103000,14000,0.014000
7721247435000,MATCHED,10742,7721247435000,14383,9309463796000,7721247417000,18000,0.018000
7721280756000,MATCHED,10743,7721280756000,14384,9309497114000,7721280735000,21000,0.021000
7721314072000,MATCHED,10744,7721314072000,14385,9309530433000,7721314054000,18000,0.018000
7721347390000,MATCHED,10745,7721347390000,14386,9309563752000,7721347373000,17000,0.017000
7721380709000,MATCHED,10746,7721380709000,14387,9309597069000,7721380690000,19000,0.019000
7721414027000,MATCHED,10747,7721414027000,14388,9309630388000,7721414009000,18000,0.018000
7721447346000,MATCHED,10748,7721447346000,14389,9309663707000,7721447328000,18000,0.018000
7721480665000,MATCHED,10749,7721480665000,14390,9309697025000,7721480646000,19000,0.019000
7721513986000,MATCHED,10750,7721513986000,14391,9309730343000,7721513964000,22000,0.022000
7721547302000,MATCHED,10751,7721547302000,14392,9309763662000,7721547283000,19000,0.019000
7721580624000,MATCHED,10752,7721580624000,14393,9309796980000,7721580601000,23000,0.023000
7721613941000,MATCHED,10753,7721613941000,14394,9309830299000,7721613920000,21000,0.021000
7721647261000,MATCHED,10754,7721647261000,14395,9309863617000,7721647238000,23000,0.023000
7721680577000,MATCHED,10755,7721680577000,14396,9309896935000,7721680556000,21000,0.021000
7721713898000,MATCHED,10756,7721713898000,14397,9309930255000,7721713876000,22000,0.022000
7721747215000,MATCHED,10757,7721747215000,14398,9309963570000,7721747191000,24000,0.024000
7721780531000,MATCHED,10758,7721780531000,14399,9309996892000,7721780513000,18000,0.018000
7721847166000,MATCHED,10759,7721847166000,14401,9310063528000,7721847149000,17000,0.017000
7721880486000,MATCHED,10760,7721880486000,14402,9310096844000,7721880465000,21000,0.021000
7721913804000,MATCHED,10761,7721913804000,14403,9310130165000,7721913786000,18000,0.018000
7721947123000,MATCHED,10762,7721947123000,14404,9310163483000,7721947104000,19000,0.019000
7721980441000,MATCHED,10763,7721980441000,14405,9310196802000,7721980423000,18000,0.018000
7722013761000,MATCHED,10764,7722013761000,14406,9310230120000,7722013741000,20000,0.020000
7722047078000,MATCHED,10765,7722047078000,14407,9310263439000,7722047060000,18000,0.018000
7722080396000,MATCHED,10766,7722080396000,14408,9310296758000,7722080379000,17000,0.017000
7722113716000,MATCHED,10767,7722113716000,14409,9310330076000,7722113697000,19000,0.019000
7722147033000,MATCHED,10768,7722147033000,14410,9310363394000,7722147015000,18000,0.018000
7722180354000,MATCHED,10769,7722180354000,14411,9310396712000,7722180333000,21000,0.021000
7722213671000,MATCHED,10770,7722213671000,14412,9310430032000,7722213653000,18000,0.018000
7722246988000,MATCHED,10771,7722246988000,14413,9310463350000,7722246971000,17000,0.017000
7722280308000,MATCHED,10772,7722280308000,14414,9310496669000,7722280290000,18000,0.018000
7722313626000,MATCHED,10773,7722313626000,14415,9310529988000,7722313609000,17000,0.017000
7722346946000,MATCHED,10774,7722346946000,14416,9310563306000,7722346927000,19000,0.019000
7722380265000,MATCHED,10775,7722380265000,14417,9310596624000,7722380245000,20000,0.020000
7741838255000,MATCHED,10776,7741838255000,15001,9330054619000,7741838240000,15000,0.015000
7742804497000,MATCHED,10777,7742804497000,15030,9331020855000,7742804476000,21000,0.021000
7742837815000,MATCHED,10778,7742837815000,15031,9331054172000,7742837793000,22000,0.022000
7742871133000,MATCHED,10779,7742871133000,15032,9331087492000,7742871113000,20000,0.020000
7742904455000,MATCHED,10780,7742904455000,15033,9331120811000,7742904432000,23000,0.023000
7742937766000,MATCHED,10781,7742937766000,15034,9331154129000,7742937750000,16000,0.016000
7742971084000,MATCHED,10782,7742971084000,15035,9331187447000,7742971068000,16000,0.016000
7743004402000,MATCHED,10783,7743004402000,15036,9331220765000,7743004386000,16000,0.016000
7743037721000,MATCHED,10784,7743037721000,15037,9331254084000,7743037705000,16000,0.016000
7743071038000,MATCHED,10785,7743071038000,15038,9331287403000,7743071024000,14000,0.014000
7743104356000,MATCHED,10786,7743104356000,15039,9331320721000,7743104342000,14000,0.014000
7743137674000,MATCHED,10787,7743137674000,15040,9331354040000,7743137661000,13000,0.013000
7743170993000,MATCHED,10788,7743170993000,15041,9331387358000,7743170979000,14000,0.014000
7743204311000,MATCHED,10789,7743204311000,15042,9331420676000,7743204297000,14000,0.014000
7743237631000,MATCHED,10790,7743237631000,15043,9331453995000,7743237616000,15000,0.015000
7743270949000,MATCHED,10791,7743270949000,15044,9331487313000,7743270934000,15000,0.015000
7743304268000,MATCHED,10792,7743304268000,15045,9331520633000,7743304254000,14000,0.014000
7743337587000,MATCHED,10793,7743337587000,15046,9331553951000,7743337572000,15000,0.015000
7743370906000,MATCHED,10794,7743370906000,15047,9331587270000,7743370891000,15000,0.015000
7743404222000,MATCHED,10795,7743404222000,15048,9331620588000,7743404209000,13000,0.013000
7743437541000,MATCHED,10796,7743437541000,15049,9331653906000,7743437527000,14000,0.014000
7747702313000,MATCHED,10797,7747702313000,15177,9335918672000,7747702293000,20000,0.020000
7747735642000,MATCHED,10798,7747735642000,15178,9335951991000,7747735612000,30000,0.030000
