Source_Index,Sink_Index,HQ_Index,Source_Sensor_ns,Sink_Sensor_ns,Source_Wall_ns,HQ_Wall_ns,TripleStatus
0,0,19,7242027823000,8830244202000,1778512943154312041,1778512943158879631,FULL
1,1,20,7242061155000,8830277523000,1778512943183373125,1778512943192525848,FULL
2,2,21,7242094464000,8830310847000,1778512943215363381,1778512943225614644,FULL
3,3,22,7242127780000,8830344161000,1778512943250046276,1778512943259749559,FULL
4,4,23,7242161108000,8830377476000,1778512943284326415,1778512943293022279,FULL
5,5,24,7242194420000,8830410795000,1778512943320917957,1778512943327020307,FULL
6,6,25,7242227735000,8830444116000,1778512943350146427,1778512943358879375,FULL
7,7,26,7242261058000,8830477433000,1778512943384755008,1778512943392144780,FULL
8,8,27,7242294375000,8830510752000,1778512943417442609,1778512943425326279,FULL
9,9,28,7242327691000,8830544068000,1778512943451130014,1778512943460610682,FULL
10,10,29,7242361006000,8830577388000,1778512943482225928,1778512943492220160,FULL
11,11,30,7242394325000,8830610707000,1778512943515593929,1778512943526100337,FULL
12,12,31,7242427644000,8830644043000,1778512943549221909,1778512943561153299,FULL
13,13,32,7242460962000,8830677347000,1778512943587212361,1778512943593200605,FULL
14,14,33,7242494283000,8830710669000,1778512943616746477,1778512943625797629,FULL
15,15,34,7242527603000,8830743989000,1778512943650500048,1778512943659880007,FULL
16,16,35,7242560922000,8830777303000,1778512943683067909,1778512943692306495,FULL
17,17,36,7242594241000,8830810616000,1778512943716073340,1778512943726235338,FULL
18,18,37,7242627560000,8830843932000,1778512943749272750,1778512943759074767,FULL
19,19,38,7242660876000,8830877250000,1778512943782943692,1778512943792172878,FULL
20,20,39,7242694194000,8830910569000,1778512943815750625,1778512943825670207,FULL
21,21,40,7242727512000,8830943895000,1778512943851063847,1778512943860366283,FULL
22,22,41,7242760840000,8830977207000,1778512943882824272,1778512943892011723,FULL
23,23,42,7242794154000,8831010527000,1778512943917637128,1778512943925485793,FULL
24,24,43,7242827484000,8831043845000,1778512943949569996,1778512943959971668,FULL
25,25,44,7242860794000,8831077164000,1778512943982580520,1778512943992337453,FULL
26,26,45,7242894109000,8831110481000,1778512944022174789,1778512944025633728,FULL
27,27,46,7242927425000,8831143799000,1778512944049347188,1778512944058878875,FULL
28,28,47,7242960741000,8831177117000,1778512944082463062,1778512944092249334,FULL
29,29,48,7242994063000,8831210436000,1778512944115757342,1778512944125420167,FULL
30,30,49,7243027380000,8831243756000,1778512944149633412,1778512944160884735,FULL
31,31,50,7243060701000,8831277073000,1778512944184917874,1778512944192161198,FULL
32,32,51,7243094022000,8831310392000,1778512944217237294,1778512944225429140,FULL
33,33,52,7243127338000,8831343710000,1778512944251405064,1778512944258705490,FULL
34,34,53,7243160655000,8831377029000,1778512944281863207,1778512944293175272,FULL
35,35,54,7243193971000,8831410348000,1778512944316645823,1778512944325216746,FULL
36,36,55,7243227295000,8831443666000,1778512944348675597,1778512944358519095,FULL
37,37,56,7243260607000,8831476984000,1778512944382390483,1778512944391848000,FULL
38,38,57,7243293929000,8831510303000,1778512944415330359,1778512944425249422,FULL
39,39,58,7243327244000,8831543621000,1778512944448859896,1778512944459441522,FULL
40,40,59,7243360563000,8831576940000,1778512944483018777,1778512944491881325,FULL
41,41,60,7243393885000,8831610258000,1778512944515769952,1778512944536520245,FULL
42,42,61,7243427202000,8831643576000,1778512944549642114,1778512944560786186,FULL
43,43,62,7243460518000,8831676896000,1778512944581792832,1778512944591658449,FULL
44,44,63,7243493843000,8831710214000,1778512944614773689,1778512944623546924,FULL
45,45,64,7243527153000,8831743531000,1778512944648792331,1778512944656719737,FULL
46,46,65,7243560475000,8831776849000,1778512944683192266,1778512944690149086,FULL
47,47,66,7243593792000,8831810168000,1778512944716791783,1778512944723477268,FULL
48,48,67,7243627115000,8831843487000,1778512944748733836,1778512944757185558,FULL
49,49,68,7243660431000,8831876806000,1778512944782583832,1778512944790497130,FULL
50,50,69,7243693756000,8831910123000,1778512944816123387,1778512944823794498,FULL
51,51,70,7243727067000,8831943443000,1778512944848874154,1778512944858123559,FULL
52,52,71,7243760383000,8831976761000,1778512944882513578,1778512944891470816,FULL
53,53,72,7243793705000,8832010079000,1778512944915197068,1778512944924704647,FULL
54,54,73,7243827019000,8832043399000,1778512944948570735,1778512944957939850,FULL
55,55,74,7243860338000,8832076716000,1778512944984085158,1778512944991720972,FULL
56,56,75,7243893660000,8832110035000,1778512945015373496,1778512945024549586,FULL
57,57,76,7243926977000,8832143354000,1778512945049350176,1778512945057787936,FULL
58,58,77,7243960300000,8832176672000,1778512945083954145,1778512945093222560,FULL
59,59,78,7243993618000,8832209991000,1778512945114107069,1778512945124437949,FULL
60,60,79,7244026934000,8832243309000,1778512945154612958,1778512945157731280,FULL
61,61,80,7244060249000,8832276627000,1778512945187601445,1778512945191061500,FULL
62,62,81,7244093570000,8832309949000,1778512945215039156,1778512945224441923,FULL
63,63,82,7244126887000,8832343264000,1778512945248737006,1778512945258219397,FULL
64,64,83,7244160206000,8832376584000,1778512945280640170,1778512945291590709,FULL
65,65,84,7244193525000,8832409901000,1778512945313973487,1778512945324928391,FULL
66,66,85,7244226840000,8832443219000,1778512945347913760,1778512945358326869,FULL
67,67,86,7244260159000,8832476538000,1778512945391629689,1778512945392548117,FULL
68,68,87,7244293479000,8832509855000,1778512945421799075,1778512945425093808,FULL
69,69,88,7244326799000,8832543174000,1778512945447240178,1778512945458211881,FULL
70,70,89,7244360117000,8832576493000,1778512945481024082,1778512945492704385,FULL
71,71,89,7244393437000,8832609812000,1778512945514334677,1778512945492704385,FULL
72,72,90,7244426754000,8832643130000,1778512945549079700,1778512945552732077,FULL
73,73,91,7244460072000,8832676448000,1778512945581520230,1778512945586510088,FULL
74,74,92,7244493393000,8832709767000,1778512945614361051,1778512945622199469,FULL
75,75,93,7244526713000,8832743085000,1778512945648114048,1778512945653918205,FULL
76,76,94,7244560029000,8832776404000,1778512945681911878,1778512945689853639,FULL
77,77,95,7244593353000,8832809722000,1778512945715623801,1778512945721683040,FULL
78,78,96,7244626679000,8832843041000,1778512945750101383,1778512945753093187,FULL
79,79,97,7244659996000,8832876359000,1778512945783793252,1778512945788150259,FULL
80,80,98,7244693307000,8832909677000,1778512945816807812,1778512945823154703,FULL
81,81,99,7244726625000,8832942997000,1778512945851096433,1778512945853964059,FULL
82,82,100,7244759947000,8832976315000,1778512945881553298,1778512945887401500,FULL
83,83,101,7244793256000,8833009633000,1778512945914834115,1778512945922472220,FULL
84,84,102,7244826574000,8833042952000,1778512945948349836,1778512945953000931,FULL
85,85,103,7244859895000,8833076270000,1778512945981273861,1778512945986695906,FULL
86,86,104,7244893212000,8833109588000,1778512946013998757,1778512946019726110,FULL
87,87,105,7244926531000,8833142907000,1778512946048247397,1778512946053033997,FULL
88,88,106,7244959852000,8833176225000,1778512946081512585,1778512946086298328,FULL
89,89,107,7244993170000,8833209543000,1778512946115613189,1778512946120009599,FULL
90,90,108,7245026494000,8833242862000,1778512946151066131,1778512946153173747,FULL
91,91,109,7245059821000,8833276180000,1778512946188061391,1778512946186269913,FULL
92,92,110,7245093142000,8833309499000,1778512946222592824,1778512946219548337,FULL
93,93,111,7245126461000,8833342817000,1778512946259336549,1778512946252857760,FULL
94,94,112,7245159766000,8833376137000,1778512946289907931,1778512946286027574,FULL
95,95,113,7245193082000,8833409455000,1778512946317908711,1778512946320033398,FULL
96,96,114,7245226409000,8833442775000,1778512946349910263,1778512946353479080,FULL
97,97,115,7245259716000,8833476093000,1778512946382783121,1778512946386912428,FULL
98,98,116,7245293039000,8833509412000,1778512946416996354,1778512946421255545,FULL
99,99,117,7245326355000,8833542730000,1778512946448396432,1778512946452711579,FULL
100,100,118,7245359678000,8833576049000,1778512946481742655,1778512946486002318,FULL
101,101,119,7245392991000,8833609367000,1778512946514740068,1778512946520297398,FULL
102,102,120,7245426308000,8833642685000,1778512946548817709,1778512946571291162,FULL
103,103,121,7245459626000,8833676003000,1778512946581848307,1778512946590574282,FULL
104,104,122,7245492949000,8833709322000,1778512946619164155,1778512946620966513,FULL
105,105,123,7245526263000,8833742640000,1778512946647720318,1778512946652758359,FULL
106,106,124,7245559583000,8833775958000,1778512946681571684,1778512946685927877,FULL
107,107,125,7245592902000,8833809277000,1778512946714416172,1778512946712391036,FULL
108,108,126,7245626219000,8833842596000,1778512946748306353,1778512946753741767,FULL
109,109,127,7245659546000,8833875914000,1778512946781590170,1778512946786882359,FULL
110,110,128,7245692863000,8833909233000,1778512946816416415,1778512946816327174,FULL
111,111,129,7245726176000,8833942551000,1778512946848063323,1778512946852970767,FULL
112,112,130,7245759499000,8833975870000,1778512946881167142,1778512946886163192,FULL
113,113,131,7245792814000,8834009188000,1778512946914299664,1778512946919479689,FULL
114,114,132,7245826134000,8834042506000,1778512946947757331,1778512946952764780,FULL
115,115,133,7245859446000,8834075825000,1778512946980371210,1778512946986146110,FULL
116,116,134,7245892766000,8834109143000,1778512947014409593,1778512947014510602,FULL
117,117,135,7245926084000,8834142462000,1778512947047756779,1778512947053701744,FULL
118,118,136,7245959404000,8834175780000,1778512947081067170,1778512947086879928,FULL
119,119,137,7245992722000,8834209099000,1778512947114019472,1778512947121851446,FULL
120,120,138,7246026041000,8834242417000,1778512947152903248,1778512947152717672,FULL
121,121,139,7246059359000,8834275736000,1778512947182775693,1778512947186029429,FULL
122,122,140,7246092678000,8834309052000,1778512947214938522,1778512947219529832,FULL
123,123,141,7246125995000,8834342378000,1778512947246788798,1778512947253720635,FULL
124,124,142,7246159317000,8834375692000,1778512947279914672,1778512947286722914,FULL
125,125,143,7246192633000,8834409009000,1778512947314406643,1778512947319855246,FULL
126,126,144,7246225951000,8834442328000,1778512947346607990,1778512947352695452,FULL
127,127,145,7246259269000,8834475646000,1778512947379953546,1778512947385921080,FULL
128,128,146,7246292593000,8834508965000,1778512947413293566,1778512947419222578,FULL
129,129,147,7246325906000,8834542283000,1778512947446756492,1778512947453809526,FULL
130,130,148,7246359226000,8834575602000,1778512947480056735,1778512947485910184,FULL
131,131,149,7246392542000,8834608921000,1778512947514275542,1778512947520093321,FULL
132,132,150,7246425863000,8834642239000,1778512947548318925,1778512947556028829,FULL
133,133,151,7246459181000,8834675557000,1778512947580470901,1778512947587004257,FULL
134,134,152,7246492502000,8834708875000,1778512947613442888,1778512947619906889,FULL
135,135,153,7246525820000,8834742194000,1778512947665207714,1778512947652591374,FULL
136,136,154,7246559139000,8834775512000,1778512947697370821,1778512947685783465,FULL
137,137,155,7246592456000,8834808830000,1778512947729629445,1778512947719167166,FULL
138,138,156,7246625776000,8834842149000,1778512947752237855,1778512947752568644,FULL
139,139,157,7246659091000,8834875468000,1778512947781450918,1778512947785745050,FULL
140,140,158,7246692411000,8834908785000,1778512947814102131,1778512947819111566,FULL
141,141,159,7246725728000,8834942104000,1778512947850345287,1778512947852333583,FULL
142,142,160,7246759047000,8834975423000,1778512947881109611,1778512947885696913,FULL
143,143,161,7246792366000,8835008742000,1778512947914154783,1778512947918941004,FULL
144,144,162,7246825684000,8835042060000,1778512947947316471,1778512947955074196,FULL
145,145,163,7246859002000,8835075378000,1778512947980800193,1778512947986468472,FULL
146,146,164,7246892326000,8835108697000,1778512948013385906,1778512948019674081,FULL
147,147,165,7246925636000,8835142015000,1778512948047592380,1778512948054307344,FULL
148,148,166,7246958957000,8835175333000,1778512948080187556,1778512948085544510,FULL
149,149,167,7246992275000,8835208653000,1778512948114383159,1778512948118869008,FULL
150,150,168,7247025597000,8835241971000,1778512948149105405,1778512948153141495,FULL
151,151,169,7247058914000,8835275292000,1778512948180335670,1778512948186441141,FULL
152,152,170,7247092231000,8835308609000,1778512948213164380,1778512948219744917,FULL
153,153,171,7247125548000,8835341925000,1778512948247070635,1778512948252180608,FULL
154,154,172,7247158870000,8835375244000,1778512948280243879,1778512948285313497,FULL
155,155,173,7247192195000,8835408563000,1778512948313726508,1778512948318690679,FULL
156,156,174,7247225505000,8835441881000,1778512948352486434,1778512948353080295,FULL
157,157,175,7247258821000,8835475200000,1778512948381182651,1778512948385440043,FULL
158,158,176,7247292142000,8835508518000,1778512948418734552,1778512948418679504,FULL
159,159,177,7247325479000,8835541836000,1778512948447080736,1778512948452980640,FULL
160,160,178,7247358781000,8835575155000,1778512948480223276,1778512948486211657,FULL
161,161,179,7247392096000,8835608474000,1778512948513646999,1778512948519918687,FULL
162,162,180,7247425415000,8835641792000,1778512948546855872,1778512948569489614,FULL
163,163,180,7247458734000,8835675111000,1778512948580261299,1778512948569489614,FULL
164,164,182,7247492057000,8835708429000,1778512948613554134,1778512948619240149,FULL
165,165,183,7247525372000,8835741747000,1778512948646712434,1778512948651929042,FULL
166,166,184,7247558688000,8835775066000,1778512948681154127,1778512948677438100,FULL
167,167,185,7247592033000,8835808384000,1778512948713820395,1778512948718306984,FULL
168,168,186,7247625332000,8835841702000,1778512948746103111,1778512948752616286,FULL
169,169,187,7247658645000,8835875021000,1778512948780458676,1778512948788442962,FULL
170,170,188,7247691969000,8835908340000,1778512948813035852,1778512948819207634,FULL
171,171,189,7247725280000,8835941658000,1778512948848619737,1778512948852597686,FULL
172,172,190,7247758600000,8835974976000,1778512948880030555,1778512948886052219,FULL
173,173,191,7247791919000,8836008295000,1778512948912837340,1778512948919301143,FULL
174,174,192,7247825241000,8836041613000,1778512948946835760,1778512948952824009,FULL
175,175,193,7247858558000,8836074932000,1778512948980485721,1778512948986065933,FULL
176,176,194,7247891881000,8836108250000,1778512949013935573,1778512949019228914,FULL
177,177,195,7247925204000,8836141568000,1778512949048968649,1778512949052601281,FULL
178,178,196,7247958523000,8836174887000,1778512949080671242,1778512949086185202,FULL
179,179,197,7247991838000,8836208206000,1778512949113730376,1778512949119173647,FULL
180,180,198,7248025149000,8836241524000,1778512949153688160,1778512949152576681,FULL
181,181,199,7248058479000,8836274843000,1778512949184715056,1778512949189276107,FULL
182,182,200,7248091786000,8836308158000,1778512949213349718,1778512949219719986,FULL
183,183,201,7248125103000,8836341480000,1778512949245584342,1778512949251954439,FULL
184,184,202,7248158421000,8836374797000,1778512949279690761,1778512949287206528,FULL
185,185,203,7248191742000,8836408116000,1778512949312164642,1778512949318576267,FULL
186,186,204,7248225057000,8836441435000,1778512949345968231,1778512949351825969,FULL
187,187,205,7248258377000,8836474753000,1778512949380869160,1778512949385120281,FULL
188,188,206,7248291698000,8836508071000,1778512949412590179,1778512949418422946,FULL
189,189,207,7248325014000,8836541390000,1778512949446124160,1778512949451780110,FULL
190,190,208,7248358333000,8836574708000,1778512949481513380,1778512949485012386,FULL
191,191,209,7248391657000,8836608030000,1778512949513379730,1778512949518348327,FULL
192,192,210,7248424977000,8836641345000,1778512949547052710,1778512949551783805,FULL
193,193,211,7248458293000,8836674664000,1778512949579890939,1778512949587328614,FULL
194,194,212,7248491606000,8836707982000,1778512949612886795,1778512949618350357,FULL
195,195,213,7248524924000,8836741301000,1778512949646129779,1778512949651779834,FULL
196,196,214,7248558243000,8836774619000,1778512949680365401,1778512949685051832,FULL
197,197,215,7248591561000,8836807937000,1778512949712899022,1778512949718357200,FULL
198,198,216,7248624880000,8836841256000,1778512949746759185,1778512949751714142,FULL
199,199,217,7248658203000,8836874574000,1778512949780673106,1778512949784786660,FULL
200,200,218,7248691516000,8836907893000,1778512949813256634,1778512949818254305,FULL
201,201,219,7248724835000,8836941211000,1778512949846125918,1778512949851609968,FULL
202,202,220,7248758155000,8836974530000,1778512949880213985,1778512949884896874,FULL
203,203,221,7248791473000,8837007849000,1778512949913013141,1778512949918992437,FULL
204,204,222,7248824791000,8837041167000,1778512949946207736,1778512949951530887,FULL
205,205,223,7248858111000,8837074485000,1778512949979494701,1778512949984965754,FULL
206,206,224,7248891427000,8837107804000,1778512950012965219,1778512950020685431,FULL
207,207,225,7248924747000,8837141122000,1778512950045729671,1778512950051581601,FULL
208,208,226,7248958063000,8837174441000,1778512950079596778,1778512950084832821,FULL
209,209,227,7248991382000,8837207759000,1778512950112740559,1778512950118072486,FULL
210,210,228,7249024702000,8837241078000,1778512950146001525,1778512950151483075,FULL
211,211,229,7249058019000,8837274396000,1778512950179616412,1778512950184788055,FULL
212,212,230,7249091338000,8837307715000,1778512950211496040,1778512950218256680,FULL
213,213,231,7249124655000,8837341032000,1778512950246000844,1778512950251584937,FULL
214,214,232,7249157974000,8837374352000,1778512950279641749,1778512950284746621,FULL
215,215,233,7249191301000,8837407669000,1778512950313143508,1778512950318449726,FULL
216,216,234,7249224613000,8837440989000,1778512950352551853,1778512950351466171,FULL
217,217,235,7249257932000,8837474306000,1778512950381318273,1778512950384710558,FULL
218,218,236,7249291251000,8837507625000,1778512950413359436,1778512950420680844,FULL
219,219,237,7249324568000,8837540944000,1778512950446314905,1778512950451457033,FULL
220,220,238,7249357887000,8837574263000,1778512950480440842,1778512950484771735,FULL
221,221,239,7249391204000,8837607580000,1778512950513003889,1778512950520021398,FULL
222,222,240,7249424523000,8837640899000,1778512950547471656,1778512950570002801,FULL
223,223,240,7249457842000,8837674218000,1778512950579434116,1778512950570002801,FULL
224,224,242,7249491160000,8837707535000,1778512950612066977,1778512950622667734,FULL
225,225,243,7249524479000,8837740855000,1778512950646216303,1778512950651670441,FULL
226,226,244,7249557799000,8837774172000,1778512950678902404,1778512950684508981,FULL
227,227,245,7249591118000,8837807491000,1778512950712697382,1778512950717808330,FULL
228,228,246,7249624434000,8837840811000,1778512950745831423,1778512950751148976,FULL
229,229,247,7249657752000,8837874128000,1778512950779740344,1778512950784465288,FULL
230,230,248,7249691072000,8837907447000,1778512950812350261,1778512950820016948,FULL
231,231,249,7249724391000,8837940765000,1778512950846154609,1778512950851102746,FULL
232,232,250,7249757713000,8837974083000,1778512950878650915,1778512950884498354,FULL
233,233,251,7249791024000,8838007402000,1778512950915435992,1778512950917732167,FULL
234,234,252,7249824347000,8838040720000,1778512950953537258,1778512950951208904,FULL
235,235,253,7249857662000,8838074039000,1778512950979112452,1778512950984371180,FULL
236,236,254,7249890980000,8838107357000,1778512951014120528,1778512951017664715,FULL
237,237,255,7249924296000,8838140676000,1778512951045449273,1778512951050978861,FULL
238,238,256,7249957615000,8838173994000,1778512951078194707,1778512951084446894,FULL
239,239,257,7249990938000,8838207312000,1778512951111530097,1778512951117533005,FULL
240,240,258,7250024252000,8838240632000,1778512951151169199,1778512951152903185,FULL
241,241,259,7250057572000,8838273950000,1778512951180952552,1778512951184468349,FULL
242,242,260,7250090892000,8838307265000,1778512951213183417,1778512951217777791,FULL
243,243,261,7250124213000,8838340587000,1778512951244440478,1778512951251027696,FULL
244,244,262,7250157527000,8838373905000,1778512951277490834,1778512951284334268,FULL
245,245,263,7250190847000,8838407223000,1778512951313612121,1778512951317607599,FULL
246,246,264,7250224165000,8838440541000,1778512951344749127,1778512951351094521,FULL
247,247,265,7250257485000,8838473860000,1778512951379190617,1778512951384217058,FULL
248,248,266,7250290806000,8838507178000,1778512951411358927,1778512951417558462,FULL
249,249,267,7250324120000,8838540498000,1778512951445013776,1778512951451200679,FULL
250,250,268,7250357438000,8838573816000,1778512951478080670,1778512951484302401,FULL
251,251,269,7250390757000,8838607135000,1778512951512972951,1778512951517528881,FULL
252,252,270,7250424075000,8838640453000,1778512951545422628,1778512951550961007,FULL
253,253,271,7250457395000,8838673771000,1778512951578343356,1778512951584299115,FULL
254,254,272,7250490713000,8838707089000,1778512951611320602,1778512951617491984,FULL
255,255,273,7250524029000,8838740408000,1778512951645193524,1778512951653531695,FULL
256,256,274,7250557350000,8838773726000,1778512951678001253,1778512951684347310,FULL
257,257,275,7250590667000,8838807044000,1778512951712072099,1778512951717429180,FULL
258,258,276,7250623988000,8838840363000,1778512951745768170,1778512951752612900,FULL
259,259,277,7250657305000,8838873682000,1778512951778169089,1778512951784188545,FULL
260,260,278,7250690623000,8838907000000,1778512951811995122,1778512951817371729,FULL
261,261,279,7250723941000,8838940319000,1778512951845410771,1778512951850785447,FULL
262,262,280,7250757259000,8838973638000,1778512951879332137,1778512951884277499,FULL
263,263,281,7250790584000,8839006957000,1778512951912260439,1778512951917539719,FULL
264,264,282,7250823898000,8839040273000,1778512951944945132,1778512951950695903,FULL
265,265,283,7250857219000,8839073592000,1778512951978651222,1778512951984084530,FULL
266,266,284,7250890533000,8839106911000,1778512952012567366,1778512952017320232,FULL
267,267,285,7250923854000,8839140229000,1778512952045312540,1778512952052754764,FULL
268,268,286,7250957171000,8839173547000,1778512952078210972,1778512952084137595,FULL
269,269,287,7250990488000,8839206866000,1778512952111637732,1778512952117309428,FULL
270,270,288,7251023804000,8839240185000,1778512952145169972,1778512952150699295,FULL
271,271,289,7251057125000,8839273503000,1778512952178636583,1778512952184029551,FULL
272,272,290,7251090446000,8839306821000,1778512952211001520,1778512952217409456,FULL
273,273,291,7251123762000,8839340140000,1778512952245215420,1778512952250635991,FULL
274,274,292,7251157084000,8839373460000,1778512952278102834,1778512952283908063,FULL
275,275,293,7251190399000,8839406777000,1778512952312462880,1778512952317100340,FULL
276,276,294,7251223722000,8839440095000,1778512952344745596,1778512952350553577,FULL
277,277,295,7251257039000,8839473413000,1778512952378733517,1778512952385648130,FULL
278,278,296,7251290359000,8839506732000,1778512952411424821,1778512952417240571,FULL
279,279,297,7251323673000,8839540051000,1778512952444920580,1778512952450605383,FULL
280,280,298,7251356992000,8839573369000,1778512952478586319,1778512952486476355,FULL
281,281,299,7251390315000,8839606688000,1778512952511296864,1778512952517521709,FULL
282,282,300,7251423629000,8839640021000,1778512952547058266,1778512952568494917,FULL
283,283,300,7251456950000,8839673324000,1778512952578655489,1778512952568494917,FULL
284,284,302,7251490268000,8839706643000,1778512952612321672,1778512952621330570,FULL
285,285,303,7251523593000,8839739961000,1778512952646656367,1778512952655409763,FULL
286,286,304,7251556907000,8839773280000,1778512952678410440,1778512952671574860,FULL
287,287,306,7251590224000,8839806598000,1778512952711942699,1778512952720972176,FULL
288,288,307,7251623545000,8839839917000,1778512952759876102,1778512952754065621,FULL
289,289,308,7251656862000,8839873235000,1778512952796297090,1778512952787418747,FULL
290,290,309,7251690179000,8839906554000,1778512952830846597,1778512952820783189,FULL
291,291,310,7251723501000,8839939872000,1778512952860755986,1778512952854066057,FULL
292,292,311,7251756814000,8839973190000,1778512952891152537,1778512952888405637,FULL
293,293,312,7251790133000,8840006509000,1778512952925017366,1778512952921648228,FULL
294,294,313,7251823452000,8840039828000,1778512952961512835,1778512952954816764,FULL
295,295,314,7251856770000,8840073146000,1778512952993636015,1778512952989911892,FULL
296,296,315,7251890092000,8840106464000,1778512953027487141,1778512953021804959,FULL
297,297,316,7251923409000,8840139783000,1778512953063802408,1778512953054899829,FULL
298,298,317,7251956725000,8840173101000,1778512953095462797,1778512953088173846,FULL
299,299,318,7251990045000,8840206421000,1778512953131006331,1778512953121347530,FULL
300,300,319,7252023366000,8840239738000,1778512953168243773,1778512953155317539,FULL
301,301,320,7252056684000,8840273057000,1778512953196069425,1778512953189098162,FULL
302,302,321,7252090003000,8840306374000,1778512953226526178,1778512953222165736,FULL
303,303,322,7252123321000,8840339693000,1778512953258020829,1778512953255597917,FULL
304,304,323,7252156636000,8840373012000,1778512953289368259,1778512953288779898,FULL
305,305,324,7252189959000,8840406334000,1778512953323072552,1778512953322280616,FULL
306,306,325,7252223278000,8840439652000,1778512953350377117,1778512953355483614,FULL
307,307,326,7252256594000,8840472966000,1778512953377429611,1778512953388813223,FULL
308,308,327,7252289914000,8840506285000,1778512953411356939,1778512953422028314,FULL
309,309,328,7252323230000,8840539603000,1778512953445576691,1778512953455250590,FULL
310,310,329,7252356552000,8840572923000,1778512953477370690,1778512953488769734,FULL
311,311,330,7252389866000,8840606242000,1778512953510641784,1778512953522127175,FULL
312,312,331,7252423187000,8840639560000,1778512953544505743,1778512953555569172,FULL
313,313,332,7252456504000,8840672879000,1778512953577854726,1778512953589020445,FULL
314,314,333,7252489819000,8840706197000,1778512953612323141,1778512953622244703,FULL
315,315,334,7252523146000,8840739516000,1778512953644316157,1778512953655971752,FULL
316,316,335,7252556460000,8840772834000,1778512953677987303,1778512953688826939,FULL
317,317,336,7252589779000,8840806153000,1778512953711297008,1778512953722228825,FULL
318,318,337,7252623095000,8840839471000,1778512953745055950,1778512953755223752,FULL
319,319,338,7252656414000,8840872790000,1778512953777198871,1778512953788611897,FULL
320,320,339,7252689732000,8840906108000,1778512953811465659,1778512953822417500,FULL
321,321,340,7252723052000,8840939426000,1778512953844597570,1778512953856285215,FULL
322,322,341,7252756369000,8840972744000,1778512953877929960,1778512953890024893,FULL
323,323,342,7252789689000,8841006066000,1778512953911262221,1778512953923834386,FULL
324,324,343,7252823006000,8841039381000,1778512953945284734,1778512953955172699,FULL
325,325,344,7252856325000,8841072699000,1778512953980076312,1778512953989406039,FULL
326,326,345,7252889642000,8841106019000,1778512954012659822,1778512954021743991,FULL
327,327,346,7252922966000,8841139337000,1778512954045836047,1778512954056119867,FULL
328,328,347,7252956283000,8841172655000,1778512954077217828,1778512954088307561,FULL
329,329,348,7252989596000,8841205973000,1778512954110377683,1778512954123137803,FULL
330,330,349,7253022914000,8841239292000,1778512954144821044,1778512954154733225,FULL
331,331,350,7253056233000,8841272611000,1778512954177480441,1778512954188352201,FULL
332,332,351,7253089552000,8841305931000,1778512954210369817,1778512954223899380,FULL
333,333,352,7253122869000,8841339248000,1778512954244855307,1778512954254868901,FULL
334,334,353,7253156189000,8841372566000,1778512954279093317,1778512954289260999,FULL
335,335,354,7253189505000,8841405885000,1778512954310921779,1778512954323913353,FULL
336,336,355,7253222823000,8841439202000,1778512954345605655,1778512954354851819,FULL
337,337,356,7253256144000,8841472522000,1778512954377314544,1778512954388201001,FULL
338,338,357,7253289463000,8841505840000,1778512954411303724,1778512954422587766,FULL
339,339,358,7253322784000,8841539158000,1778512954446351022,1778512954454946569,FULL
340,340,359,7253356102000,8841572476000,1778512954478925809,1778512954489271408,FULL
341,341,359,7253389423000,8841605795000,1778512954510900640,1778512954489271408,FULL
342,342,360,7253422738000,8841639113000,1778512954544567082,1778512954539519587,FULL
343,343,362,7253456060000,8841672431000,1778512954576851132,1778512954588561241,FULL
344,344,363,7253489372000,8841705750000,1778512954610902200,1778512954620727083,FULL
345,345,364,7253522692000,8841739068000,1778512954643608911,1778512954653044647,FULL
346,346,365,7253556029000,8841772387000,1778512954677752645,1778512954686445958,FULL
347,347,366,7253589331000,8841805705000,1778512954711547530,1778512954719683771,FULL
348,348,367,7253622654000,8841839024000,1778512954743653304,1778512954753347413,FULL
349,349,368,7253655969000,8841872343000,1778512954777986258,1778512954786573153,FULL
350,350,369,7253689287000,8841905660000,1778512954810422084,1778512954820847659,FULL
351,351,370,7253722604000,8841938980000,1778512954844534225,1778512954853944233,FULL
352,352,371,7253755929000,8841972297000,1778512954877111753,1778512954887293674,FULL
353,353,372,7253789240000,8842005616000,1778512954911093285,1778512954920614264,FULL
354,354,373,7253822559000,8842038935000,1778512954944632469,1778512954954074909,FULL
355,355,374,7253855877000,8842072254000,1778512954977754139,1778512954987193112,FULL
356,356,375,7253889206000,8842105572000,1778512955010192058,1778512955021118529,FULL
357,357,376,7253922513000,8842138890000,1778512955043963888,1778512955054527804,FULL
358,358,377,7253955833000,8842172208000,1778512955079772919,1778512955088089243,FULL
359,359,378,7253989150000,8842205527000,1778512955111053738,1778512955121439703,FULL
360,360,379,7254022469000,8842238845000,1778512955148859859,1778512955154487148,FULL
361,361,380,7254055790000,8842272164000,1778512955178378864,1778512955187904311,FULL
362,362,381,7254089107000,8842305482000,1778512955210568951,1778512955221223420,FULL
363,363,382,7254122425000,8842338801000,1778512955243223830,1778512955254556880,FULL
364,364,383,7254155742000,8842372119000,1778512955276012578,1778512955287807600,FULL
365,365,384,7254189062000,8842405438000,1778512955309614762,1778512955323104263,FULL
366,366,385,7254222386000,8842438756000,1778512955343626275,1778512955354475336,FULL
367,367,386,7254255703000,8842472074000,1778512955377118349,1778512955387833240,FULL
368,368,387,7254289017000,8842505392000,1778512955413104804,1778512955421143831,FULL
369,369,388,7254322341000,8842538711000,1778512955444993117,1778512955456051127,FULL
370,370,389,7254355665000,8842572030000,1778512955477806605,1778512955487716585,FULL
371,371,390,7254388985000,8842605348000,1778512955512817607,1778512955521160656,FULL
372,372,391,7254422297000,8842638667000,1778512955544180092,1778512955554386413,FULL
373,373,392,7254455661000,8842671985000,1778512955577922404,1778512955587796021,FULL
374,374,393,7254488931000,8842705304000,1778512955613615770,1778512955621279628,FULL
375,375,394,7254522253000,8842738622000,1778512955647755800,1778512955655829928,FULL
376,376,395,7254555569000,8842771941000,1778512955682098143,1778512955687748032,FULL
377,377,396,7254588885000,8842805259000,1778512955710681768,1778512955721080530,FULL
378,378,397,7254622204000,8842838578000,1778512955744273193,1778512955754478008,FULL
379,379,398,7254655525000,8842871896000,1778512955777513084,1778512955788387703,FULL
380,380,399,7254688839000,8842905215000,1778512955811411080,1778512955821255927,FULL
381,381,400,7254722160000,8842938534000,1778512955844354178,1778512955856413925,FULL
382,382,401,7254755481000,8842971850000,1778512955877805215,1778512955887800182,FULL
383,383,402,7254788798000,8843005170000,1778512955914325405,1778512955921265753,FULL
384,384,403,7254822112000,8843038488000,1778512955944608365,1778512955956305936,FULL
385,385,404,7254855436000,8843071806000,1778512955977489130,1778512955988420168,FULL
386,386,405,7254888752000,8843105125000,1778512956011134758,1778512956020894526,FULL
387,387,406,7254922073000,8843138443000,1778512956044822367,1778512956054053525,FULL
388,388,407,7254955392000,8843171762000,1778512956077254840,1778512956088396142,FULL
389,389,408,7254988707000,8843205082000,1778512956112631487,1778512956121640233,FULL
390,390,409,7255022029000,8843238399000,1778512956144024398,1778512956155432392,FULL
391,391,410,7255055344000,8843271718000,1778512956177266215,1778512956188501411,FULL
392,392,411,7255088662000,8843305037000,1778512956210331497,1778512956220761382,FULL
393,393,412,7255121982000,8843338355000,1778512956243972680,1778512956255000241,FULL
394,394,413,7255155303000,8843371674000,1778512956277852806,1778512956288313775,FULL
395,395,414,7255188620000,8843404992000,1778512956310243613,1778512956320698615,FULL
396,396,415,7255221937000,8843438310000,1778512956344656863,1778512956355198694,FULL
397,397,416,7255255260000,8843471628000,1778512956378055567,1778512956387414832,FULL
398,398,417,7255288573000,8843504946000,1778512956415835559,1778512956421550747,FULL
399,399,418,7255321892000,8843538265000,1778512956447684409,1778512956454112011,FULL
400,400,419,7255355209000,8843571583000,1778512956477096415,1778512956488480369,FULL
401,401,420,7255388532000,8843604903000,1778512956511285778,1778512956533161529,FULL
402,402,420,7255421848000,8843638220000,1778512956544245450,1778512956533161529,FULL
403,403,422,7255455197000,8843671539000,1778512956582699675,1778512956587995421,FULL
404,404,423,7255488482000,8843704857000,1778512956612253346,1778512956619904507,FULL
405,405,424,7255521812000,8843738175000,1778512956644983946,1778512956652275310,FULL
406,406,425,7255555123000,8843771494000,1778512956681879651,1778512956685345384,FULL
407,407,426,7255588440000,8843804813000,1778512956710041059,1778512956719145470,FULL
408,408,427,7255621756000,8843838130000,1778512956744881415,1778512956752702020,FULL
409,409,428,7255655082000,8843871449000,1778512956776953763,1778512956786071795,FULL
410,410,429,7255688396000,8843904768000,1778512956811050053,1778512956819988212,FULL
411,411,430,7255721719000,8843938087000,1778512956845311470,1778512956854208423,FULL
412,412,431,7255755034000,8843971405000,1778512956877127451,1778512956887156573,FULL
413,413,432,7255788367000,8844004723000,1778512956910688005,1778512956920534218,FULL
414,414,433,7255821669000,8844038041000,1778512956946490740,1778512956953808271,FULL
415,415,434,7255854989000,8844071360000,1778512956977430841,1778512956987577357,FULL
416,416,435,7255888302000,8844104679000,1778512957010285866,1778512957020749559,FULL
417,417,436,7255921628000,8844137997000,1778512957047849897,1778512957053605876,FULL
418,418,437,7255954943000,8844171316000,1778512957080927771,1778512957088621153,FULL
419,419,438,7255988261000,8844204635000,1778512957111656874,1778512957120107391,FULL
420,420,439,7256021584000,8844237952000,1778512957150239117,1778512957154109474,FULL
421,421,440,7256054900000,8844271272000,1778512957177811790,1778512957186933792,FULL
422,422,441,7256088216000,8844304588000,1778512957212736997,1778512957220627971,FULL
423,423,442,7256121542000,8844337918000,1778512957248859395,1778512957253899117,FULL
424,424,443,7256154860000,8844371228000,1778512957276492271,1778512957287245484,FULL
425,425,444,7256188175000,8844404544000,1778512957309776569,1778512957320782035,FULL
426,426,445,7256221495000,8844437863000,1778512957342885647,1778512957354473307,FULL
427,427,446,7256254808000,8844471182000,1778512957376552775,1778512957388724073,FULL
428,428,447,7256288130000,8844504500000,1778512957409207857,1778512957420557363,FULL
429,429,448,7256321442000,8844537819000,1778512957446613742,1778512957453347680,FULL
430,430,449,7256354769000,8844571137000,1778512957478561813,1778512957488846286,FULL
431,431,450,7256388081000,8844604456000,1778512957509861873,1778512957520582503,FULL
432,432,451,7256421403000,8844637774000,1778512957545174169,1778512957553459357,FULL
433,433,452,7256454729000,8844671092000,1778512957577982861,1778512957587526569,FULL
434,434,453,7256488055000,8844704411000,1778512957616575011,1778512957620395849,FULL
435,435,454,7256521360000,8844737730000,1778512957643676152,1778512957653333757,FULL
436,436,454,7256554681000,8844771048000,1778512957676876914,1778512957653333757,FULL
437,437,455,7256588014000,8844804366000,1778512957709667032,1778512957717441444,FULL
438,438,456,7256621311000,8844837685000,1778512957745487970,1778512957751210808,FULL
439,439,457,7256654631000,8844871002000,1778512957776886844,1778512957784028255,FULL
440,440,458,7256687951000,8844904321000,1778512957809425206,1778512957816677759,FULL
441,441,459,7256721265000,8844937640000,1778512957844477541,1778512957849815462,FULL
442,442,460,7256754585000,8844970959000,1778512957876263540,1778512957882315412,FULL
443,443,461,7256787906000,8845004277000,1778512957910517402,1778512957915945092,FULL
444,444,462,7256821224000,8845037596000,1778512957942897784,1778512957948742909,FULL
445,445,463,7256854542000,8845070915000,1778512957977165368,1778512957982255035,FULL
446,446,464,7256887860000,8845104232000,1778512958009822117,1778512958015460681,FULL
447,447,465,7256921177000,8845137550000,1778512958042615680,1778512958048762735,FULL
448,448,466,7256954498000,8845170868000,1778512958076822672,1778512958083075259,FULL
449,449,467,7256987815000,8845204188000,1778512958109443218,1778512958115572172,FULL
450,450,468,7257021134000,8845237506000,1778512958143425806,1778512958148878948,FULL
451,451,469,7257054453000,8845270824000,1778512958180206863,1778512958182317888,FULL
452,452,470,7257087767000,8845304143000,1778512958209467130,1778512958215524128,FULL
453,453,471,7257121089000,8845337461000,1778512958245219995,1778512958248656535,FULL
454,454,472,7257154410000,8845370780000,1778512958277849041,1778512958281865589,FULL
455,455,473,7257187729000,8845404099000,1778512958313658609,1778512958315688600,FULL
456,456,474,7257221067000,8845437417000,1778512958344550432,1778512958348714674,FULL
457,457,475,7257254363000,8845470735000,1778512958376471022,1778512958382332409,FULL
458,458,476,7257287681000,8845504054000,1778512958409739432,1778512958416981968,FULL
459,459,477,7257320999000,8845537373000,1778512958442993212,1778512958448621649,FULL
460,460,478,7257354326000,8845570691000,1778512958476593044,1778512958481949202,FULL
461,461,479,7257387640000,8845604032000,1778512958509990360,1778512958517879784,FULL
462,462,480,7257420954000,8845637326000,1778512958543424582,1778512958565665580,FULL
463,463,481,7257454280000,8845670644000,1778512958576516327,1778512958587255011,FULL
464,464,482,7257487598000,8845703963000,1778512958610468507,1778512958617337707,FULL
465,465,483,7257520910000,8845737281000,1778512958644815627,1778512958648595429,FULL
466,466,484,7257554229000,8845770599000,1778512958677564209,1778512958673761416,FULL
467,467,485,7257587548000,8845803918000,1778512958712198901,1778512958715370034,FULL
468,468,486,7257620899000,8845837237000,1778512958742829801,1778512958748431330,FULL
469,469,487,7257654184000,8845870555000,1778512958778478759,1778512958781835123,FULL
470,470,488,7257687504000,8845903873000,1778512958809531766,1778512958815066751,FULL
471,471,489,7257720821000,8845937193000,1778512958843846202,1778512958848445526,FULL
472,472,490,7257754143000,8845970510000,1778512958876002253,1778512958881688821,FULL
473,473,491,7257787458000,8846003830000,1778512958908941814,1778512958909384430,FULL
474,474,492,7257820775000,8846037149000,1778512958943336304,1778512958948621479,FULL
475,475,493,7257854105000,8846070468000,1778512958977059764,1778512958981721794,FULL
476,476,494,7257887417000,8846103786000,1778512959018549384,1778512959016484166,FULL
477,477,495,7257920732000,8846137104000,1778512959046472924,1778512959048267975,FULL
478,478,496,7257954056000,8846170423000,1778512959079155302,1778512959081472085,FULL
479,479,497,7257987369000,8846203741000,1778512959108659048,1778512959115142356,FULL
480,480,498,7258020684000,8846237060000,1778512959147303660,1778512959148394429,FULL
481,481,499,7258054002000,8846270378000,1778512959176362225,1778512959182519696,FULL
482,482,500,7258087321000,8846303695000,1778512959208162002,1778512959215741750,FULL
483,483,501,7258120640000,8846337017000,1778512959240819603,1778512959248225052,FULL
484,484,502,7258153957000,8846370334000,1778512959274128568,1778512959281833343,FULL
485,485,503,7258187274000,8846403651000,1778512959307587031,1778512959314907954,FULL
486,486,504,7258220594000,8846436970000,1778512959341045401,1778512959348163008,FULL
487,487,505,7258253912000,8846470288000,1778512959374488235,1778512959381661800,FULL
488,488,506,7258287237000,8846503606000,1778512959407932198,1778512959414757985,FULL
489,489,507,7258320548000,8846536924000,1778512959440900685,1778512959448369757,FULL
490,490,508,7258353866000,8846570243000,1778512959474877902,1778512959481619033,FULL
491,491,509,7258387185000,8846603562000,1778512959507552651,1778512959515756596,FULL
492,492,510,7258420505000,8846636880000,1778512959541524794,1778512959549165834,FULL
493,493,511,7258453831000,8846670198000,1778512959574999071,1778512959582234296,FULL
494,494,512,7258487141000,8846703516000,1778512959608661236,1778512959614758858,FULL
495,495,513,7258520461000,8846736834000,1778512959641755407,1778512959649667858,FULL
496,496,514,7258553788000,8846770153000,1778512959674292565,1778512959681363149,FULL
497,497,515,7258587099000,8846803472000,1778512959708310929,1778512959714594185,FULL
498,498,516,7258620415000,8846836791000,1778512959741314490,1778512959748069069,FULL
499,499,517,7258653732000,8846870110000,1778512959775858812,1778512959781333660,FULL
500,500,518,7258687051000,8846903428000,1778512959808192472,1778512959817063115,FULL
501,501,519,7258720371000,8846936747000,1778512959841284365,1778512959848849498,FULL
502,502,520,7258753690000,8846970065000,1778512959874811197,1778512959882348697,FULL
503,503,521,7258787006000,8847003383000,1778512959907477354,1778512959916936367,FULL
504,504,522,7258820326000,8847036701000,1778512959941523792,1778512959948275700,FULL
505,505,523,7258853645000,8847070021000,1778512959974599722,1778512959981290200,FULL
506,506,524,7258886964000,8847103338000,1778512960008137185,1778512960014758844,FULL
507,507,525,7258920281000,8847136657000,1778512960041259448,1778512960047979565,FULL
508,508,526,7258953599000,8847169975000,1778512960075638660,1778512960081457079,FULL
509,509,527,7258986925000,8847203294000,1778512960108237984,1778512960114547264,FULL
510,510,528,7259020238000,8847236613000,1778512960141233471,1778512960150551902,FULL
511,511,529,7259053554000,8847269932000,1778512960175096985,1778512960181748809,FULL
512,512,530,7259086876000,8847303247000,1778512960208729391,1778512960214632996,FULL
513,513,531,7259120194000,8847336567000,1778512960241214161,1778512960249549348,FULL
514,514,532,7259153509000,8847369887000,1778512960274597347,1778512960281333991,FULL
515,515,533,7259186828000,8847403203000,1778512960309719792,1778512960308503865,FULL
516,516,534,7259220149000,8847436522000,1778512960341092499,1778512960346665036,FULL
517,517,535,7259253464000,8847469842000,1778512960374433075,1778512960379801832,FULL
518,518,536,7259286785000,8847503159000,1778512960407867464,1778512960413165588,FULL
519,519,537,7259320102000,8847536477000,1778512960441052152,1778512960447734073,FULL
520,520,538,7259353421000,8847569796000,1778512960474415968,1778512960479668640,FULL
521,521,539,7259386738000,8847603119000,1778512960508049393,1778512960514547584,FULL
522,522,540,7259420058000,8847636432000,1778512960541263895,1778512960567586124,FULL
523,523,540,7259453389000,8847669750000,1778512960574388769,1778512960567586124,FULL
524,524,542,7259486694000,8847703069000,1778512960609404364,1778512960614820444,FULL
525,525,543,7259520018000,8847736387000,1778512960641251048,1778512960647854519,FULL
526,526,544,7259553334000,8847769706000,1778512960674309923,1778512960681052777,FULL
527,527,545,7259586653000,8847803023000,1778512960707612387,1778512960706367540,FULL
528,528,546,7259619967000,8847836344000,1778512960740865612,1778512960738462994,FULL
529,529,547,7259653286000,8847869660000,1778512960774164743,1778512960779398915,FULL
530,530,548,7259686606000,8847902980000,1778512960808806046,1778512960814299489,FULL
531,531,549,7259719923000,8847936299000,1778512960840804228,1778512960847593894,FULL
532,532,550,7259753242000,8847969617000,1778512960874213284,1778512960874874823,FULL
533,533,551,7259786560000,8848002935000,1778512960907515841,1778512960914220741,FULL
534,534,552,7259819879000,8848036253000,1778512960940899083,1778512960947770348,FULL
535,535,553,7259853199000,8848069572000,1778512960974269084,1778512960975213923,FULL
536,536,554,7259886516000,8848102890000,1778512961013698744,1778512961014454305,FULL
537,537,555,7259919838000,8848136209000,1778512961043185860,1778512961047712192,FULL
538,538,556,7259953159000,8848169527000,1778512961076683137,1778512961083735773,FULL
539,539,557,7259986476000,8848202845000,1778512961109079241,1778512961114196133,FULL
540,540,558,7260019797000,8848236167000,1778512961148686010,1778512961147452353,FULL
541,541,559,7260053108000,8848269486000,1778512961177242562,1778512961180726999,FULL
542,542,560,7260086429000,8848302801000,1778512961207739982,1778512961217408445,FULL
543,543,561,7260119746000,8848336120000,1778512961239846885,1778512961248337707,FULL
544,544,562,7260153065000,8848369438000,1778512961273057054,1778512961281631797,FULL
545,545,563,7260186382000,8848402758000,1778512961307956243,1778512961315454808,FULL
546,546,564,7260219701000,8848436074000,1778512961339705224,1778512961348745658,FULL
547,547,565,7260253018000,8848469396000,1778512961373022781,1778512961382008545,FULL
548,548,566,7260286337000,8848502712000,1778512961406780408,1778512961414897121,FULL
549,549,567,7260319659000,8848536030000,1778512961440080391,1778512961447812641,FULL
550,550,568,7260352974000,8848569349000,1778512961473343153,1778512961483068730,FULL
551,551,569,7260386293000,8848602669000,1778512961506876004,1778512961514338266,FULL
552,552,570,7260419615000,8848635986000,1778512961540223005,1778512961547782429,FULL
553,553,571,7260452936000,8848669304000,1778512961574634199,1778512961580922910,FULL
554,554,572,7260486259000,8848702623000,1778512961607330300,1778512961614378999,FULL
555,555,573,7260519569000,8848735941000,1778512961641077371,1778512961647543146,FULL
556,556,574,7260552889000,8848769259000,1778512961673906729,1778512961680962013,FULL
557,557,575,7260586204000,8848802578000,1778512961707205972,1778512961714265704,FULL
558,558,576,7260619524000,8848835897000,1778512961740454826,1778512961747611866,FULL
559,559,577,7260652841000,8848869215000,1778512961773754217,1778512961783088729,FULL
560,560,578,7260686159000,8848902535000,1778512961807157755,1778512961814246097,FULL
561,561,579,7260719480000,8848935853000,1778512961841692484,1778512961847610166,FULL
562,562,580,7260752796000,8848969169000,1778512961873778184,1778512961881052660,FULL
563,563,581,7260786115000,8849002490000,1778512961907137704,1778512961914290767,FULL
564,564,582,7260819437000,8849035807000,1778512961942633793,1778512961947226988,FULL
565,565,583,7260852752000,8849069128000,1778512961973742226,1778512961980649853,FULL
566,566,584,7260886070000,8849102445000,1778512962007162522,1778512962013965996,FULL
567,567,585,7260919392000,8849135764000,1778512962040997333,1778512962047252047,FULL
568,568,586,7260952709000,8849169082000,1778512962074662109,1778512962080532580,FULL
569,569,587,7260986030000,8849202401000,1778512962109730722,1778512962116332514,FULL
570,570,588,7261019360000,8849235719000,1778512962142950613,1778512962147732176,FULL
571,571,589,7261052675000,8849269038000,1778512962174974666,1778512962180622546,FULL
572,572,590,7261085981000,8849302357000,1778512962207382103,1778512962216750829,FULL
573,573,591,7261119303000,8849335675000,1778512962242537122,1778512962247384980,FULL
574,574,592,7261152619000,8849368993000,1778512962273839663,1778512962280552513,FULL
575,575,593,7261185935000,8849402312000,1778512962306467265,1778512962313959897,FULL
576,576,594,7261219256000,8849435630000,1778512962340824589,1778512962347204726,FULL
577,577,595,7261252573000,8849468949000,1778512962373670151,1778512962380784256,FULL
578,578,596,7261285892000,8849502268000,1778512962407188076,1778512962414092251,FULL
579,579,597,7261319213000,8849535586000,1778512962440379283,1778512962445936927,FULL
580,580,598,7261352529000,8849568904000,1778512962473448991,1778512962479258293,FULL
581,581,599,7261385846000,8849602223000,1778512962508681047,1778512962505735835,FULL
582,582,600,7261419167000,8849635541000,1778512962540429250,1778512962562304737,FULL
583,583,601,7261452496000,8849668859000,1778512962573411311,1778512962583683624,FULL
584,584,602,7261485802000,8849702177000,1778512962606913977,1778512962605952522,FULL
585,585,603,7261519125000,8849735496000,1778512962640324496,1778512962645892491,FULL
586,586,604,7261552440000,8849768815000,1778512962674179455,1778512962669316951,FULL
587,587,605,7261585757000,8849802133000,1778512962707183404,1778512962703656733,FULL
588,588,606,7261619077000,8849835452000,1778512962740188520,1778512962740740970,FULL
589,589,607,7261652395000,8849868770000,1778512962773377801,1778512962780243350,FULL
590,590,608,7261685713000,8849902088000,1778512962806718376,1778512962813505790,FULL
591,591,609,7261719032000,8849935407000,1778512962840054600,1778512962846935544,FULL
592,592,610,7261752349000,8849968725000,1778512962873245659,1778512962880440500,FULL
593,593,611,7261785669000,8850002044000,1778512962906670270,1778512962913625108,FULL
594,594,612,7261818987000,8850035362000,1778512962942618096,1778512962947015250,FULL
595,595,613,7261852306000,8850068681000,1778512962972643669,1778512962980153970,FULL
596,596,614,7261885625000,8850101999000,1778512963006557905,1778512963013456891,FULL
597,597,615,7261918943000,8850135318000,1778512963039838074,1778512963046765183,FULL
598,598,616,7261952260000,8850168636000,1778512963073155650,1778512963080018586,FULL
599,599,617,7261985580000,8850201954000,1778512963106924702,1778512963113803354,FULL
600,600,618,7262018904000,8850235273000,1778512963146393195,1778512963146688428,FULL
601,601,619,7262052217000,8850268591000,1778512963176519656,1778512963180036238,FULL
602,602,620,7262085540000,8850301909000,1778512963207266518,1778512963213533861,FULL
603,603,621,7262118855000,8850335229000,1778512963239066776,1778512963246746135,FULL
604,604,622,7262152173000,8850368547000,1778512963272307630,1778512963279970668,FULL
605,605,623,7262185491000,8850401866000,1778512963305816908,1778512963313329700,FULL
606,606,624,7262218810000,8850435185000,1778512963344714517,1778512963348296716,FULL
607,607,625,7262252128000,8850468503000,1778512963388114061,1778512963380235984,FULL
608,608,626,7262285446000,8850501821000,1778512963420988752,1778512963413276223,FULL
609,609,627,7262318766000,8850535140000,1778512963457713274,1778512963446627977,FULL
610,610,628,7262352085000,8850568459000,1778512963492859201,1778512963480066175,FULL
611,611,629,7262385403000,8850601777000,1778512963523653581,1778512963513313689,FULL
612,612,630,7262418724000,8850635095000,1778512963556907527,1778512963546608407,FULL
613,613,631,7262452041000,8850668413000,1778512963589380390,1778512963579886014,FULL
614,614,632,7262485361000,8850701732000,1778512963622961000,1778512963613318045,FULL
615,615,633,7262518679000,8850735051000,1778512963655098347,1778512963646626059,FULL
616,616,634,7262551995000,8850768369000,1778512963689672558,1778512963679949480,FULL
617,617,635,7262585315000,8850801688000,1778512963722029032,1778512963713218605,FULL
618,618,636,7262618636000,8850835007000,1778512963762320275,1778512963747329630,FULL
619,619,637,7262651951000,8850868325000,1778512963792056296,1778512963779922613,FULL
620,620,638,7262685270000,8850901643000,1778512963824247587,1778512963813116851,FULL
621,621,639,7262718589000,8850934962000,1778512963859329645,1778512963846530530,FULL
622,622,640,7262751908000,8850968280000,1778512963893175529,1778512963879898340,FULL
623,623,641,7262785226000,8851001598000,1778512963926974878,1778512963913281093,FULL
624,624,642,7262818544000,8851034916000,1778512963959008856,1778512963949016695,FULL
625,625,643,7262851864000,8851068236000,1778512963991442422,1778512963979947602,FULL
626,626,644,7262885182000,8851101557000,1778512964026435851,1778512964013125969,FULL
627,627,645,7262918509000,8851134873000,1778512964055226530,1778512964046450483,FULL
628,628,646,7262951820000,8851168190000,1778512964089077118,1778512964079753460,FULL
629,629,647,7262985135000,8851201509000,1778512964118935675,1778512964113141047,FULL
630,630,648,7263018454000,8851234828000,1778512964153705920,1778512964146406302,FULL
631,631,649,7263051772000,8851268147000,1778512964185444753,1778512964179878370,FULL
632,632,650,7263085091000,8851301465000,1778512964219185639,1778512964213143014,FULL
633,633,651,7263118409000,8851334783000,1778512964253895682,1778512964246334380,FULL
634,634,652,7263151728000,8851368101000,1778512964288249562,1778512964279766634,FULL
635,635,653,7263185046000,8851401419000,1778512964321524415,1778512964312986074,FULL
636,636,654,7263218368000,8851434738000,1778512964356233328,1778512964346305496,FULL
637,637,655,7263251684000,8851468056000,1778512964390378969,1778512964379706768,FULL
638,638,656,7263285002000,8851501374000,1778512964423685934,1778512964412982189,FULL
639,639,657,7263318321000,8851534694000,1778512964458835287,1778512964446362943,FULL
640,640,658,7263351639000,8851568014000,1778512964493014761,1778512964479631143,FULL
641,641,659,7263384958000,8851601332000,1778512964526528612,1778512964513104414,FULL
642,642,660,7263418277000,8851634650000,1778512964560984176,1778512964563648763,FULL
643,643,661,7263451596000,8851667966000,1778512964591300635,1778512964587378943,FULL
644,644,662,7263484914000,8851701285000,1778512964624812449,1778512964613296935,FULL
645,645,664,7263518231000,8851734603000,1778512964657162443,1778512964668684366,FULL
646,646,665,7263551550000,8851767923000,1778512964690468278,1778512964702229322,FULL
647,647,666,7263584868000,8851801241000,1778512964726612713,1778512964736161238,FULL
648,648,666,7263618187000,8851834559000,1778512964757463611,1778512964736161238,FULL
649,649,667,7263651505000,8851867878000,1778512964790418838,1778512964779264102,FULL
650,650,668,7263684824000,8851901196000,1778512964823699692,1778512964812689337,FULL
651,651,669,7263718142000,8851934516000,1778512964857804445,1778512964846032239,FULL
652,652,670,7263751461000,8851967835000,1778512964893494014,1778512964879577121,FULL
653,653,671,7263784778000,8852001152000,1778512964926434723,1778512964912669137,FULL
654,654,672,7263818100000,8852034471000,1778512964958258333,1778512964946128502,FULL
655,655,673,7263851421000,8852067789000,1778512964990452643,1778512964980024991,FULL
656,656,674,7263884734000,8852101106000,1778512965021731314,1778512965012677567,FULL
657,657,675,7263918053000,8852134425000,1778512965055068001,1778512965046099358,FULL
658,658,676,7263951371000,8852167743000,1778512965092005223,1778512965079284206,FULL
659,659,677,7263984689000,8852201062000,1778512965123978184,1778512965112740848,FULL
660,660,679,7264018009000,8852234381000,1778512965172707653,1778512965181782871,FULL
661,661,679,7264051327000,8852267698000,1778512965193979318,1778512965181782871,FULL
662,662,680,7264084643000,8852301017000,1778512965226354737,1778512965212598668,FULL
663,663,681,7264117975000,8852334335000,1778512965253952039,1778512965246011810,FULL
664,664,682,7264151283000,8852367655000,1778512965286869545,1778512965279241566,FULL
665,665,683,7264184599000,8852400973000,1778512965320192084,1778512965312571116,FULL
666,666,684,7264217918000,8852434291000,1778512965352978424,1778512965346195979,FULL
667,667,685,7264251237000,8852467610000,1778512965388574069,1778512965379161163,FULL
668,668,686,7264284555000,8852500928000,1778512965422047069,1778512965412527454,FULL
669,669,687,7264317875000,8852534248000,1778512965455647567,1778512965445963967,FULL
670,670,688,7264351193000,8852567565000,1778512965489642654,1778512965479067094,FULL
671,671,689,7264384511000,8852600884000,1778512965522603197,1778512965512625105,FULL
672,672,690,7264417829000,8852634203000,1778512965556578821,1778512965545934415,FULL
673,673,691,7264451148000,8852667521000,1778512965589597696,1778512965579090949,FULL
674,674,692,7264484467000,8852700839000,1778512965622787236,1778512965612621683,FULL
675,675,693,7264517785000,8852734158000,1778512965656512622,1778512965645827920,FULL
676,676,694,7264551103000,8852767476000,1778512965691661864,1778512965679162471,FULL
677,677,695,7264584423000,8852800795000,1778512965725806042,1778512965712468762,FULL
678,678,696,7264617741000,8852834113000,1778512965761210837,1778512965745948237,FULL
679,679,697,7264651070000,8852867433000,1778512965786382683,1778512965779079660,FULL
680,680,698,7264684377000,8852900751000,1778512965818906878,1778512965814639264,FULL
681,681,699,7264717695000,8852934069000,1778512965852617598,1778512965846011018,FULL
682,682,700,7264751013000,8852967387000,1778512965891250081,1778512965879369087,FULL
683,683,701,7264784333000,8853000704000,1778512965926190454,1778512965912511936,FULL
684,684,703,7264817653000,8853034024000,1778512965965266951,1778512965979059539,FULL
685,685,703,7264850969000,8853067342000,1778512965990792053,1778512965979059539,FULL
686,686,704,7264884288000,8853100662000,1778512966023495987,1778512966012432552,FULL
687,687,705,7264917606000,8853133979000,1778512966056695656,1778512966045675437,FULL
688,688,706,7264950925000,8853167298000,1778512966090200860,1778512966079063005,FULL
689,689,707,7264984244000,8853200615000,1778512966122141191,1778512966112396315,FULL
690,690,708,7265017562000,8853233934000,1778512966156719864,1778512966145904475,FULL
691,691,709,7265050881000,8853267254000,1778512966193735105,1778512966178932214,FULL
692,692,710,7265084199000,8853300572000,1778512966223959083,1778512966212815259,FULL
693,693,711,7265117517000,8853333890000,1778512966258740495,1778512966245661204,FULL
694,694,712,7265150836000,8853367208000,1778512966289628041,1778512966278947403,FULL
695,695,713,7265184155000,8853400527000,1778512966323473167,1778512966314892873,FULL
696,696,714,7265217473000,8853433845000,1778512966357976193,1778512966345701022,FULL
697,697,715,7265250791000,8853467164000,1778512966389935487,1778512966379091053,FULL
698,698,716,7265284110000,8853500482000,1778512966423074601,1778512966414426140,FULL
699,699,717,7265317428000,8853533799000,1778512966455611093,1778512966445657452,FULL
700,700,718,7265350746000,8853567119000,1778512966489859973,1778512966478961040,FULL
701,701,719,7265384065000,8853600438000,1778512966523290733,1778512966512258443,FULL
702,702,720,7265417383000,8853633756000,1778512966565407716,1778512966562470350,FULL
703,703,721,7265450703000,8853667074000,1778512966589967551,1778512966583817775,FULL
704,704,722,7265484022000,8853700392000,1778512966617667352,1778512966613552045,FULL
705,705,723,7265517338000,8853733710000,1778512966648925283,1778512966645604719,FULL
706,706,724,7265550656000,8853767028000,1778512966687807078,1778512966670532128,FULL
707,707,725,7265583975000,8853800347000,1778512966723143243,1778512966712098045,FULL
708,708,726,7265617295000,8853833666000,1778512966756226655,1778512966745486428,FULL
709,709,727,7265650612000,8853866984000,1778512966791697689,1778512966778846867,FULL
710,710,728,7265683932000,8853900302000,1778512966826949059,1778512966812126196,FULL
711,711,729,7265717251000,8853933622000,1778512966859752085,1778512966845536931,FULL
712,712,730,7265750569000,8853966940000,1778512966888842242,1778512966879695511,FULL
713,713,731,7265783888000,8854000258000,1778512966919621641,1778512966913100005,FULL
714,714,732,7265817205000,8854033577000,1778512966953953261,1778512966946502500,FULL
715,715,733,7265850524000,8854066898000,1778512966991824900,1778512966978831949,FULL
716,716,734,7265883842000,8854100213000,1778512967024443854,1778512967012153315,FULL
717,717,735,7265917159000,8854133532000,1778512967058684920,1778512967039699958,FULL
718,718,736,7265950478000,8854166853000,1778512967092368362,1778512967078764824,FULL
719,719,737,7265983796000,8854200169000,1778512967125315330,1778512967112134782,FULL
720,720,739,7266017119000,8854233487000,1778512967166015328,1778512967178623570,FULL
721,721,739,7266050435000,8854266807000,1778512967185527494,1778512967178623570,FULL
722,722,740,7266083754000,8854300123000,1778512967207083989,1778512967212123804,FULL
723,723,741,7266117071000,8854333441000,1778512967237257024,1778512967245342393,FULL
724,724,742,7266150386000,8854366760000,1778512967270822782,1778512967278723258,FULL
725,725,743,7266183704000,8854400078000,1778512967304272338,1778512967311981754,FULL
726,726,744,7266217024000,8854433396000,1778512967337567877,1778512967345389785,FULL
727,727,745,7266250340000,8854466719000,1778512967372819617,1778512967378767965,FULL
728,728,746,7266283659000,8854500034000,1778512967404387508,1778512967412014757,FULL
729,729,747,7266316978000,8854533351000,1778512967437551289,1778512967445414992,FULL
730,730,748,7266350296000,8854566671000,1778512967470803421,1778512967478580785,FULL
731,731,749,7266383614000,8854599990000,1778512967504181533,1778512967512042594,FULL
732,732,750,7266416933000,8854633308000,1778512967537566441,1778512967545582291,FULL
733,733,751,7266450252000,8854666625000,1778512967572496018,1778512967578539530,FULL
734,734,752,7266483570000,8854699943000,1778512967604638551,1778512967611841785,FULL
735,735,753,7266516888000,8854733263000,1778512967637951404,1778512967645312649,FULL
736,736,754,7266550207000,8854766580000,1778512967671234258,1778512967678472775,FULL
737,737,755,7266583525000,8854799900000,1778512967704024173,1778512967711868325,FULL
738,738,756,7266616844000,8854833218000,1778512967737959520,1778512967745138136,FULL
739,739,757,7266650162000,8854866535000,1778512967771042061,1778512967778358058,FULL
740,740,758,7266683481000,8854899855000,1778512967805131795,1778512967811854496,FULL
741,741,759,7266716805000,8854933175000,1778512967837871710,1778512967845794930,FULL
742,742,760,7266750117000,8854966492000,1778512967871170286,1778512967878568356,FULL
743,743,761,7266783436000,8854999813000,1778512967904516028,1778512967911786815,FULL
744,744,762,7266816754000,8855033129000,1778512967937834252,1778512967945194865,FULL
745,745,763,7266850076000,8855066448000,1778512967971061310,1778512967978308955,FULL
746,746,764,7266883392000,8855099767000,1778512968004387645,1778512968011739375,FULL
747,747,765,7266916710000,8855133084000,1778512968037702591,1778512968045039926,FULL
748,748,766,7266950029000,8855166403000,1778512968071056407,1778512968078313200,FULL
749,749,767,7266983347000,8855199724000,1778512968104345557,1778512968111645287,FULL
750,750,768,7267016665000,8855233040000,1778512968137626800,1778512968145059430,FULL
751,751,769,7267049986000,8855266359000,1778512968172614006,1778512968178417054,FULL
752,752,770,7267083305000,8855299676000,1778512968205732732,1778512968211654902,FULL
753,753,771,7267116625000,8855332995000,1778512968237605971,1778512968245009638,FULL
754,754,772,7267149940000,8855366313000,1778512968270908510,1778512968280306818,FULL
755,755,773,7267183257000,8855399634000,1778512968304531416,1778512968311781645,FULL
756,756,774,7267216579000,8855432951000,1778512968337557828,1778512968344973679,FULL
757,757,775,7267249894000,8855466270000,1778512968370282872,1778512968378286359,FULL
758,758,776,7267283212000,8855499589000,1778512968404148313,1778512968411608910,FULL
759,759,777,7267316531000,8855532907000,1778512968437478222,1778512968444856276,FULL
760,760,778,7267349850000,8855566226000,1778512968470730391,1778512968478323289,FULL
761,761,779,7267383168000,8855599545000,1778512968504121762,1778512968511576322,FULL
762,762,780,7267416486000,8855632863000,1778512968537603354,1778512968561697156,FULL
763,763,780,7267449805000,8855666181000,1778512968570790524,1778512968561697156,FULL
764,764,782,7267483124000,8855699500000,1778512968605308846,1778512968607291015,FULL
765,765,783,7267516442000,8855732819000,1778512968637329176,1778512968645071504,FULL
766,766,784,7267549760000,8855766137000,1778512968670669381,1778512968670053135,FULL
767,767,785,7267583079000,8855799454000,1778512968706134638,1778512968711383720,FULL
768,768,786,7267616398000,8855832773000,1778512968737430661,1778512968744565309,FULL
769,769,787,7267649716000,8855866091000,1778512968770643886,1778512968778342152,FULL
770,770,788,7267683035000,8855899410000,1778512968804324865,1778512968811362705,FULL
771,771,789,7267716357000,8855932729000,1778512968837352888,1778512968844654738,FULL
772,772,790,7267749671000,8855966048000,1778512968870695445,1778512968878295323,FULL
773,773,791,7267782989000,8855999365000,1778512968904670922,1778512968911347339,FULL
774,774,792,7267816308000,8856032684000,1778512968937320467,1778512968944855888,FULL
775,775,793,7267849627000,8856066002000,1778512968970789375,1778512968977997311,FULL
776,776,794,7267882948000,8856099321000,1778512969005111181,1778512969011236159,FULL
777,777,795,7267916264000,8856132639000,1778512969036266575,1778512969044605135,FULL
778,778,796,7267949582000,8856165957000,1778512969070582807,1778512969078764826,FULL
779,779,797,7267982900000,8856199276000,1778512969103821235,1778512969111291255,FULL
780,780,798,7268016219000,8856232594000,1778512969142431015,1778512969144506899,FULL
781,781,799,7268049537000,8856265914000,1778512969172214776,1778512969177971763,FULL
782,782,800,7268082859000,8856299229000,1778512969205634850,1778512969211395313,FULL
783,783,801,7268116178000,8856332550000,1778512969236306472,1778512969244588606,FULL
784,784,802,7268149493000,8856365868000,1778512969269370847,1778512969277884805,FULL
785,785,803,7268182812000,8856399186000,1778512969302808273,1778512969311234374,FULL
786,786,804,7268216132000,8856432505000,1778512969337197041,1778512969344636757,FULL
787,787,805,7268249450000,8856465823000,1778512969369503591,1778512969377781402,FULL
788,788,806,7268282767000,8856499143000,1778512969403215792,1778512969411136082,FULL
789,789,807,7268316088000,8856532461000,1778512969436604496,1778512969444476522,FULL
790,790,808,7268349404000,8856565779000,1778512969469721019,1778512969477720277,FULL
791,791,809,7268382722000,8856599098000,1778512969503205389,1778512969513338472,FULL
792,792,810,7268416042000,8856632417000,1778512969537483473,1778512969544602302,FULL
793,793,811,7268449359000,8856665734000,1778512969569659431,1778512969577851576,FULL
794,794,812,7268482678000,8856699053000,1778512969604030403,1778512969611125738,FULL
795,795,813,7268515997000,8856732371000,1778512969637046519,1778512969644496455,FULL
796,796,814,7268549314000,8856765690000,1778512969670280614,1778512969677775951,FULL
797,797,815,7268582632000,8856799007000,1778512969704712048,1778512969711129649,FULL
798,798,816,7268615952000,8856832324000,1778512969736994320,1778512969744387571,FULL
799,799,817,7268649270000,8856865644000,1778512969770229619,1778512969777798454,FULL
800,800,818,7268682588000,8856898962000,1778512969803592676,1778512969810977377,FULL
801,801,819,7268715907000,8856932283000,1778512969837680114,1778512969844405963,FULL
802,802,820,7268749229000,8856965600000,1778512969870246586,1778512969877912216,FULL
803,803,821,7268782543000,8856998916000,1778512969903654439,1778512969912176739,FULL
804,804,822,7268815864000,8857032236000,1778512969936880052,1778512969944619725,FULL
805,805,823,7268849182000,8857065554000,1778512969970260053,1778512969977704685,FULL
806,806,824,7268882499000,8857098873000,1778512970003509259,1778512970011343547,FULL
807,807,825,7268915817000,8857132193000,1778512970036813317,1778512970044270176,FULL
808,808,826,7268949136000,8857165511000,1778512970070445519,1778512970077664597,FULL
809,809,827,7268982455000,8857198830000,1778512970103512393,1778512970110973184,FULL
810,810,828,7269015773000,8857232148000,1778512970136760025,1778512970144366920,FULL
811,811,829,7269049092000,8857265466000,1778512970170175878,1778512970177540842,FULL
812,812,830,7269082410000,8857298785000,1778512970204058873,1778512970211100465,FULL
813,813,831,7269115729000,8857332104000,1778512970237465059,1778512970244234628,FULL
814,814,832,7269149049000,8857365423000,1778512970270140660,1778512970277510809,FULL
815,815,833,7269182366000,8857398740000,1778512970303339552,1778512970311470928,FULL
816,816,834,7269215684000,8857432059000,1778512970337032864,1778512970344256539,FULL
817,817,835,7269249005000,8857465377000,1778512970370075943,1778512970377506832,FULL
818,818,836,7269282322000,8857498696000,1778512970403352149,1778512970410794512,FULL
819,819,837,7269315640000,8857532014000,1778512970436764557,1778512970444210025,FULL
820,820,838,7269348959000,8857565332000,1778512970470064355,1778512970477465114,FULL
821,821,839,7269382276000,8857598652000,1778512970503416411,1778512970510975274,FULL
822,822,840,7269415595000,8857631970000,1778512970538761744,1778512970560862906,FULL
823,823,840,7269448913000,8857665290000,1778512970570053248,1778512970560862906,FULL
824,824,842,7269482232000,8857698606000,1778512970603280325,1778512970606369044,FULL
825,825,843,7269515551000,8857731925000,1778512970636571086,1778512970644514548,FULL
826,826,844,7269548868000,8857765243000,1778512970669247779,1778512970669522049,FULL
827,827,845,7269582187000,8857798563000,1778512970703234255,1778512970709521036,FULL
828,828,846,7269615505000,8857831882000,1778512970737658597,1778512970733677267,FULL
829,829,847,7269648824000,8857865199000,1778512970769825407,1778512970775952584,FULL
830,830,848,7269682142000,8857898517000,1778512970803089465,1778512970801857428,FULL
831,831,849,7269715460000,8857931835000,1778512970836871591,1778512970844190041,FULL
832,832,850,7269748785000,8857965153000,1778512970869537729,1778512970877673164,FULL
833,833,851,7269782100000,8857998472000,1778512970903114191,1778512970910760921,FULL
834,834,852,7269815417000,8858031790000,1778512970936578839,1778512970944258266,FULL
835,835,853,7269848736000,8858065109000,1778512970970502094,1778512970977454373,FULL
836,836,854,7269882058000,8858098427000,1778512971002475036,1778512971010673499,FULL
837,837,855,7269915371000,8858131746000,1778512971036399846,1778512971044052050,FULL
838,838,856,7269948690000,8858165064000,1778512971069209797,1778512971077316971,FULL
839,839,857,7269982008000,8858198382000,1778512971103182125,1778512971110804669,FULL
840,840,858,7270015329000,8858231701000,1778512971141735738,1778512971145126395,FULL
841,841,859,7270048645000,8858265019000,1778512971171469389,1778512971177411807,FULL
842,842,860,7270081967000,8858298336000,1778512971203667272,1778512971210676322,FULL
843,843,861,7270115282000,8858331657000,1778512971235832064,1778512971244133223,FULL
844,844,862,7270148601000,8858364975000,1778512971268493535,1778512971277279387,FULL
845,845,863,7270181919000,8858398293000,1778512971301765075,1778512971310690751,FULL
846,846,864,7270215238000,8858431612000,1778512971335111002,1778512971343995784,FULL
847,847,865,7270248557000,8858464931000,1778512971369112441,1778512971377378001,FULL
848,848,866,7270281882000,8858498249000,1778512971402029576,1778512971410614626,FULL
849,849,867,7270315193000,8858531568000,1778512971435287412,1778512971443996547,FULL
850,850,868,7270348512000,8858564885000,1778512971469101649,1778512971477192376,FULL
851,851,869,7270381830000,8858598206000,1778512971502325911,1778512971510444613,FULL
852,852,870,7270415149000,8858631522000,1778512971536854677,1778512971545399685,FULL
853,853,871,7270448467000,8858664842000,1778512971569198004,1778512971578072798,FULL
854,854,872,7270481785000,8858698161000,1778512971602371377,1778512971610621134,FULL
855,855,873,7270515103000,8858731478000,1778512971636134856,1778512971643992406,FULL
856,856,874,7270548423000,8858764797000,1778512971669251934,1778512971677146755,FULL
857,857,875,7270581741000,8858798115000,1778512971702625620,1778512971710319511,FULL
858,858,876,7270615059000,8858831434000,1778512971735636291,1778512971743967484,FULL
859,859,877,7270648378000,8858864752000,1778512971770534980,1778512971777099500,FULL
860,860,878,7270681698000,8858898070000,1778512971802172592,1778512971810494994,FULL
861,861,879,7270715016000,8858931389000,1778512971836110791,1778512971844032117,FULL
862,862,880,7270748335000,8858964707000,1778512971871836100,1778512971877679739,FULL
863,863,881,7270781658000,8858998026000,1778512971903006180,1778512971910398869,FULL
864,864,882,7270814973000,8859031344000,1778512971936143443,1778512971943475923,FULL
865,865,883,7270848294000,8859064663000,1778512971969398778,1778512971979327208,FULL
866,866,884,7270881608000,8859097982000,1778512972002804853,1778512972010226245,FULL
867,867,885,7270914927000,8859131301000,1778512972035573175,1778512972043649091,FULL
868,868,886,7270948247000,8859164620000,1778512972069925277,1778512972076995549,FULL
869,869,887,7270981565000,8859197938000,1778512972102546712,1778512972110731911,FULL
870,870,888,7271014882000,8859231257000,1778512972136165192,1778512972144759640,FULL
871,871,889,7271048202000,8859264574000,1778512972170429776,1778512972177857915,FULL
872,872,890,7271081520000,8859297893000,1778512972224311210,1778512972210874321,FULL
873,873,891,7271114843000,8859331212000,1778512972258667552,1778512972243743005,FULL
874,874,892,7271148160000,8859364531000,1778512972289617986,1778512972276943465,FULL
875,875,893,7271181478000,8859397848000,1778512972321038804,1778512972310298089,FULL
876,876,894,7271214796000,8859431167000,1778512972353895051,1778512972343833934,FULL
877,877,895,7271248115000,8859464485000,1778512972388541243,1778512972378188475,FULL
878,878,896,7271281431000,8859497804000,1778512972420508851,1778512972413390063,FULL
879,879,897,7271314751000,8859531123000,1778512972453872537,1778512972444533080,FULL
880,880,898,7271348069000,8859564441000,1778512972486713563,1778512972477902334,FULL
881,881,899,7271381388000,8859597759000,1778512972525177158,1778512972513756304,FULL
882,882,900,7271414706000,8859631078000,1778512972556613846,1778512972561264997,FULL
883,883,901,7271448023000,8859664397000,1778512972588562418,1778512972580491757,FULL
884,884,902,7271481341000,8859697715000,1778512972623771400,1778512972611414571,FULL
885,885,903,7271514660000,8859731034000,1778512972653174702,1778512972642145277,FULL
886,886,905,7271547979000,8859764352000,1778512972687347324,1778512972699788353,FULL
887,887,905,7271581297000,8859797671000,1778512972720105424,1778512972699788353,FULL
888,888,906,7271614615000,8859830989000,1778512972753927716,1778512972743108031,FULL
889,889,907,7271647935000,8859864306000,1778512972787556807,1778512972778165565,FULL
890,890,908,7271681254000,8859897626000,1778512972819432398,1778512972809971167,FULL
891,891,909,7271714571000,8859930944000,1778512972853869481,1778512972843288736,FULL
892,892,910,7271747890000,8859964262000,1778512972887849994,1778512972876722453,FULL
893,893,911,7271781208000,8859997581000,1778512972919601716,1778512972910220335,FULL
894,894,912,7271814528000,8860030900000,1778512972954258722,1778512972943388276,FULL
895,895,913,7271847847000,8860064218000,1778512972987623223,1778512972976714179,FULL
896,896,914,7271881165000,8860097536000,1778512973019555461,1778512973010186765,FULL
897,897,915,7271914482000,8860130855000,1778512973053840416,1778512973043478464,FULL
898,898,916,7271947801000,8860164173000,1778512973085976781,1778512973077111105,FULL
899,899,917,7271981119000,8860197492000,1778512973121021191,1778512973110344434,FULL
900,900,919,7272014437000,8860230810000,1778512973166904671,1778512973176679372,FULL
901,901,919,7272047756000,8860264128000,1778512973189006995,1778512973176679372,FULL
902,902,920,7272081073000,8860297446000,1778512973223098784,1778512973204600234,FULL
903,903,921,7272114397000,8860330767000,1778512973252729658,1778512973243375232,FULL
904,904,922,7272147713000,8860364084000,1778512973287497719,1778512973276635228,FULL
905,905,923,7272181031000,8860397402000,1778512973321732599,1778512973309991538,FULL
906,906,924,7272214352000,8860430721000,1778512973349919192,1778512973341835380,FULL
907,907,925,7272247668000,8860464039000,1778512973383235027,1778512973375061321,FULL
908,908,926,7272280986000,8860497358000,1778512973419776680,1778512973408259114,FULL
909,909,927,7272314308000,8860530676000,1778512973452804055,1778512973443045261,FULL
910,910,928,7272347624000,8860563994000,1778512973486001669,1778512973476367979,FULL
911,911,929,7272380942000,8860597313000,1778512973521897199,1778512973509823658,FULL
912,912,930,7272414261000,8860630632000,1778512973552807689,1778512973543137098,FULL
913,913,931,7272447579000,8860663951000,1778512973586489594,1778512973576424575,FULL
914,914,932,7272480897000,8860697269000,1778512973621376338,1778512973610670098,FULL
915,915,933,7272514215000,8860730586000,1778512973654038921,1778512973643100731,FULL
916,916,934,7272547534000,8860763906000,1778512973692718459,1778512973676260450,FULL
917,917,935,7272580860000,8860797224000,1778512973708319813,1778512973710842267,FULL
918,918,936,7272614171000,8860830542000,1778512973735365955,1778512973743080087,FULL
919,919,937,7272647487000,8860863861000,1778512973768110000,1778512973776267787,FULL
920,920,938,7272680805000,8860897179000,1778512973801900570,1778512973809508228,FULL
921,921,939,7272714123000,8860930498000,1778512973835280034,1778512973843086795,FULL
922,922,940,7272747443000,8860963815000,1778512973868073078,1778512973876403142,FULL
923,923,941,7272780760000,8860997134000,1778512973902137943,1778512973909735118,FULL
924,924,942,7272814082000,8861030453000,1778512973934691415,1778512973943010670,FULL
925,925,943,7272847400000,8861063772000,1778512973968662928,1778512973976224814,FULL
926,926,944,7272880717000,8861097090000,1778512974002856921,1778512974010899759,FULL
927,927,945,7272914034000,8861130408000,1778512974035061397,1778512974042975637,FULL
928,928,946,7272947353000,8861163727000,1778512974067954273,1778512974076038708,FULL
929,929,947,7272980671000,8861197045000,1778512974101715326,1778512974109605275,FULL
930,930,948,7273013990000,8861230364000,1778512974134943143,1778512974143373581,FULL
931,931,949,7273047307000,8861263682000,1778512974169612168,1778512974176328932,FULL
932,932,950,7273080638000,8861297001000,1778512974206892350,1778512974209717426,FULL
933,933,951,7273113948000,8861330320000,1778512974235008091,1778512974242923349,FULL
934,934,952,7273147264000,8861363639000,1778512974268359333,1778512974276139826,FULL
935,935,953,7273180582000,8861396960000,1778512974308956333,1778512974309497062,FULL
936,936,954,7273213917000,8861430275000,1778512974334986226,1778512974342870149,FULL
937,937,955,7273247219000,8861463593000,1778512974368401356,1778512974376264051,FULL
938,938,956,7273280537000,8861496912000,1778512974402211204,1778512974409451159,FULL
939,939,957,7273313855000,8861530230000,1778512974435602853,1778512974445141483,FULL
940,940,958,7273347173000,8861563549000,1778512974468211825,1778512974476314943,FULL
941,941,959,7273380492000,8861596866000,1778512974503207383,1778512974509262535,FULL
942,942,960,7273413811000,8861630186000,1778512974538203404,1778512974557214704,FULL
943,943,961,7273447129000,8861663504000,1778512974568106127,1778512974576968515,FULL
944,944,962,7273480447000,8861696822000,1778512974601477258,1778512974609969976,FULL
945,945,963,7273513767000,8861730141000,1778512974634640613,1778512974642802920,FULL
946,946,964,7273547084000,8861763459000,1778512974668323814,1778512974675938454,FULL
947,947,965,7273580402000,8861796777000,1778512974701606798,1778512974709287709,FULL
948,948,966,7273613722000,8861830096000,1778512974734196659,1778512974742573223,FULL
949,949,967,7273647039000,8861863415000,1778512974767993952,1778512974775918403,FULL
950,950,968,7273680358000,8861896733000,1778512974807071448,1778512974809320731,FULL
951,951,969,7273713680000,8861930052000,1778512974838605394,1778512974844472968,FULL
952,952,970,7273746996000,8861963371000,1778512974868085844,1778512974876045517,FULL
953,953,971,7273780313000,8861996689000,1778512974901189496,1778512974909575880,FULL
954,954,972,7273813632000,8862030007000,1778512974934826568,1778512974943591091,FULL
955,955,973,7273846950000,8862063325000,1778512974968474103,1778512974976194389,FULL
956,956,974,7273880273000,8862096644000,1778512975001818605,1778512975009319405,FULL
957,957,975,7273913587000,8862129962000,1778512975035808229,1778512975042603308,FULL
958,958,976,7273946907000,8862163281000,1778512975067918688,1778512975075906248,FULL
959,959,977,7273980225000,8862196599000,1778512975101115079,1778512975109284724,FULL
960,960,978,7274013544000,8862229917000,1778512975139861524,1778512975142527257,FULL
961,961,979,7274046860000,8862263236000,1778512975169635452,1778512975175833623,FULL
962,962,980,7274080182000,8862296552000,1778512975201411062,1778512975209268839,FULL
963,963,981,7274113498000,8862329875000,1778512975233877850,1778512975243078089,FULL
964,964,982,7274146818000,8862363191000,1778512975266914281,1778512975275982884,FULL
965,965,983,7274180135000,8862396509000,1778512975300125302,1778512975309172640,FULL
966,966,984,7274213454000,8862429828000,1778512975333477044,1778512975342530153,FULL
967,967,985,7274246771000,8862463146000,1778512975367021710,1778512975375786223,FULL
968,968,986,7274280091000,8862496464000,1778512975400514006,1778512975409088145,FULL
969,969,987,7274313408000,8862529783000,1778512975433700787,1778512975442613582,FULL
970,970,988,7274346728000,8862563102000,1778512975467630615,1778512975475777820,FULL
971,971,989,7274380046000,8862596420000,1778512975500784767,1778512975509073889,FULL
972,972,990,7274413367000,8862629739000,1778512975535286071,1778512975542697770,FULL
973,973,991,7274446682000,8862663057000,1778512975567781600,1778512975575993377,FULL
974,974,992,7274480002000,8862696375000,1778512975600912585,1778512975609040801,FULL
975,975,993,7274513319000,8862729694000,1778512975634210327,1778512975642434666,FULL
976,976,994,7274546639000,8862763013000,1778512975667607476,1778512975678369840,FULL
977,977,995,7274579957000,8862796331000,1778512975701163957,1778512975709128989,FULL
978,978,996,7274613276000,8862829650000,1778512975734339312,1778512975742942313,FULL
979,979,997,7274646593000,8862862969000,1778512975767504333,1778512975776904135,FULL
980,980,998,7274679912000,8862896287000,1778512975800776002,1778512975809954948,FULL
981,981,999,7274713230000,8862929605000,1778512975834189058,1778512975843493108,FULL
982,982,1000,7274746551000,8862962924000,1778512975867364969,1778512975876020277,FULL
983,983,1001,7274779867000,8862996242000,1778512975900794988,1778512975909065497,FULL
984,984,1002,7274813186000,8863029560000,1778512975934414190,1778512975942162346,FULL
985,985,1003,7274846505000,8863062878000,1778512975967657266,1778512975975844671,FULL
986,986,1004,7274879823000,8863096197000,1778512976000797103,1778512976009036816,FULL
987,987,1005,7274913142000,8863129515000,1778512976034089864,1778512976042182591,FULL
988,988,1006,7274946461000,8863162836000,1778512976068611242,1778512976077825156,FULL
989,989,1007,7274979778000,8863196153000,1778512976100617295,1778512976109212059,FULL
990,990,1008,7275013097000,8863229473000,1778512976133983518,1778512976142422148,FULL
991,991,1009,7275046416000,8863262788000,1778512976169341368,1778512976176590950,FULL
992,992,1010,7275079733000,8863296107000,1778512976200234229,1778512976209238118,FULL
993,993,1011,7275113053000,8863329426000,1778512976234013503,1778512976242300856,FULL
994,994,1012,7275146371000,8863362744000,1778512976267526799,1778512976275293336,FULL
995,995,1013,7275179688000,8863396062000,1778512976300625636,1778512976308680794,FULL
996,996,1014,7275213007000,8863429382000,1778512976333959471,1778512976342080881,FULL
997,997,1015,7275246325000,8863462703000,1778512976368003299,1778512976375308470,FULL
998,998,1016,7275279644000,8863496024000,1778512976400121776,1778512976408881148,FULL
999,999,1017,7275312963000,8863529337000,1778512976434005105,1778512976442030181,FULL
1000,1000,1018,7275346284000,8863562656000,1778512976469042940,1778512976476682016,FULL
1001,1001,1019,7275379602000,8863596030000,1778512976500774088,1778512976508926540,FULL
1002,1002,1020,7275412919000,8863629292000,1778512976534702324,1778512976558685785,FULL
1003,1003,1020,7275446239000,8863662611000,1778512976568019548,1778512976558685785,FULL
1004,1004,1022,7275479555000,8863695930000,1778512976600232283,1778512976609884145,FULL
1005,1005,1023,7275512873000,8863729248000,1778512976634113464,1778512976642359945,FULL
1006,1006,1024,7275546194000,8863762566000,1778512976666901101,1778512976666288160,FULL
1007,1007,1025,7275579510000,8863795885000,1778512976700317657,1778512976697440602,FULL
1008,1008,1026,7275612831000,8863829202000,1778512976734046784,1778512976731486053,FULL
1009,1009,1027,7275646148000,8863862522000,1778512976766994215,1778512976768462958,FULL
1010,1010,1028,7275679466000,8863895841000,1778512976800733009,1778512976810693497,FULL
1011,1011,1029,7275712784000,8863929159000,1778512976833466683,1778512976843033483,FULL
1012,1012,1030,7275746105000,8863962477000,1778512976866954313,1778512976877700984,FULL
1013,1013,1031,7275779423000,8863995795000,1778512976900586774,1778512976911368994,FULL
1014,1014,1032,7275812740000,8864029115000,1778512976933475188,1778512976942332864,FULL
1015,1015,1033,7275846057000,8864062432000,1778512976967424997,1778512976975583416,FULL
1016,1016,1034,7275879380000,8864095751000,1778512977000347318,1778512977008950355,FULL
1017,1017,1035,7275912696000,8864129069000,1778512977034338868,1778512977042479774,FULL
1018,1018,1036,7275946018000,8864162388000,1778512977066686195,1778512977075467865,FULL
1019,1019,1037,7275979335000,8864195707000,1778512977100546931,1778512977108710676,FULL
1020,1020,1038,7276012652000,8864229024000,1778512977139226821,1778512977141936598,FULL
1021,1021,1039,7276045969000,8864262343000,1778512977168973471,1778512977175232130,FULL
1022,1022,1040,7276079290000,8864295660000,1778512977200704397,1778512977208533681,FULL
1023,1023,1041,7276112608000,8864328980000,1778512977232771449,1778512977241709196,FULL
1024,1024,1042,7276145925000,8864362298000,1778512977265798046,1778512977275238264,FULL
1025,1025,1043,7276179245000,8864395617000,1778512977299002771,1778512977310195928,FULL
1026,1026,1044,7276212560000,8864428935000,1778512977332403975,1778512977341956494,FULL
1027,1027,1045,7276245879000,8864462254000,1778512977365763699,1778512977375295526,FULL
1028,1028,1046,7276279200000,8864495573000,1778512977399338790,1778512977409328292,FULL
1029,1029,1047,7276312516000,8864528891000,1778512977432703810,1778512977441805333,FULL
1030,1030,1048,7276345836000,8864562208000,1778512977466001201,1778512977475095624,FULL
1031,1031,1049,7276379157000,8864595527000,1778512977499242351,1778512977508353639,FULL
1032,1032,1050,7276412472000,8864628846000,1778512977535085215,1778512977541716819,FULL
1033,1033,1051,7276445792000,8864662167000,1778512977566512625,1778512977575281460,FULL
1034,1034,1052,7276479111000,8864695483000,1778512977600305381,1778512977610082219,FULL
1035,1035,1053,7276512427000,8864728802000,1778512977632987853,1778512977641867266,FULL
1036,1036,1054,7276545755000,8864762120000,1778512977666332650,1778512977674003846,FULL
1037,1037,1055,7276579066000,8864795438000,1778512977701821796,1778512977709222064,FULL
1038,1038,1056,7276612384000,8864828757000,1778512977733492074,1778512977740180045,FULL
1039,1039,1057,7276645700000,8864862075000,1778512977766166656,1778512977774325458,FULL
1040,1040,1058,7276679022000,8864895394000,1778512977800105837,1778512977808336576,FULL
1041,1041,1059,7276712338000,8864928712000,1778512977833399635,1778512977841552498,FULL
1042,1042,1060,7276745657000,8864962031000,1778512977866731877,1778512977875077066,FULL
1043,1043,1061,7276778977000,8864995349000,1778512977900344524,1778512977908221822,FULL
1044,1044,1062,7276812294000,8865028668000,1778512977933442972,1778512977941551706,FULL
1045,1045,1063,7276845612000,8865061986000,1778512977966767640,1778512977974854998,FULL
1046,1046,1064,7276878932000,8865095305000,1778512978002044473,1778512978008167585,FULL
1047,1047,1065,7276912248000,8865128623000,1778512978033519624,1778512978042347554,FULL
1048,1048,1066,7276945570000,8865161941000,1778512978066931439,1778512978074903242,FULL
1049,1049,1067,7276978888000,8865195260000,1778512978100064517,1778512978108229811,FULL
1050,1050,1068,7277012205000,8865228578000,1778512978133338833,1778512978144254521,FULL
1051,1051,1069,7277045522000,8865261896000,1778512978166810796,1778512978174849802,FULL
1052,1052,1070,7277078843000,8865295215000,1778512978200637274,1778512978208077038,FULL
1053,1053,1071,7277112160000,8865328533000,1778512978233414337,1778512978241393348,FULL
1054,1054,1072,7277145480000,8865361852000,1778512978266616673,1778512978274740158,FULL
1055,1055,1073,7277178799000,8865395170000,1778512978300194894,1778512978308036654,FULL
1056,1056,1074,7277212116000,8865428489000,1778512978333281028,1778512978341583110,FULL
1057,1057,1075,7277245433000,8865461807000,1778512978366027573,1778512978374808458,FULL
1058,1058,1076,7277278754000,8865495126000,1778512978399915772,1778512978408083750,FULL
1059,1059,1077,7277312070000,8865528444000,1778512978433231570,1778512978441331394,FULL
1060,1060,1078,7277345391000,8865561763000,1778512978466580201,1778512978474693666,FULL
1061,1061,1079,7277378709000,8865595081000,1778512978499335097,1778512978507975588,FULL
1062,1062,1080,7277412027000,8865628399000,1778512978533100261,1778512978555641853,FULL
1063,1063,1080,7277445344000,8865661718000,1778512978566829962,1778512978555641853,FULL
1064,1064,1082,7277478666000,8865695036000,1778512978599778763,1778512978609609391,FULL
1065,1065,1083,7277511981000,8865728355000,1778512978632582789,1778512978641979321,FULL
1066,1066,1084,7277545302000,8865761674000,1778512978666931483,1778512978674725877,FULL
1067,1067,1085,7277578624000,8865794992000,1778512978713464605,1778512978706722700,FULL
1068,1068,1087,7277611939000,8865828310000,1778512978752997597,1778512978768522107,FULL
1069,1069,1087,7277645259000,8865861629000,1778512978785737975,1778512978768522107,FULL
1070,1070,1088,7277678579000,8865894949000,1778512978820410370,1778512978808156857,FULL
1071,1071,1089,7277711894000,8865928266000,1778512978851762374,1778512978841375408,FULL
1072,1072,1090,7277745214000,8865961585000,1778512978884228051,1778512978874754496,FULL
1073,1073,1091,7277778532000,8865994905000,1778512978916448898,1778512978908039288,FULL
1074,1074,1092,7277811851000,8866028221000,1778512978951541936,1778512978943184839,FULL
1075,1075,1093,7277845168000,8866061539000,1778512978983239103,1778512978974847017,FULL
1076,1076,1094,7277878487000,8866094858000,1778512979017609871,1778512979008129939,FULL
1077,1077,1095,7277911806000,8866128177000,1778512979050673968,1778512979041468397,FULL
1078,1078,1096,7277945125000,8866161494000,1778512979084164894,1778512979074802540,FULL
1079,1079,1097,7277978443000,8866194813000,1778512979116358926,1778512979108779121,FULL
1080,1080,1099,7278011761000,8866228132000,1778512979166077347,1778512979177997828,FULL
1081,1081,1099,7278045081000,8866261450000,1778512979185446996,1778512979177997828,FULL
1082,1082,1100,7278078399000,8866294767000,1778512979216665667,1778512979208053688,FULL
1083,1083,1101,7278111717000,8866328089000,1778512979249709783,1778512979240964946,FULL
1084,1084,1102,7278145035000,8866361406000,1778512979280204537,1778512979278172756,FULL
1085,1085,1103,7278178354000,8866394724000,1778512979317627217,1778512979308610279,FULL
1086,1086,1104,7278211672000,8866428042000,1778512979350041062,1778512979342065254,FULL
1087,1087,1105,7278244990000,8866461361000,1778512979382787884,1778512979377572302,FULL
1088,1088,1106,7278278309000,8866494681000,1778512979416512122,1778512979407829142,FULL
1089,1089,1107,7278311627000,8866527999000,1778512979449667607,1778512979441052749,FULL
1090,1090,1108,7278344946000,8866561316000,1778512979482752537,1778512979474240968,FULL
1091,1091,1109,7278378264000,8866594635000,1778512979516271018,1778512979508537102,FULL
1092,1092,1110,7278411584000,8866627954000,1778512979552342880,1778512979542231408,FULL
1093,1093,1111,7278444901000,8866661272000,1778512979585658159,1778512979575050353,FULL
1094,1094,1112,7278478221000,8866694590000,1778512979617665304,1778512979607630781,FULL
1095,1095,1113,7278511539000,8866727909000,1778512979653110302,1778512979641007387,FULL
1096,1096,1114,7278544860000,8866761227000,1778512979684382621,1778512979674269179,FULL
1097,1097,1115,7278578177000,8866794546000,1778512979717482718,1778512979707572748,FULL
1098,1098,1116,7278611494000,8866827865000,1778512979749584713,1778512979740904299,FULL
1099,1099,1117,7278644812000,8866861182000,1778512979783435247,1778512979775541448,FULL
1100,1100,1118,7278678131000,8866894502000,1778512979816873969,1778512979808376226,FULL
1101,1101,1119,7278711450000,8866927820000,1778512979852200413,1778512979841597481,FULL
1102,1102,1120,7278744768000,8866961137000,1778512979883883950,1778512979876314648,FULL
1103,1103,1121,7278778088000,8866994457000,1778512979916910084,1778512979907565571,FULL
1104,1104,1122,7278811406000,8867027775000,1778512979950295048,1778512979940821567,FULL
1105,1105,1123,7278844724000,8867061093000,1778512979982767244,1778512979974156636,FULL
1106,1106,1124,7278878043000,8867094412000,1778512980016772590,1778512980007401558,FULL
1107,1107,1125,7278911361000,8867127730000,1778512980050034611,1778512980040672627,FULL
1108,1108,1126,7278944679000,8867161049000,1778512980083420112,1778512980074057881,FULL
1109,1109,1127,7278977998000,8867194368000,1778512980116983425,1778512980108286405,FULL
1110,1110,1128,7279011317000,8867227686000,1778512980150027134,1778512980141718399,FULL
1111,1111,1129,7279044634000,8867261004000,1778512980182425941,1778512980176147013,FULL
1112,1112,1130,7279077954000,8867294322000,1778512980218993483,1778512980207450046,FULL
1113,1113,1131,7279111274000,8867327641000,1778512980250683094,1778512980240598673,FULL
1114,1114,1132,7279144590000,8867360959000,1778512980283632062,1778512980274046019,FULL
1115,1115,1133,7279177909000,8867394278000,1778512980317009341,1778512980309865212,FULL
1116,1116,1134,7279211227000,8867427596000,1778512980350052364,1778512980341535927,FULL
1117,1117,1135,7279244545000,8867460914000,1778512980384336022,1778512980374666035,FULL
1118,1118,1136,7279277864000,8867494234000,1778512980416861403,1778512980409736699,FULL
1119,1119,1137,7279311182000,8867527553000,1778512980450295551,1778512980440781197,FULL
1120,1120,1138,7279344501000,8867560870000,1778512980486171785,1778512980473991953,FULL
1121,1121,1139,7279377820000,8867594189000,1778512980517375550,1778512980507932831,FULL
1122,1122,1140,7279411138000,8867627507000,1778512980551267934,1778512980557772538,FULL
1123,1123,1141,7279444456000,8867660826000,1778512980584354346,1778512980581765512,FULL
1124,1124,1142,7279477775000,8867694143000,1778512980617059946,1778512980610188739,FULL
1125,1125,1143,7279511093000,8867727462000,1778512980649368218,1778512980640605003,FULL
1126,1126,1145,7279544411000,8867760780000,1778512980686086258,1778512980699246218,FULL
1127,1127,1145,7279577730000,8867794100000,1778512980717564075,1778512980699246218,FULL
1128,1128,1146,7279611049000,8867827418000,1778512980750029234,1778512980740327157,FULL
1129,1129,1147,7279644367000,8867860735000,1778512980786011911,1778512980773690300,FULL
1130,1130,1148,7279677685000,8867894055000,1778512980817398766,1778512980806986092,FULL
1131,1131,1149,7279711005000,8867927374000,1778512980855147017,1778512980840431512,FULL
1132,1132,1150,7279744323000,8867960692000,1778512980886163377,1778512980873844488,FULL
1133,1133,1151,7279777642000,8867994010000,1778512980918930569,1778512980907219520,FULL
1134,1134,1152,7279810961000,8868027328000,1778512980953336078,1778512980940380757,FULL
1135,1135,1153,7279844278000,8868060647000,1778512980983752017,1778512980973680252,FULL
1136,1136,1154,7279877597000,8868093965000,1778512981015784199,1778512981001108600,FULL
1137,1137,1155,7279910915000,8868127282000,1778512981049851952,1778512981040519741,FULL
1138,1138,1156,7279944233000,8868160600000,1778512981082337611,1778512981073627053,FULL
1139,1139,1157,7279977552000,8868193919000,1778512981117116838,1778512981108391016,FULL
1140,1140,1159,7280010870000,8868227236000,1778512981163554405,1778512981173702241,FULL
1141,1141,1159,7280044189000,8868260557000,1778512981186299629,1778512981173702241,FULL
1142,1142,1160,7280077507000,8868293874000,1778512981218924582,1778512981207077199,FULL
1143,1143,1161,7280110827000,8868327192000,1778512981247055009,1778512981240314399,FULL
1144,1144,1162,7280144145000,8868360514000,1778512981279182801,1778512981273611357,FULL
1145,1145,1163,7280177462000,8868393833000,1778512981312241805,1778512981306987722,FULL
1146,1146,1164,7280210780000,8868427150000,1778512981347788616,1778512981340326236,FULL
1147,1147,1165,7280244099000,8868460467000,1778512981381465077,1778512981373528158,FULL
1148,1148,1166,7280277418000,8868493787000,1778512981416528061,1778512981408474175,FULL
1149,1149,1167,7280310735000,8868527106000,1778512981450771201,1778512981440248999,FULL
1150,1150,1168,7280344055000,8868560424000,1778512981484256071,1778512981473697993,FULL
1151,1151,1169,7280377374000,8868593743000,1778512981517868051,1778512981506902194,FULL
1152,1152,1170,7280410693000,8868627061000,1778512981549297498,1778512981540095023,FULL
1153,1153,1171,7280444011000,8868660377000,1778512981583051106,1778512981573480018,FULL
1154,1154,1172,7280477329000,8868693697000,1778512981618261014,1778512981606938419,FULL
1155,1155,1173,7280510647000,8868727016000,1778512981649437371,1778512981640112731,FULL
1156,1156,1174,7280543967000,8868760334000,1778512981683184498,1778512981673440318,FULL
1157,1157,1175,7280577284000,8868793652000,1778512981716447130,1778512981706854202,FULL
1158,1158,1176,7280610603000,8868826971000,1778512981749767502,1778512981740293955,FULL
1159,1159,1177,7280643922000,8868860289000,1778512981783930550,1778512981773473248,FULL
1160,1160,1178,7280677241000,8868893607000,1778512981816419431,1778512981806865372,FULL
1161,1161,1179,7280710557000,8868926926000,1778512981849581453,1778512981842687417,FULL
1162,1162,1180,7280743876000,8868960245000,1778512981882907899,1778512981873404049,FULL
1163,1163,1181,7280777194000,8868993563000,1778512981916480768,1778512981906755006,FULL
1164,1164,1182,7280810514000,8869026882000,1778512981949752381,1778512981940103501,FULL
1165,1165,1183,7280843833000,8869060201000,1778512981982983624,1778512981973493403,FULL
1166,1166,1184,7280877150000,8869093518000,1778512982017646149,1778512982006725640,FULL
1167,1167,1185,7280910469000,8869126837000,1778512982049521499,1778512982040010876,FULL
1168,1168,1186,7280943788000,8869160156000,1778512982082966888,1778512982073297539,FULL
1169,1169,1187,7280977106000,8869193474000,1778512982118143722,1778512982106719329,FULL
1170,1170,1188,7281010424000,8869226793000,1778512982151664907,1778512982140095842,FULL
1171,1171,1189,7281043744000,8869260112000,1778512982184786577,1778512982173357783,FULL
1172,1172,1190,7281077066000,8869293430000,1778512982218382520,1778512982206600075,FULL
1173,1173,1191,7281110382000,8869326747000,1778512982239361503,1778512982242147493,FULL
1174,1174,1192,7281143695000,8869360067000,1778512982265156084,1778512982273309602,FULL
1175,1175,1193,7281177014000,8869393385000,1778512982298140163,1778512982306511598,FULL
1176,1176,1194,7281210332000,8869426703000,1778512982331528664,1778512982341124599,FULL
1177,1177,1195,7281243651000,8869460021000,1778512982364950294,1778512982373340679,FULL
1178,1178,1196,7281276970000,8869493342000,1778512982397689209,1778512982406611971,FULL
1179,1179,1197,7281310288000,8869526660000,1778512982431358578,1778512982439900059,FULL
1180,1180,1198,7281343605000,8869559977000,1778512982464681172,1778512982473168203,FULL
1181,1181,1199,7281376924000,8869593298000,1778512982500091799,1778512982507233025,FULL
1182,1182,1199,7281410244000,8869626617000,1778512982531288657,1778512982507233025,FULL
1183,1183,1200,7281443561000,8869659931000,1778512982564321735,1778512982556528663,FULL
1184,1184,1202,7281476879000,8869693251000,1778512982597909030,1778512982608991475,FULL
1185,1185,1203,7281510199000,8869726569000,1778512982631782174,1778512982641228610,FULL
1186,1186,1204,7281543519000,8869759887000,1778512982664723847,1778512982673271117,FULL
1187,1187,1205,7281576835000,8869793206000,1778512982697338319,1778512982706673519,FULL
1188,1188,1206,7281610154000,8869826525000,1778512982731155833,1778512982739990607,FULL
1189,1189,1207,7281643471000,8869859843000,1778512982764992052,1778512982773139919,FULL
1190,1190,1208,7281676791000,8869893162000,1778512982797284805,1778512982806410507,FULL
1191,1191,1209,7281710108000,8869926479000,1778512982831295577,1778512982839769631,FULL
1192,1192,1210,7281743428000,8869959797000,1778512982864591320,1778512982873124941,FULL
1193,1193,1211,7281776745000,8869993115000,1778512982897870914,1778512982906517843,FULL
1194,1194,1212,7281810064000,8870026435000,1778512982932554827,1778512982939858986,FULL
1195,1195,1213,7281843383000,8870059752000,1778512982963885739,1778512982974344396,FULL
1196,1196,1214,7281876700000,8870093072000,1778512982997989751,1778512983006510995,FULL
1197,1197,1215,7281910020000,8870126390000,1778512983033142974,1778512983039831342,FULL
1198,1198,1216,7281943339000,8870159708000,1778512983063922483,1778512983075697776,FULL
1199,1199,1217,7281976656000,8870193025000,1778512983097570315,1778512983106501166,FULL
1200,1200,1218,7282009977000,8870226345000,1778512983136746718,1778512983139861475,FULL
1201,1201,1219,7282043299000,8870259664000,1778512983166196964,1778512983173183081,FULL
1202,1202,1220,7282076614000,8870292981000,1778512983197868242,1778512983206493781,FULL
1203,1203,1221,7282109937000,8870326305000,1778512983230752137,1778512983239778313,FULL
1204,1204,1222,7282143251000,8870359620000,1778512983263204018,1778512983273153734,FULL
1205,1205,1223,7282176567000,8870392938000,1778512983296712462,1778512983306241157,FULL
1206,1206,1224,7282209886000,8870426256000,1778512983331138804,1778512983339818317,FULL
1207,1207,1225,7282243203000,8870459574000,1778512983363331392,1778512983373136682,FULL
1208,1208,1226,7282276522000,8870492894000,1778512983397079444,1778512983406371382,FULL
1209,1209,1227,7282309841000,8870526212000,1778512983430280910,1778512983439754451,FULL
1210,1210,1228,7282343160000,8870559530000,1778512983463576467,1778512983475010724,FULL
1211,1211,1229,7282376477000,8870592850000,1778512983496969913,1778512983506292812,FULL
1212,1212,1230,7282409797000,8870626167000,1778512983531833583,1778512983539936953,FULL
1213,1213,1231,7282443114000,8870659485000,1778512983564307260,1778512983573925293,FULL
1214,1214,1232,7282476433000,8870692804000,1778512983597328858,1778512983606301946,FULL
1215,1215,1233,7282509753000,8870726123000,1778512983630776265,1778512983639592997,FULL
1216,1216,1234,7282543072000,8870759440000,1778512983664212414,1778512983672899918,FULL
1217,1217,1235,7282576391000,8870792760000,1778512983697565322,1778512983706185877,FULL
1218,1218,1236,7282609710000,8870826078000,1778512983730468810,1778512983739635500,FULL
1219,1219,1237,7282643025000,8870859396000,1778512983764052253,1778512983772927347,FULL
1220,1220,1238,7282676344000,8870892714000,1778512983797064314,1778512983806329175,FULL
1221,1221,1239,7282709662000,8870926033000,1778512983830402704,1778512983839561838,FULL
1222,1222,1240,7282742983000,8870959352000,1778512983864058554,1778512983874039952,FULL
1223,1223,1241,7282776299000,8870992669000,1778512983897200465,1778512983906444622,FULL
1224,1224,1242,7282809619000,8871025986000,1778512983930638261,1778512983939587786,FULL
1225,1225,1243,7282842940000,8871059305000,1778512983963974485,1778512983972938281,FULL
1226,1226,1244,7282876256000,8871092626000,1778512983997069600,1778512984006362868,FULL
1227,1227,1245,7282909573000,8871125942000,1778512984031654125,1778512984039439643,FULL
1228,1228,1246,7282942892000,8871159260000,1778512984063776084,1778512984072880989,FULL
1229,1229,1247,7282976210000,8871192580000,1778512984097082993,1778512984106156707,FULL
1230,1230,1248,7283009530000,8871225898000,1778512984130374884,1778512984139522683,FULL
1231,1231,1249,7283042847000,8871259218000,1778512984163671682,1778512984172777290,FULL
1232,1232,1250,7283076166000,8871292536000,1778512984197435308,1778512984207016832,FULL
1233,1233,1251,7283109493000,8871325853000,1778512984229498823,1778512984239531872,FULL
1234,1234,1252,7283142803000,8871359171000,1778512984263651760,1778512984272596944,FULL
1235,1235,1253,7283176122000,8871392492000,1778512984297222778,1778512984300517231,FULL
1236,1236,1254,7283209450000,8871425809000,1778512984330198061,1778512984339501006,FULL
1237,1237,1255,7283242758000,8871459127000,1778512984363632321,1778512984372723243,FULL
1238,1238,1256,7283276076000,8871492447000,1778512984396905878,1778512984406183662,FULL
1239,1239,1257,7283309394000,8871525765000,1778512984430567950,1778512984439403585,FULL
1240,1240,1258,7283342714000,8871559082000,1778512984463814397,1778512984472611933,FULL
1241,1241,1259,7283376032000,8871592403000,1778512984497309267,1778512984505851799,FULL
1242,1242,1259,7283409352000,8871625720000,1778512984530096904,1778512984505851799,FULL
1243,1243,1260,7283442668000,8871659037000,1778512984565624253,1778512984555727654,FULL
1244,1244,1262,7283475987000,8871692355000,1778512984596970108,1778512984606998588,FULL
1245,1245,1263,7283509307000,8871725675000,1778512984630137575,1778512984639205464,FULL
1246,1246,1264,7283542626000,8871758993000,1778512984663650093,1778512984664496092,FULL
1247,1247,1265,7283575942000,8871792311000,1778512984696994909,1778512984699509904,FULL
1248,1248,1266,7283609263000,8871825631000,1778512984729953710,1778512984739080025,FULL
1249,1249,1267,7283642580000,8871858948000,1778512984763861854,1778512984773237290,FULL
1250,1250,1268,7283675899000,8871892266000,1778512984796605658,1778512984806889504,FULL
1251,1251,1269,7283709216000,8871925587000,1778512984831187091,1778512984839776800,FULL
1252,1252,1270,7283742536000,8871958905000,1778512984865345639,1778512984872368635,FULL
1253,1253,1271,7283775853000,8871992222000,1778512984896697754,1778512984906105127,FULL
1254,1254,1272,7283809172000,8872025546000,1778512984930391752,1778512984939025348,FULL
1255,1255,1273,7283842490000,8872058861000,1778512984963429219,1778512984972419620,FULL
1256,1256,1274,7283875809000,8872092180000,1778512984996809590,1778512985005645950,FULL
1257,1257,1275,7283909129000,8872125497000,1778512985029971945,1778512985039043833,FULL
1258,1258,1276,7283942446000,8872158816000,1778512985063941014,1778512985073114247,FULL
1259,1259,1277,7283975764000,8872192134000,1778512985096708281,1778512985108082763,FULL
1260,1260,1278,7284009083000,8872225453000,1778512985134846324,1778512985139867625,FULL
1261,1261,1279,7284042401000,8872258772000,1778512985165007693,1778512985172302536,FULL
1262,1262,1280,7284075722000,8872292090000,1778512985196838432,1778512985205592180,FULL
1263,1263,1281,7284109045000,8872325412000,1778512985229142815,1778512985239001934,FULL
1264,1264,1282,7284142359000,8872358730000,1778512985262297244,1778512985273088033,FULL
1265,1265,1283,7284175675000,8872392046000,1778512985295713856,1778512985306873597,FULL
1266,1266,1284,7284208995000,8872425365000,1778512985329296540,1778512985340097131,FULL
1267,1267,1285,7284242314000,8872458683000,1778512985362529894,1778512985372265063,FULL
1268,1268,1286,7284275630000,8872492002000,1778512985395957339,1778512985405383467,FULL
1269,1269,1287,7284308949000,8872525320000,1778512985429118379,1778512985439541454,FULL
1270,1270,1288,7284342268000,8872558638000,1778512985462623508,1778512985472181919,FULL
1271,1271,1289,7284375586000,8872591957000,1778512985497241885,1778512985505379916,FULL
1272,1272,1290,7284408910000,8872625275000,1778512985530448851,1778512985541385218,FULL
1273,1273,1291,7284442227000,8872658594000,1778512985564696009,1778512985573266709,FULL
1274,1274,1292,7284475545000,8872691912000,1778512985597211371,1778512985606313651,FULL
1275,1275,1293,7284508861000,8872725230000,1778512985630469522,1778512985639564851,FULL
1276,1276,1294,7284542181000,8872758549000,1778512985663911522,1778512985672206130,FULL
1277,1277,1295,7284575504000,8872791867000,1778512985696990822,1778512985705375960,FULL
1278,1278,1296,7284608816000,8872825186000,1778512985729788274,1778512985738700844,FULL
1279,1279,1297,7284642133000,8872858504000,1778512985763219311,1778512985772025358,FULL
1280,1280,1298,7284675454000,8872891822000,1778512985796529869,1778512985805320428,FULL
1281,1281,1299,7284708771000,8872925141000,1778512985829796426,1778512985839337564,FULL
1282,1282,1300,7284742090000,8872958459000,1778512985863059984,1778512985872140657,FULL
1283,1283,1301,7284775409000,8872991778000,1778512985896809537,1778512985905497115,FULL
1284,1284,1302,7284808727000,8873025099000,1778512985930151094,1778512985940166023,FULL
1285,1285,1303,7284842045000,8873058416000,1778512985963212394,1778512985972027680,FULL
1286,1286,1304,7284875363000,8873091734000,1778512985996335157,1778512986005249121,FULL
1287,1287,1305,7284908681000,8873125053000,1778512986030016248,1778512986040387080,FULL
1288,1288,1306,7284941999000,8873158371000,1778512986062925365,1778512986071912241,FULL
1289,1289,1307,7284975318000,8873191691000,1778512986097503871,1778512986105281180,FULL
1290,1290,1308,7285008636000,8873225009000,1778512986129478535,1778512986138554509,FULL
1291,1291,1309,7285041954000,8873258330000,1778512986162845148,1778512986171998781,FULL
1292,1292,1310,7285075274000,8873291644000,1778512986198368200,1778512986205286128,FULL
1293,1293,1311,7285108598000,8873324963000,1778512986229583594,1778512986238555939,FULL
1294,1294,1312,7285141911000,8873358281000,1778512986262886448,1778512986271942026,FULL
1295,1295,1313,7285175230000,8873391600000,1778512986296679518,1778512986305264632,FULL
1296,1296,1314,7285208555000,8873424919000,1778512986329424804,1778512986340552368,FULL
1297,1297,1315,7285241869000,8873458239000,1778512986362801453,1778512986372101362,FULL
1298,1298,1316,7285275184000,8873491556000,1778512986396693171,1778512986405214488,FULL
1299,1299,1317,7285308502000,8873524875000,1778512986428783056,1778512986438411040,FULL
1300,1300,1318,7285341821000,8873558193000,1778512986462635366,1778512986471984663,FULL
1301,1301,1319,7285375139000,8873591512000,1778512986497226040,1778512986505289862,FULL
1302,1302,1319,7285408460000,8873624830000,1778512986529295832,1778512986505289862,FULL
1303,1303,1320,7285441776000,8873658151000,1778512986564870829,1778512986555081495,FULL
1304,1304,1322,7285475095000,8873691467000,1778512986595983242,1778512986606167987,FULL
1305,1305,1323,7285508413000,8873724786000,1778512986629239448,1778512986638347604,FULL
1306,1306,1324,7285541731000,8873758103000,1778512986662569320,1778512986662595001,FULL
1307,1307,1325,7285575050000,8873791422000,1778512986696213670,1778512986703795032,FULL
1308,1308,1326,7285608369000,8873824740000,1778512986729334470,1778512986728090873,FULL
1309,1309,1327,7285641687000,8873858059000,1778512986762642602,1778512986763261239,FULL
1310,1310,1328,7285675005000,8873891378000,1778512986795929863,1778512986805660592,FULL
1311,1311,1329,7285708323000,8873924696000,1778512986829451325,1778512986839075401,FULL
1312,1312,1330,7285741647000,8873958015000,1778512986863154434,1778512986873788642,FULL
1313,1313,1331,7285774966000,8873991333000,1778512986896007496,1778512986905033509,FULL
1314,1314,1332,7285808281000,8874024651000,1778512986929270405,1778512986938369134,FULL
1315,1315,1333,7285841598000,8874057970000,1778512986962435057,1778512986966515308,FULL
1316,1316,1334,7285874917000,8874091288000,1778512986996110277,1778512987005885171,FULL
1317,1317,1335,7285908238000,8874124606000,1778512987029217781,1778512987038936817,FULL
1318,1318,1336,7285941553000,8874157925000,1778512987062395228,1778512987074128424,FULL
1319,1319,1337,7285974871000,8874191243000,1778512987096011116,1778512987104974814,FULL
1320,1320,1338,7286008192000,8874224562000,1778512987134431915,1778512987138152643,FULL
1321,1321,1339,7286041508000,8874257880000,1778512987164092918,1778512987173895449,FULL
1322,1322,1340,7286074829000,8874291197000,1778512987196995350,1778512987205053650,FULL
1323,1323,1341,7286108153000,8874324518000,1778512987232826214,1778512987238156536,FULL
1324,1324,1342,7286141464000,8874357836000,1778512987280318215,1778512987273083590,FULL
1325,1325,1343,7286174784000,8874391154000,1778512987314139434,1778512987304820249,FULL
1326,1326,1344,7286208103000,8874424473000,1778512987346865034,1778512987338139096,FULL
1327,1327,1345,7286241423000,8874457790000,1778512987379474562,1778512987371558942,FULL
1328,1328,1346,7286274749000,8874491110000,1778512987413341428,1778512987404748179,FULL
1329,1329,1347,7286308060000,8874524428000,1778512987445936493,1778512987438062730,FULL
1330,1330,1348,7286341375000,8874557747000,1778512987479185199,1778512987471357466,FULL
1331,1331,1349,7286374694000,8874591067000,1778512987512823586,1778512987504669128,FULL
1332,1332,1350,7286408024000,8874624382000,1778512987546253623,1778512987538105807,FULL
1333,1333,1351,7286441330000,8874657702000,1778512987580934037,1778512987573116768,FULL
1334,1334,1352,7286474652000,8874691020000,1778512987613524379,1778512987604649410,FULL
1335,1335,1353,7286507968000,8874724339000,1778512987648022516,1778512987638118181,FULL
1336,1336,1354,7286541290000,8874757657000,1778512987679640536,1778512987671308511,FULL
1337,1337,1355,7286574608000,8874790976000,1778512987711909530,1778512987704614303,FULL
1338,1338,1356,7286607926000,8874824294000,1778512987744966127,1778512987738051056,FULL
1339,1339,1357,7286641244000,8874857613000,1778512987784882504,1778512987771184053,FULL
1340,1340,1358,7286674563000,8874890931000,1778512987815813697,1778512987804497067,FULL
1341,1341,1359,7286707881000,8874924250000,1778512987848330837,1778512987837904987,FULL
1342,1342,1360,7286741201000,8874957571000,1778512987881622413,1778512987871273315,FULL
1343,1343,1361,7286774518000,8874990886000,1778512987911206972,1778512987905198508,FULL
1344,1344,1362,7286807837000,8875024204000,1778512987945267058,1778512987937885788,FULL
1345,1345,1363,7286841155000,8875057522000,1778512987983146901,1778512987971200949,FULL
1346,1346,1364,7286874474000,8875090841000,1778512988013655488,1778512988007113235,FULL
1347,1347,1365,7286907793000,8875124161000,1778512988049106948,1778512988037929384,FULL
1348,1348,1366,7286941110000,8875157478000,1778512988082033676,1778512988071693578,FULL
1349,1349,1367,7286974430000,8875190797000,1778512988112091508,1778512988105635530,FULL
1350,1350,1368,7287007752000,8875224116000,1778512988148299276,1778512988138924174,FULL
1351,1351,1369,7287041066000,8875257435000,1778512988167098726,1778512988174066967,FULL
1352,1352,1370,7287074384000,8875290752000,1778512988195693130,1778512988204884004,FULL
1353,1353,1371,7287107706000,8875324071000,1778512988229008446,1778512988237960669,FULL
1354,1354,1372,7287141020000,8875357390000,1778512988262251708,1778512988271191479,FULL
1355,1355,1373,7287174338000,8875390708000,1778512988294954197,1778512988304606844,FULL
1356,1356,1374,7287207656000,8875424027000,1778512988328311217,1778512988337966154,FULL
1357,1357,1375,7287240975000,8875457345000,1778512988362527728,1778512988371530702,FULL
1358,1358,1376,7287274303000,8875490663000,1778512988395493770,1778512988406747809,FULL
1359,1359,1377,7287307612000,8875523982000,1778512988428713736,1778512988437969991,FULL
1360,1360,1378,7287340930000,8875557299000,1778512988461504354,1778512988471170617,FULL
1361,1361,1379,7287374249000,8875590618000,1778512988495512719,1778512988505820655,FULL
1362,1362,1379,7287407568000,8875623937000,1778512988529583231,1778512988505820655,FULL
1363,1363,1380,7287440885000,8875657255000,1778512988562797493,1778512988555954063,FULL
1364,1364,1382,7287474206000,8875690575000,1778512988595353539,1778512988605648920,FULL
1365,1365,1383,7287507523000,8875723892000,1778512988628228583,1778512988637819981,FULL
1366,1366,1384,7287540841000,8875757213000,1778512988661935914,1778512988662913148,FULL
1367,1367,1385,7287574159000,8875790530000,1778512988694817475,1778512988704277363,FULL
1368,1368,1386,7287607480000,8875823849000,1778512988728704860,1778512988737579099,FULL
1369,1369,1387,7287640797000,8875857167000,1778512988761448590,1778512988771031630,FULL
1370,1370,1388,7287674115000,8875890485000,1778512988795256105,1778512988805361245,FULL
1371,1371,1389,7287707433000,8875923804000,1778512988828632624,1778512988838516556,FULL
1372,1372,1390,7287740752000,8875957123000,1778512988861257763,1778512988871688960,FULL
1373,1373,1391,7287774070000,8875990440000,1778512988895554032,1778512988904562941,FULL
1374,1374,1392,7287807390000,8876023759000,1778512988928688387,1778512988937745179,FULL
1375,1375,1393,7287840707000,8876057078000,1778512988962145239,1778512988970916361,FULL
1376,1376,1394,7287874026000,8876090396000,1778512988996117252,1778512989004110042,FULL
1377,1377,1395,7287907345000,8876123715000,1778512989028215878,1778512989037800404,FULL
1378,1378,1396,7287940663000,8876157033000,1778512989063793356,1778512989070797143,FULL
1379,1379,1397,7287973980000,8876190354000,1778512989094602458,1778512989104141009,FULL
1380,1380,1398,7288007298000,8876223670000,1778512989133935748,1778512989139277301,FULL
1381,1381,1399,7288040616000,8876256988000,1778512989165870135,1778512989170967645,FULL
1382,1382,1400,7288073937000,8876290306000,1778512989195631636,1778512989204173382,FULL
1383,1383,1401,7288107258000,8876323631000,1778512989227473931,1778512989240227833,FULL
1384,1384,1402,7288140574000,8876356943000,1778512989260734767,1778512989270859169,FULL
1385,1385,1403,7288173892000,8876390261000,1778512989293881752,1778512989304196201,FULL
1386,1386,1404,7288207211000,8876423579000,1778512989327152717,1778512989337564807,FULL
1387,1387,1405,7288240528000,8876456898000,1778512989362570233,1778512989370697785,FULL
1388,1388,1406,7288273847000,8876490219000,1778512989394202401,1778512989404245575,FULL
1389,1389,1407,7288307166000,8876523536000,1778512989427849473,1778512989437438719,FULL
1390,1390,1408,7288340485000,8876556854000,1778512989460969458,1778512989470733752,FULL
1391,1391,1409,7288373803000,8876590172000,1778512989494410866,1778512989504203208,FULL
1392,1392,1410,7288407122000,8876623491000,1778512989532562298,1778512989537344594,FULL
1393,1393,1411,7288440441000,8876656809000,1778512989562206598,1778512989570683774,FULL
1394,1394,1412,7288473759000,8876690127000,1778512989594462555,1778512989604055288,FULL
1395,1395,1413,7288507077000,8876723446000,1778512989627639354,1778512989639836537,FULL
1396,1396,1414,7288540395000,8876756764000,1778512989660936689,1778512989670647538,FULL
1397,1397,1415,7288573713000,8876790082000,1778512989694260024,1778512989704344400,FULL
1398,1398,1416,7288607032000,8876823401000,1778512989727450953,1778512989739000623,FULL
1399,1399,1417,7288640350000,8876856720000,1778512989761559817,1778512989770708541,FULL
1400,1400,1418,7288673669000,8876890039000,1778512989794714357,1778512989803940074,FULL
1401,1401,1419,7288706988000,8876923359000,1778512989828038174,1778512989837285643,FULL
1402,1402,1420,7288740307000,8876956675000,1778512989861414582,1778512989870637490,FULL
1403,1403,1421,7288773624000,8876989995000,1778512989894825749,1778512989904116224,FULL
1404,1404,1422,7288806943000,8877023313000,1778512989927750922,1778512989937468682,FULL
1405,1405,1423,7288840263000,8877056632000,1778512989961491141,1778512989970549458,FULL
1406,1406,1424,7288873581000,8877089951000,1778512989994166668,1778512990003948989,FULL
1407,1407,1425,7288906898000,8877123269000,1778512990028173311,1778512990039120689,FULL
1408,1408,1426,7288940218000,8877156587000,1778512990061775291,1778512990070468295,FULL
1409,1409,1427,7288973535000,8877189906000,1778512990094090469,1778512990103935456,FULL
1410,1410,1428,7289006853000,8877223224000,1778512990127829337,1778512990137219655,FULL
1411,1411,1429,7289040172000,8877256543000,1778512990161426947,1778512990170652649,FULL
1412,1412,1430,7289073490000,8877289861000,1778512990194071659,1778512990203756406,FULL
1413,1413,1431,7289106814000,8877323179000,1778512990227855508,1778512990237190104,FULL
1414,1414,1432,7289140129000,8877356497000,1778512990260656589,1778512990270482544,FULL
1415,1415,1433,7289173444000,8877389815000,1778512990294648657,1778512990303816613,FULL
1416,1416,1434,7289206764000,8877423134000,1778512990327224130,1778512990337059127,FULL
1417,1417,1435,7289240083000,8877456453000,1778512990361234994,1778512990371955089,FULL
1418,1418,1436,7289273400000,8877489775000,1778512990393982132,1778512990403966893,FULL
1419,1419,1437,7289306720000,8877523091000,1778512990427858442,1778512990437454905,FULL
1420,1420,1438,7289340038000,8877556407000,1778512990460757763,1778512990473082749,FULL
1421,1421,1439,7289373358000,8877589727000,1778512990494515501,1778512990503884546,FULL
1422,1422,1440,7289406676000,8877623045000,1778512990527876187,1778512990551323924,FULL
1423,1423,1441,7289439992000,8877656364000,1778512990562678525,1778512990571209326,FULL
1424,1424,1442,7289473312000,8877689682000,1778512990595778140,1778512990604472118,FULL
1425,1425,1443,7289506630000,8877723001000,1778512990627128496,1778512990637348803,FULL
1426,1426,1444,7289539948000,8877756320000,1778512990661125620,1778512990670422467,FULL
1427,1427,1445,7289573267000,8877789639000,1778512990696080400,1778512990703740666,FULL
1428,1428,1446,7289606586000,8877822957000,1778512990727870159,1778512990736940181,FULL
1429,1429,1447,7289639905000,8877856275000,1778512990761074328,1778512990770824448,FULL
1430,1430,1448,7289673222000,8877889593000,1778512990793782744,1778512990803668430,FULL
1431,1431,1449,7289706547000,8877922913000,1778512990827721665,1778512990836964369,FULL
1432,1432,1450,7289739860000,8877956230000,1778512990860416710,1778512990865002082,FULL
1433,1433,1451,7289773177000,8877989549000,1778512990895928059,1778512990904028152,FULL
1434,1434,1452,7289806497000,8878022867000,1778512990927665262,1778512990937186353,FULL
1435,1435,1453,7289839816000,8878056185000,1778512990960343845,1778512990972492403,FULL
1436,1436,1454,7289873134000,8878089503000,1778512990996555501,1778512991003705659,FULL
1437,1437,1455,7289906455000,8878122822000,1778512991026938885,1778512991036939748,FULL
1438,1438,1456,7289939771000,8878156141000,1778512991060893028,1778512991070413297,FULL
1439,1439,1457,7289973089000,8878189460000,1778512991094306103,1778512991103773273,FULL
1440,1440,1458,7290006411000,8878222778000,1778512991131673507,1778512991136955603,FULL
1441,1441,1459,7290039725000,8878256096000,1778512991161688691,1778512991171177090,FULL
1442,1442,1460,7290073044000,8878289414000,1778512991193780872,1778512991204953951,FULL
1443,1443,1461,7290106363000,8878322739000,1778512991226637860,1778512991235671545,FULL
1444,1444,1462,7290139682000,8878356052000,1778512991259993861,1778512991268757339,FULL
1445,1445,1463,7290173000000,8878389370000,1778512991293205883,1778512991295678562,FULL
1446,1446,1464,7290206318000,8878422689000,1778512991326344405,1778512991336742298,FULL
1447,1447,1465,7290239636000,8878456015000,1778512991360202808,1778512991370097867,FULL
1448,1448,1466,7290272954000,8878489326000,1778512991393537365,1778512991403462380,FULL
1449,1449,1467,7290306274000,8878522644000,1778512991426797997,1778512991436658284,FULL
1450,1450,1468,7290339591000,8878555963000,1778512991460216294,1778512991470001946,FULL
1451,1451,1469,7290372910000,8878589282000,1778512991493494314,1778512991503248775,FULL
1452,1452,1470,7290406229000,8878622600000,1778512991526952518,1778512991536672121,FULL
1453,1453,1471,7290439548000,8878655918000,1778512991560813181,1778512991569977968,FULL
1454,1454,1472,7290472868000,8878689237000,1778512991593431171,1778512991605530720,FULL
1455,1455,1473,7290506185000,8878722556000,1778512991626670340,1778512991636653625,FULL
1456,1456,1474,7290539502000,8878755873000,1778512991659923768,1778512991669916084,FULL
1457,1457,1475,7290572820000,8878789193000,1778512991694947011,1778512991703243486,FULL
1458,1458,1476,7290606140000,8878822511000,1778512991726666770,1778512991736600666,FULL
1459,1459,1477,7290639459000,8878855828000,1778512991760609506,1778512991770048253,FULL
1460,1460,1478,7290672776000,8878889146000,1778512991793293144,1778512991803040640,FULL
1461,1461,1479,7290706094000,8878922465000,1778512991828805863,1778512991836958352,FULL
1462,1462,1480,7290739413000,8878955784000,1778512991860515937,1778512991869844944,FULL
1463,1463,1481,7290772732000,8878989102000,1778512991893296019,1778512991903273660,FULL
1464,1464,1482,7290806051000,8879022421000,1778512991927091534,1778512991936474286,FULL
1465,1465,1483,7290839369000,8879055740000,1778512991959967744,1778512991969772115,FULL
1466,1466,1484,7290872689000,8879089058000,1778512991993692297,1778512992003533384,FULL
1467,1467,1485,7290906006000,8879122378000,1778512992027323091,1778512992036366624,FULL
1468,1468,1486,7290939325000,8879155696000,1778512992059856009,1778512992069725527,FULL
1469,1469,1487,7290972643000,8879189013000,1778512992096820379,1778512992105651460,FULL
1470,1470,1488,7291005963000,8879222332000,1778512992127718591,1778512992136522627,FULL
1471,1471,1489,7291039280000,8879255650000,1778512992159764773,1778512992169683994,FULL
1472,1472,1490,7291072597000,8879288969000,1778512992193798267,1778512992203041989,FULL
1473,1473,1491,7291105918000,8879322288000,1778512992228955712,1778512992236509983,FULL
1474,1474,1492,7291139235000,8879355605000,1778512992260294827,1778512992269718386,FULL
1475,1475,1493,7291172553000,8879388924000,1778512992293518182,1778512992302988197,FULL
1476,1476,1494,7291205872000,8879422243000,1778512992326922664,1778512992336479450,FULL
1477,1477,1495,7291239191000,8879455561000,1778512992359661227,1778512992369744890,FULL
1478,1478,1496,7291272508000,8879488880000,1778512992393507742,1778512992403656157,FULL
1479,1479,1497,7291305827000,8879522198000,1778512992427017760,1778512992436601848,FULL
1480,1480,1498,7291339147000,8879555517000,1778512992460182745,1778512992469743203,FULL
1481,1481,1499,7291372465000,8879588835000,1778512992493486395,1778512992503198628,FULL
1482,1482,1500,7291405783000,8879622154000,1778512992528975947,1778512992552830763,FULL
1483,1483,1500,7291439101000,8879655472000,1778512992559805271,1778512992552830763,FULL
1484,1484,1502,7291472420000,8879688790000,1778512992593893413,1778512992604312472,FULL
1485,1485,1503,7291505743000,8879722109000,1778512992626735512,1778512992636466892,FULL
1486,1486,1504,7291539057000,8879755428000,1778512992660096439,1778512992661434680,FULL
1487,1487,1505,7291572374000,8879788745000,1778512992693458941,1778512992703030988,FULL
1488,1488,1506,7291605694000,8879822065000,1778512992727360010,1778512992736271823,FULL
1489,1489,1507,7291639013000,8879855383000,1778512992760103981,1778512992769597583,FULL
1490,1490,1508,7291672330000,8879888702000,1778512992793367001,1778512992802921029,FULL
1491,1491,1509,7291705649000,8879922020000,1778512992826936149,1778512992838346546,FULL
1492,1492,1510,7291738968000,8879955339000,1778512992859479492,1778512992869720048,FULL
1493,1493,1511,7291772285000,8879988656000,1778512992893392561,1778512992903208473,FULL
1494,1494,1512,7291805605000,8880021975000,1778512992926697378,1778512992936290421,FULL
1495,1495,1513,7291838924000,8880055293000,1778512992959461089,1778512992969594589,FULL
1496,1496,1514,7291872241000,8880088613000,1778512992993312103,1778512993002900553,FULL
1497,1497,1515,7291905564000,8880121930000,1778512993026216109,1778512993036267091,FULL
1498,1498,1516,7291938879000,8880155249000,1778512993060002680,1778512993069476389,FULL
1499,1499,1517,7291972196000,8880188567000,1778512993092822261,1778512993102806594,FULL
1500,1500,1518,7292005518000,8880221886000,1778512993131060952,1778512993136190835,FULL
1501,1501,1519,7292038835000,8880255205000,1778512993177300632,1778512993169442745,FULL
1502,1502,1520,7292072155000,8880288522000,1778512993213545696,1778512993202847856,FULL
1503,1503,1521,7292105474000,8880321841000,1778512993246183167,1778512993237151292,FULL
1504,1504,1522,7292138793000,8880355160000,1778512993276210240,1778512993269453396,FULL
1505,1505,1523,7292172110000,8880388478000,1778512993309370225,1778512993302704194,FULL
1506,1506,1524,7292205428000,8880421797000,1778512993344668576,1778512993336279711,FULL
1507,1507,1525,7292238746000,8880455115000,1778512993378810847,1778512993369440584,FULL
1508,1508,1526,7292272065000,8880488433000,1778512993411993072,1778512993402654993,FULL
1509,1509,1527,7292305384000,8880521752000,1778512993445468017,1778512993436123623,FULL
1510,1510,1528,7292338703000,8880555071000,1778512993476989259,1778512993469349199,FULL
1511,1511,1529,7292372020000,8880588388000,1778512993509946283,1778512993502682496,FULL
1512,1512,1530,7292405339000,8880621707000,1778512993544779047,1778512993536074256,FULL
1513,1513,1531,7292438656000,8880655026000,1778512993577930550,1778512993569334313,FULL
1514,1514,1532,7292471978000,8880688346000,1778512993608288194,1778512993602734035,FULL
1515,1515,1533,7292505295000,8880721662000,1778512993642058339,1778512993636624235,FULL
1516,1516,1534,7292538613000,8880754981000,1778512993676879029,1778512993669531721,FULL
1517,1517,1535,7292571931000,8880788300000,1778512993708545770,1778512993702523522,FULL
1518,1518,1536,7292605248000,8880821618000,1778512993741988918,1778512993735994448,FULL
1519,1519,1537,7292638568000,8880854936000,1778512993780839751,1778512993769232468,FULL
1520,1520,1538,7292671886000,8880888255000,1778512993811120895,1778512993802602469,FULL
1521,1521,1539,7292705205000,8880921573000,1778512993845495867,1778512993836215763,FULL
1522,1522,1540,7292738524000,8880954892000,1778512993876751113,1778512993869276452,FULL
1523,1523,1541,7292771842000,8880988210000,1778512993910852236,1778512993902883913,FULL
1524,1524,1542,7292805160000,8881021529000,1778512993944448382,1778512993936146193,FULL
1525,1525,1543,7292838480000,8881054847000,1778512993978772096,1778512993969369454,FULL
1526,1526,1544,7292871798000,8881088165000,1778512994010270376,1778512994002817935,FULL
1527,1527,1545,7292905117000,8881121485000,1778512994044031965,1778512994036148233,FULL
1528,1528,1546,7292938434000,8881154802000,1778512994081781698,1778512994071359900,FULL
1529,1529,1547,7292971753000,8881188121000,1778512994116392445,1778512994103000251,FULL
1530,1530,1548,7293005070000,8881221440000,1778512994143571289,1778512994135893127,FULL
1531,1531,1549,7293038391000,8881254758000,1778512994181090228,1778512994169098074,FULL
1532,1532,1550,7293071710000,8881288078000,1778512994208403645,1778512994202640887,FULL
1533,1533,1551,7293105027000,8881321395000,1778512994240783897,1778512994235993925,FULL
1534,1534,1552,7293138345000,8881354714000,1778512994279367658,1778512994269090947,FULL
1535,1535,1553,7293171663000,8881388033000,1778512994311076491,1778512994302557724,FULL
1536,1536,1554,7293204983000,8881421351000,1778512994343053563,1778512994335659913,FULL
1537,1537,1555,7293238301000,8881454669000,1778512994379164572,1778512994369080932,FULL
1538,1538,1556,7293271620000,8881487987000,1778512994411045126,1778512994402506302,FULL
1539,1539,1558,7293304938000,8881521306000,1778512994455993968,1778512994469999055,FULL
1540,1540,1559,7293338257000,8881554625000,1778512994489822075,1778512994502841116,FULL
1541,1541,1559,7293371585000,8881587943000,1778512994520116886,1778512994502841116,FULL
1542,1542,1560,7293404905000,8881621261000,1778512994555278813,1778512994551831721,FULL
1543,1543,1561,7293438217000,8881654580000,1778512994576524201,1778512994574060684,FULL
1544,1544,1562,7293471536000,8881687899000,1778512994602495576,1778512994603648111,FULL
1545,1545,1563,7293504852000,8881721217000,1778512994635742282,1778512994636403100,FULL
1546,1546,1564,7293538179000,8881754534000,1778512994670126661,1778512994671717507,FULL
1547,1547,1565,7293571496000,8881787853000,1778512994706247948,1778512994702466848,FULL
1548,1548,1566,7293604808000,8881821172000,1778512994739846169,1778512994727142936,FULL
1549,1549,1567,7293638126000,8881854491000,1778512994771751556,1778512994767744531,FULL
1550,1550,1568,7293671445000,8881887809000,1778512994799769132,1778512994793263128,FULL
1551,1551,1569,7293704769000,8881921127000,1778512994836858223,1778512994827517583,FULL
1552,1552,1570,7293738081000,8881954446000,1778512994865637365,1778512994869306111,FULL
1553,1553,1571,7293771406000,8881987765000,1778512994896666058,1778512994902591168,FULL
1554,1554,1572,7293804749000,8882021083000,1778512994932157685,1778512994935913206,FULL
1555,1555,1574,7293838053000,8882054401000,1778512994990419739,1778512995002429265,FULL
1556,1556,1575,7293871360000,8882087721000,1778512995027271259,1778512995035743247,FULL
1557,1557,1576,7293904694000,8882121038000,1778512995065750743,1778512995069083730,FULL
1558,1558,1577,7293938001000,8882154357000,1778512995107740839,1778512995102434638,FULL
1559,1559,1578,7293971317000,8882187676000,1778512995124243351,1778512995135712454,FULL
1560,1560,1578,7294004630000,8882220995000,1778512995149605806,1778512995135712454,FULL
1561,1561,1579,7294037967000,8882254312000,1778512995161309794,1778512995168998141,FULL
1562,1562,1580,7294071266000,8882287628000,1778512995193691713,1778512995202394845,FULL
1563,1563,1581,7294104579000,8882320948000,1778512995224789534,1778512995235705846,FULL
1564,1564,1582,7294137898000,8882354267000,1778512995258099740,1778512995269022884,FULL
1565,1565,1583,7294171216000,8882387586000,1778512995291381038,1778512995304771047,FULL
1566,1566,1584,7294204533000,8882420905000,1778512995325199905,1778512995335717053,FULL
1567,1567,1585,7294237852000,8882454223000,1778512995358158818,1778512995369080924,FULL
1568,1568,1586,7294271170000,8882487541000,1778512995392299699,1778512995402312352,FULL
1569,1569,1587,7294304489000,8882520860000,1778512995425299982,1778512995435604298,FULL
1570,1570,1588,7294337808000,8882554178000,1778512995458512096,1778512995468933817,FULL
1571,1571,1589,7294371126000,8882587497000,1778512995491903060,1778512995502238189,FULL
1572,1572,1590,7294404444000,8882620815000,1778512995525200636,1778512995535277748,FULL
1573,1573,1591,7294437763000,8882654134000,1778512995558759116,1778512995568670767,FULL
1574,1574,1592,7294471088000,8882687452000,1778512995592125914,1778512995601911473,FULL
1575,1575,1593,7294504401000,8882720771000,1778512995625239473,1778512995635397232,FULL
1576,1576,1594,7294537719000,8882754089000,1778512995658788509,1778512995668453902,FULL
1577,1577,1595,7294571043000,8882787408000,1778512995692082122,1778512995702863300,FULL
1578,1578,1596,7294604357000,8882820726000,1778512995725201533,1778512995735128163,FULL
1579,1579,1600,7294637678000,8882854044000,1778512995866987654,1778512995868570962,FULL
1580,1580,1600,7294670993000,8882887363000,1778512995867243151,1778512995868570962,FULL
1581,1581,1600,7294704312000,8882920681000,1778512995867517667,1778512995868570962,FULL
1582,1582,1600,7294737629000,8882954000000,1778512995867783719,1778512995868570962,FULL
1583,1583,1601,7294770947000,8882987318000,1778512995892968214,1778512995904676028,FULL
1584,1584,1602,7294804269000,8883020637000,1778512995925136339,1778512995935197594,FULL
1585,1585,1603,7294837585000,8883053955000,1778512995959306480,1778512995969251773,FULL
1586,1586,1604,7294870905000,8883087273000,1778512995991640084,1778512996001977058,FULL
1587,1587,1605,7294904222000,8883120592000,1778512996025799114,1778512996035066839,FULL
1588,1588,1606,7294937541000,8883153910000,1778512996058471956,1778512996068458228,FULL
1589,1589,1607,7294970858000,8883187228000,1778512996091669125,1778512996102110893,FULL
1590,1590,1608,7295004178000,8883220548000,1778512996125268068,1778512996135216174,FULL
1591,1591,1609,7295037497000,8883253866000,1778512996159042473,1778512996168604656,FULL
1592,1592,1610,7295070815000,8883287184000,1778512996191733647,1778512996201835824,FULL
1593,1593,1611,7295104133000,8883320503000,1778512996225057593,1778512996235145511,FULL
1594,1594,1612,7295137452000,8883353821000,1778512996259015107,1778512996268435216,FULL
1595,1595,1613,7295170770000,8883387140000,1778512996291672356,1778512996301700940,FULL
1596,1596,1614,7295204089000,8883420458000,1778512996325671036,1778512996335064904,FULL
1597,1597,1615,7295237407000,8883453777000,1778512996358256119,1778512996368463293,FULL
1598,1598,1616,7295270726000,8883487095000,1778512996391755971,1778512996401715517,FULL
1599,1599,1617,7295304045000,8883520414000,1778512996426311626,1778512996435120739,FULL
1600,1600,1618,7295337363000,8883553733000,1778512996458293567,1778512996468254631,FULL
1601,1601,1619,7295370681000,8883587051000,1778512996493147905,1778512996501456282,FULL
1602,1602,1620,7295404001000,8883620370000,1778512996526914420,1778512996550708624,FULL
1603,1603,1620,7295437317000,8883653688000,1778512996558781919,1778512996550708624,FULL
1604,1604,1622,7295470640000,8883687006000,1778512996591446223,1778512996603951630,FULL
1605,1605,1623,7295503954000,8883720325000,1778512996624848631,1778512996635095227,FULL
1606,1606,1624,7295537272000,8883753644000,1778512996658657683,1778512996668212304,FULL
1607,1607,1625,7295570591000,8883786961000,1778512996691583263,1778512996701256604,FULL
1608,1608,1626,7295603910000,8883820281000,1778512996725694756,1778512996734541828,FULL
1609,1609,1627,7295637232000,8883853599000,1778512996758601244,1778512996768135641,FULL
1610,1610,1628,7295670547000,8883886917000,1778512996791242253,1778512996801374717,FULL
1611,1611,1629,7295703865000,8883920236000,1778512996827197578,1778512996834738107,FULL
1612,1612,1630,7295737183000,8883953554000,1778512996858140272,1778512996868057089,FULL
1613,1613,1631,7295770502000,8883986873000,1778512996892510910,1778512996901508145,FULL
1614,1614,1632,7295803831000,8884020191000,1778512996925338602,1778512996935559064,FULL
1615,1615,1633,7295837139000,8884053510000,1778512996957952759,1778512996968352163,FULL
1616,1616,1634,7295870459000,8884086828000,1778512996991834218,1778512997001661146,FULL
1617,1617,1635,7295903776000,8884120147000,1778512997024598929,1778512997034811334,FULL
1618,1618,1636,7295937095000,8884153465000,1778512997058553646,1778512997068111298,FULL
1619,1619,1637,7295970413000,8884186783000,1778512997091124230,1778512997101331023,FULL
1620,1620,1638,7296003731000,8884220101000,1778512997129324328,1778512997137287294,FULL
1621,1621,1639,7296037050000,8884253421000,1778512997159419549,1778512997168190208,FULL
1622,1622,1640,7296070369000,8884286735000,1778512997191063142,1778512997201413525,FULL
1623,1623,1641,7296103687000,8884320057000,1778512997224108906,1778512997234519195,FULL
1624,1624,1642,7296137006000,8884353375000,1778512997257209169,1778512997268136508,FULL
1625,1625,1643,7296170323000,8884386693000,1778512997290888074,1778512997301220678,FULL
1626,1626,1644,7296203643000,8884420012000,1778512997324012559,1778512997335814074,FULL
1627,1627,1645,7296236960000,8884453330000,1778512997358025739,1778512997368004364,FULL
1628,1628,1646,7296270279000,8884486649000,1778512997390918041,1778512997401217958,FULL
1629,1629,1647,7296303597000,8884519968000,1778512997425343828,1778512997434520812,FULL
1630,1630,1648,7296336919000,8884553286000,1778512997457472953,1778512997467948441,FULL
1631,1631,1649,7296370234000,8884586605000,1778512997491161802,1778512997501249054,FULL
1632,1632,1650,7296403554000,8884619923000,1778512997525275925,1778512997534531722,FULL
1633,1633,1651,7296436871000,8884653241000,1778512997557559845,1778512997567914685,FULL
1634,1634,1652,7296470206000,8884686560000,1778512997590942272,1778512997601286260,FULL
1635,1635,1653,7296503509000,8884719879000,1778512997624885137,1778512997634521521,FULL
1636,1636,1654,7296536827000,8884753197000,1778512997657956382,1778512997667913725,FULL
1637,1637,1655,7296570145000,8884786515000,1778512997691445938,1778512997701124765,FULL
1638,1638,1656,7296603464000,8884819837000,1778512997724129316,1778512997734537950,FULL
1639,1639,1657,7296636783000,8884853152000,1778512997757935109,1778512997770311482,FULL
1640,1640,1658,7296670101000,8884886471000,1778512997791472238,1778512997801212155,FULL
1641,1641,1659,7296703418000,8884919791000,1778512997824051858,1778512997834484861,FULL
1642,1642,1660,7296736739000,8884953107000,1778512997857986983,1778512997868729760,FULL
1643,1643,1661,7296770055000,8884986426000,1778512997891290170,1778512997902013243,FULL
1644,1644,1662,7296803374000,8885019745000,1778512997924999353,1778512997935218449,FULL
1645,1645,1663,7296836696000,8885053063000,1778512997957695620,1778512997967840735,FULL
1646,1646,1664,7296870013000,8885086381000,1778512997991146194,1778512998001097533,FULL
1647,1647,1665,7296903330000,8885119700000,1778512998024620176,1778512998034280720,FULL
1648,1648,1666,7296936649000,8885153019000,1778512998059154831,1778512998067730350,FULL
1649,1649,1667,7296969967000,8885186337000,1778512998091420622,1778512998100899260,FULL
1650,1650,1668,7297003286000,8885219656000,1778512998124027520,1778512998134380074,FULL
1651,1651,1669,7297036604000,8885252977000,1778512998157768258,1778512998168251181,FULL
1652,1652,1670,7297069923000,8885286292000,1778512998191279720,1778512998200771616,FULL
1653,1653,1671,7297103242000,8885319610000,1778512998223920673,1778512998234268801,FULL
1654,1654,1672,7297136559000,8885352930000,1778512998257668208,1778512998267646005,FULL
1655,1655,1673,7297169877000,8885386248000,1778512998290409511,1778512998300878710,FULL
1656,1656,1674,7297203196000,8885419566000,1778512998324605411,1778512998334178934,FULL
1657,1657,1675,7297236514000,8885452885000,1778512998358911291,1778512998367611915,FULL
1658,1658,1676,7297269834000,8885486203000,1778512998390939751,1778512998400997879,FULL
1659,1659,1677,7297303151000,8885519521000,1778512998424761192,1778512998434189196,FULL
1660,1660,1678,7297336471000,8885552840000,1778512998456982353,1778512998467472586,FULL
1661,1661,1679,7297369788000,8885586158000,1778512998490900459,1778512998500599775,FULL
1662,1662,1679,7297403107000,8885619476000,1778512998524930065,1778512998500599775,FULL
1663,1663,1681,7297436433000,8885652795000,1778512998562075841,1778512998572696778,FULL
1664,1664,1682,7297469749000,8885686113000,1778512998590394525,1778512998603102827,FULL
1665,1665,1683,7297503062000,8885719432000,1778512998624513666,1778512998635526059,FULL
1666,1666,1684,7297536380000,8885752750000,1778512998657528097,1778512998659776299,FULL
1667,1667,1685,7297569698000,8885786068000,1778512998691248094,1778512998699714271,FULL
1668,1668,1686,7297603019000,8885819387000,1778512998723742845,1778512998723853086,FULL
1669,1669,1687,7297636336000,8885852706000,1778512998757567101,1778512998758656646,FULL
1670,1670,1688,7297669654000,8885886025000,1778512998790848936,1778512998800605154,FULL
1671,1671,1689,7297702972000,8885919344000,1778512998824054883,1778512998833981858,FULL
1672,1672,1690,7297736291000,8885952660000,1778512998857310960,1778512998863425009,FULL
1673,1673,1691,7297769608000,8885985980000,1778512998890569258,1778512998901869922,FULL
1674,1674,1692,7297802928000,8886019298000,1778512998923429690,1778512998934935703,FULL
1675,1675,1693,7297836246000,8886052617000,1778512998957520351,1778512998970218370,FULL
1676,1676,1694,7297869566000,8886085935000,1778512998990029064,1778512999003130246,FULL
1677,1677,1695,7297902882000,8886119253000,1778512999024140132,1778512999034279250,FULL
1678,1678,1696,7297936202000,8886152573000,1778512999057550429,1778512999068034506,FULL
1679,1679,1697,7297969523000,8886185890000,1778512999090682451,1778512999101663152,FULL
1680,1680,1698,7298002839000,8886219209000,1778512999128303814,1778512999134675027,FULL
1681,1681,1699,7298036161000,8886252528000,1778512999159564949,1778512999167573680,FULL
1682,1682,1700,7298069475000,8886285843000,1778512999190199201,1778512999200976662,FULL
1683,1683,1701,7298102794000,8886319165000,1778512999223049615,1778512999233862075,FULL
1684,1684,1702,7298136116000,8886352483000,1778512999256290154,1778512999267987308,FULL
1685,1685,1703,7298169431000,8886385802000,1778512999289727358,1778512999301517122,FULL
1686,1686,1704,7298202748000,8886419119000,1778512999322900750,1778512999334764976,FULL
1687,1687,1705,7298236067000,8886452439000,1778512999356613192,1778512999369721590,FULL
1688,1688,1706,7298269386000,8886485757000,1778512999389886065,1778512999401971324,FULL
1689,1689,1707,7298302703000,8886519075000,1778512999423354768,1778512999433825285,FULL
1690,1690,1708,7298336024000,8886552394000,1778512999456563642,1778512999470368346,FULL
1691,1691,1709,7298369340000,8886585713000,1778512999490237602,1778512999501486517,FULL
1692,1692,1710,7298402662000,8886619031000,1778512999523512401,1778512999534690983,FULL
1693,1693,1711,7298435979000,8886652350000,1778512999561069765,1778512999569728152,FULL
1694,1694,1712,7298469312000,8886685667000,1778512999609159260,1778512999600555400,FULL
1695,1695,1713,7298502619000,8886718985000,1778512999641791268,1778512999633832309,FULL
1696,1696,1714,7298535937000,8886752305000,1778512999674956846,1778512999670493054,FULL
1697,1697,1715,7298569256000,8886785623000,1778512999710945134,1778512999701412246,FULL
1698,1698,1716,7298602573000,8886818941000,1778512999741288685,1778512999734650952,FULL
1699,1699,1717,7298635893000,8886852260000,1778512999775226051,1778512999769720935,FULL
1700,1700,1718,7298669210000,8886885578000,1778512999808496535,1778512999801147826,FULL
1701,1701,1719,7298702529000,8886918897000,1778512999841833277,1778512999833647854,FULL
1702,1702,1720,7298735847000,8886952215000,1778512999877128795,1778512999867533257,FULL
1703,1703,1721,7298769166000,8886985535000,1778512999907476883,1778512999901473751,FULL
1704,1704,1722,7298802484000,8887018852000,1778512999942123111,1778512999934484978,FULL
1705,1705,1723,7298835803000,8887052171000,1778512999975310855,1778512999967653110,FULL
1706,1706,1724,7298869121000,8887085490000,1778513000010024360,1778513000000340543,FULL
1707,1707,1725,7298902439000,8887118808000,1778513000041916118,1778513000033762284,FULL
1708,1708,1726,7298935758000,8887152126000,1778513000073554600,1778513000067440911,FULL
1709,1709,1727,7298969078000,8887185444000,1778513000110598396,1778513000101438980,FULL
1710,1710,1728,7299002395000,8887218763000,1778513000139800885,1778513000134718630,FULL
1711,1711,1729,7299035714000,8887252082000,1778513000173000258,1778513000168068241,FULL
1712,1712,1730,7299069031000,8887285400000,1778513000214034494,1778513000200445511,FULL
1713,1713,1731,7299102350000,8887318718000,1778513000243972734,1778513000235856454,FULL
1714,1714,1732,7299135686000,8887352036000,1778513000276973665,1778513000266897738,FULL
1715,1715,1733,7299168988000,8887385355000,1778513000309861449,1778513000300214591,FULL
1716,1716,1734,7299202307000,8887418674000,1778513000343663538,1778513000333485907,FULL
1717,1717,1735,7299235627000,8887451992000,1778513000376158474,1778513000366862426,FULL
1718,1718,1736,7299268944000,8887485310000,1778513000410247505,1778513000400203186,FULL
1719,1719,1737,7299302262000,8887518630000,1778513000444518071,1778513000433481706,FULL
1720,1720,1738,7299335582000,8887551948000,1778513000476087035,1778513000466817096,FULL
1721,1721,1739,7299368899000,8887585265000,1778513000511000409,1778513000500237263,FULL
1722,1722,1740,7299402216000,8887618585000,1778513000542512985,1778513000549215682,FULL
1723,1723,1741,7299435536000,8887651903000,1778513000573867952,1778513000570739745,FULL
1724,1724,1742,7299468859000,8887685222000,1778513000609195154,1778513000601808917,FULL
1725,1725,1743,7299502175000,8887718540000,1778513000639213894,1778513000635789208,FULL
1726,1726,1744,7299535491000,8887751859000,1778513000672327713,1778513000670080125,FULL
1727,1727,1745,7299568809000,8887785177000,1778513000706601353,1778513000700221917,FULL
1728,1728,1746,7299602128000,8887818496000,1778513000741464005,1778513000733887304,FULL
1729,1729,1752,7299635446000,8887851814000,1778513000933640892,1778513000933345574,FULL
1730,1730,1752,7299668765000,8887885132000,1778513000934124739,1778513000933345574,FULL
1731,1731,1752,7299702080000,8887918451000,1778513000934558864,1778513000933345574,FULL
1732,1732,1752,7299735399000,8887951769000,1778513000935038099,1778513000933345574,FULL
1733,1733,1752,7299768720000,8887985088000,1778513000935900331,1778513000933345574,FULL
1734,1734,1752,7299802038000,8888018407000,1778513000943596861,1778513000933345574,FULL
1735,1735,1753,7299835357000,8888051725000,1778513000975115530,1778513000966562243,FULL
1736,1736,1754,7299868675000,8888085043000,1778513001008011203,1778513000999896133,FULL
1737,1737,1755,7299901996000,8888118361000,1778513001041672108,1778513001034193995,FULL
1738,1738,1756,7299935314000,8888151680000,1778513001073646105,1778513001066610671,FULL
1739,1739,1757,7299968631000,8888184998000,1778513001107973393,1778513001100883904,FULL
1740,1740,1759,7300001950000,8888218317000,1778513001154545477,1778513001168068197,FULL
1741,1741,1759,7300035268000,8888251636000,1778513001177462866,1778513001168068197,FULL
1742,1742,1760,7300068585000,8888284956000,1778513001208994479,1778513001198747872,FULL
1743,1743,1761,7300101910000,8888318274000,1778513001241247510,1778513001232020318,FULL
1744,1744,,7300135223000,8888351591000,1778513001272497922,,MISSING_HQ
1745,1745,1762,7300168542000,8888384909000,1778513001305523631,1778513001312065187,FULL
1746,1746,1764,7300201861000,8888418227000,1778513001340519078,1778513001331786916,FULL
1747,1747,1765,7300235179000,8888451546000,1778513001372223504,1778513001365169083,FULL
1748,1748,1766,7300268497000,8888484864000,1778513001410281752,1778513001398619046,FULL
1749,1749,1768,7300301816000,8888518183000,1778513001445292476,1778513001458199711,FULL
1750,1750,1768,7300335136000,8888551502000,1778513001475113903,1778513001458199711,FULL
1751,1751,1769,7300368455000,8888584820000,1778513001505216976,1778513001502436678,FULL
1752,1752,1770,7300401770000,8888618138000,1778513001535472380,1778513001533364758,FULL
1753,1753,1771,7300435089000,8888651457000,1778513001568858974,1778513001566661019,FULL
1754,1754,1772,7300468408000,8888684781000,1778513001604916020,1778513001599922687,FULL
1755,1755,1773,7300501725000,8888718094000,1778513001637779768,1778513001633093708,FULL
1756,1756,1774,7300535043000,8888751413000,1778513001671021326,1778513001666390395,FULL
1757,1757,1775,7300568362000,8888784731000,1778513001707416610,1778513001699817413,FULL
1758,1758,1776,7300601680000,8888818050000,1778513001739799769,1778513001733140711,FULL
1759,1759,1777,7300634998000,8888851367000,1778513001773550970,1778513001766396935,FULL
1760,1760,1778,7300668317000,8888884686000,1778513001806336940,1778513001799779195,FULL
1761,1761,1779,7300701635000,8888918005000,1778513001840888651,1778513001833034974,FULL
1762,1762,1780,7300734956000,8888951322000,1778513001874135450,1778513001867759535,FULL
1763,1763,1781,7300768274000,8888984641000,1778513001907697097,1778513001899906641,FULL
1764,1764,1782,7300801590000,8889017960000,1778513001941283947,1778513001932915052,FULL
1765,1765,1783,7300834912000,8889051278000,1778513001974674263,1778513001966824844,FULL
1766,1766,1784,7300868229000,8889084597000,1778513002006641946,1778513001999567091,FULL
1767,1767,1785,7300901548000,8889117915000,1778513002040885771,1778513002033037684,FULL
1768,1768,1786,7300934865000,8889151233000,1778513002075000875,1778513002066312167,FULL
1769,1769,1787,7300968183000,8889184552000,1778513002108370302,1778513002099618316,FULL
1770,1770,1788,7301001501000,8889217873000,1778513002138739205,1778513002133043427,FULL
1771,1771,1789,7301034820000,8889251189000,1778513002173723393,1778513002166248448,FULL
1772,1772,1790,7301068139000,8889284509000,1778513002206965599,1778513002199604801,FULL
1773,1773,1791,7301101458000,8889317827000,1778513002240882372,1778513002232750303,FULL
1774,1774,1792,7301134775000,8889351144000,1778513002273282013,1778513002266952518,FULL
1775,1775,1793,7301168094000,8889384464000,1778513002306116075,1778513002299570545,FULL
1776,1776,1794,7301201412000,8889417782000,1778513002338414921,1778513002332720547,FULL
1777,1777,1795,7301234732000,8889451100000,1778513002371736774,1778513002366156047,FULL
1778,1778,1796,7301268052000,8889484419000,1778513002405138331,1778513002399379809,FULL
1779,1779,1797,7301301369000,8889517737000,1778513002441698205,1778513002432663199,FULL
1780,1780,1798,7301334691000,8889551057000,1778513002474514379,1778513002465973311,FULL
1781,1781,1799,7301368020000,8889584374000,1778513002507181239,1778513002499477681,FULL
1782,1782,1800,7301401325000,8889617692000,1778513002539676990,1778513002549086705,FULL
1783,1783,1801,7301434643000,8889651010000,1778513002575147821,1778513002570474362,FULL
1784,1784,1802,7301467962000,8889684330000,1778513002607481018,1778513002594063386,FULL
1785,1785,1803,7301501281000,8889717648000,1778513002639578292,1778513002631650734,FULL
1786,1786,1805,7301534598000,8889750966000,1778513002673919838,1778513002690335278,FULL
1787,1787,1805,7301567917000,8889784285000,1778513002709360836,1778513002690335278,FULL
1788,1788,1806,7301601236000,8889817603000,1778513002747894968,1778513002732656504,FULL
1789,1789,1807,7301634562000,8889850922000,1778513002779239565,1778513002766286965,FULL
1790,1790,1808,7301667875000,8889884241000,1778513002806735535,1778513002793095105,FULL
1791,1791,1809,7301701193000,8889917558000,1778513002833844361,1778513002833512832,FULL
1792,1792,1810,7301734509000,8889950877000,1778513002855739742,1778513002866828537,FULL
1793,1793,1811,7301767826000,8889984195000,1778513002889359129,1778513002901765337,FULL
1794,1794,1812,7301801147000,8890017514000,1778513002923458789,1778513002932580974,FULL
1795,1795,1813,7301834465000,8890050832000,1778513002958781733,1778513002965784161,FULL
1796,1796,1814,7301867782000,8890084151000,1778513002989299356,1778513003002448907,FULL
1797,1797,1815,7301901103000,8890117470000,1778513003021661887,1778513003033642503,FULL
1798,1798,1816,7301934418000,8890150788000,1778513003055926563,1778513003066677340,FULL
1799,1799,1817,7301967738000,8890184106000,1778513003088945013,1778513003103286661,FULL
1800,1800,1818,7302001095000,8890217425000,1778513003127143741,1778513003132987050,FULL
1801,1801,1819,7302034374000,8890250744000,1778513003156661690,1778513003166028146,FULL
1802,1802,1820,7302067696000,8890284061000,1778513003188491540,1778513003199561664,FULL
1803,1803,1821,7302101010000,8890317383000,1778513003221393694,1778513003232688315,FULL
1804,1804,1822,7302134329000,8890350700000,1778513003254610512,1778513003265989261,FULL
1805,1805,1823,7302167649000,8890384018000,1778513003287890477,1778513003299467945,FULL
1806,1806,1824,7302200967000,8890417335000,1778513003321239330,1778513003332811817,FULL
1807,1807,1825,7302234287000,8890450654000,1778513003354944568,1778513003366040578,FULL
1808,1808,1826,7302267603000,8890483974000,1778513003389199097,1778513003398855621,FULL
1809,1809,1827,7302300921000,8890517292000,1778513003422529895,1778513003431101392,FULL
1810,1810,1828,7302334254000,8890550610000,1778513003455830045,1778513003464481170,FULL
1811,1811,1829,7302367562000,8890583929000,1778513003492146200,1778513003497583211,FULL
1812,1812,1830,7302400876000,8890617247000,1778513003521359634,1778513003531166450,FULL
1813,1813,1831,7302434195000,8890650565000,1778513003554973780,1778513003564413341,FULL
1814,1814,1832,7302467513000,8890683884000,1778513003588066655,1778513003603545395,FULL
1815,1815,1833,7302500833000,8890717203000,1778513003621906577,1778513003633046916,FULL
1816,1816,1834,7302534151000,8890750521000,1778513003655377058,1778513003665979495,FULL
1817,1817,1835,7302567469000,8890783840000,1778513003688474710,1778513003701518992,FULL
1818,1818,1836,7302600787000,8890817157000,1778513003721979951,1778513003731132067,FULL
1819,1819,1837,7302634106000,8890850475000,1778513003755304415,1778513003764270570,FULL
1820,1820,1838,7302667425000,8890883794000,1778513003788988968,1778513003797634812,FULL
1821,1821,1839,7302700743000,8890917112000,1778513003823622715,1778513003832759665,FULL
1822,1822,1840,7302734062000,8890950431000,1778513003855254124,1778513003865798187,FULL
1823,1823,1841,7302767380000,8890983750000,1778513003887959224,1778513003899222521,FULL
1824,1824,1842,7302800698000,8891017068000,1778513003922107421,1778513003935309698,FULL
1825,1825,1843,7302834021000,8891050386000,1778513003955381515,1778513003965971411,FULL
1826,1826,1844,7302867337000,8891083705000,1778513003989366917,1778513003999053766,FULL
1827,1827,1845,7302900654000,8891117023000,1778513004021753299,1778513004031029170,FULL
1828,1828,1846,7302933972000,8891150342000,1778513004055043986,1778513004064216524,FULL
1829,1829,1847,7302967291000,8891183660000,1778513004088377895,1778513004097603450,FULL
1830,1830,1848,7303000609000,8891216978000,1778513004121858451,1778513004132584324,FULL
1831,1831,1849,7303033928000,8891250297000,1778513004156750436,1778513004165815511,FULL
1832,1832,1850,7303067246000,8891283615000,1778513004187827794,1778513004199221196,FULL
1833,1833,1851,7303100563000,8891316934000,1778513004221564791,1778513004232445606,FULL
1834,1834,1852,7303133881000,8891350252000,1778513004254993570,1778513004265637738,FULL
1835,1835,1853,7303167201000,8891383571000,1778513004287638041,1778513004299006313,FULL
1836,1836,1854,7303200519000,8891416890000,1778513004321525185,1778513004333200879,FULL
1837,1837,1855,7303233839000,8891450208000,1778513004354994500,1778513004365802924,FULL
1838,1838,1856,7303267157000,8891483526000,1778513004388277650,1778513004398852002,FULL
1839,1839,1857,7303300474000,8891516845000,1778513004420932659,1778513004432268965,FULL
1840,1840,1858,7303333792000,8891550163000,1778513004455036226,1778513004465382561,FULL
1841,1841,1859,7303367114000,8891583482000,1778513004489003091,1778513004498633118,FULL
1842,1842,1859,7303400432000,8891616800000,1778513004521399825,1778513004498633118,FULL
1843,1843,1860,7303433749000,8891650118000,1778513004554921787,1778513004549146096,FULL
1844,1844,1862,7303467068000,8891683437000,1778513004588288362,1778513004600471288,FULL
1845,1845,1863,7303500388000,8891716756000,1778513004621367274,1778513004632469580,FULL
1846,1846,1864,7303533703000,8891750074000,1778513004654739090,1778513004657525627,FULL
1847,1847,1865,7303567024000,8891783393000,1778513004688049684,1778513004690652482,FULL
1848,1848,1866,7303600340000,8891816711000,1778513004720872857,1778513004733304538,FULL
1849,1849,1867,7303633661000,8891850029000,1778513004754821408,1778513004765265664,FULL
1850,1850,1868,7303666980000,8891883348000,1778513004788015707,1778513004798546313,FULL
1851,1851,1869,7303700296000,8891916667000,1778513004821347283,1778513004832001906,FULL
1852,1852,1870,7303733619000,8891949985000,1778513004854844616,1778513004865144427,FULL
1853,1853,1871,7303766934000,8891983303000,1778513004887299478,1778513004898513298,FULL
1854,1854,1872,7303800251000,8892016622000,1778513004921204437,1778513004931952502,FULL
1855,1855,1873,7303833571000,8892049940000,1778513004954877249,1778513004965194726,FULL
1856,1856,1874,7303866890000,8892083258000,1778513004993169143,1778513004998544893,FULL
1857,1857,1875,7303900207000,8892116578000,1778513005022152524,1778513005031900190,FULL
1858,1858,1876,7303933525000,8892149895000,1778513005054574498,1778513005065335153,FULL
1859,1859,1877,7303966846000,8892183214000,1778513005087775723,1778513005098438897,FULL
1860,1860,1878,7304000165000,8892216533000,1778513005126784312,1778513005131747676,FULL
1861,1861,1879,7304033482000,8892249851000,1778513005156229207,1778513005159672546,FULL
1862,1862,1880,7304066802000,8892283168000,1778513005187878707,1778513005198609584,FULL
1863,1863,1881,7304100118000,8892316488000,1778513005220302866,1778513005231793049,FULL
1864,1864,1882,7304133436000,8892349806000,1778513005253402444,1778513005264993774,FULL
1865,1865,1883,7304166757000,8892383125000,1778513005286787871,1778513005298410496,FULL
1866,1866,1884,7304200074000,8892416444000,1778513005322410867,1778513005331918773,FULL
1867,1867,1885,7304233395000,8892449762000,1778513005353424634,1778513005365210608,FULL
1868,1868,1886,7304266711000,8892483080000,1778513005387198205,1778513005398424277,FULL
1869,1869,1887,7304300030000,8892516399000,1778513005422947070,1778513005431742370,FULL
1870,1870,1888,7304333349000,8892549717000,1778513005453852522,1778513005464988243,FULL
1871,1871,1889,7304366667000,8892583036000,1778513005488335845,1778513005498368465,FULL
1872,1872,1890,7304399990000,8892616355000,1778513005521394720,1778513005531788428,FULL
1873,1873,1891,7304433305000,8892649673000,1778513005554033784,1778513005567114502,FULL
1874,1874,1892,7304466623000,8892682993000,1778513005587533802,1778513005598581559,FULL
1875,1875,1893,7304499940000,8892716311000,1778513005620950803,1778513005631839060,FULL
1876,1876,1894,7304533259000,8892749628000,1778513005654323989,1778513005666058423,FULL
1877,1877,1895,7304566579000,8892782947000,1778513005687550769,1778513005698427489,FULL
1878,1878,1896,7304599897000,8892816265000,1778513005720900308,1778513005731916822,FULL
1879,1879,1897,7304633214000,8892849583000,1778513005754572806,1778513005765068325,FULL
1880,1880,1903,7304666534000,8892882902000,1778513005949393350,1778513005966212115,FULL
1881,1881,1903,7304699852000,8892916220000,1778513005949845234,1778513005966212115,FULL
1882,1882,1903,7304733170000,8892949538000,1778513005950203749,1778513005966212115,FULL
1883,1883,1903,7304766489000,8892982857000,1778513005950470098,1778513005966212115,FULL
1884,1884,1903,7304799806000,8893016176000,1778513005950722281,1778513005966212115,FULL
1885,1885,1903,7304833127000,8893049494000,1778513005954456167,1778513005966212115,FULL
1886,1886,1904,7304866444000,8893082812000,1778513005987473950,1778513005998266185,FULL
1887,1887,1905,7304899762000,8893116131000,1778513006020705452,1778513006031566408,FULL
1888,1888,1906,7304933080000,8893149450000,1778513006054098472,1778513006064902242,FULL
1889,1889,1907,7304966400000,8893182768000,1778513006087267623,1778513006098311317,FULL
1890,1890,1908,7304999717000,8893216087000,1778513006120902936,1778513006131581504,FULL
1891,1891,1909,7305033036000,8893249406000,1778513006154145439,1778513006164900727,FULL
1892,1892,1910,7305066355000,8893282723000,1778513006187600346,1778513006198293468,FULL
1893,1893,1911,7305099674000,8893316043000,1778513006219820563,1778513006231529063,FULL
1894,1894,1912,7305132992000,8893349360000,1778513006254067407,1778513006264787120,FULL
1895,1895,1913,7305166310000,8893382679000,1778513006287299335,1778513006298241509,FULL
1896,1896,1914,7305199628000,8893415997000,1778513006320611855,1778513006331436066,FULL
1897,1897,1915,7305232948000,8893449316000,1778513006353980042,1778513006364884159,FULL
1898,1898,1916,7305266265000,8893482635000,1778513006387291654,1778513006400646895,FULL
1899,1899,1917,7305299584000,8893515953000,1778513006420622674,1778513006431634475,FULL
1900,1900,1918,7305332901000,8893549271000,1778513006454275987,1778513006464715182,FULL
1901,1901,1919,7305366226000,8893582590000,1778513006487219641,1778513006497967073,FULL
1902,1902,1919,7305399538000,8893615909000,1778513006520475921,1778513006497967073,FULL
1903,1903,1920,7305432858000,8893649227000,1778513006555012280,1778513006548905250,FULL
1904,1904,1922,7305466176000,8893682544000,1778513006587210497,1778513006598665013,FULL
1905,1905,1923,7305499494000,8893715863000,1778513006620483147,1778513006631208744,FULL
1906,1906,1924,7305532812000,8893749182000,1778513006655818554,1778513006656267346,FULL
1907,1907,1925,7305566131000,8893782500000,1778513006687112984,1778513006700737514,FULL
1908,1908,1926,7305599449000,8893815819000,1778513006720546707,1778513006731201043,FULL
1909,1909,1927,7305632769000,8893849137000,1778513006754008559,1778513006764995429,FULL
1910,1910,1928,7305666088000,8893882456000,1778513006787281450,1778513006791302833,FULL
1911,1911,1929,7305699405000,8893915775000,1778513006820481841,1778513006831372304,FULL
1912,1912,1930,7305732724000,8893949092000,1778513006854206116,1778513006864451548,FULL
1913,1913,1931,7305766042000,8893982411000,1778513006886136040,1778513006898885594,FULL
1914,1914,1932,7305799360000,8894015730000,1778513006920436902,1778513006931247049,FULL
1915,1915,1933,7305832679000,8894049048000,1778513006955369497,1778513006964440348,FULL
1916,1916,1934,7305866001000,8894082367000,1778513006987127589,1778513006997860514,FULL
1917,1917,1935,7305899316000,8894115686000,1778513007020465091,1778513007031226385,FULL
1918,1918,1936,7305932634000,8894149004000,1778513007053311783,1778513007064425128,FULL
1919,1919,1937,7305965953000,8894182323000,1778513007086793097,1778513007097838610,FULL
1920,1920,1938,7305999273000,8894215640000,1778513007126109740,1778513007131076742,FULL
1921,1921,1939,7306032590000,8894248960000,1778513007155625485,1778513007164375058,FULL
1922,1922,1940,7306065909000,8894282277000,1778513007187182635,1778513007198981435,FULL
1923,1923,1941,7306099226000,8894315607000,1778513007219546517,1778513007231092152,FULL
1924,1924,1942,7306132546000,8894348914000,1778513007252861907,1778513007264409894,FULL
1925,1925,1943,7306165865000,8894382234000,1778513007285647322,1778513007297763209,FULL
1926,1926,1944,7306199182000,8894415552000,1778513007319290561,1778513007331112173,FULL
1927,1927,1945,7306232500000,8894448869000,1778513007352663154,1778513007364301453,FULL
1928,1928,1946,7306265819000,8894482188000,1778513007385837343,1778513007397696028,FULL
1929,1929,1947,7306299138000,8894515507000,1778513007419818485,1778513007430985307,FULL
1930,1930,1948,7306332456000,8894548825000,1778513007453414799,1778513007464272086,FULL
1931,1931,1949,7306365774000,8894582144000,1778513007487431701,1778513007497597754,FULL
1932,1932,1950,7306399098000,8894615462000,1778513007519601677,1778513007531114142,FULL
1933,1933,1951,7306432412000,8894648780000,1778513007553742411,1778513007564333292,FULL
1934,1934,1952,7306465730000,8894682099000,1778513007586188366,1778513007597606164,FULL
1935,1935,1953,7306499048000,8894715418000,1778513007619584885,1778513007633456381,FULL
1936,1936,1954,7306532367000,8894748737000,1778513007654229632,1778513007664312943,FULL
1937,1937,1955,7306565687000,8894782055000,1778513007686709587,1778513007697576130,FULL
1938,1938,1956,7306599003000,8894815374000,1778513007720278494,1778513007730935298,FULL
1939,1939,1957,7306632323000,8894848692000,1778513007753560958,1778513007764063782,FULL
1940,1940,1958,7306665642000,8894882011000,1778513007786015636,1778513007797579892,FULL
1941,1941,1959,7306698960000,8894915330000,1778513007836023499,1778513007830832542,FULL
1942,1942,1960,7306732279000,8894948648000,1778513007873388680,1778513007864182117,FULL
1943,1943,1961,7306765598000,8894981966000,1778513007906637701,1778513007897741838,FULL
1944,1944,1962,7306798918000,8895015283000,1778513007938222925,1778513007930974599,FULL
1945,1945,1963,7306832236000,8895048602000,1778513007971212522,1778513007964115491,FULL
1946,1946,1964,7306865554000,8895081920000,1778513008004569783,1778513007997572195,FULL
1947,1947,1965,7306898873000,8895115240000,1778513008038008783,1778513008032390588,FULL
1948,1948,1966,7306932191000,8895148557000,1778513008071461950,1778513008064125679,FULL
1949,1949,1967,7306965510000,8895181876000,1778513008104518565,1778513008097410329,FULL
1950,1950,1968,7306998828000,8895215195000,1778513008137701309,1778513008131497045,FULL
1951,1951,1969,7307032146000,8895248513000,1778513008170847905,1778513008164069294,FULL
1952,1952,1970,7307065465000,8895281832000,1778513008207102802,1778513008197352166,FULL
1953,1953,1971,7307098783000,8895315150000,1778513008241823659,1778513008230587371,FULL
1954,1954,1972,7307132108000,8895348469000,1778513008272737816,1778513008264139629,FULL
1955,1955,1973,7307165420000,8895381787000,1778513008306735292,1778513008297413335,FULL
1956,1956,1974,7307198739000,8895415106000,1778513008340844674,1778513008330604707,FULL
1957,1957,1975,7307232056000,8895448424000,1778513008374053417,1778513008363945894,FULL
1958,1958,1976,7307265375000,8895481742000,1778513008403755494,1778513008397408430,FULL
1959,1959,1977,7307298694000,8895515061000,1778513008440745179,1778513008431665700,FULL
1960,1960,1978,7307332012000,8895548379000,1778513008474467676,1778513008463995470,FULL
1961,1961,1979,7307365334000,8895581699000,1778513008509853545,1778513008497382045,FULL
1962,1962,1980,7307398654000,8895615016000,1778513008528078835,1778513008547320954,FULL
1963,1963,1980,7307431965000,8895648334000,1778513008556020782,1778513008547320954,FULL
1964,1964,1982,7307465290000,8895681653000,1778513008586720015,1778513008592535614,FULL
1965,1965,1983,7307498611000,8895714972000,1778513008620590400,1778513008630609679,FULL
1966,1966,1984,7307531930000,8895748290000,1778513008654027789,1778513008654745161,FULL
1967,1967,1985,7307565253000,8895781609000,1778513008688144634,1778513008695858473,FULL
1968,1968,1986,7307598567000,8895814928000,1778513008721600097,1778513008720178138,FULL
1969,1969,1987,7307631882000,8895848245000,1778513008757138946,1778513008754880755,FULL
1970,1970,1988,7307665197000,8895881564000,1778513008789976989,1778513008797066945,FULL
1971,1971,1989,7307698522000,8895914883000,1778513008821463325,1778513008830520538,FULL
1972,1972,1990,7307731840000,8895948200000,1778513008853894299,1778513008858424982,FULL
1973,1973,1991,7307765157000,8895981520000,1778513008888595990,1778513008897428593,FULL
1974,1974,1992,7307798476000,8896014838000,1778513008920643486,1778513008931613530,FULL
1975,1975,1993,7307831795000,8896048157000,1778513008953645954,1778513008964041095,FULL
1976,1976,1994,7307865111000,8896081476000,1778513008986943622,1778513008997304208,FULL
1977,1977,1995,7307898433000,8896114793000,1778513009020604917,1778513009030503970,FULL
1978,1978,1996,7307931752000,8896148112000,1778513009059278473,1778513009063841693,FULL
1979,1979,1997,7307965070000,8896181430000,1778513009088532962,1778513009097293600,FULL
1980,1980,1998,7307998389000,8896214749000,1778513009126481433,1778513009130330511,FULL
1981,1981,1999,7308031708000,8896248067000,1778513009157483700,1778513009164366302,FULL
1982,1982,2000,7308065024000,8896281384000,1778513009187627513,1778513009197260548,FULL
1983,1983,2001,7308098344000,8896314705000,1778513009219611288,1778513009230497013,FULL
1984,1984,2002,7308131662000,8896348022000,1778513009252685014,1778513009265254796,FULL
1985,1985,2003,7308164977000,8896381341000,1778513009286201958,1778513009297211829,FULL
1986,1986,2004,7308198300000,8896414660000,1778513009319764235,1778513009330541682,FULL
1987,1987,2005,7308231625000,8896447978000,1778513009357120490,1778513009364244031,FULL
1988,1988,2006,7308264931000,8896481296000,1778513009386875455,1778513009397078407,FULL
1989,1989,2007,7308298264000,8896514614000,1778513009420140383,1778513009430297558,FULL
1990,1990,2008,7308331567000,8896547934000,1778513009452890891,1778513009463673558,FULL
1991,1991,2009,7308364888000,8896581252000,1778513009487294566,1778513009497013152,FULL
1992,1992,2010,7308398208000,8896614570000,1778513009523219818,1778513009530406467,FULL
1993,1993,2011,7308431529000,8896647889000,1778513009567687795,1778513009563676728,FULL
1994,1994,2012,7308464846000,8896681208000,1778513009595694631,1778513009597023173,FULL
1995,1995,2013,7308498157000,8896714526000,1778513009622494145,1778513009630416488,FULL
1996,1996,2014,7308531483000,8896747845000,1778513009653518671,1778513009664778664,FULL
1997,1997,2015,7308564798000,8896781163000,1778513009686658582,1778513009697036546,FULL
1998,1998,2016,7308598121000,8896814482000,1778513009723837969,1778513009730391177,FULL
1999,1999,2017,7308631437000,8896847800000,1778513009753329307,1778513009763634104,FULL
2000,2000,2018,7308664754000,8896881118000,1778513009786625105,1778513009796831829,FULL
2001,2001,2019,7308698077000,8896914436000,1778513009821589182,1778513009830179034,FULL
2002,2002,2020,7308731394000,8896947756000,1778513009853183609,1778513009864867984,FULL
2003,2003,2021,7308764713000,8896981073000,1778513009893449186,1778513009895443383,FULL
2004,2004,2022,7308798025000,8897014392000,1778513009920560141,1778513009928526460,FULL
2005,2005,2023,7308831353000,8897047710000,1778513009953351704,1778513009955610820,FULL
2006,2006,2024,7308864666000,8897081028000,1778513009986856537,1778513009997498754,FULL
2007,2007,2025,7308897991000,8897114355000,1778513010019776358,1778513010030100096,FULL
2008,2008,2026,7308931309000,8897147665000,1778513010058465173,1778513010063331727,FULL
2009,2009,2027,7308964619000,8897180984000,1778513010086966151,1778513010099282999,FULL
2010,2010,2028,7308997942000,8897214304000,1778513010121123477,1778513010130175450,FULL
2011,2011,2029,7309031255000,8897247622000,1778513010157925387,1778513010163282064,FULL
2012,2012,2030,7309064575000,8897280940000,1778513010187538872,1778513010196608158,FULL
2013,2013,2031,7309097898000,8897314258000,1778513010219768589,1778513010229948048,FULL
2014,2014,2032,7309131215000,8897347577000,1778513010253905433,1778513010263260697,FULL
2015,2015,2033,7309164534000,8897380895000,1778513010286114743,1778513010296545902,FULL
2016,2016,2034,7309197852000,8897414214000,1778513010320016239,1778513010329980809,FULL
2017,2017,2035,7309231177000,8897447537000,1778513010353857679,1778513010363307125,FULL
2018,2018,2036,7309264485000,8897480851000,1778513010386246394,1778513010396472887,FULL
2019,2019,2037,7309297811000,8897514168000,1778513010419824226,1778513010429917869,FULL
2020,2020,2038,7309331130000,8897547488000,1778513010454457899,1778513010463152445,FULL
2021,2021,2039,7309364441000,8897580806000,1778513010498286402,1778513010498092948,FULL
2022,2022,2039,7309397763000,8897614124000,1778513010520382854,1778513010498092948,FULL
2023,2023,2041,7309431081000,8897647442000,1778513010568479756,1778513010569619865,FULL
2024,2024,2042,7309464401000,8897680761000,1778513010597158492,1778513010597648696,FULL
2025,2025,2043,7309497721000,8897714080000,1778513010631792665,1778513010629973337,FULL
2026,2026,2044,7309531049000,8897747399000,1778513010666113971,1778513010655246603,FULL
2027,2027,2045,7309564353000,8897780717000,1778513010690575380,1778513010686966417,FULL
2028,2028,2046,7309597714000,8897814035000,1778513010734402790,1778513010720556860,FULL
2029,2029,2047,7309631002000,8897847353000,1778513010754836186,1778513010765267617,FULL
2030,2030,2048,7309664307000,8897880672000,1778513010804433405,1778513010796614879,FULL
2031,2031,2049,7309697626000,8897913991000,1778513010831836432,1778513010829757363,FULL
2032,2032,2050,7309730955000,8897947309000,1778513010871023354,1778513010863353436,FULL
2033,2033,2051,7309764262000,8897980626000,1778513010896391605,1778513010898239921,FULL
2034,2034,2052,7309797590000,8898013946000,1778513010926660509,1778513010930126733,FULL
2035,2035,2053,7309830909000,8898047264000,1778513010955088081,1778513010963267643,FULL
2036,2036,2054,7309864230000,8898080583000,1778513010986606527,1778513010996555200,FULL
2037,2037,2055,7309897543000,8898113901000,1778513011019817512,1778513011029843054,FULL
2038,2038,2056,7309930869000,8898147219000,1778513011052883516,1778513011063075593,FULL
2039,2039,2057,7309964174000,8898180538000,1778513011088306940,1778513011096539018,FULL
2040,2040,2058,7309997510000,8898213856000,1778513011126616537,1778513011129804853,FULL
2041,2041,2059,7310030815000,8898247175000,1778513011158486424,1778513011163146836,FULL
2042,2042,2060,7310064126000,8898280491000,1778513011187125827,1778513011196475411,FULL
2043,2043,2061,7310097451000,8898313812000,1778513011221358523,1778513011230305684,FULL
2044,2044,2062,7310130767000,8898347131000,1778513011260166467,1778513011263306022,FULL
2045,2045,2063,7310164080000,8898380449000,1778513011294325330,1778513011296481006,FULL
2046,2046,2064,7310197401000,8898413768000,1778513011331841195,1778513011332320352,FULL
2047,2047,2065,7310230725000,8898447086000,1778513011353844241,1778513011363347710,FULL
2048,2048,2066,7310264036000,8898480404000,1778513011385018802,1778513011396382640,FULL
2049,2049,2067,7310297355000,8898513723000,1778513011420693131,1778513011429810769,FULL
2050,2050,2068,7310330673000,8898547042000,1778513011452512519,1778513011463017531,FULL
2051,2051,2069,7310363991000,8898580360000,1778513011484930937,1778513011496332273,FULL
2052,2052,2070,7310397308000,8898613679000,1778513011518067070,1778513011529826402,FULL
2053,2053,2071,7310430626000,8898646997000,1778513011551379646,1778513011563028737,FULL
2054,2054,2072,7310463944000,8898680315000,1778513011584821850,1778513011596213814,FULL
2055,2055,2073,7310497262000,8898713633000,1778513011617987372,1778513011629649147,FULL
2056,2056,2074,7310530581000,8898746953000,1778513011652815876,1778513011662895964,FULL
2057,2057,2075,7310563899000,8898780271000,1778513011685022834,1778513011696345612,FULL
2058,2058,2076,7310597219000,8898813589000,1778513011718545278,1778513011731765240,FULL
2059,2059,2077,7310630537000,8898846908000,1778513011751906168,1778513011762744209,FULL
2060,2060,2078,7310663855000,8898880225000,1778513011784716508,1778513011796026303,FULL
2061,2061,2079,7310697174000,8898913544000,1778513011818819983,1778513011830790901,FULL
2062,2062,2080,7310730492000,8898946863000,1778513011851156180,1778513011862910173,FULL
2063,2063,2081,7310763810000,8898980181000,1778513011885171785,1778513011896168601,FULL
2064,2064,2082,7310797129000,8899013499000,1778513011918340992,1778513011929705581,FULL
2065,2065,2083,7310830447000,8899046817000,1778513011952189877,1778513011963230247,FULL
2066,2066,2084,7310863771000,8899080136000,1778513011985277455,1778513011996162308,FULL
2067,2067,2085,7310897086000,8899113455000,1778513012018423773,1778513012029627085,FULL
2068,2068,2086,7310930405000,8899146773000,1778513012051588165,1778513012062891161,FULL
2069,2069,2087,7310963722000,8899180091000,1778513012084983518,1778513012096225514,FULL
2070,2070,2088,7310997041000,8899213410000,1778513012117866376,1778513012131066500,FULL
2071,2071,2089,7311030360000,8899246729000,1778513012151567522,1778513012162606741,FULL
2072,2072,2090,7311063678000,8899280047000,1778513012184984504,1778513012196074759,FULL
2073,2073,2091,7311096997000,8899313365000,1778513012217845751,1778513012229355649,FULL
2074,2074,2092,7311130316000,8899346685000,1778513012251479768,1778513012262641651,FULL
2075,2075,2093,7311163633000,8899380003000,1778513012284837695,1778513012295978578,FULL
2076,2076,2094,7311196953000,8899413321000,1778513012318052716,1778513012329272060,FULL
2077,2077,2095,7311230270000,8899446640000,1778513012351340237,1778513012362601635,FULL
2078,2078,2096,7311263589000,8899479958000,1778513012384881440,1778513012396091190,FULL
2079,2079,2097,7311296908000,8899513277000,1778513012417550355,1778513012429258063,FULL
2080,2080,2098,7311330226000,8899546595000,1778513012451669663,1778513012462953005,FULL
2081,2081,2099,7311363546000,8899579914000,1778513012484897036,1778513012496168507,FULL
2082,2082,2099,7311396863000,8899613232000,1778513012517892004,1778513012496168507,FULL
2083,2083,2100,7311430181000,8899646551000,1778513012551186525,1778513012546499209,FULL
2084,2084,2102,7311463499000,8899679869000,1778513012584859985,1778513012596444804,FULL
2085,2085,2103,7311496818000,8899713188000,1778513012617819676,1778513012629101645,FULL
2086,2086,2104,7311530136000,8899746506000,1778513012650491221,1778513012654337190,FULL
2087,2087,2105,7311563454000,8899779825000,1778513012686165865,1778513012695939719,FULL
2088,2088,2106,7311596774000,8899813144000,1778513012718412304,1778513012721259189,FULL
2089,2089,2107,7311630093000,8899846461000,1778513012751144311,1778513012762684220,FULL
2090,2090,2108,7311663410000,8899879780000,1778513012786591772,1778513012795923593,FULL
2091,2091,2109,7311696729000,8899913099000,1778513012817731186,1778513012829256186,FULL
2092,2092,2110,7311730047000,8899946417000,1778513012851005780,1778513012862533243,FULL
2093,2093,2111,7311763367000,8899979735000,1778513012884439558,1778513012895839319,FULL
2094,2094,2112,7311796685000,8900013053000,1778513012917152233,1778513012929525187,FULL
2095,2095,2113,7311830002000,8900046373000,1778513012951019599,1778513012964674595,FULL
2096,2096,2114,7311863321000,8900079691000,1778513012985468274,1778513012996089504,FULL
2097,2097,2115,7311896642000,8900113010000,1778513013017607955,1778513013029271896,FULL
2098,2098,2116,7311929958000,8900146327000,1778513013050280278,1778513013063488184,FULL
2099,2099,2117,7311963276000,8900179647000,1778513013085837571,1778513013094539764,FULL
2100,2100,2118,7311996598000,8900212964000,1778513013122046931,1778513013127628860,FULL
2101,2101,2119,7312029915000,8900246284000,1778513013151808692,1778513013161152914,FULL
2102,2102,2120,7312063234000,8900279599000,1778513013183889799,1778513013188456716,FULL
2103,2103,2121,7312096551000,8900312922000,1778513013216528179,1778513013229130959,FULL
2104,2104,2122,7312129870000,8900346238000,1778513013249805532,1778513013262329554,FULL
2105,2105,2123,7312163187000,8900379556000,1778513013283781934,1778513013295818905,FULL
2106,2106,2124,7312196508000,8900412875000,1778513013316993363,1778513013329227609,FULL
2107,2107,2125,7312229823000,8900446193000,1778513013350198218,1778513013363601322,FULL
2108,2108,2126,7312263143000,8900479513000,1778513013383680403,1778513013395739575,FULL
2109,2109,2127,7312296462000,8900512830000,1778513013416809055,1778513013429062224,FULL
2110,2110,2128,7312329780000,8900546149000,1778513013450283055,1778513013462232875,FULL
2111,2111,2129,7312363098000,8900579467000,1778513013484293604,1778513013495619987,FULL
2112,2112,2130,7312396417000,8900612785000,1778513013517668105,1778513013529022098,FULL
2113,2113,2131,7312429736000,8900646104000,1778513013550837164,1778513013562223934,FULL
2114,2114,2132,7312463054000,8900679422000,1778513013584756493,1778513013595666119,FULL
2115,2115,2133,7312496377000,8900712741000,1778513013617572648,1778513013629051341,FULL
2116,2116,2134,7312529693000,8900746060000,1778513013650696911,1778513013662305306,FULL
2117,2117,2135,7312563010000,8900779379000,1778513013684135578,1778513013695795954,FULL
2118,2118,2136,7312596329000,8900812697000,1778513013717943852,1778513013729036863,FULL
2119,2119,2137,7312629647000,8900846016000,1778513013750654378,1778513013762370771,FULL
2120,2120,2138,7312662964000,8900879334000,1778513013783345294,1778513013798214247,FULL
2121,2121,2139,7312696283000,8900912652000,1778513013817243290,1778513013828853738,FULL
2122,2122,2140,7312729602000,8900945970000,1778513013850564458,1778513013862124906,FULL
2123,2123,2141,7312762920000,8900979288000,1778513013883850626,1778513013895543684,FULL
2124,2124,2142,7312796239000,8901012607000,1778513013917107943,1778513013928854741,FULL
2125,2125,2143,7312829556000,8901045926000,1778513013950586999,1778513013962250204,FULL
2126,2126,2144,7312862875000,8901079244000,1778513013983941204,1778513013995771907,FULL
2127,2127,2145,7312896195000,8901112563000,1778513014017337242,1778513014028735468,FULL
2128,2128,2146,7312929513000,8901145881000,1778513014050378154,1778513014062207541,FULL
2129,2129,2147,7312962831000,8901179200000,1778513014083766210,1778513014095388303,FULL
2130,2130,2148,7312996151000,8901212518000,1778513014117639021,1778513014128909006,FULL
2131,2131,2149,7313029468000,8901245837000,1778513014150507860,1778513014162061323,FULL
2132,2132,2150,7313062786000,8901279155000,1778513014183776751,1778513014197219473,FULL
2133,2133,2151,7313096106000,8901312473000,1778513014217131234,1778513014228892564,FULL
2134,2134,2152,7313129422000,8901345792000,1778513014250360051,1778513014261867421,FULL
2135,2135,2153,7313162741000,8901379110000,1778513014283606720,1778513014296221652,FULL
2136,2136,2154,7313196063000,8901412429000,1778513014319089570,1778513014328651829,FULL
2137,2137,2155,7313229378000,8901445747000,1778513014350574720,1778513014362010441,FULL
2138,2138,2156,7313262699000,8901479066000,1778513014383744131,1778513014395373479,FULL
2139,2139,2157,7313296018000,8901512385000,1778513014416939430,1778513014428519018,FULL
2140,2140,2158,7313329334000,8901545702000,1778513014449345460,1778513014461729817,FULL
2141,2141,2159,7313362652000,8901579021000,1778513014483699265,1778513014495109373,FULL
2142,2142,2159,7313395971000,8901612340000,1778513014517626149,1778513014495109373,FULL
2143,2143,2160,7313429290000,8901645658000,1778513014550397694,1778513014543211893,FULL
2144,2144,2162,7313462607000,8901678976000,1778513014583734010,1778513014596349475,FULL
2145,2145,2163,7313495926000,8901712295000,1778513014617973798,1778513014628350100,FULL
2146,2146,2164,7313529245000,8901745613000,1778513014650712676,1778513014661711841,FULL
2147,2147,2165,7313562564000,8901778935000,1778513014683604423,1778513014688007820,FULL
2148,2148,2166,7313595883000,8901812251000,1778513014717541362,1778513014729256075,FULL
2149,2149,2167,7313629201000,8901845569000,1778513014750240648,1778513014762604224,FULL
2150,2150,2168,7313662519000,8901878888000,1778513014783464651,1778513014797739856,FULL
2151,2151,2169,7313695837000,8901912206000,1778513014818334562,1778513014828314680,FULL
2152,2152,2170,7313729155000,8901945525000,1778513014849990322,1778513014861617737,FULL
2153,2153,2171,7313762473000,8901978843000,1778513014883408360,1778513014895131847,FULL
2154,2154,2172,7313795793000,8902012161000,1778513014916674399,1778513014929325988,FULL
2155,2155,2173,7313829110000,8902045481000,1778513014950064640,1778513014961577741,FULL
2156,2156,2174,7313862428000,8902078798000,1778513014983494548,1778513014994824224,FULL
2157,2157,2175,7313895748000,8902112117000,1778513015016714310,1778513015022533503,FULL
2158,2158,2176,7313929068000,8902145436000,1778513015050182125,1778513015061614799,FULL
2159,2159,2177,7313962386000,8902178754000,1778513015083287036,1778513015094947392,FULL
2160,2160,2178,7313995706000,8902212072000,1778513015122166276,1778513015128148950,FULL
2161,2161,2179,7314029024000,8902245390000,1778513015152088535,1778513015161483451,FULL
2162,2162,2180,7314062342000,8902278706000,1778513015183539279,1778513015194979654,FULL
2163,2163,2181,7314095659000,8902312028000,1778513015215749125,1778513015228165564,FULL
2164,2164,2182,7314128977000,8902345346000,1778513015248720593,1778513015261448528,FULL
2165,2165,2183,7314162296000,8902378665000,1778513015282267574,1778513015294785696,FULL
2166,2166,2184,7314195617000,8902411983000,1778513015317535703,1778513015328260122,FULL
2167,2167,2185,7314228933000,8902445301000,1778513015348914855,1778513015361513827,FULL
2168,2168,2186,7314262251000,8902478620000,1778513015382832813,1778513015394743996,FULL
2169,2169,2187,7314295570000,8902511938000,1778513015416020872,1778513015429741943,FULL
2170,2170,2188,7314328888000,8902545256000,1778513015449220004,1778513015461354850,FULL
2171,2171,2189,7314362206000,8902578577000,1778513015482590283,1778513015494805072,FULL
2172,2172,2190,7314395526000,8902611893000,1778513015515980599,1778513015528934547,FULL
2173,2173,2191,7314428844000,8902645213000,1778513015549381914,1778513015561410297,FULL
2174,2174,2192,7314462162000,8902678530000,1778513015583504407,1778513015594730279,FULL
2175,2175,2193,7314495482000,8902711849000,1778513015616443172,1778513015628010059,FULL
2176,2176,2194,7314528799000,8902745168000,1778513015650156022,1778513015661441170,FULL
2177,2177,2195,7314562124000,8902778486000,1778513015683367043,1778513015694800078,FULL
2178,2178,2196,7314595437000,8902811805000,1778513015716827432,1778513015728421484,FULL
2179,2179,2197,7314628755000,8902845124000,1778513015749633772,1778513015761646374,FULL
2180,2180,2198,7314662073000,8902878441000,1778513015782883404,1778513015794870562,FULL
2181,2181,2199,7314695390000,8902911759000,1778513015816480995,1778513015830335819,FULL
2182,2182,2200,7314728710000,8902945078000,1778513015851195834,1778513015861484490,FULL
2183,2183,2201,7314762029000,8902978396000,1778513015883057351,1778513015894747862,FULL
2184,2184,2202,7314795346000,8903011715000,1778513015916429815,1778513015928195751,FULL
2185,2185,2203,7314828665000,8903045034000,1778513015949765168,1778513015961373772,FULL
2186,2186,2204,7314861985000,8903078352000,1778513015983125651,1778513015994531793,FULL
2187,2187,2205,7314895303000,8903111671000,1778513016016307617,1778513016028754304,FULL
2188,2188,2206,7314928620000,8903144989000,1778513016049516286,1778513016062128841,FULL
2189,2189,2207,7314961938000,8903178308000,1778513016083097767,1778513016095409880,FULL
2190,2190,2208,7314995272000,8903211626000,1778513016116505730,1778513016128744659,FULL
2191,2191,2209,7315028577000,8903244945000,1778513016150614242,1778513016162709913,FULL
2192,2192,2210,7315061894000,8903278261000,1778513016182720423,1778513016195370402,FULL
2193,2193,2211,7315095213000,8903311579000,1778513016216124905,1778513016227853337,FULL
2194,2194,2212,7315128531000,8903344898000,1778513016250572802,1778513016263784109,FULL
2195,2195,2213,7315161850000,8903378215000,1778513016282957406,1778513016294399563,FULL
2196,2196,2214,7315195179000,8903411534000,1778513016316465887,1778513016327678657,FULL
2197,2197,2215,7315228490000,8903444853000,1778513016350424790,1778513016361327858,FULL
2198,2198,2216,7315261807000,8903478182000,1778513016382818005,1778513016394435713,FULL
2199,2199,2217,7315295124000,8903511492000,1778513016416094359,1778513016428082341,FULL
2200,2200,2218,7315328444000,8903544811000,1778513016449463934,1778513016461268917,FULL
2201,2201,2219,7315361760000,8903578131000,1778513016482734177,1778513016494671158,FULL
2202,2202,2219,7315395079000,8903611448000,1778513016516106937,1778513016494671158,FULL
2203,2203,2220,7315428397000,8903644765000,1778513016549358087,1778513016544537624,FULL
2204,2204,2222,7315461715000,8903678085000,1778513016582798995,1778513016596313700,FULL
2205,2205,2223,7315495034000,8903711403000,1778513016616238588,1778513016627924348,FULL
2206,2206,2224,7315528355000,8903744721000,1778513016649682885,1778513016653085171,FULL
2207,2207,2225,7315561671000,8903778040000,1778513016683070997,1778513016694436926,FULL
2208,2208,2226,7315594991000,8903811357000,1778513016716237000,1778513016727785501,FULL
2209,2209,2227,7315628310000,8903844677000,1778513016749353763,1778513016754427513,FULL
2210,2210,2228,7315661626000,8903877995000,1778513016782661524,1778513016794277838,FULL
2211,2211,2229,7315694945000,8903911314000,1778513016815190534,1778513016822265892,FULL
2212,2212,2230,7315728264000,8903944632000,1778513016849195954,1778513016862711341,FULL
2213,2213,2231,7315761582000,8903977951000,1778513016882564918,1778513016895151832,FULL
2214,2214,2232,7315794901000,8904011272000,1778513016916153861,1778513016929335084,FULL
2215,2215,2233,7315828221000,8904044587000,1778513016950622758,1778513016961868315,FULL
2216,2216,2234,7315861538000,8904077905000,1778513016982173593,1778513016995133224,FULL
2217,2217,2235,7315894856000,8904111223000,1778513017015705055,1778513017030537223,FULL
2218,2218,2236,7315928175000,8904144543000,1778513017049129204,1778513017062860789,FULL
2219,2219,2237,7315961493000,8904177862000,1778513017081927433,1778513017094202107,FULL
2220,2220,2238,7315994811000,8904211179000,1778513017121145873,1778513017127551681,FULL
2221,2221,2239,7316028131000,8904244499000,1778513017151026837,1778513017161002848,FULL
2222,2222,2240,7316061449000,8904277815000,1778513017182635912,1778513017194266738,FULL
2223,2223,2241,7316094767000,8904311133000,1778513017214775278,1778513017231040705,FULL
2224,2224,2242,7316128086000,8904344452000,1778513017247894615,1778513017261617808,FULL
2225,2225,2243,7316161403000,8904377769000,1778513017281945923,1778513017300088739,FULL
2226,2226,2243,7316194724000,8904411089000,1778513017314698042,1778513017300088739,FULL
2227,2227,2245,7316228040000,8904444408000,1778513017348050099,1778513017361400683,FULL
2228,2228,2246,7316261360000,8904477727000,1778513017382775049,1778513017394893034,FULL
2229,2229,2247,7316294676000,8904511046000,1778513017414961469,1778513017429113952,FULL
2230,2230,2248,7316327996000,8904544364000,1778513017448297712,1778513017459331910,FULL
2231,2231,2249,7316361314000,8904577682000,1778513017483823838,1778513017486019848,FULL
2232,2232,2250,7316394633000,8904611000000,1778513017514990844,1778513017530667421,FULL
2233,2233,2251,7316427951000,8904644319000,1778513017548483807,1778513017561179858,FULL
2234,2234,2252,7316461270000,8904677636000,1778513017582143971,1778513017594425619,FULL
2235,2235,2253,7316494588000,8904710954000,1778513017615557268,1778513017627731139,FULL
2236,2236,2254,7316527907000,8904744273000,1778513017648894714,1778513017661149269,FULL
2237,2237,2255,7316561225000,8904777592000,1778513017682834302,1778513017694478918,FULL
2238,2238,2256,7316594545000,8904810910000,1778513017715711289,1778513017727685920,FULL
2239,2239,2257,7316627864000,8904844228000,1778513017748939051,1778513017760948496,FULL
2240,2240,2258,7316661181000,8904877547000,1778513017782736103,1778513017794119813,FULL
2241,2241,2259,7316694503000,8904910867000,1778513017815539370,1778513017827495851,FULL
2242,2242,2260,7316727816000,8904944183000,1778513017848900056,1778513017860868536,FULL
2243,2243,2261,7316761135000,8904977502000,1778513017882225224,1778513017896432460,FULL
2244,2244,2262,7316794454000,8905010820000,1778513017915518874,1778513017927673833,FULL
2245,2245,2263,7316827772000,8905044139000,1778513017949086373,1778513017960741781,FULL
2246,2246,2264,7316861090000,8905077457000,1778513017983644176,1778513017995496157,FULL
2247,2247,2265,7316894409000,8905110776000,1778513018014965366,1778513018027346691,FULL
2248,2248,2266,7316927727000,8905144095000,1778513018048843399,1778513018060512101,FULL
2249,2249,2267,7316961046000,8905177412000,1778513018082139086,1778513018093915324,FULL
2250,2250,2268,7316994364000,8905210732000,1778513018115519309,1778513018127317732,FULL
2251,2251,2269,7317027687000,8905244052000,1778513018148202595,1778513018160571567,FULL
2252,2252,2270,7317061002000,8905277369000,1778513018182319144,1778513018193954401,FULL
2253,2253,2271,7317094320000,8905310687000,1778513018215349407,1778513018227091496,FULL
2254,2254,2272,7317127639000,8905344010000,1778513018248719149,1778513018260553329,FULL
2255,2255,2273,7317160957000,8905377324000,1778513018282051132,1778513018294807339,FULL
2256,2256,2274,7317194275000,8905410643000,1778513018315693482,1778513018327142202,FULL
2257,2257,2275,7317227596000,8905443961000,1778513018348698783,1778513018360446185,FULL
2258,2258,2276,7317260913000,8905477279000,1778513018381956915,1778513018393753353,FULL
2259,2259,2277,7317294230000,8905510601000,1778513018415300546,1778513018427005281,FULL
2260,2260,2278,7317327549000,8905543918000,1778513018448753583,1778513018460362707,FULL
2261,2261,2279,7317360867000,8905577236000,1778513018482763689,1778513018493768967,FULL
2262,2262,2279,7317394185000,8905610553000,1778513018515361513,1778513018493768967,FULL
2263,2263,2281,7317427504000,8905643871000,1778513018568856525,1778513018565729157,FULL
2264,2264,2282,7317460826000,8905677191000,1778513018604765110,1778513018595649766,FULL
2265,2265,2283,7317494144000,8905710509000,1778513018633402383,1778513018627979629,FULL
2266,2266,2284,7317527465000,8905743827000,1778513018666874642,1778513018660419509,FULL
2267,2267,2285,7317560782000,8905777147000,1778513018702982800,1778513018693767676,FULL
2268,2268,2286,7317594100000,8905810464000,1778513018733843475,1778513018719275941,FULL
2269,2269,2287,7317627418000,8905843784000,1778513018765372237,1778513018760594806,FULL
2270,2270,2288,7317660735000,8905877104000,1778513018799610229,1778513018793770198,FULL
2271,2271,2289,7317694055000,8905910421000,1778513018833017025,1778513018829351769,FULL
2272,2272,2290,7317727372000,8905943738000,1778513018866334194,1778513018859008733,FULL
2273,2273,2291,7317760691000,8905977058000,1778513018898626799,1778513018892114569,FULL
2274,2274,2292,7317794009000,8906010375000,1778513018934613402,1778513018917909756,FULL
2275,2275,2293,7317827333000,8906043694000,1778513018966582807,1778513018961290324,FULL
2276,2276,2294,7317860646000,8906077012000,1778513018998568859,1778513018994558677,FULL
2277,2277,2295,7317893967000,8906110331000,1778513019035773857,1778513019027590515,FULL
2278,2278,2296,7317927283000,8906143648000,1778513019065653247,1778513019060270115,FULL
2279,2279,2297,7317960602000,8906176967000,1778513019099651500,1778513019093587875,FULL
2280,2280,2299,7317993920000,8906210286000,1778513019146496823,1778513019160405487,FULL
2281,2281,2299,7318027241000,8906243606000,1778513019169085141,1778513019160405487,FULL
2282,2282,2300,7318060558000,8906276922000,1778513019202667510,1778513019193591934,FULL
2283,2283,2301,7318093876000,8906310241000,1778513019231854962,1778513019228435123,FULL
2284,2284,2302,7318127199000,8906343560000,1778513019264400305,1778513019260193584,FULL
2285,2285,2303,7318160512000,8906376877000,1778513019295502886,1778513019293418698,FULL
2286,2286,2304,7318193830000,8906410197000,1778513019331190548,1778513019326860568,FULL
2287,2287,2305,7318227148000,8906443515000,1778513019366963801,1778513019360090236,FULL
2288,2288,2306,7318260469000,8906476833000,1778513019397821736,1778513019393523644,FULL
2289,2289,2307,7318293788000,8906510152000,1778513019433932505,1778513019426724146,FULL
2290,2290,2308,7318327106000,8906543470000,1778513019465335564,1778513019460108128,FULL
2291,2291,2309,7318360425000,8906576790000,1778513019498813063,1778513019493295668,FULL
2292,2292,2310,7318393744000,8906610107000,1778513019531994511,1778513019528513557,FULL
2293,2293,2311,7318427061000,8906643426000,1778513019565348383,1778513019560118464,FULL
2294,2294,2312,7318460380000,8906676745000,1778513019599359895,1778513019593470965,FULL
2295,2295,2313,7318493699000,8906710065000,1778513019632292734,1778513019626650449,FULL
2296,2296,2314,7318527017000,8906743384000,1778513019665554625,1778513019660031301,FULL
2297,2297,2315,7318560335000,8906776702000,1778513019699563101,1778513019693225711,FULL
2298,2298,2316,7318593658000,8906810020000,1778513019732813844,1778513019726777877,FULL
2299,2299,2317,7318626972000,8906843338000,1778513019763130803,1778513019760043193,FULL
2300,2300,2318,7318660289000,8906876657000,1778513019797039095,1778513019793291288,FULL
2301,2301,2319,7318693609000,8906909975000,1778513019830315893,1778513019826561641,FULL
2302,2302,2320,7318726928000,8906943291000,1778513019865881427,1778513019860580413,FULL
2303,2303,2321,7318760247000,8906976610000,1778513019899299502,1778513019893250717,FULL
2304,2304,2322,7318793564000,8907009928000,1778513019931724087,1778513019926740568,FULL
2305,2305,2323,7318826889000,8907043247000,1778513019966634331,1778513019962535489,FULL
2306,2306,2324,7318860204000,8907076566000,1778513019999273914,1778513019993246998,FULL
2307,2307,2325,7318893521000,8907109883000,1778513020031506575,1778513020026452500,FULL
2308,2308,2326,7318926840000,8907143202000,1778513020065951435,1778513020059915999,FULL
2309,2309,2327,7318960157000,8907176520000,1778513020099215530,1778513020093154613,FULL
2310,2310,2328,7318993477000,8907209840000,1778513020133045581,1778513020126561835,FULL
2311,2311,2329,7319026796000,8907243159000,1778513020166739061,1778513020160260314,FULL
2312,2312,2330,7319060113000,8907276476000,1778513020199561438,1778513020193369650,FULL
2313,2313,2331,7319093432000,8907309795000,1778513020232970420,1778513020226891279,FULL
2314,2314,2332,7319126749000,8907343113000,1778513020268488732,1778513020253752456,FULL
2315,2315,2333,7319160068000,8907376432000,1778513020299599719,1778513020291967538,FULL
2316,2316,2334,7319193384000,8907409750000,1778513020332300820,1778513020325166947,FULL
2317,2317,2335,7319226702000,8907443069000,1778513020366142261,1778513020353257278,FULL
2318,2318,2336,7319260023000,8907476387000,1778513020398360607,1778513020391989040,FULL
2319,2319,2337,7319293342000,8907509709000,1778513020432749005,1778513020424959545,FULL
2320,2320,2338,7319326661000,8907543026000,1778513020466062451,1778513020461087685,FULL
2321,2321,2339,7319359980000,8907576345000,1778513020498455981,1778513020493203142,FULL
2322,2322,2340,7319393297000,8907609663000,1778513020532743954,1778513020542913850,FULL
2323,2323,2341,7319426616000,8907642981000,1778513020567533995,1778513020564349100,FULL
2324,2324,2342,7319459934000,8907676300000,1778513020602561998,1778513020594958572,FULL
2325,2325,2343,7319493252000,8907709619000,1778513020632002151,1778513020626474554,FULL
2326,2326,2345,7319526571000,8907742938000,1778513020667856515,1778513020682678457,FULL
2327,2327,2345,7319559890000,8907776256000,1778513020699469868,1778513020682678457,FULL
2328,2328,2346,7319593210000,8907809574000,1778513020731746380,1778513020716274307,FULL
2329,2329,2347,7319626526000,8907842894000,1778513020766514052,1778513020750977554,FULL
2330,2330,2348,7319659846000,8907876211000,1778513020799494316,1778513020793004135,FULL
2331,2331,2349,7319693162000,8907909533000,1778513020831907568,1778513020826240285,FULL
2332,2332,2350,7319726483000,8907942851000,1778513020866246226,1778513020859821894,FULL
2333,2333,2351,7319759800000,8907976166000,1778513020899275693,1778513020893076452,FULL
2334,2334,2352,7319793117000,8908009485000,1778513020932629417,1778513020926368546,FULL
2335,2335,2353,7319826436000,8908042803000,1778513020964923114,1778513020959752379,FULL
2336,2336,2354,7319859754000,8908076121000,1778513020996035861,1778513020992908475,FULL
2337,2337,2355,7319893074000,8908109440000,1778513021030397241,1778513021026392585,FULL
2338,2338,2356,7319926391000,8908142758000,1778513021062511811,1778513021059819159,FULL
2339,2339,2357,7319959709000,8908176077000,1778513021095868830,1778513021094288594,FULL
2340,2340,2358,7319993028000,8908209396000,1778513021137191507,1778513021126363422,FULL
2341,2341,2359,7320026349000,8908242716000,1778513021169580315,1778513021154735880,FULL
2342,2342,2360,7320059667000,8908276031000,1778513021198781341,1778513021196416279,FULL
2343,2343,2361,7320092990000,8908309349000,1778513021230512915,1778513021227219398,FULL
2344,2344,2362,7320126302000,8908342667000,1778513021264131562,1778513021261816090,FULL
2345,2345,2363,7320159621000,8908375986000,1778513021298500200,1778513021292852632,FULL
2346,2346,2364,7320192941000,8908409304000,1778513021330888119,1778513021326371613,FULL
2347,2347,2365,7320226259000,8908442623000,1778513021364090270,1778513021359571004,FULL
2348,2348,2366,7320259576000,8908475942000,1778513021398603944,1778513021393080151,FULL
2349,2349,2367,7320292894000,8908509263000,1778513021431508617,1778513021426275876,FULL
2350,2350,2368,7320326215000,8908542585000,1778513021464839137,1778513021462573366,FULL
2351,2351,2369,7320359533000,8908575900000,1778513021501436160,1778513021493771536,FULL
2352,2352,2370,7320392851000,8908609218000,1778513021532457963,1778513021527254758,FULL
2353,2353,2371,7320426171000,8908642536000,1778513021567492076,1778513021561839654,FULL
2354,2354,2372,7320459487000,8908675853000,1778513021606040838,1778513021594992212,FULL
2355,2355,2373,7320492808000,8908709172000,1778513021635639804,1778513021626269623,FULL
2356,2356,2374,7320526124000,8908742490000,1778513021668775326,1778513021662670186,FULL
2357,2357,2375,7320559446000,8908775809000,1778513021700019331,1778513021694242908,FULL
2358,2358,2376,7320592763000,8908809128000,1778513021732901523,1778513021727062970,FULL
2359,2359,2377,7320626087000,8908842447000,1778513021763648792,1778513021761901326,FULL
2360,2360,2378,7320659400000,8908875766000,1778513021798133781,1778513021792767426,FULL
2361,2361,2379,7320692716000,8908909084000,1778513021828873588,1778513021825991131,FULL
2362,2362,2380,7320726036000,8908942404000,1778513021865442278,1778513021859249318,FULL
2363,2363,2381,7320759352000,8908975720000,1778513021901431103,1778513021892487765,FULL
2364,2364,2382,7320792671000,8909009038000,1778513021934001409,1778513021925919098,FULL
2365,2365,2383,7320825989000,8909042355000,1778513021965782371,1778513021959234673,FULL
2366,2366,2384,7320859308000,8909075673000,1778513021999225205,1778513021994819429,FULL
2367,2367,2385,7320892629000,8909108992000,1778513022030954686,1778513022025928416,FULL
2368,2368,2386,7320925947000,8909142310000,1778513022065202289,1778513022059122307,FULL
2369,2369,2387,7320959267000,8909175631000,1778513022098921027,1778513022092320050,FULL
2370,2370,2388,7320992584000,8909208948000,1778513022130891839,1778513022125904826,FULL
2371,2371,2389,7321025904000,8909242267000,1778513022164023342,1778513022159061070,FULL
2372,2372,2390,7321059222000,8909275586000,1778513022195366939,1778513022192356219,FULL
2373,2373,2391,7321092539000,8909308905000,1778513022229499858,1778513022225904144,FULL
2374,2374,2392,7321125857000,8909342223000,1778513022263232651,1778513022258596411,FULL
2375,2375,2393,7321159176000,8909375542000,1778513022298359097,1778513022290943551,FULL
2376,2376,2394,7321192497000,8909408861000,1778513022331761838,1778513022318184187,FULL
2377,2377,2395,7321225813000,8909442179000,1778513022364351292,1778513022361101166,FULL
2378,2378,2396,7321259131000,8909475497000,1778513022398630506,1778513022392701888,FULL
2379,2379,2397,7321292448000,8909508816000,1778513022430804057,1778513022428276422,FULL
2380,2380,2398,7321325765000,8909542134000,1778513022465363304,1778513022459148707,FULL
2381,2381,2399,7321359084000,8909575452000,1778513022497543929,1778513022492434412,FULL
2382,2382,2400,7321392405000,8909608771000,1778513022532124399,1778513022542154417,FULL
2383,2383,2401,7321425721000,8909642090000,1778513022564360912,1778513022563669591,FULL
2384,2384,2402,7321459043000,8909675409000,1778513022599104843,1778513022587780295,FULL
2385,2385,2403,7321492359000,8909708727000,1778513022634118493,1778513022625894397,FULL
2386,2386,2404,7321525677000,8909742046000,1778513022665013780,1778513022650898036,FULL
2387,2387,2405,7321558996000,8909775364000,1778513022699670563,1778513022684199482,FULL
2388,2388,2406,7321592314000,8909808682000,1778513022733702076,1778513022726355321,FULL
2389,2389,2407,7321625634000,8909842001000,1778513022764939137,1778513022759078643,FULL
2390,2390,2408,7321658951000,8909875319000,1778513022803762599,1778513022792219849,FULL
2391,2391,2409,7321692269000,8909908638000,1778513022829462551,1778513022818935694,FULL
2392,2392,2410,7321725595000,8909941957000,1778513022862321261,1778513022859487586,FULL
2393,2393,2411,7321758909000,8909975275000,1778513022895005584,1778513022893134269,FULL
2394,2394,2412,7321792227000,8910008593000,1778513022927006840,1778513022927552944,FULL
2395,2395,2413,7321825546000,8910041913000,1778513022960444933,1778513022959868363,FULL
2396,2396,2414,7321858864000,8910075231000,1778513023001123524,1778513022992464871,FULL
2397,2397,2415,7321892182000,8910108549000,1778513023033275186,1778513023025675485,FULL
2398,2398,2416,7321925501000,8910141867000,1778513023065503773,1778513023058759895,FULL
2399,2399,2417,7321958821000,8910175186000,1778513023097832804,1778513023092121229,FULL
2400,2400,2419,7321992139000,8910208504000,1778513023144353241,1778513023158843083,FULL
2401,2401,2419,7322025459000,8910241824000,1778513023165842367,1778513023158843083,FULL
2402,2402,2420,7322058775000,8910275141000,1778513023197768198,1778513023191908512,FULL
2403,2403,2421,7322092093000,8910308460000,1778513023229318422,1778513023227922042,FULL
2404,2404,2422,7322125412000,8910341778000,1778513023264104871,1778513023258824938,FULL
2405,2405,2423,7322158732000,8910375097000,1778513023296466864,1778513023292974208,FULL
2406,2406,2424,7322192048000,8910408414000,1778513023330969020,1778513023326260802,FULL
2407,2407,2425,7322225367000,8910441733000,1778513023363079219,1778513023359683876,FULL
2408,2408,2426,7322258687000,8910475052000,1778513023397461765,1778513023392022258,FULL
2409,2409,2427,7322292004000,8910508371000,1778513023428207312,1778513023425114928,FULL
2410,2410,2428,7322325322000,8910541690000,1778513023464270841,1778513023458562242,FULL
2411,2411,2429,7322358640000,8910575007000,1778513023496740277,1778513023491976502,FULL
2412,2412,2430,7322391960000,8910608326000,1778513023530454478,1778513023525284040,FULL
2413,2413,2431,7322425278000,8910641645000,1778513023564281956,1778513023559928010,FULL
2414,2414,2432,7322458597000,8910674963000,1778513023595993697,1778513023592062819,FULL
2415,2415,2433,7322491916000,8910708281000,1778513023628937610,1778513023625250599,FULL
2416,2416,2434,7322525232000,8910741600000,1778513023661328158,1778513023661224148,FULL
2417,2417,2435,7322558552000,8910774919000,1778513023697723738,1778513023691952193,FULL
2418,2418,2436,7322591870000,8910808236000,1778513023730326747,1778513023725333027,FULL
2419,2419,2437,7322625189000,8910841556000,1778513023768771343,1778513023758579677,FULL
2420,2420,2438,7322658509000,8910874874000,1778513023796938177,1778513023791928233,FULL
2421,2421,2439,7322691826000,8910908192000,1778513023828061053,1778513023825243753,FULL
2422,2422,2440,7322725144000,8910941511000,1778513023864034064,1778513023858471663,FULL
2423,2423,2441,7322758462000,8910974829000,1778513023896447612,1778513023894711820,FULL
2424,2424,2442,7322791781000,8911008147000,1778513023931534262,1778513023926063711,FULL
2425,2425,2443,7322825100000,8911041466000,1778513023967762881,1778513023958998827,FULL
2426,2426,2444,7322858419000,8911074785000,1778513023997970175,1778513023994653601,FULL
2427,2427,2445,7322891738000,8911108103000,1778513024031345065,1778513024025196352,FULL
2428,2428,2446,7322925056000,8911141421000,1778513024063288321,1778513024061185104,FULL
2429,2429,2447,7322958374000,8911174740000,1778513024099705290,1778513024095322301,FULL
2430,2430,2448,7322991691000,8911208058000,1778513024134192965,1778513024126510564,FULL
2431,2431,2449,7323025012000,8911241377000,1778513024165962890,1778513024160828352,FULL
2432,2432,2450,7323058329000,8911274696000,1778513024200832987,1778513024194767606,FULL
2433,2433,2451,7323091648000,8911308017000,1778513024230071531,1778513024225340338,FULL
2434,2434,2452,7323124967000,8911341332000,1778513024266320020,1778513024258423101,FULL
2435,2435,2453,7323158284000,8911374650000,1778513024297117771,1778513024291928081,FULL
2436,2436,2454,7323191604000,8911407969000,1778513024333461092,1778513024325290545,FULL
2437,2437,2455,7323224922000,8911441288000,1778513024364983465,1778513024358350975,FULL
2438,2438,2456,7323258244000,8911474606000,1778513024397381994,1778513024391870752,FULL
2439,2439,2457,7323291559000,8911507924000,1778513024430902827,1778513024425035791,FULL
2440,2440,2458,7323324878000,8911541243000,1778513024463196506,1778513024460630529,FULL
2441,2441,2459,7323358195000,8911574562000,1778513024497795661,1778513024491822162,FULL
2442,2442,2460,7323391514000,8911607881000,1778513024530831314,1778513024539377188,FULL
2443,2443,2461,7323424831000,8911641198000,1778513024566356626,1778513024559105547,FULL
2444,2444,2462,7323458150000,8911674517000,1778513024596212701,1778513024592197291,FULL
2445,2445,2463,7323491468000,8911707835000,1778513024628816469,1778513024625068908,FULL
2446,2446,2464,7323524787000,8911741154000,1778513024661939806,1778513024658230448,FULL
2447,2447,2465,7323558105000,8911774472000,1778513024696996104,1778513024691719947,FULL
2448,2448,2466,7323591423000,8911807791000,1778513024731277985,1778513024724885820,FULL
2449,2449,2467,7323624743000,8911841109000,1778513024763601589,1778513024758548836,FULL
2450,2450,2468,7323658062000,8911874428000,1778513024798886533,1778513024792634163,FULL
2451,2451,2469,7323691379000,8911907747000,1778513024829371361,1778513024824950137,FULL
2452,2452,2470,7323724698000,8911941065000,1778513024861613744,1778513024858379934,FULL
2453,2453,2471,7323758014000,8911974383000,1778513024896261361,1778513024885949381,FULL
2454,2454,2472,7323791333000,8912007701000,1778513024929603955,1778513024925316192,FULL
2455,2455,2473,7323824651000,8912041020000,1778513024963706226,1778513024958247716,FULL
2456,2456,2474,7323857970000,8912074339000,1778513024996820323,1778513024986437860,FULL
2457,2457,2475,7323891291000,8912107656000,1778513025030752133,1778513025026190816,FULL
2458,2458,2476,7323924608000,8912140975000,1778513025063753730,1778513025059121099,FULL
2459,2459,2477,7323957927000,8912174294000,1778513025096583830,1778513025093665754,FULL
2460,2460,2478,7323991246000,8912207612000,1778513025135055740,1778513025124987646,FULL
2461,2461,2479,7324024564000,8912240931000,1778513025162428582,1778513025158114815,FULL
2462,2462,2480,7324057883000,8912274248000,1778513025198027300,1778513025191505853,FULL
2463,2463,2481,7324091201000,8912307567000,1778513025228835847,1778513025224830780,FULL
2464,2464,2482,7324124520000,8912340886000,1778513025263854886,1778513025258351316,FULL
2465,2465,2483,7324157838000,8912374204000,1778513025295527294,1778513025293986627,FULL
2466,2466,2484,7324191157000,8912407523000,1778513025329948673,1778513025325151576,FULL
2467,2467,2485,7324224476000,8912440842000,1778513025366784322,1778513025358198061,FULL
2468,2468,2486,7324257794000,8912474159000,1778513025400215564,1778513025393177694,FULL
2469,2469,2487,7324291117000,8912507478000,1778513025427645442,1778513025424689843,FULL
2470,2470,2488,7324324429000,8912540797000,1778513025460447486,1778513025457945400,FULL
2471,2471,2489,7324357747000,8912574115000,1778513025496473681,1778513025491316234,FULL
2472,2472,2490,7324391064000,8912607433000,1778513025529356113,1778513025524632994,FULL
2473,2473,2491,7324424384000,8912640752000,1778513025563064018,1778513025558114938,FULL
2474,2474,2492,7324457703000,8912674071000,1778513025599485080,1778513025591282237,FULL
2475,2475,2493,7324491024000,8912707389000,1778513025629637170,1778513025624630534,FULL
2476,2476,2494,7324524341000,8912740707000,1778513025662875469,1778513025657975757,FULL
2477,2477,2495,7324557661000,8912774026000,1778513025697892194,1778513025693247702,FULL
2478,2478,2496,7324590979000,8912807344000,1778513025729426936,1778513025724676000,FULL
2479,2479,2497,7324624299000,8912840663000,1778513025763713928,1778513025757899928,FULL
2480,2480,2498,7324657615000,8912873982000,1778513025803184976,1778513025791130559,FULL
2481,2481,2499,7324690934000,8912907301000,1778513025831333846,1778513025824631374,FULL
2482,2482,2500,7324724260000,8912940619000,1778513025863941152,1778513025857960078,FULL
2483,2483,2501,7324757571000,8912973937000,1778513025895745632,1778513025891273765,FULL
2484,2484,2502,7324790887000,8913007256000,1778513025930053549,1778513025924525655,FULL
2485,2485,2503,7324824206000,8913040574000,1778513025962303581,1778513025957782731,FULL
2486,2486,2504,7324857524000,8913073892000,1778513025997258065,1778513025991089510,FULL
2487,2487,2505,7324890842000,8913107211000,1778513026029231636,1778513026025263966,FULL
2488,2488,2506,7324924161000,8913140529000,1778513026063291575,1778513026057838474,FULL
2489,2489,2507,7324957479000,8913173848000,1778513026095924935,1778513026091130105,FULL
2490,2490,2508,7324990801000,8913207167000,1778513026129230215,1778513026119154511,FULL
2491,2491,2509,7325024119000,8913240485000,1778513026163620631,1778513026158541544,FULL
2492,2492,2510,7325057437000,8913273804000,1778513026196753190,1778513026191082849,FULL
2493,2493,2511,7325090755000,8913307122000,1778513026230138580,1778513026224389554,FULL
2494,2494,2512,7325124074000,8913340440000,1778513026262432981,1778513026257856961,FULL
2495,2495,2513,7325157393000,8913373759000,1778513026296734547,1778513026291086686,FULL
2496,2496,2514,7325190711000,8913407077000,1778513026331679938,1778513026324342984,FULL
2497,2497,2515,7325224029000,8913440395000,1778513026362549170,1778513026357783447,FULL
2498,2498,2516,7325257348000,8913473714000,1778513026396624367,1778513026391171595,FULL
2499,2499,2517,7325290666000,8913507033000,1778513026432912208,1778513026424424190,FULL
2500,2500,2518,7325323985000,8913540351000,1778513026464454783,1778513026457708117,FULL
2501,2501,2519,7325357304000,8913573670000,1778513026496528631,1778513026491016766,FULL
2502,2502,2520,7325390622000,8913606988000,1778513026530093056,1778513026540387181,FULL
2503,2503,2521,7325423941000,8913640306000,1778513026563113691,1778513026561806653,FULL
2504,2504,2522,7325457259000,8913673626000,1778513026596647283,1778513026592110018,FULL
2505,2505,2523,7325490578000,8913706945000,1778513026629645695,1778513026625785941,FULL
2506,2506,2524,7325523897000,8913740262000,1778513026662078095,1778513026657419218,FULL
2507,2507,2525,7325557216000,8913773581000,1778513026697699906,1778513026690783275,FULL
2508,2508,2526,7325590533000,8913806899000,1778513026732248005,1778513026724091702,FULL
2509,2509,2527,7325623851000,8913840217000,1778513026763983727,1778513026759633477,FULL
2510,2510,2528,7325657170000,8913873536000,1778513026796340887,1778513026790795351,FULL
2511,2511,2529,7325690488000,8913906855000,1778513026832031790,1778513026824081057,FULL
2512,2512,2530,7325723808000,8913940173000,1778513026863861066,1778513026857346595,FULL
2513,2513,2531,7325757125000,8913973492000,1778513026896626426,1778513026890622912,FULL
2514,2514,2532,7325790444000,8914006809000,1778513026930746122,1778513026924729201,FULL
2515,2515,2533,7325823767000,8914040128000,1778513026962606936,1778513026957479726,FULL
2516,2516,2534,7325857081000,8914073446000,1778513026996489598,1778513026990656396,FULL
2517,2517,2535,7325890401000,8914106765000,1778513027031145604,1778513027024029730,FULL
2518,2518,2536,7325923719000,8914140084000,1778513027061845911,1778513027057268287,FULL
2519,2519,2537,7325957036000,8914173403000,1778513027096421159,1778513027090676584,FULL
2520,2520,2539,7325990356000,8914206720000,1778513027143252759,1778513027157266197,FULL
2521,2521,2540,7326023674000,8914240039000,1778513027178103633,1778513027190575810,FULL
2522,2522,2540,7326056992000,8914273355000,1778513027206386891,1778513027190575810,FULL
2523,2523,2541,7326090319000,8914306677000,1778513027222723720,1778513027224076809,FULL
2524,2524,2542,7326123644000,8914339994000,1778513027248192378,1778513027259103404,FULL
2525,2525,2543,7326156947000,8914373313000,1778513027277066797,1778513027290588461,FULL
2526,2526,2544,7326190262000,8914406632000,1778513027310790368,1778513027323985276,FULL
2527,2527,2545,7326223580000,8914439950000,1778513027344309849,1778513027357210982,FULL
2528,2528,2546,7326256900000,8914473268000,1778513027377438001,1778513027390729203,FULL
2529,2529,2547,7326290217000,8914506587000,1778513027411084906,1778513027423904169,FULL
2530,2530,2548,7326323553000,8914539905000,1778513027444010375,1778513027457140967,FULL
2531,2531,2549,7326356856000,8914573224000,1778513027477945666,1778513027490517282,FULL
2532,2532,2550,7326390173000,8914606543000,1778513027510524454,1778513027523837098,FULL
2533,2533,2551,7326423491000,8914639861000,1778513027544824797,1778513027557150099,FULL
2534,2534,2552,7326456810000,8914673180000,1778513027577442898,1778513027590421268,FULL
2535,2535,2553,7326490128000,8914706498000,1778513027610729419,1778513027623880841,FULL
2536,2536,2554,7326523448000,8914739815000,1778513027646453802,1778513027657094010,FULL
2537,2537,2555,7326556765000,8914773135000,1778513027677745622,1778513027690508751,FULL
2538,2538,2556,7326590084000,8914806453000,1778513027712140723,1778513027723819549,FULL
2539,2539,2557,7326623403000,8914839772000,1778513027744524808,1778513027759618192,FULL
2540,2540,2558,7326656721000,8914873089000,1778513027777877736,1778513027790375792,FULL
2541,2541,2559,7326690039000,8914906408000,1778513027811160645,1778513027823761237,FULL
2542,2542,2560,7326723357000,8914939728000,1778513027852734930,1778513027858778758,FULL
2543,2543,2561,7326756686000,8914973045000,1778513027884320635,1778513027890440276,FULL
2544,2544,2562,7326790027000,8915006364000,1778513027911103798,1778513027923509280,FULL
2545,2545,2563,7326823329000,8915039683000,1778513027946453371,1778513027957076908,FULL
2546,2546,2564,7326856634000,8915073001000,1778513027977686006,1778513027990456557,FULL
2547,2547,2565,7326889955000,8915106319000,1778513028010931323,1778513028023653670,FULL
2548,2548,2566,7326923269000,8915139637000,1778513028044278787,1778513028057241706,FULL
2549,2549,2567,7326956587000,8915172956000,1778513028077571715,1778513028091866120,FULL
2550,2550,2568,7326989905000,8915206275000,1778513028110995271,1778513028123638210,FULL
2551,2551,2569,7327023225000,8915239593000,1778513028144645047,1778513028157130487,FULL
2552,2552,2570,7327056542000,8915272911000,1778513028177751791,1778513028190284416,FULL
2553,2553,2571,7327089862000,8915306230000,1778513028210840518,1778513028223716824,FULL
2554,2554,2572,7327123178000,8915339549000,1778513028244322777,1778513028256769679,FULL
2555,2555,2573,7327156498000,8915372867000,1778513028277487539,1778513028290178050,FULL
2556,2556,2574,7327189816000,8915406185000,1778513028310859059,1778513028323494143,FULL
2557,2557,2575,7327223134000,8915439504000,1778513028344497076,1778513028356836552,FULL
2558,2558,2576,7327256453000,8915472822000,1778513028377650634,1778513028390155720,FULL
2559,2559,2577,7327289773000,8915506148000,1778513028410821175,1778513028423577886,FULL
2560,2560,2578,7327323090000,8915539460000,1778513028445380274,1778513028456764222,FULL
2561,2561,2579,7327356412000,8915572777000,1778513028477543251,1778513028491991667,FULL
2562,2562,2579,7327389730000,8915606096000,1778513028510727976,1778513028491991667,FULL
2563,2563,2580,7327423047000,8915639414000,1778513028544165736,1778513028541288916,FULL
2564,2564,2582,7327456365000,8915672732000,1778513028577683439,1778513028585274811,FULL
2565,2565,2583,7327489685000,8915706051000,1778513028610678370,1778513028623464004,FULL
2566,2566,2584,7327523002000,8915739370000,1778513028644390904,1778513028656776339,FULL
2567,2567,2585,7327556321000,8915772688000,1778513028677433353,1778513028689833695,FULL
2568,2568,2586,7327589642000,8915806007000,1778513028713214607,1778513028717435327,FULL
2569,2569,2587,7327622958000,8915839325000,1778513028744177892,1778513028757421687,FULL
2570,2570,2588,7327656276000,8915872644000,1778513028776259463,1778513028791561365,FULL
2571,2571,2589,7327689594000,8915905962000,1778513028810621305,1778513028826375166,FULL
2572,2572,2590,7327722912000,8915939281000,1778513028844159434,1778513028856880585,FULL
2573,2573,2591,7327756232000,8915972599000,1778513028877298697,1778513028890084679,FULL
2574,2574,2592,7327789551000,8916005917000,1778513028910778660,1778513028923444569,FULL
2575,2575,2593,7327822870000,8916039237000,1778513028944508953,1778513028957496378,FULL
2576,2576,2594,7327856190000,8916072555000,1778513028977278442,1778513028992599435,FULL
2577,2577,2595,7327889504000,8916105873000,1778513029010481778,1778513029023558034,FULL
2578,2578,2596,7327922824000,8916139192000,1778513029044011389,1778513029056608723,FULL
2579,2579,2597,7327956143000,8916172510000,1778513029077086060,1778513029091776002,FULL
2580,2580,2598,7327989460000,8916205829000,1778513029115582025,1778513029123625980,FULL
2581,2581,2599,7328022779000,8916239147000,1778513029145571340,1778513029156716854,FULL
2582,2582,2600,7328056099000,8916272465000,1778513029178070016,1778513029190203687,FULL
2583,2583,2601,7328089416000,8916305784000,1778513029209602666,1778513029223419967,FULL
2584,2584,2602,7328122734000,8916339103000,1778513029242725318,1778513029256631062,FULL
2585,2585,2603,7328156053000,8916372421000,1778513029278078039,1778513029290290985,FULL
2586,2586,2604,7328189372000,8916405740000,1778513029309365636,1778513029323464636,FULL
2587,2587,2605,7328222690000,8916439058000,1778513029342852747,1778513029356737730,FULL
2588,2588,2606,7328256010000,8916472376000,1778513029376412691,1778513029389829956,FULL
2589,2589,2607,7328289326000,8916505695000,1778513029409683952,1778513029423279641,FULL
2590,2590,2608,7328322645000,8916539013000,1778513029444540475,1778513029456536180,FULL
2591,2591,2609,7328355965000,8916572332000,1778513029476846765,1778513029489903217,FULL
2592,2592,2610,7328389282000,8916605650000,1778513029510297005,1778513029523272996,FULL
2593,2593,2611,7328422601000,8916638969000,1778513029543135420,1778513029556611089,FULL
2594,2594,2612,7328455920000,8916672287000,1778513029577979461,1778513029589759259,FULL
2595,2595,2613,7328489238000,8916705604000,1778513029610343583,1778513029623082334,FULL
2596,2596,2614,7328522558000,8916738924000,1778513029642965074,1778513029656494816,FULL
2597,2597,2615,7328555876000,8916772242000,1778513029677333379,1778513029689839613,FULL
2598,2598,2616,7328589193000,8916805561000,1778513029711329263,1778513029724925041,FULL
2599,2599,2617,7328622514000,8916838879000,1778513029743674978,1778513029756498096,FULL
2600,2600,2618,7328655831000,8916872198000,1778513029776826481,1778513029790077984,FULL
2601,2601,2619,7328689149000,8916905517000,1778513029810159650,1778513029825598796,FULL
2602,2602,2620,7328722466000,8916938835000,1778513029843839758,1778513029856871299,FULL
2603,2603,2621,7328755786000,8916972153000,1778513029876825189,1778513029889785527,FULL
2604,2604,2622,7328789104000,8917005471000,1778513029910122562,1778513029923034065,FULL
2605,2605,2623,7328822422000,8917038790000,1778513029943778208,1778513029956593657,FULL
2606,2606,2624,7328855742000,8917072109000,1778513029976828842,1778513029989688067,FULL
2607,2607,2625,7328889059000,8917105427000,1778513030010059104,1778513030023172697,FULL
2608,2608,2626,7328922378000,8917138746000,1778513030043302865,1778513030056349236,FULL
2609,2609,2627,7328955698000,8917172064000,1778513030076737847,1778513030089636460,FULL
2610,2610,2628,7328989018000,8917205382000,1778513030110285883,1778513030122963165,FULL
2611,2611,2629,7329022335000,8917238701000,1778513030143446276,1778513030156364369,FULL
2612,2612,2630,7329055652000,8917272032000,1778513030176595760,1778513030189473316,FULL
2613,2613,2631,7329088970000,8917305338000,1778513030209890577,1778513030225819769,FULL
2614,2614,2632,7329122289000,8917338657000,1778513030243093821,1778513030257230641,FULL
2615,2615,2633,7329155607000,8917371975000,1778513030277525755,1778513030290378477,FULL
2616,2616,2634,7329188926000,8917405293000,1778513030309308458,1778513030323692811,FULL
2617,2617,2635,7329222244000,8917438612000,1778513030343465247,1778513030357071071,FULL
2618,2618,2636,7329255564000,8917471930000,1778513030376527399,1778513030390370110,FULL
2619,2619,2637,7329288881000,8917505248000,1778513030409797531,1778513030423333281,FULL
2620,2620,2638,7329322199000,8917538567000,1778513030443162866,1778513030456200564,FULL
2621,2621,2639,7329355519000,8917571886000,1778513030476739179,1778513030489739637,FULL
2622,2622,2639,7329388837000,8917605203000,1778513030509767962,1778513030489739637,FULL
2623,2623,2640,7329422156000,8917638521000,1778513030543128630,1778513030540094931,FULL
2624,2624,2641,7329455475000,8917671841000,1778513030576871071,1778513030563789566,FULL
2625,2625,2643,7329488793000,8917705158000,1778513030610170999,1778513030622851273,FULL
2626,2626,2644,7329522112000,8917738478000,1778513030643101227,1778513030647970930,FULL
2627,2627,2645,7329555430000,8917771796000,1778513030676553894,1778513030689544256,FULL
2628,2628,2646,7329588747000,8917805116000,1778513030712818679,1778513030722618075,FULL
2629,2629,2647,7329622067000,8917838433000,1778513030743123138,1778513030756185999,FULL
2630,2630,2648,7329655385000,8917871752000,1778513030776375011,1778513030789591648,FULL
2631,2631,2649,7329688702000,8917905071000,1778513030811593344,1778513030822621207,FULL
2632,2632,2650,7329722021000,8917938390000,1778513030843007348,1778513030849288700,FULL
2633,2633,2651,7329755341000,8917971707000,1778513030876238887,1778513030889473244,FULL
2634,2634,2652,7329788658000,8918005026000,1778513030909801923,1778513030922778375,FULL
2635,2635,2653,7329821977000,8918038344000,1778513030942867576,1778513030950596561,FULL
2636,2636,2654,7329855295000,8918071663000,1778513030975892321,1778513030989414044,FULL
2637,2637,2655,7329888616000,8918104981000,1778513031009490616,1778513031022707064,FULL
2638,2638,2656,7329921931000,8918138300000,1778513031042804136,1778513031056039065,FULL
2639,2639,2657,7329955251000,8918171619000,1778513031076157248,1778513031089275993,FULL
2640,2640,2658,7329988569000,8918204937000,1778513031116840191,1778513031122594309,FULL
2641,2641,2659,7330021889000,8918238255000,1778513031145075783,1778513031155963421,FULL
2642,2642,2660,7330055207000,8918271572000,1778513031176447176,1778513031189363810,FULL
2643,2643,2661,7330088525000,8918304893000,1778513031208727355,1778513031222587386,FULL
2644,2644,2662,7330121843000,8918338211000,1778513031241658361,1778513031256408623,FULL
2645,2645,2663,7330155165000,8918371528000,1778513031275170379,1778513031289207333,FULL
2646,2646,2664,7330188480000,8918404847000,1778513031309661942,1778513031322551260,FULL
2647,2647,2665,7330221797000,8918438166000,1778513031342105879,1778513031355832372,FULL
2648,2648,2666,7330255117000,8918471484000,1778513031375261419,1778513031389159966,FULL
2649,2649,2667,7330288436000,8918504804000,1778513031408477329,1778513031422432060,FULL
2650,2650,2668,7330321754000,8918538121000,1778513031442329270,1778513031458059094,FULL
2651,2651,2669,7330355073000,8918571440000,1778513031475603623,1778513031489268819,FULL
2652,2652,2670,7330388391000,8918604758000,1778513031509284177,1778513031522731912,FULL
2653,2653,2671,7330421709000,8918638076000,1778513031542513994,1778513031555856396,FULL
2654,2654,2672,7330455028000,8918671395000,1778513031576439545,1778513031589109954,FULL
2655,2655,2673,7330488346000,8918704713000,1778513031609021499,1778513031622411325,FULL
2656,2656,2674,7330521668000,8918738032000,1778513031642357852,1778513031655743530,FULL
2657,2657,2675,7330554982000,8918771350000,1778513031675585132,1778513031689085457,FULL
2658,2658,2676,7330588301000,8918804669000,1778513031710119066,1778513031722388754,FULL
2659,2659,2677,7330621621000,8918837987000,1778513031742136951,1778513031758199620,FULL
2660,2660,2678,7330654938000,8918871306000,1778513031776117798,1778513031789055145,FULL
2661,2661,2679,7330688257000,8918904625000,1778513031809638131,1778513031822340221,FULL
2662,2662,2680,7330721575000,8918937943000,1778513031842728153,1778513031855795332,FULL
2663,2663,2681,7330754897000,8918971261000,1778513031876171135,1778513031889088926,FULL
2664,2664,2682,7330788212000,8919004580000,1778513031908712885,1778513031922142800,FULL
2665,2665,2683,7330821531000,8919037899000,1778513031942794157,1778513031955739317,FULL
2666,2666,2684,7330854850000,8919071216000,1778513031976240916,1778513031988954430,FULL
2667,2667,2685,7330888167000,8919104535000,1778513032009625787,1778513032022223857,FULL
2668,2668,2686,7330921487000,8919137853000,1778513032041932448,1778513032055677950,FULL
2669,2669,2687,7330954805000,8919171172000,1778513032075912368,1778513032090077588,FULL
2670,2670,2688,7330988123000,8919204491000,1778513032110337099,1778513032122324341,FULL
2671,2671,2689,7331021442000,8919237809000,1778513032142803628,1778513032155564713,FULL
2672,2672,2690,7331054761000,8919271128000,1778513032175880780,1778513032183553934,FULL
2673,2673,2691,7331088078000,8919304445000,1778513032222658918,1778513032222291622,FULL
2674,2674,2692,7331121400000,8919337765000,1778513032262309150,1778513032255556290,FULL
2675,2675,2693,7331154719000,8919371084000,1778513032296022258,1778513032288849643,FULL
2676,2676,2694,7331188037000,8919404402000,1778513032329510332,1778513032322139256,FULL
2677,2677,2695,7331221355000,8919437721000,1778513032364522520,1778513032355335647,FULL
2678,2678,2696,7331254673000,8919471039000,1778513032396233890,1778513032388907275,FULL
2679,2679,2697,7331287992000,8919504356000,1778513032429492337,1778513032422055223,FULL
2680,2680,2698,7331321310000,8919537675000,1778513032462717099,1778513032455451501,FULL
2681,2681,2699,7331354629000,8919570993000,1778513032494088491,1778513032489199794,FULL
2682,2682,2700,7331387949000,8919604311000,1778513032527168328,1778513032537550145,FULL
2683,2683,2701,7331421265000,8919637628000,1778513032561662725,1778513032560470731,FULL
2684,2684,2702,7331454584000,8919670947000,1778513032593856442,1778513032583830813,FULL
2685,2685,2703,7331487902000,8919704265000,1778513032630002877,1778513032622100228,FULL
2686,2686,2704,7331521220000,8919737584000,1778513032658669742,1778513032647348828,FULL
2687,2687,2705,7331554540000,8919770903000,1778513032691258844,1778513032690656619,FULL
2688,2688,2706,7331587855000,8919804221000,1778513032726635843,1778513032721903215,FULL
2689,2689,2707,7331621174000,8919837540000,1778513032762297097,1778513032750163340,FULL
2690,2690,2708,7331654495000,8919870858000,1778513032793671082,1778513032789729723,FULL
2691,2691,2709,7331687814000,8919904177000,1778513032831484148,1778513032822787598,FULL
2692,2692,2710,7331721131000,8919937497000,1778513032864231026,1778513032858016246,FULL
2693,2693,2711,7331754452000,8919970815000,1778513032895956729,1778513032888626534,FULL
2694,2694,2712,7331787775000,8920004134000,1778513032930383608,1778513032922065885,FULL
2695,2695,2713,7331821087000,8920037452000,1778513032960472792,1778513032955530885,FULL
2696,2696,2714,7331854407000,8920070770000,1778513032993570037,1778513032990909792,FULL
2697,2697,2715,7331887724000,8920104089000,1778513033025802253,1778513033021958223,FULL
2698,2698,2716,7331921043000,8920137408000,1778513033061732968,1778513033055150281,FULL
2699,2699,2717,7331954361000,8920170726000,1778513033092569903,1778513033088547022,FULL
2700,2700,2719,7331987680000,8920204044000,1778513033140944821,1778513033155077581,FULL
2701,2701,2719,7332020997000,8920237363000,1778513033163573657,1778513033155077581,FULL
2702,2702,2720,7332054319000,8920270680000,1778513033194863643,1778513033188446544,FULL
2703,2703,2721,7332087642000,8920304001000,1778513033226534365,1778513033221967599,FULL
2704,2704,2722,7332120953000,8920337318000,1778513033259439760,1778513033255092880,FULL
2705,2705,2723,7332154277000,8920370637000,1778513033292487765,1778513033288490176,FULL
2706,2706,2724,7332187594000,8920403956000,1778513033319893254,1778513033323786843,FULL
2707,2707,2725,7332220911000,8920437273000,1778513033343858262,1778513033355240900,FULL
2708,2708,2726,7332254262000,8920470592000,1778513033376406586,1778513033388556142,FULL
2709,2709,2727,7332287548000,8920503910000,1778513033409171779,1778513033422624506,FULL
2710,2710,2728,7332320866000,8920537229000,1778513033441436680,1778513033455527937,FULL
2711,2711,2729,7332354180000,8920570547000,1778513033474989272,1778513033489751299,FULL
2712,2712,2730,7332387501000,8920603865000,1778513033508173608,1778513033522411826,FULL
2713,2713,2731,7332420826000,8920637185000,1778513033543262203,1778513033555610272,FULL
2714,2714,2732,7332454140000,8920670503000,1778513033575625918,1778513033588983995,FULL
2715,2715,2733,7332487467000,8920703821000,1778513033608179094,1778513033622191090,FULL
2716,2716,2734,7332520773000,8920737140000,1778513033641991702,1778513033655333371,FULL
2717,2717,2735,7332554090000,8920770458000,1778513033676937223,1778513033688535225,FULL
2718,2718,2736,7332587411000,8920803777000,1778513033709473715,1778513033721879503,FULL
2719,2719,2737,7332620737000,8920837095000,1778513033742000539,1778513033755157357,FULL
2720,2720,2738,7332654046000,8920870413000,1778513033775234153,1778513033788267193,FULL
2721,2721,2739,7332687364000,8920903732000,1778513033808261509,1778513033824283019,FULL
2722,2722,2740,7332720683000,8920937050000,1778513033842228875,1778513033855129619,FULL
2723,2723,2741,7332754007000,8920970370000,1778513033875253231,1778513033888341121,FULL
2724,2724,2742,7332787319000,8921003688000,1778513033908532455,1778513033923353346,FULL
2725,2725,2743,7332820637000,8921037006000,1778513033941996733,1778513033955660487,FULL
2726,2726,2744,7332853957000,8921070324000,1778513033975965284,1778513033989187264,FULL
2727,2727,2745,7332887275000,8921103642000,1778513034008682532,1778513034022379378,FULL
2728,2728,2746,7332920594000,8921136962000,1778513034041480539,1778513034057777562,FULL
2729,2729,2747,7332953913000,8921170280000,1778513034075107778,1778513034088355535,FULL
2730,2730,2748,7332987230000,8921203599000,1778513034108528464,1778513034121620703,FULL
2731,2731,2749,7333020547000,8921236917000,1778513034141149251,1778513034155412273,FULL
2732,2732,2750,7333053867000,8921270237000,1778513034176878246,1778513034189045420,FULL
2733,2733,2751,7333087194000,8921303553000,1778513034208081381,1778513034223804166,FULL
2734,2734,2752,7333120506000,8921336873000,1778513034241741082,1778513034255370943,FULL
2735,2735,2753,7333153825000,8921370191000,1778513034274418794,1778513034288058414,FULL
2736,2736,2754,7333187143000,8921403510000,1778513034307759055,1778513034321504858,FULL
2737,2737,2755,7333220461000,8921436828000,1778513034341608181,1778513034355913848,FULL
2738,2738,2756,7333253780000,8921470146000,1778513034374287115,1778513034389043555,FULL
2739,2739,2757,7333287098000,8921503464000,1778513034408226665,1778513034422216317,FULL
2740,2740,2758,7333320416000,8921536782000,1778513034441069024,1778513034455728264,FULL
2741,2741,2759,7333353734000,8921570100000,1778513034475060741,1778513034488202653,FULL
2742,2742,2759,7333387053000,8921603421000,1778513034507789545,1778513034488202653,FULL
2743,2743,2760,7333420371000,8921636737000,1778513034541114435,1778513034536603980,FULL
2744,2744,2762,7333453689000,8921670054000,1778513034575514314,1778513034590991305,FULL
2745,2745,2763,7333487017000,8921703372000,1778513034607793253,1778513034622153077,FULL
2746,2746,2764,7333520327000,8921736693000,1778513034641572546,1778513034649255277,FULL
2747,2747,2765,7333553646000,8921770009000,1778513034674701160,1778513034687913903,FULL
2748,2748,2766,7333586964000,8921803328000,1778513034708523083,1778513034721289950,FULL
2749,2749,2767,7333620288000,8921836648000,1778513034741000519,1778513034754491017,FULL
2750,2750,2768,7333653601000,8921869965000,1778513034774470741,1778513034788401984,FULL
2751,2751,2769,7333686919000,8921903284000,1778513034808219905,1778513034821227444,FULL
2752,2752,2770,7333720241000,8921936603000,1778513034842772468,1778513034854515492,FULL
2753,2753,2771,7333753556000,8921969920000,1778513034875578290,1778513034887777058,FULL
2754,2754,2772,7333786875000,8922003239000,1778513034907849969,1778513034921376455,FULL
2755,2755,2773,7333820193000,8922036557000,1778513034941065657,1778513034957683085,FULL
2756,2756,2774,7333853511000,8922069878000,1778513034974730618,1778513034988995003,FULL
2757,2757,2775,7333886830000,8922103195000,1778513035007831881,1778513035021981406,FULL
2758,2758,2776,7333920149000,8922136514000,1778513035040919663,1778513035057625190,FULL
2759,2759,2777,7333953467000,8922169831000,1778513035074352570,1778513035088667667,FULL
2760,2760,2778,7333986786000,8922203149000,1778513035112525854,1778513035121972974,FULL
2761,2761,2779,7334020108000,8922236469000,1778513035143012200,1778513035158756080,FULL
2762,2762,2780,7334053428000,8922269787000,1778513035174581739,1778513035188357071,FULL
2763,2763,2781,7334086742000,8922303105000,1778513035211289835,1778513035221235160,FULL
2764,2764,2782,7334120064000,8922336425000,1778513035240167642,1778513035254555930,FULL
2765,2765,2783,7334153375000,8922369745000,1778513035274069878,1778513035287853237,FULL
2766,2766,2784,7334186700000,8922403063000,1778513035309672893,1778513035321206562,FULL
2767,2767,2785,7334220016000,8922436381000,1778513035340882954,1778513035354666978,FULL
2768,2768,2786,7334253331000,8922469700000,1778513035373799367,1778513035387874953,FULL
2769,2769,2787,7334286650000,8922503019000,1778513035407849083,1778513035421191037,FULL
2770,2770,2788,7334319971000,8922536336000,1778513035440418704,1778513035454409919,FULL
2771,2771,2789,7334353288000,8922569655000,1778513035474226367,1778513035487834928,FULL
2772,2772,2790,7334386607000,8922602973000,1778513035508574524,1778513035521224197,FULL
2773,2773,2791,7334419924000,8922636292000,1778513035540856463,1778513035554495264,FULL
2774,2774,2792,7334453254000,8922669610000,1778513035574663866,1778513035587713257,FULL
2775,2775,2793,7334486578000,8922702929000,1778513035609078745,1778513035621081507,FULL
2776,2776,2794,7334519901000,8922736248000,1778513035640673598,1778513035654448832,FULL
2777,2777,2795,7334553198000,8922769566000,1778513035674067322,1778513035687565419,FULL
2778,2778,2796,7334586516000,8922802884000,1778513035707457582,1778513035721086797,FULL
2779,2779,2797,7334619840000,8922836203000,1778513035740609641,1778513035754428604,FULL
2780,2780,2798,7334653153000,8922869521000,1778513035773906772,1778513035789376950,FULL
2781,2781,2799,7334686471000,8922902839000,1778513035807901692,1778513035821145050,FULL
2782,2782,2800,7334719795000,8922936158000,1778513035841245379,1778513035854419598,FULL
2783,2783,2801,7334753118000,8922969476000,1778513035874120607,1778513035890293435,FULL
2784,2784,2802,7334786426000,8923002794000,1778513035907299036,1778513035921104581,FULL
2785,2785,2803,7334819745000,8923036113000,1778513035940746944,1778513035954294593,FULL
2786,2786,2804,7334853067000,8923069432000,1778513035974529385,1778513035987627048,FULL
2787,2787,2805,7334886385000,8923102751000,1778513036008350456,1778513036020906225,FULL
2788,2788,2806,7334919704000,8923136068000,1778513036041093815,1778513036054218976,FULL
2789,2789,2807,7334953020000,8923169388000,1778513036073844656,1778513036087716096,FULL
2790,2790,2808,7334986338000,8923202706000,1778513036107662115,1778513036121011959,FULL
2791,2791,2809,7335019668000,8923236026000,1778513036142035754,1778513036154173730,FULL
2792,2792,2810,7335052978000,8923269341000,1778513036173962659,1778513036187620146,FULL
2793,2793,2811,7335086294000,8923302659000,1778513036207662360,1778513036220963194,FULL
2794,2794,2812,7335119611000,8923335977000,1778513036240328276,1778513036254148279,FULL
2795,2795,2813,7335152932000,8923369296000,1778513036274377122,1778513036289808823,FULL
2796,2796,2814,7335186249000,8923402615000,1778513036308788649,1778513036320844837,FULL
2797,2797,2815,7335219568000,8923435933000,1778513036341016736,1778513036354257661,FULL
2798,2798,2816,7335252887000,8923469252000,1778513036374856269,1778513036389814650,FULL
2799,2799,2817,7335286206000,8923502571000,1778513036408796950,1778513036421009903,FULL
2800,2800,2818,7335319525000,8923535889000,1778513036440364914,1778513036454193507,FULL
2801,2801,2819,7335352842000,8923569209000,1778513036475459527,1778513036487484055,FULL
2802,2802,2819,7335386160000,8923602526000,1778513036507447042,1778513036487484055,FULL
2803,2803,2820,7335419478000,8923635847000,1778513036540721211,1778513036535070816,FULL
2804,2804,2822,7335452797000,8923669163000,1778513036574744631,1778513036588181450,FULL
2805,2805,2823,7335486140000,8923702481000,1778513036606934033,1778513036620665950,FULL
2806,2806,2824,7335519433000,8923735800000,1778513036641054323,1778513036654205365,FULL
2807,2807,2825,7335552752000,8923769117000,1778513036674359417,1778513036689925760,FULL
2808,2808,2826,7335586070000,8923802436000,1778513036706884279,1778513036720547759,FULL
2809,2809,2827,7335619397000,8923835756000,1778513036741423305,1778513036753877622,FULL
2810,2810,2828,7335652709000,8923869074000,1778513036773577930,1778513036787282724,FULL
2811,2811,2829,7335686025000,8923902394000,1778513036807135281,1778513036820941675,FULL
2812,2812,2830,7335719355000,8923935710000,1778513036845429341,1778513036854117854,FULL
2813,2813,2831,7335752671000,8923969029000,1778513036878326569,1778513036887257829,FULL
2814,2814,2832,7335785990000,8924002348000,1778513036911593331,1778513036920552636,FULL
2815,2815,2833,7335819317000,8924035666000,1778513036944198581,1778513036953969257,FULL
2816,2816,2834,7335852629000,8924068984000,1778513036976089968,1778513036987051584,FULL
2817,2817,2835,7335885952000,8924102303000,1778513037007329287,1778513037021808006,FULL
2818,2818,2836,7335919258000,8924135622000,1778513037041138117,1778513037054062046,FULL
2819,2819,2837,7335952574000,8924168940000,1778513037073953235,1778513037087038171,FULL
2820,2820,2838,7335985893000,8924202259000,1778513037111533322,1778513037114606718,FULL
2821,2821,2839,7336019211000,8924235578000,1778513037143719539,1778513037154143372,FULL
2822,2822,2840,7336052532000,8924268896000,1778513037173403486,1778513037187053146,FULL
2823,2823,2841,7336085849000,8924302216000,1778513037206004625,1778513037220389934,FULL
2824,2824,2842,7336119165000,8924335533000,1778513037239695178,1778513037253656686,FULL
2825,2825,2843,7336152494000,8924368853000,1778513037273018143,1778513037287366581,FULL
2826,2826,2844,7336185806000,8924402170000,1778513037306107776,1778513037320559759,FULL
2827,2827,2845,7336219122000,8924435489000,1778513037341250222,1778513037353667364,FULL
2828,2828,2846,7336252440000,8924468807000,1778513037373107702,1778513037386969005,FULL
2829,2829,2847,7336285759000,8924502126000,1778513037406309704,1778513037420776881,FULL
2830,2830,2848,7336319077000,8924535446000,1778513037439792723,1778513037453691302,FULL
2831,2831,2849,7336352397000,8924568765000,1778513037474864465,1778513037487574456,FULL
2832,2832,2850,7336385714000,8924602082000,1778513037506427559,1778513037523929011,FULL
2833,2833,2851,7336419033000,8924635400000,1778513037539740746,1778513037554659546,FULL
2834,2834,2852,7336452351000,8924668719000,1778513037573050470,1778513037589749447,FULL
2835,2835,2853,7336485673000,8924702037000,1778513037606914484,1778513037622565832,FULL
2836,2836,2854,7336518988000,8924735356000,1778513037640133191,1778513037653633217,FULL
2837,2837,2855,7336552306000,8924768674000,1778513037675908259,1778513037686880543,FULL
2838,2838,2856,7336585627000,8924801992000,1778513037706397328,1778513037720348644,FULL
2839,2839,2857,7336618949000,8924835310000,1778513037740106399,1778513037753562600,FULL
2840,2840,2858,7336652263000,8924868630000,1778513037773508807,1778513037786826722,FULL
2841,2841,2859,7336685581000,8924901948000,1778513037808389052,1778513037820134696,FULL
2842,2842,2860,7336718899000,8924935266000,1778513037841021968,1778513037853389207,FULL
2843,2843,2861,7336752218000,8924968584000,1778513037873282277,1778513037886758198,FULL
2844,2844,2862,7336785536000,8925001903000,1778513037906683278,1778513037922658795,FULL
2845,2845,2863,7336818855000,8925035221000,1778513037940067167,1778513037953592384,FULL
2846,2846,2864,7336852175000,8925068540000,1778513037973185986,1778513037986742229,FULL
2847,2847,2865,7336885492000,8925101858000,1778513038006656801,1778513038020193849,FULL
2848,2848,2866,7336918811000,8925135177000,1778513038039110237,1778513038053450157,FULL
2849,2849,2867,7336952129000,8925168495000,1778513038073152842,1778513038086724705,FULL
2850,2850,2868,7336985448000,8925201814000,1778513038106541769,1778513038120126510,FULL
2851,2851,2869,7337018765000,8925235133000,1778513038140830150,1778513038153365614,FULL
2852,2852,2870,7337052083000,8925268453000,1778513038173532287,1778513038186667236,FULL
2853,2853,2871,7337085404000,8925301771000,1778513038206570533,1778513038219987765,FULL
2854,2854,2872,7337118721000,8925335088000,1778513038239936256,1778513038254503338,FULL
2855,2855,2873,7337152041000,8925368407000,1778513038272844577,1778513038286709322,FULL
2856,2856,2874,7337185363000,8925401727000,1778513038306841719,1778513038319986666,FULL
2857,2857,2875,7337218678000,8925435043000,1778513038359865643,1778513038355820337,FULL
2858,2858,2876,7337251996000,8925468362000,1778513038395034292,1778513038386628631,FULL
2859,2859,2877,7337285315000,8925501680000,1778513038426147872,1778513038420021919,FULL
2860,2860,2878,7337318635000,8925534998000,1778513038459717353,1778513038453231745,FULL
2861,2861,2879,7337351952000,8925568319000,1778513038493893697,1778513038486486386,FULL
2862,2862,2880,7337385272000,8925601636000,1778513038524677577,1778513038536038239,FULL
2863,2863,2881,7337418590000,8925634956000,1778513038558293409,1778513038558186654,FULL
2864,2864,2882,7337451909000,8925668272000,1778513038591562763,1778513038587997198,FULL
2865,2865,2883,7337485233000,8925701589000,1778513038624491621,1778513038620116906,FULL
2866,2866,2884,7337518546000,8925734908000,1778513038655501961,1778513038645563603,FULL
2867,2867,2885,7337551864000,8925768226000,1778513038687644864,1778513038686673112,FULL
2868,2868,2886,7337585181000,8925801544000,1778513038722838457,1778513038720121214,FULL
2869,2869,2887,7337618508000,8925834864000,1778513038757517722,1778513038746266776,FULL
2870,2870,2888,7337651821000,8925868181000,1778513038792624872,1778513038787122250,FULL
2871,2871,2889,7337685138000,8925901504000,1778513038825122808,1778513038820186856,FULL
2872,2872,2890,7337718457000,8925934818000,1778513038861153874,1778513038855233590,FULL
2873,2873,2891,7337751776000,8925968137000,1778513038895088387,1778513038886829488,FULL
2874,2874,2892,7337785094000,8926001457000,1778513038925644140,1778513038912276611,FULL
2875,2875,2893,7337818413000,8926034774000,1778513038958023226,1778513038952531610,FULL
2876,2876,2894,7337851730000,8926068092000,1778513038990829029,1778513038985280941,FULL
2877,2877,2895,7337885048000,8926101411000,1778513039024273733,1778513039020085974,FULL
2878,2878,2896,7337918368000,8926134729000,1778513039060192041,1778513039053193968,FULL
2879,2879,2897,7337951686000,8926168047000,1778513039093536801,1778513039086585755,FULL
2880,2880,2899,7337985005000,8926201366000,1778513039138033019,1778513039155233220,FULL
2881,2881,2899,7338018323000,8926234687000,1778513039160579430,1778513039155233220,FULL
2882,2882,2900,7338051641000,8926268007000,1778513039192048636,1778513039186728822,FULL
2883,2883,2901,7338084961000,8926301322000,1778513039222463261,1778513039219890667,FULL
2884,2884,2902,7338118278000,8926334640000,1778513039255618468,1778513039253051494,FULL
2885,2885,2903,7338151597000,8926367959000,1778513039288885470,1778513039286461670,FULL
2886,2886,2904,7338184916000,8926401278000,1778513039322149842,1778513039319896346,FULL
2887,2887,2905,7338218233000,8926434596000,1778513039355672657,1778513039353154968,FULL
2888,2888,2906,7338251556000,8926467915000,1778513039389017251,1778513039386437516,FULL
2889,2889,2907,7338284871000,8926501233000,1778513039422898857,1778513039419818378,FULL
2890,2890,2908,7338318189000,8926534551000,1778513039456173674,1778513039452856706,FULL
2891,2891,2909,7338351507000,8926567870000,1778513039489666896,1778513039488576267,FULL
2892,2892,2910,7338384825000,8926601188000,1778513039523468504,1778513039519838834,FULL
2893,2893,2911,7338418146000,8926634506000,1778513039557906753,1778513039553049124,FULL
2894,2894,2912,7338451464000,8926667825000,1778513039593052902,1778513039586333468,FULL
2895,2895,2913,7338484782000,8926701144000,1778513039627077637,1778513039619658534,FULL
2896,2896,2914,7338518100000,8926734461000,1778513039654391776,1778513039653002451,FULL
2897,2897,2915,7338551423000,8926767781000,1778513039684553292,1778513039686358091,FULL
2898,2898,2916,7338584735000,8926801099000,1778513039722147619,1778513039719806193,FULL
2899,2899,2917,7338618056000,8926834417000,1778513039751626235,1778513039752861743,FULL
2900,2900,2918,7338651373000,8926867736000,1778513039794337193,1778513039786042773,FULL
2901,2901,2919,7338684698000,8926901055000,1778513039820345142,1778513039819450301,FULL
2902,2902,2920,7338718017000,8926934373000,1778513039849488595,1778513039852820922,FULL
2903,2903,2921,7338751337000,8926967691000,1778513039878522086,1778513039886473114,FULL
2904,2904,2922,7338784651000,8927001009000,1778513039909286004,1778513039919447036,FULL
2905,2905,2923,7338817974000,8927034328000,1778513039942569283,1778513039952827712,FULL
2906,2906,2924,7338851294000,8927067646000,1778513039978679996,1778513039988769531,FULL
2907,2907,2925,7338884604000,8927100965000,1778513040018451875,1778513040022970144,FULL
2908,2908,2926,7338917936000,8927134285000,1778513040051581248,1778513040054580133,FULL
2909,2909,2927,7338951243000,8927167603000,1778513040083689522,1778513040088559730,FULL
2910,2910,2928,7338984581000,8927200921000,1778513040125417954,1778513040122645215,FULL
2911,2911,2929,7339017884000,8927234240000,1778513040154190059,1778513040153080475,FULL
2912,2912,2930,7339051213000,8927267557000,1778513040178105178,1778513040186224747,FULL
2913,2913,2931,7339084529000,8927300876000,1778513040212034414,1778513040219452443,FULL
2914,2914,2932,7339117841000,8927334195000,1778513040243830950,1778513040252824175,FULL
2915,2915,2933,7339151163000,8927367512000,1778513040276963231,1778513040286130649,FULL
2916,2916,2934,7339184476000,8927400831000,1778513040316410872,1778513040319500344,FULL
2917,2917,2935,7339217793000,8927434149000,1778513040354432546,1778513040352678244,FULL
2918,2918,2936,7339251110000,8927467468000,1778513040387837658,1778513040388269900,FULL
2919,2919,2937,7339284427000,8927500787000,1778513040412238420,1778513040419539448,FULL
2920,2920,2938,7339317756000,8927534104000,1778513040447856638,1778513040452659257,FULL
2921,2921,2939,7339351099000,8927567425000,1778513040485681704,1778513040486015675,FULL
2922,2922,2939,7339384387000,8927600742000,1778513040509104809,1778513040486015675,FULL
2923,2923,2941,7339417719000,8927634060000,1778513040548868817,1778513040557469538,FULL
2924,2924,2942,7339451026000,8927667380000,1778513040579817677,1778513040586946678,FULL
2925,2925,2943,7339484364000,8927700697000,1778513040615157935,1778513040619345753,FULL
2926,2926,2944,7339517662000,8927734016000,1778513040652871779,1778513040652634041,FULL
2927,2927,2945,7339550979000,8927767333000,1778513040675858427,1778513040678141794,FULL
2928,2928,2946,7339584313000,8927800653000,1778513040709388333,1778513040712018058,FULL
2929,2929,2947,7339617621000,8927833971000,1778513040742367265,1778513040752484574,FULL
2930,2930,2948,7339650983000,8927867290000,1778513040775364732,1778513040785920916,FULL
2931,2931,2949,7339684252000,8927900610000,1778513040811009043,1778513040813145338,FULL
2932,2932,2950,7339717565000,8927933926000,1778513040840153848,1778513040852663103,FULL
2933,2933,2951,7339750888000,8927967245000,1778513040874382414,1778513040885700523,FULL
2934,2934,2952,7339784205000,8928000563000,1778513040909245714,1778513040919125477,FULL
2935,2935,2953,7339817539000,8928033883000,1778513040940578218,1778513040952771966,FULL
2936,2936,2954,7339850840000,8928067201000,1778513040981320160,1778513040985953996,FULL
2937,2937,2955,7339884159000,8928100520000,1778513041006925558,1778513041019176915,FULL
2938,2938,2956,7339917492000,8928133838000,1778513041046520975,1778513041052533295,FULL
2939,2939,2957,7339950797000,8928167155000,1778513041072747384,1778513041085849806,FULL
2940,2940,2958,7339984114000,8928200475000,1778513041111637975,1778513041119075854,FULL
2941,2941,2959,7340017434000,8928233794000,1778513041147355304,1778513041152486197,FULL
2942,2942,2960,7340050756000,8928267111000,1778513041173287864,1778513041185751745,FULL
2943,2943,2961,7340084072000,8928300430000,1778513041205645320,1778513041213796325,FULL
2944,2944,2962,7340117409000,8928333748000,1778513041242465248,1778513041252588079,FULL
2945,2945,2963,7340150730000,8928367067000,1778513041274766668,1778513041285777331,FULL
2946,2946,2964,7340184049000,8928400385000,1778513041306947200,1778513041320676586,FULL
2947,2947,2965,7340217350000,8928433704000,1778513041339081695,1778513041352435019,FULL
2948,2948,2966,7340250670000,8928467022000,1778513041371700797,1778513041385716918,FULL
2949,2949,2967,7340283989000,8928500340000,1778513041405879604,1778513041419063910,FULL
2950,2950,2968,7340317299000,8928533662000,1778513041440957013,1778513041452317699,FULL
2951,2951,2969,7340350619000,8928566979000,1778513041476290086,1778513041485555877,FULL
2952,2952,2970,7340383941000,8928600298000,1778513041504540160,1778513041519230217,FULL
2953,2953,2971,7340417251000,8928633615000,1778513041538026771,1778513041552281860,FULL
2954,2954,2972,7340450582000,8928666934000,1778513041571175385,1778513041585599463,FULL
2955,2955,2973,7340483888000,8928700253000,1778513041605069807,1778513041618853066,FULL
2956,2956,2974,7340517206000,8928733572000,1778513041639165596,1778513041652189595,FULL
2957,2957,2975,7340550524000,8928766890000,1778513041671538978,1778513041685517976,FULL
2958,2958,2976,7340583844000,8928800208000,1778513041704962646,1778513041718936263,FULL
2959,2959,2977,7340617187000,8928833530000,1778513041738181185,1778513041752130756,FULL
2960,2960,2978,7340650480000,8928866847000,1778513041771638000,1778513041785532395,FULL
2961,2961,2979,7340683799000,8928900165000,1778513041805369590,1778513041818824387,FULL
2962,2962,2980,7340717117000,8928933483000,1778513041838205708,1778513041852101083,FULL
2963,2963,2981,7340750436000,8928966801000,1778513041871592857,1778513041885369928,FULL
2964,2964,2982,7340783753000,8929000119000,1778513041908747577,1778513041918727530,FULL
2965,2965,2983,7340817073000,8929033438000,1778513041939258294,1778513041953874486,FULL
2966,2966,2984,7340850396000,8929066755000,1778513041971667212,1778513041985331792,FULL
2967,2967,2985,7340883718000,8929100074000,1778513042006456347,1778513042018706617,FULL
2968,2968,2986,7340917033000,8929133393000,1778513042038189180,1778513042051851981,FULL
2969,2969,2987,7340950344000,8929166711000,1778513042072180452,1778513042085539025,FULL
2970,2970,2988,7340983676000,8929200030000,1778513042104773646,1778513042118501317,FULL
2971,2971,2989,7341016981000,8929233350000,1778513042138877177,1778513042152041343,FULL
2972,2972,2990,7341050303000,8929266667000,1778513042171270003,1778513042185416742,FULL
2973,2973,2991,7341083617000,8929299987000,1778513042204691337,1778513042218664013,FULL
2974,2974,2992,7341116937000,8929333305000,1778513042237850340,1778513042251841747,FULL
2975,2975,2993,7341150255000,8929366625000,1778513042271049658,1778513042285081758,FULL
2976,2976,2994,7341183583000,8929399942000,1778513042305692997,1778513042318660895,FULL
2977,2977,2995,7341216898000,8929433259000,1778513042338362061,1778513042351948573,FULL
2978,2978,2996,7341250218000,8929466578000,1778513042373590802,1778513042385124288,FULL
2979,2979,2997,7341283533000,8929499897000,1778513042405469726,1778513042418584316,FULL
2980,2980,2998,7341316856000,8929533215000,1778513042437773905,1778513042454244359,FULL
2981,2981,2999,7341350167000,8929566534000,1778513042472669020,1778513042485380094,FULL
2982,2982,2999,7341383487000,8929599853000,1778513042504602110,1778513042485380094,FULL
2983,2983,3000,7341416803000,8929633171000,1778513042538232923,1778513042534992002,FULL
2984,2984,3002,7341450124000,8929666490000,1778513042572602839,1778513042586303153,FULL
2985,2985,3003,7341483442000,8929699806000,1778513042609778171,1778513042618528785,FULL
2986,2986,3004,7341516764000,8929733124000,1778513042638097651,1778513042643782263,FULL
2987,2987,3005,7341550077000,8929766443000,1778513042673961163,1778513042685111899,FULL
2988,2988,3006,7341583398000,8929799761000,1778513042704996929,1778513042718273708,FULL
2989,2989,3007,7341616723000,8929833080000,1778513042737804381,1778513042745822255,FULL
2990,2990,3008,7341650031000,8929866398000,1778513042773575727,1778513042785956904,FULL
2991,2991,3009,7341683358000,8929899722000,1778513042804140017,1778513042819426968,FULL
2992,2992,3010,7341716671000,8929933035000,1778513042838038808,1778513042854572627,FULL
2993,2993,3011,7341749990000,8929966352000,1778513042876037039,1778513042885047758,FULL
2994,2994,3012,7341783328000,8929999672000,1778513042907079323,1778513042918330565,FULL
2995,2995,3013,7341816633000,8930032991000,1778513042945602418,1778513042947317099,FULL
2996,2996,3014,7341849954000,8930066308000,1778513042974228858,1778513042985959502,FULL
2997,2997,3015,7341883268000,8930099627000,1778513043005383623,1778513043019110311,FULL
2998,2998,3016,7341916589000,8930132946000,1778513043037822653,1778513043054557912,FULL
2999,2999,3017,7341949902000,8930166267000,1778513043070648345,1778513043085356539,FULL
3000,3000,3018,7341983221000,8930199585000,1778513043110196892,1778513043118396645,FULL
3001,3001,3019,7342016542000,8930232903000,1778513043140983531,1778513043151749988,FULL
3002,3002,3020,7342049857000,8930266219000,1778513043172249314,1778513043186555706,FULL
3003,3003,3021,7342083181000,8930299538000,1778513043211683806,1778513043218408064,FULL
3004,3004,3022,7342116500000,8930332856000,1778513043247988610,1778513043251778574,FULL
3005,3005,3023,7342149815000,8930366175000,1778513043275813743,1778513043287542598,FULL
3006,3006,3024,7342183133000,8930399493000,1778513043307109451,1778513043318448391,FULL
3007,3007,3025,7342216461000,8930432814000,1778513043342602375,1778513043347316093,FULL
3008,3008,3026,7342249776000,8930466132000,1778513043373274145,1778513043385744109,FULL
3009,3009,3027,7342283095000,8930499451000,1778513043405725193,1778513043418605680,FULL
3010,3010,3028,7342316409000,8930532769000,1778513043439568207,1778513043449307975,FULL
3011,3011,3029,7342349732000,8930566088000,1778513043483998481,1778513043474330047,FULL
3012,3012,3030,7342383049000,8930599406000,1778513043516253123,1778513043508198997,FULL
3013,3013,3031,7342416368000,8930632725000,1778513043553681452,1778513043551486855,FULL
3014,3014,3032,7342449688000,8930666043000,1778513043585003178,1778513043586444275,FULL
3015,3015,3033,7342483004000,8930699361000,1778513043630956677,1778513043620859238,FULL
3016,3016,3034,7342516322000,8930732680000,1778513043658429906,1778513043651933141,FULL
3017,3017,3035,7342549639000,8930765998000,1778513043685961728,1778513043685016450,FULL
3018,3018,3036,7342582956000,8930799316000,1778513043721699519,1778513043718663179,FULL
3019,3019,3037,7342616278000,8930832635000,1778513043759234384,1778513043751589675,FULL
3020,3020,3038,7342649612000,8930865954000,1778513043782387640,1778513043787173589,FULL
3021,3021,3039,7342682909000,8930899273000,1778513043809810500,1778513043818258288,FULL
3022,3022,3040,7342716231000,8930932592000,1778513043844099288,1778513043851590465,FULL
3023,3023,3041,7342749555000,8930965910000,1778513043881390192,1778513043885094937,FULL
3024,3024,3043,7342782868000,8930999228000,1778513043937651527,1778513043951442701,FULL
3025,3025,3043,7342816183000,8931032546000,1778513043965559419,1778513043951442701,FULL
3026,3026,3044,7342849526000,8931065864000,1778513043999653894,1778513043984783600,FULL
3027,3027,3045,7342882829000,8931099183000,1778513044018426826,1778513044018144647,FULL
3028,3028,3046,7342916140000,8931132501000,1778513044044002631,1778513044051740581,FULL
3029,3029,3047,7342949473000,8931165819000,1778513044084746018,1778513044085252441,FULL
3030,3030,3048,7342982778000,8931199139000,1778513044125413405,1778513044118424824,FULL
3031,3031,3050,7343016104000,8931232457000,1778513044171994378,1778513044185071567,FULL
3032,3032,3051,7343049421000,8931265775000,1778513044212056105,1778513044218237467,FULL
3033,3033,3051,7343082741000,8931299094000,1778513044230936444,1778513044218237467,FULL
3034,3034,3052,7343116060000,8931332412000,1778513044260148340,1778513044252332174,FULL
3035,3035,3053,7343149373000,8931365731000,1778513044289426625,1778513044284870173,FULL
3036,3036,3054,7343182700000,8931399050000,1778513044327837629,1778513044318261054,FULL
3037,3037,3055,7343216052000,8931432368000,1778513044349581030,1778513044351558064,FULL
3038,3038,3056,7343249326000,8931465686000,1778513044391787197,1778513044384648947,FULL
3039,3039,3057,7343282646000,8931499004000,1778513044417465964,1778513044419616868,FULL
3040,3040,3058,7343315964000,8931532324000,1778513044446685194,1778513044451286042,FULL
3041,3041,3059,7343349288000,8931565643000,1778513044499825580,1778513044484476646,FULL
3042,3042,3060,7343382600000,8931598960000,1778513044525484181,1778513044534371144,FULL
3043,3043,3060,7343415920000,8931632279000,1778513044544734367,1778513044534371144,FULL
3044,3044,3062,7343449245000,8931665599000,1778513044575678097,1778513044586549916,FULL
3045,3045,3063,7343482554000,8931698916000,1778513044624847469,1778513044618082203,FULL
3046,3046,3065,7343515875000,8931732234000,1778513044678458832,1778513044684971129,FULL
3047,3047,3065,7343549196000,8931765552000,1778513044699904088,1778513044684971129,FULL
3048,3048,3066,7343582577000,8931798871000,1778513044729208891,1778513044717791033,FULL
3049,3049,3067,7343615829000,8931832190000,1778513044754448922,1778513044751031489,FULL
3050,3050,3068,7343649149000,8931865508000,1778513044781851300,1778513044785321786,FULL
3051,3051,3069,7343682472000,8931898832000,1778513044813732984,1778513044818920350,FULL
3052,3052,3070,7343715790000,8931932146000,1778513044843867037,1778513044851881567,FULL
3053,3053,3071,7343749116000,8931965464000,1778513044880818760,1778513044885051801,FULL
3054,3054,3072,7343782428000,8931998782000,1778513044908430637,1778513044913408952,FULL
3055,3055,3073,7343815754000,8932032101000,1778513044941107608,1778513044953178882,FULL
3056,3056,3074,7343849072000,8932065418000,1778513044980924708,1778513044983256035,FULL
3057,3057,3075,7343882378000,8932098736000,1778513045006388514,1778513045008919545,FULL
3058,3058,3076,7343915705000,8932132055000,1778513045040486026,1778513045050431458,FULL
3059,3059,3077,7343949044000,8932165374000,1778513045077441638,1778513045084963438,FULL
3060,3060,3078,7343982367000,8932198692000,1778513045130497876,1778513045117872434,FULL
3061,3061,3079,7344015660000,8932232012000,1778513045158010291,1778513045151741161,FULL
3062,3062,3080,7344048969000,8932265327000,1778513045180140114,1778513045184612139,FULL
3063,3063,3081,7344082291000,8932298652000,1778513045224484684,1778513045217807725,FULL
3064,3064,3082,7344115609000,8932331966000,1778513045245913126,1778513045251900061,FULL
3065,3065,3083,7344148926000,8932365285000,1778513045277992215,1778513045284411820,FULL
3066,3066,3084,7344182242000,8932398604000,1778513045309106925,1778513045320318194,FULL
3067,3067,3085,7344215570000,8932431922000,1778513045341175291,1778513045351069118,FULL
3068,3068,3086,7344248899000,8932465241000,1778513045391885221,1778513045384433573,FULL
3069,3069,3087,7344282200000,8932498559000,1778513045422752304,1778513045417660843,FULL
3070,3070,3088,7344315533000,8932531878000,1778513045464550772,1778513045451554552,FULL
3071,3071,3089,7344348841000,8932565204000,1778513045496612157,1778513045485438168,FULL
3072,3072,3090,7344382156000,8932598515000,1778513045529786790,1778513045518107740,FULL
3073,3073,3091,7344415485000,8932631833000,1778513045548883052,1778513045551208031,FULL
3074,3074,3092,7344448794000,8932665152000,1778513045584753934,1778513045584542059,FULL
3075,3075,3093,7344482118000,8932698470000,1778513045611836927,1778513045617657387,FULL
3076,3076,3094,7344515451000,8932731788000,1778513045645800107,1778513045653493187,FULL
3077,3077,3095,7344548785000,8932765107000,1778513045675727126,1778513045684395240,FULL
3078,3078,3096,7344582078000,8932798425000,1778513045717799665,1778513045717791601,FULL
3079,3079,3097,7344615389000,8932831744000,1778513045755527769,1778513045750925799,FULL
3080,3080,3098,7344648704000,8932865062000,1778513045796603504,1778513045784261772,FULL
3081,3081,3100,7344682036000,8932898381000,1778513045840156064,1778513045851365603,FULL
3082,3082,3100,7344715352000,8932931699000,1778513045848339126,1778513045851365603,FULL
3083,3083,3101,7344748659000,8932965018000,1778513045884202194,1778513045884330987,FULL
3084,3084,3102,7344781979000,8932998336000,1778513045913237889,1778513045917644590,FULL
3085,3085,3103,7344815290000,8933031655000,1778513045949877633,1778513045950918787,FULL
3086,3086,3104,7344848611000,8933064973000,1778513045979682986,1778513045984233464,FULL
3087,3087,3105,7344881934000,8933098291000,1778513046009915372,1778513046017459697,FULL
3088,3088,3106,7344915259000,8933131609000,1778513046053181066,1778513046051394202,FULL
3089,3089,3107,7344948572000,8933164928000,1778513046076503932,1778513046083955756,FULL
3090,3090,3108,7344981885000,8933198248000,1778513046110178022,1778513046118105888,FULL
3091,3091,3109,7345015214000,8933231566000,1778513046148842504,1778513046150889071,FULL
3092,3092,3110,7345048526000,8933264884000,1778513046174464865,1778513046184607781,FULL
3093,3093,3111,7345081841000,8933298203000,1778513046213502251,1778513046217556221,FULL
3094,3094,3112,7345115162000,8933331521000,1778513046254936019,1778513046253148413,FULL
3095,3095,3113,7345148488000,8933364840000,1778513046293616594,1778513046283996447,FULL
3096,3096,3114,7345181800000,8933398158000,1778513046318859699,1778513046318141598,FULL
3097,3097,3115,7345215124000,8933431476000,1778513046349126325,1778513046350622968,FULL
3098,3098,3116,7345248432000,8933464795000,1778513046392081633,1778513046384099477,FULL
3099,3099,3117,7345281761000,8933498113000,1778513046433209034,1778513046417791799,FULL
3100,3100,3118,7345315072000,8933531432000,1778513046453914890,1778513046450397613,FULL
3101,3101,3119,7345348392000,8933564751000,1778513046481236399,1778513046483982861,FULL
3102,3102,3120,7345381713000,8933598070000,1778513046522067470,1778513046533523437,FULL
3103,3103,3121,7345415033000,8933631387000,1778513046549861215,1778513046555068894,FULL
3104,3104,3122,7345448346000,8933664706000,1778513046592123400,1778513046586382184,FULL
3105,3105,3123,7345481669000,8933698025000,1778513046611750212,1778513046617382957,FULL
3106,3106,3124,7345514996000,8933731342000,1778513046645314008,1778513046650328749,FULL
3107,3107,3125,7345548300000,8933764661000,1778513046676449773,1778513046676204424,FULL
3108,3108,3126,7345581628000,8933797979000,1778513046707651519,1778513046717260434,FULL
3109,3109,3127,7345614955000,8933831297000,1778513046741682050,1778513046750398316,FULL
3110,3110,3128,7345648255000,8933864616000,1778513046779818409,1778513046783828585,FULL
3111,3111,3129,7345681590000,8933897935000,1778513046823469524,1778513046817685275,FULL
3112,3112,3130,7345714918000,8933931253000,1778513046849944542,1778513046850499680,FULL
3113,3113,3131,7345748208000,8933964572000,1778513046879772302,1778513046885977317,FULL
3114,3114,3132,7345781574000,8933997890000,1778513046909513601,1778513046917080645,FULL
3115,3115,3133,7345814863000,8934031208000,1778513046959986681,1778513046950585080,FULL
3116,3116,3134,7345848172000,8934064527000,1778513046983851838,1778513046983882424,FULL
3117,3117,3135,7345881492000,8934097845000,1778513047011157458,1778513047017022010,FULL
3118,3118,3136,7345914802000,8934131164000,1778513047045320321,1778513047050438094,FULL
3119,3119,3137,7345948120000,8934164482000,1778513047078348585,1778513047076962929,FULL
3120,3120,3138,7345981444000,8934197801000,1778513047128167154,1778513047115585148,FULL
3121,3121,3139,7346014760000,8934231120000,1778513047153084392,1778513047148737900,FULL
3122,3122,3140,7346048077000,8934264437000,1778513047189347492,1778513047176026136,FULL
3123,3123,3141,7346081398000,8934297758000,1778513047223036027,1778513047217047238,FULL
3124,3124,3142,7346114714000,8934331076000,1778513047245949768,1778513047249989308,FULL
3125,3125,3143,7346148039000,8934364393000,1778513047288313248,1778513047283906590,FULL
3126,3126,3144,7346181356000,8934397712000,1778513047318342321,1778513047316902159,FULL
3127,3127,3146,7346214675000,8934431029000,1778513047368229871,1778513047378101011,FULL
3128,3128,3146,7346248002000,8934464348000,1778513047388247346,1778513047378101011,FULL
3129,3129,3147,7346281314000,8934497667000,1778513047422009269,1778513047416772062,FULL
3130,3130,3148,7346314632000,8934530985000,1778513047465149297,1778513047450030777,FULL
3131,3131,3149,7346347954000,8934564304000,1778513047482917443,1778513047485779856,FULL
3132,3132,3150,7346381298000,8934597621000,1778513047514569648,1778513047517616344,FULL
3133,3133,3151,7346414591000,8934630940000,1778513047546702236,1778513047550818004,FULL
3134,3134,3152,7346447905000,8934664259000,1778513047579158395,1778513047583567464,FULL
3135,3135,3153,7346481223000,8934697577000,1778513047619297658,1778513047616554126,FULL
3136,3136,3154,7346514549000,8934730896000,1778513047652058258,1778513047649964746,FULL
3137,3137,3155,7346547858000,8934764215000,1778513047691936302,1778513047683931732,FULL
3138,3138,3156,7346581174000,8934797532000,1778513047728733396,1778513047716881542,FULL
3139,3139,3157,7346614488000,8934830851000,1778513047757515983,1778513047750081091,FULL
3140,3140,3158,7346647812000,8934864169000,1778513047776090972,1778513047783420231,FULL
3141,3141,3159,7346681128000,8934897488000,1778513047804732894,1778513047816659372,FULL
3142,3142,3160,7346714449000,8934930807000,1778513047847651313,1778513047850265694,FULL
3143,3143,3161,7346747766000,8934964125000,1778513047877865254,1778513047884959580,FULL
3144,3144,3162,7346781110000,8934997444000,1778513047912378892,1778513047915399100,FULL
3145,3145,3163,7346814404000,8935030762000,1778513047947814575,1778513047948672203,FULL
3146,3146,3164,7346847730000,8935064081000,1778513047979194800,1778513047982049954,FULL
3147,3147,3165,7346881036000,8935097399000,1778513048021946092,1778513048015241836,FULL
3148,3148,3166,7346914374000,8935130717000,1778513048044067767,1778513048048457199,FULL
3149,3149,3167,7346947671000,8935164036000,1778513048071135315,1778513048081862061,FULL
3150,3150,3168,7346980992000,8935197355000,1778513048107440767,1778513048109777124,FULL
3151,3151,3169,7347014349000,8935230673000,1778513048137368249,1778513048148641580,FULL
3152,3152,3170,7347047628000,8935263992000,1778513048172572786,1778513048175471394,FULL
3153,3153,3171,7347080956000,8935297310000,1778513048202944096,1778513048216564774,FULL
3154,3154,3172,7347114269000,8935330628000,1778513048245214374,1778513048249846303,FULL
3155,3155,3173,7347147585000,8935363946000,1778513048271312341,1778513048283208832,FULL
3156,3156,3174,7347180903000,8935397265000,1778513048303183969,1778513048316834765,FULL
3157,3157,3175,7347214221000,8935430584000,1778513048341634879,1778513048350210108,FULL
3158,3158,3176,7347247537000,8935463902000,1778513048372296149,1778513048383255510,FULL
3159,3159,3177,7347280858000,8935497221000,1778513048404330942,1778513048416555002,FULL
3160,3160,3178,7347314179000,8935530539000,1778513048439454425,1778513048449816402,FULL
3161,3161,3179,7347347517000,8935563858000,1778513048475215790,1778513048483147487,FULL
3162,3162,3179,7347380815000,8935597176000,1778513048501969268,1778513048483147487,FULL
3163,3163,3180,7347414135000,8935630494000,1778513048537880853,1778513048533318019,FULL
3164,3164,3182,7347447465000,8935663813000,1778513048582437959,1778513048585581901,FULL
3165,3165,3183,7347480772000,8935697137000,1778513048616837171,1778513048619037577,FULL
3166,3166,3184,7347514088000,8935730451000,1778513048644741267,1778513048649798927,FULL
3167,3167,3185,7347547417000,8935763769000,1778513048676700301,1778513048675111923,FULL
3168,3168,3186,7347580731000,8935797088000,1778513048707341331,1778513048716218765,FULL
3169,3169,3187,7347614051000,8935830406000,1778513048739233014,1778513048749373666,FULL
3170,3170,3188,7347647376000,8935863725000,1778513048788060983,1778513048782774287,FULL
3171,3171,3189,7347680691000,8935897043000,1778513048805792574,1778513048817152990,FULL
3172,3172,3190,7347714017000,8935930361000,1778513048837908922,1778513048850286706,FULL
3173,3173,3191,7347747328000,8935963680000,1778513048869187630,1778513048883625846,FULL
3174,3174,3192,7347780635000,8935996999000,1778513048906448164,1778513048916774377,FULL
3175,3175,3193,7347813964000,8936030317000,1778513048941535740,1778513048949765909,FULL
3176,3176,3194,7347847279000,8936063637000,1778513048991170977,1778513048983123086,FULL
3177,3177,3195,7347880603000,8936096954000,1778513049013042543,1778513049016354467,FULL
3178,3178,3196,7347913910000,8936130273000,1778513049045590164,1778513049049485054,FULL
3179,3179,3197,7347947233000,8936163591000,1778513049081010440,1778513049082769713,FULL
3180,3180,3198,7347980548000,8936196909000,1778513049114241257,1778513049117020362,FULL
3181,3181,3199,7348013866000,8936230228000,1778513049147281243,1778513049150490945,FULL
3182,3182,3200,7348047189000,8936263546000,1778513049170366982,1778513049183856122,FULL
3183,3183,3201,7348080501000,8936296865000,1778513049217843576,1778513049216234067,FULL
3184,3184,3202,7348113825000,8936330183000,1778513049240958333,1778513049249418598,FULL
3185,3185,3203,7348147138000,8936363501000,1778513049277810279,1778513049282634553,FULL
3186,3186,3204,7348180457000,8936396820000,1778513049311680015,1778513049317075460,FULL
3187,3187,3205,7348213774000,8936430139000,1778513049345962229,1778513049352201157,FULL
3188,3188,3206,7348247102000,8936463457000,1778513049372573764,1778513049383487187,FULL
3189,3189,3207,7348280413000,8936496776000,1778513049407987077,1778513049416919511,FULL
3190,3190,3208,7348313732000,8936530094000,1778513049438171408,1778513049450182207,FULL
3191,3191,3209,7348347057000,8936563413000,1778513049470075146,1778513049483688531,FULL
3192,3192,3210,7348380371000,8936596731000,1778513049500913304,1778513049516114680,FULL
3193,3193,3211,7348413682000,8936630049000,1778513049538319318,1778513049549666891,FULL
3194,3194,3212,7348447008000,8936663368000,1778513049568829701,1778513049582568591,FULL
3195,3195,3213,7348480326000,8936696686000,1778513049601722633,1778513049616185265,FULL
3196,3196,3214,7348513642000,8936730005000,1778513049636323028,1778513049649547479,FULL
3197,3197,3215,7348546965000,8936763324000,1778513049668740706,1778513049682744083,FULL
3198,3198,3216,7348580278000,8936796642000,1778513049702942939,1778513049717484080,FULL
3199,3199,3217,7348613625000,8936829961000,1778513049735967351,1778513049751253956,FULL
3200,3200,3218,7348646923000,8936863281000,1778513049770305601,1778513049783393923,FULL
3201,3201,3219,7348680234000,8936896597000,1778513049802697798,1778513049816000995,FULL
3202,3202,3220,7348713558000,8936929915000,1778513049841292226,1778513049849404931,FULL
3203,3203,3221,7348746875000,8936963234000,1778513049872501009,1778513049882542054,FULL
3204,3204,3222,7348780188000,8936996552000,1778513049904025585,1778513049918790277,FULL
3205,3205,3223,7348813519000,8937029871000,1778513049935845102,1778513049952547098,FULL
3206,3206,3224,7348846834000,8937063189000,1778513049969220825,1778513049983517279,FULL
3207,3207,3225,7348880145000,8937096508000,1778513050002279348,1778513050018060667,FULL
3208,3208,3226,7348913467000,8937129826000,1778513050040610482,1778513050049463196,FULL
3209,3209,3227,7348946791000,8937163144000,1778513050068983628,1778513050082587375,FULL
3210,3210,3228,7348980103000,8937196463000,1778513050104505218,1778513050118993596,FULL
3211,3211,3229,7349013425000,8937229781000,1778513050136765138,1778513050150248738,FULL
3212,3212,3230,7349046746000,8937263101000,1778513050171510921,1778513050183328547,FULL
3213,3213,3231,7349080072000,8937296419000,1778513050202202709,1778513050216837722,FULL
3214,3214,3232,7349113383000,8937329738000,1778513050236229463,1778513050252364767,FULL
3215,3215,3233,7349146699000,8937363055000,1778513050268278163,1778513050283283448,FULL
3216,3216,3234,7349180080000,8937396375000,1778513050302178918,1778513050318675124,FULL
3217,3217,3235,7349213333000,8937429693000,1778513050335518604,1778513050349202495,FULL
3218,3218,3236,7349246652000,8937463011000,1778513050368957253,1778513050382411580,FULL
3219,3219,3237,7349279973000,8937496333000,1778513050401940073,1778513050415809979,FULL
3220,3220,3238,7349313289000,8937529649000,1778513050435236408,1778513050448920658,FULL
3221,3221,3239,7349346611000,8937562966000,1778513050468827814,1778513050482304371,FULL
3222,3222,3239,7349379929000,8937596285000,1778513050502029206,1778513050482304371,FULL
3223,3223,3240,7349413250000,8937629604000,1778513050537353760,1778513050530554885,FULL
3224,3224,3242,7349446564000,8937662923000,1778513050570828019,1778513050584398438,FULL
3225,3225,3243,7349479881000,8937696241000,1778513050602354058,1778513050615807207,FULL
3226,3226,3244,7349513200000,8937729559000,1778513050639501112,1778513050648876183,FULL
3227,3227,3245,7349546518000,8937762877000,1778513050671014540,1778513050675245502,FULL
3228,3228,3246,7349579839000,8937796196000,1778513050702200194,1778513050715903163,FULL
3229,3229,3247,7349613159000,8937829514000,1778513050735047960,1778513050748960343,FULL
3230,3230,3248,7349646476000,8937862832000,1778513050769122046,1778513050782381871,FULL
3231,3231,3249,7349679800000,8937896150000,1778513050802330678,1778513050816047637,FULL
3232,3232,3250,7349713111000,8937929469000,1778513050841848874,1778513050849013429,FULL
3233,3233,3251,7349746429000,8937962787000,1778513050869609638,1778513050882080905,FULL
3234,3234,3252,7349779757000,8937996106000,1778513050901657857,1778513050915738004,FULL
3235,3235,3253,7349813065000,8938029424000,1778513050936516527,1778513050949141495,FULL
3236,3236,3254,7349846379000,8938062743000,1778513050968109936,1778513050983116462,FULL
3237,3237,3255,7349879703000,8938096062000,1778513051001990765,1778513051015709258,FULL
3238,3238,3256,7349913019000,8938129381000,1778513051035028954,1778513051049212266,FULL
3239,3239,3257,7349946342000,8938162699000,1778513051069157022,1778513051082456518,FULL
3240,3240,3258,7349979662000,8938196020000,1778513051106468037,1778513051115707233,FULL
3241,3241,3259,7350012975000,8938229336000,1778513051136000541,1778513051148960744,FULL
3242,3242,3260,7350046295000,8938262653000,1778513051168073537,1778513051184614158,FULL
3243,3243,3261,7350079617000,8938295973000,1778513051200768990,1778513051215592839,FULL
3244,3244,3262,7350112934000,8938329291000,1778513051234239471,1778513051248949645,FULL
3245,3245,3263,7350146252000,8938362610000,1778513051267463844,1778513051282193249,FULL
3246,3246,3264,7350179574000,8938395928000,1778513051309087240,1778513051315651554,FULL
3247,3247,3265,7350212884000,8938429247000,1778513051334896913,1778513051348999361,FULL
3248,3248,3266,7350246210000,8938462565000,1778513051367851734,1778513051382237557,FULL
3249,3249,3267,7350279527000,8938495884000,1778513051401264438,1778513051415738862,FULL
3250,3250,3268,7350312840000,8938529202000,1778513051435138841,1778513051449056095,FULL
3251,3251,3269,7350346161000,8938562521000,1778513051468971689,1778513051484740619,FULL
3252,3252,3270,7350379489000,8938595840000,1778513051501622957,1778513051515627524,FULL
3253,3253,3271,7350412799000,8938629157000,1778513051534390650,1778513051549005163,FULL
3254,3254,3272,7350446121000,8938662477000,1778513051570884914,1778513051582402432,FULL
3255,3255,3273,7350479437000,8938695794000,1778513051601489166,1778513051615577555,FULL
3256,3256,3274,7350512754000,8938729113000,1778513051636020729,1778513051648835511,FULL
3257,3257,3275,7350546074000,8938762432000,1778513051668916902,1778513051682205298,FULL
3258,3258,3276,7350579389000,8938795751000,1778513051701677835,1778513051715506772,FULL
3259,3259,3277,7350612708000,8938829069000,1778513051734601823,1778513051748826801,FULL
3260,3260,3278,7350646029000,8938862387000,1778513051768053138,1778513051782068942,FULL
3261,3261,3279,7350679348000,8938895706000,1778513051801719117,1778513051817672578,FULL
3262,3262,3280,7350712664000,8938929025000,1778513051834729344,1778513051848933534,FULL
3263,3263,3281,7350745984000,8938962343000,1778513051868151215,1778513051882115435,FULL
3264,3264,3282,7350779303000,8938995662000,1778513051901849805,1778513051915291354,FULL
3265,3265,3283,7350812622000,8939028980000,1778513051939643723,1778513051948554069,FULL
3266,3266,3284,7350845947000,8939062298000,1778513051975099572,1778513051981849746,FULL
3267,3267,3285,7350879257000,8939095617000,1778513052004439190,1778513052015235645,FULL
3268,3268,3286,7350912572000,8939128934000,1778513052037007421,1778513052048425138,FULL
3269,3269,3287,7350945937000,8939162253000,1778513052071133711,1778513052081844036,FULL
3270,3270,3288,7350979236000,8939195571000,1778513052103678406,1778513052115247231,FULL
3271,3271,3289,7351012531000,8939228889000,1778513052134671802,1778513052148558242,FULL
3272,3272,3290,7351045853000,8939262208000,1778513052170263947,1778513052181823993,FULL
3273,3273,3291,7351079173000,8939295528000,1778513052204279793,1778513052215642888,FULL
3274,3274,3292,7351112484000,8939328847000,1778513052233951388,1778513052248425959,FULL
3275,3275,3293,7351145802000,8939362165000,1778513052267557868,1778513052281760673,FULL
3276,3276,3294,7351179119000,8939395483000,1778513052301030553,1778513052314988647,FULL
3277,3277,3295,7351212438000,8939428801000,1778513052334573497,1778513052348462767,FULL
3278,3278,3296,7351245757000,8939462119000,1778513052368851433,1778513052381833981,FULL
3279,3279,3297,7351279081000,8939495438000,1778513052400849708,1778513052417262249,FULL
3280,3280,3298,7351312392000,8939528756000,1778513052434265060,1778513052448387799,FULL
3281,3281,3299,7351345710000,8939562075000,1778513052468717217,1778513052481760901,FULL
3282,3282,3299,7351379032000,8939595394000,1778513052501633926,1778513052481760901,FULL
3283,3283,3300,7351412351000,8939628711000,1778513052534826096,1778513052529129479,FULL
3284,3284,3302,7351445673000,8939662029000,1778513052567382272,1778513052582372612,FULL
3285,3285,3303,7351478991000,8939695348000,1778513052602217276,1778513052617283033,FULL
3286,3286,3304,7351512305000,8939728667000,1778513052636915856,1778513052646913190,FULL
3287,3287,3305,7351545627000,8939761986000,1778513052669006926,1778513052671588951,FULL
3288,3288,3306,7351578950000,8939795301000,1778513052702796941,1778513052705774879,FULL
3289,3289,3307,7351612272000,8939828619000,1778513052735066139,1778513052748891350,FULL
3290,3290,3308,7351645576000,8939861939000,1778513052766683103,1778513052782251563,FULL
3291,3291,3308,7351678892000,8939895259000,1778513052799281760,1778513052782251563,FULL
3292,3292,3309,7351712211000,8939928576000,1778513052833317736,1778513052819453647,FULL
3293,3293,3311,7351745528000,8939961894000,1778513052866653107,1778513052881488028,FULL
3294,3294,3312,7351778847000,8939995212000,1778513052899956220,1778513052914756927,FULL
3295,3295,3313,7351812164000,8940028534000,1778513052932591285,1778513052949009873,FULL
3296,3296,3314,7351845485000,8940061849000,1778513052967919598,1778513052983485261,FULL
3297,3297,3315,7351878810000,8940095168000,1778513053002248663,1778513053015824207,FULL
3298,3298,3316,7351912129000,8940128486000,1778513053033410021,1778513053049938265,FULL
3299,3299,3317,7351945440000,8940161806000,1778513053069452568,1778513053081585700,FULL
3300,3300,3318,7351978763000,8940195124000,1778513053107690499,1778513053114783063,FULL
3301,3301,3319,7352012077000,8940228444000,1778513053139994715,1778513053148231961,FULL
3302,3302,3320,7352045398000,8940261760000,1778513053171778178,1778513053181595230,FULL
3303,3303,3321,7352078718000,8940295079000,1778513053200255545,1778513053214941296,FULL
3304,3304,3322,7352112033000,8940328396000,1778513053239802907,1778513053248298991,FULL
3305,3305,3323,7352145375000,8940361716000,1778513053269897757,1778513053281527762,FULL
3306,3306,3324,7352178673000,8940395034000,1778513053298764861,1778513053314792773,FULL
3307,3307,3325,7352211987000,8940428352000,1778513053332078733,1778513053348496631,FULL
3308,3308,3326,7352245305000,8940461670000,1778513053365470308,1778513053381387220,FULL
3309,3309,3327,7352278625000,8940494989000,1778513053399255009,1778513053414601046,FULL
3310,3310,3328,7352311942000,8940528308000,1778513053432478085,1778513053448125369,FULL
3311,3311,3329,7352345260000,8940561627000,1778513053465747069,1778513053481373010,FULL
3312,3312,3330,7352378579000,8940594947000,1778513053499095403,1778513053514456079,FULL
3313,3313,3331,7352411900000,8940628265000,1778513053536903932,1778513053551367721,FULL
3314,3314,3332,7352445218000,8940661583000,1778513053568919595,1778513053582696417,FULL
3315,3315,3333,7352478556000,8940694901000,1778513053599612736,1778513053615705968,FULL
3316,3316,3333,7352511855000,8940728222000,1778513053632400595,1778513053615705968,FULL
3317,3317,3335,7352545172000,8940761539000,1778513053666688919,1778513053681332387,FULL
3318,3318,3336,7352578492000,8940794858000,1778513053701829995,1778513053714945154,FULL
3319,3319,3337,7352611813000,8940828176000,1778513053733421255,1778513053748094722,FULL
3320,3320,3338,7352645132000,8940861494000,1778513053765623639,1778513053781179901,FULL
3321,3321,3339,7352678446000,8940894814000,1778513053799562097,1778513053814461412,FULL
3322,3322,3340,7352711764000,8940928132000,1778513053832844969,1778513053849242482,FULL
3323,3323,3341,7352745083000,8940961450000,1778513053866284581,1778513053882452086,FULL
3324,3324,3342,7352778401000,8940994768000,1778513053899550583,1778513053915804559,FULL
3325,3325,3343,7352811724000,8941028088000,1778513053932790548,1778513053948166505,FULL
3326,3326,3344,7352845039000,8941061406000,1778513053966322270,1778513053981290147,FULL
3327,3327,3345,7352878357000,8941094724000,1778513054000458670,1778513054014578269,FULL
3328,3328,3346,7352911675000,8941128042000,1778513054033016587,1778513054048006352,FULL
3329,3329,3347,7352944997000,8941161361000,1778513054066650622,1778513054081349918,FULL
3330,3330,3348,7352978321000,8941194679000,1778513054101026687,1778513054114648206,FULL
3331,3331,3349,7353011641000,8941227998000,1778513054133565234,1778513054148731746,FULL
3332,3332,3350,7353044951000,8941261316000,1778513054166675441,1778513054182168200,FULL
3333,3333,3351,7353078270000,8941294633000,1778513054200313365,1778513054215532266,FULL
3334,3334,3352,7353111588000,8941327952000,1778513054234353563,1778513054249601584,FULL
3335,3335,3353,7353144906000,8941361271000,1778513054266654112,1778513054283279202,FULL
3336,3336,3353,7353178237000,8941394589000,1778513054299028680,1778513054283279202,FULL
3337,3337,3355,7353211544000,8941427907000,1778513054332793362,1778513054349214100,FULL
3338,3338,3355,7353244862000,8941461225000,1778513054366162511,1778513054349214100,FULL
3339,3339,3356,7353278181000,8941494545000,1778513054399141572,1778513054384312945,FULL
3340,3340,3358,7353311505000,8941527863000,1778513054433290027,1778513054447958087,FULL
3341,3341,3359,7353344818000,8941561182000,1778513054466197107,1778513054481399096,FULL
3342,3342,3359,7353378137000,8941594498000,1778513054499056651,1778513054481399096,FULL
3343,3343,3360,7353411456000,8941627817000,1778513054532882110,1778513054531569777,FULL
3344,3344,3361,7353444777000,8941661136000,1778513054566426220,1778513054553319751,FULL
3345,3345,3363,7353478096000,8941694454000,1778513054600936469,1778513054614747878,FULL
3346,3346,3364,7353511414000,8941727773000,1778513054635801973,1778513054639693025,FULL
3347,3347,3365,7353544737000,8941761094000,1778513054668282390,1778513054672909463,FULL
3348,3348,3366,7353578049000,8941794410000,1778513054700543514,1778513054714617503,FULL
3349,3349,3367,7353611375000,8941827729000,1778513054742280668,1778513054742153199,FULL
3350,3350,3368,7353644689000,8941861046000,1778513054766745929,1778513054784404753,FULL
3351,3351,3369,7353678003000,8941894367000,1778513054801282566,1778513054815069807,FULL
3352,3352,3369,7353711321000,8941927683000,1778513054832417461,1778513054815069807,FULL
3353,3353,3371,7353744641000,8941961002000,1778513054866164829,1778513054880919706,FULL
3354,3354,3372,7353777956000,8941994321000,1778513054899742254,1778513054914785970,FULL
3355,3355,3373,7353811285000,8942027639000,1778513054934027838,1778513054948187980,FULL
3356,3356,3374,7353844604000,8942060958000,1778513054968182645,1778513054982660405,FULL
3357,3357,3375,7353877924000,8942094278000,1778513055003018909,1778513055014980462,FULL
3358,3358,3376,7353911232000,8942127594000,1778513055032298749,1778513055046607600,FULL
3359,3359,3377,7353944550000,8942160912000,1778513055066559815,1778513055081080137,FULL
3360,3360,3378,7353977870000,8942194232000,1778513055103905237,1778513055112662053,FULL
3361,3361,3379,7354011189000,8942227551000,1778513055133572166,1778513055147708232,FULL
3362,3362,3380,7354044505000,8942260868000,1778513055166590263,1778513055181545256,FULL
3363,3363,3381,7354077825000,8942294187000,1778513055198171172,1778513055214723045,FULL
3364,3364,3382,7354111142000,8942327504000,1778513055232810123,1778513055247496635,FULL
3365,3365,3383,7354144462000,8942360824000,1778513055264786583,1778513055280892737,FULL
3366,3366,3384,7354177781000,8942394141000,1778513055298081362,1778513055313934065,FULL
3367,3367,3385,7354211097000,8942427461000,1778513055331614936,1778513055348061420,FULL
3368,3368,3386,7354244417000,8942460779000,1778513055364849790,1778513055381549725,FULL
3369,3369,3387,7354277735000,8942494098000,1778513055398728286,1778513055414970086,FULL
3370,3370,3387,7354311054000,8942527417000,1778513055432163916,1778513055414970086,FULL
3371,3371,3388,7354344371000,8942560736000,1778513055465182143,1778513055449793748,FULL
3372,3372,3389,7354377689000,8942594054000,1778513055498306461,1778513055480580024,FULL
3373,3373,3390,7354411009000,8942627371000,1778513055532746322,1778513055516567990,FULL
3374,3374,3391,7354444327000,8942660690000,1778513055565138351,1778513055550409588,FULL
3375,3375,3392,7354477647000,8942694008000,1778513055598588092,1778513055581616064,FULL
3376,3376,3393,7354510967000,8942727326000,1778513055633217728,1778513055620077524,FULL
3377,3377,3395,7354544283000,8942760645000,1778513055665058782,1778513055677700169,FULL
3378,3378,3396,7354577605000,8942793963000,1778513055698749873,1778513055702637687,FULL
3379,3379,3397,7354610919000,8942827282000,1778513055736513216,1778513055736681690,FULL
3380,3380,3398,7354644246000,8942860600000,1778513055779284156,1778513055780536932,FULL
3381,3381,3399,7354677565000,8942893920000,1778513055818176802,1778513055814070626,FULL
3382,3382,3400,7354710880000,8942927238000,1778513055852075205,1778513055847366025,FULL
3383,3383,3401,7354744203000,8942960556000,1778513055875793530,1778513055880623203,FULL
3384,3384,3402,7354777515000,8942993875000,1778513055901499575,1778513055915012388,FULL
3385,3385,3403,7354810844000,8943027193000,1778513055933558201,1778513055947082114,FULL
3386,3386,3404,7354844152000,8943060512000,1778513055966467632,1778513055980708900,FULL
3387,3387,3405,7354877469000,8943093831000,1778513055999526655,1778513056014063650,FULL
3388,3388,3406,7354910786000,8943127148000,1778513056032232237,1778513056047134959,FULL
3389,3389,3407,7354944106000,8943160467000,1778513056067730198,1778513056080473840,FULL
3390,3390,3408,7354977426000,8943193785000,1778513056104057482,1778513056113950127,FULL
3391,3391,3409,7355010743000,8943227105000,1778513056134773437,1778513056147193749,FULL
3392,3392,3410,7355044063000,8943260423000,1778513056168870634,1778513056180396890,FULL
3393,3393,3411,7355077387000,8943293740000,1778513056201736919,1778513056213747826,FULL
3394,3394,3412,7355110705000,8943327061000,1778513056231896287,1778513056247133410,FULL
3395,3395,3413,7355144016000,8943360379000,1778513056265614488,1778513056280168312,FULL
3396,3396,3414,7355177334000,8943393699000,1778513056298210571,1778513056314391295,FULL
3397,3397,3415,7355210651000,8943427017000,1778513056333464108,1778513056347212181,FULL
3398,3398,3416,7355243969000,8943460335000,1778513056365147830,1778513056380396211,FULL
3399,3399,3417,7355277289000,8943493653000,1778513056398350704,1778513056413700463,FULL
3400,3400,3418,7355310605000,8943526971000,1778513056431778463,1778513056446980066,FULL
3401,3401,3419,7355343926000,8943560291000,1778513056465308777,1778513056480229003,FULL
3402,3402,3419,7355377247000,8943593610000,1778513056498652464,1778513056480229003,FULL
3403,3403,3420,7355410562000,8943626927000,1778513056531321195,1778513056529778523,FULL
3404,3404,3421,7355443880000,8943660246000,1778513056565139024,1778513056552198935,FULL
3405,3405,3423,7355477205000,8943693564000,1778513056598420174,1778513056613482193,FULL
3406,3406,3424,7355510518000,8943726882000,1778513056632069765,1778513056646705853,FULL
3407,3407,3425,7355543837000,8943760202000,1778513056665340656,1778513056672302401,FULL
3408,3408,3426,7355577159000,8943793519000,1778513056698772897,1778513056713402262,FULL
3409,3409,3427,7355610473000,8943826835000,1778513056731949660,1778513056739909449,FULL
3410,3410,3428,7355643791000,8943860155000,1778513056764810314,1778513056780069190,FULL
3411,3411,3429,7355677108000,8943893473000,1778513056798225056,1778513056813261072,FULL
3412,3412,3430,7355710426000,8943926791000,1778513056831496372,1778513056847115725,FULL
3413,3413,3431,7355743747000,8943960110000,1778513056867194719,1778513056880042573,FULL
3414,3414,3432,7355777063000,8943993428000,1778513056899548953,1778513056913359805,FULL
3415,3415,3433,7355810385000,8944026749000,1778513056931726337,1778513056946696427,FULL
3416,3416,3434,7355843702000,8944060068000,1778513056964202644,1778513056980166250,FULL
3417,3417,3435,7355877018000,8944093385000,1778513056998078899,1778513057013442761,FULL
3418,3418,3436,7355910338000,8944126704000,1778513057031525696,1778513057046708698,FULL
3419,3419,3437,7355943659000,8944160022000,1778513057064775550,1778513057080050801,FULL
3420,3420,3438,7355976974000,8944193341000,1778513057102037065,1778513057113257924,FULL
3421,3421,3439,7356010293000,8944226660000,1778513057132565171,1778513057147738867,FULL
3422,3422,3440,7356043619000,8944259976000,1778513057166206206,1778513057180359921,FULL
3423,3423,3441,7356076933000,8944293301000,1778513057197004938,1778513057213329454,FULL
3424,3424,3442,7356110248000,8944326615000,1778513057230361642,1778513057246932832,FULL
3425,3425,3443,7356143569000,8944359934000,1778513057264145472,1778513057280077044,FULL
3426,3426,3444,7356176885000,8944393252000,1778513057297279180,1778513057313360848,FULL
3427,3427,3445,7356210203000,8944426571000,1778513057330674273,1778513057346557615,FULL
3428,3428,3446,7356243521000,8944459891000,1778513057365778941,1778513057379971639,FULL
3429,3429,3447,7356276840000,8944493208000,1778513057397534126,1778513057413206480,FULL
3430,3430,3448,7356310159000,8944526527000,1778513057430646630,1778513057446398155,FULL
3431,3431,3448,7356343479000,8944559845000,1778513057464085704,1778513057446398155,FULL
3432,3432,3450,7356376807000,8944593164000,1778513057498723358,1778513057514506802,FULL
3433,3433,3451,7356410116000,8944626482000,1778513057531730234,1778513057547415350,FULL
3434,3434,3451,7356443433000,8944659800000,1778513057564572814,1778513057547415350,FULL
3435,3435,3452,7356476752000,8944693119000,1778513057597770836,1778513057582987519,FULL
3436,3436,3454,7356510071000,8944726438000,1778513057633150797,1778513057646563915,FULL
3437,3437,3455,7356543391000,8944759756000,1778513057665477420,1778513057679890940,FULL
3438,3438,3456,7356576710000,8944793074000,1778513057697938449,1778513057713359149,FULL
3439,3439,3457,7356610026000,8944826393000,1778513057730943121,1778513057746473824,FULL
3440,3440,3458,7356643344000,8944859711000,1778513057764440973,1778513057779929089,FULL
3441,3441,3459,7356676665000,8944893030000,1778513057798606706,1778513057813114375,FULL
3442,3442,3460,7356709984000,8944926348000,1778513057832282074,1778513057846594491,FULL
3443,3443,3461,7356743305000,8944959667000,1778513057865815999,1778513057879824462,FULL
3444,3444,3462,7356776620000,8944992985000,1778513057899287351,1778513057913308245,FULL
3445,3445,3463,7356809939000,8945026304000,1778513057931252052,1778513057946358513,FULL
3446,3446,3464,7356843262000,8945059622000,1778513057964457481,1778513057982523325,FULL
3447,3447,3464,7356876576000,8945092941000,1778513057997582299,1778513057982523325,FULL
3448,3448,3466,7356909893000,8945126260000,1778513058030960504,1778513058046428921,FULL
3449,3449,3467,7356943213000,8945159578000,1778513058064371134,1778513058079804187,FULL
3450,3450,3468,7356976529000,8945192896000,1778513058097574619,1778513058113100193,FULL
3451,3451,3469,7357009849000,8945226215000,1778513058130304904,1778513058146403182,FULL
3452,3452,3470,7357043166000,8945259532000,1778513058164448045,1778513058179797484,FULL
3453,3453,3471,7357076486000,8945292850000,1778513058197401754,1778513058212972474,FULL
3454,3454,3472,7357109803000,8945326169000,1778513058232556366,1778513058246365054,FULL
3455,3455,3473,7357143127000,8945359488000,1778513058264500049,1778513058279686061,FULL
3456,3456,3474,7357176441000,8945392806000,1778513058297526517,1778513058312950772,FULL
3457,3457,3475,7357209762000,8945426125000,1778513058330796445,1778513058346317519,FULL
3458,3458,3476,7357243078000,8945459443000,1778513058364070262,1778513058380405462,FULL
3459,3459,3477,7357276395000,8945492761000,1778513058399409205,1778513058412970217,FULL
3460,3460,3478,7357309714000,8945526079000,1778513058430669191,1778513058446154670,FULL
3461,3461,3479,7357343031000,8945559400000,1778513058463538012,1778513058479570842,FULL
3462,3462,3479,7357376351000,8945592718000,1778513058497651543,1778513058479570842,FULL
3463,3463,3480,7357409671000,8945626036000,1778513058530826916,1778513058528953876,FULL
3464,3464,3482,7357442989000,8945659355000,1778513058563510832,1778513058574482838,FULL
3465,3465,3483,7357476307000,8945692674000,1778513058597435179,1778513058612786851,FULL
3466,3466,3484,7357509625000,8945725992000,1778513058630235130,1778513058645958859,FULL
3467,3467,3485,7357542943000,8945759310000,1778513058664326513,1778513058679228552,FULL
3468,3468,3486,7357576262000,8945792629000,1778513058698404303,1778513058712695446,FULL
3469,3469,3487,7357609582000,8945825945000,1778513058730859424,1778513058745818380,FULL
3470,3470,3488,7357642901000,8945859264000,1778513058764820345,1778513058779686252,FULL
3471,3471,3489,7357676223000,8945892583000,1778513058798713378,1778513058812545634,FULL
3472,3472,3490,7357709535000,8945925902000,1778513058832895574,1778513058846194082,FULL
3473,3473,3491,7357742857000,8945959220000,1778513058863523604,1778513058879338960,FULL
3474,3474,3492,7357776172000,8945992539000,1778513058897039066,1778513058912694819,FULL
3475,3475,3493,7357809490000,8946025858000,1778513058930580954,1778513058945972881,FULL
3476,3476,3494,7357842809000,8946059175000,1778513058964128065,1778513058979524904,FULL
3477,3477,3495,7357876127000,8946092494000,1778513058996712870,1778513059012601802,FULL
3478,3478,3496,7357909453000,8946125813000,1778513059030700013,1778513059045965735,FULL
3479,3479,3497,7357942765000,8946159130000,1778513059063585834,1778513059079070743,FULL
3480,3480,3498,7357976082000,8946192448000,1778513059102931550,1778513059112492694,FULL
3481,3481,3499,7358009401000,8946225769000,1778513059132463554,1778513059146532582,FULL
3482,3482,3500,7358042719000,8946259086000,1778513059164061982,1778513059179301316,FULL
3483,3483,3500,7358076039000,8946292404000,1778513059196511326,1778513059179301316,FULL
3484,3484,3501,7358109357000,8946325722000,1778513059229326314,1778513059214980226,FULL
3485,3485,3503,7358142676000,8946359041000,1778513059263566584,1778513059279198245,FULL
3486,3486,3504,7358176000000,8946392359000,1778513059296008632,1778513059312547140,FULL
3487,3487,3505,7358209312000,8946425678000,1778513059329466372,1778513059345707537,FULL
3488,3488,3506,7358242631000,8946458996000,1778513059362622209,1778513059379149469,FULL
3489,3489,3507,7358275950000,8946492314000,1778513059396593685,1778513059412405680,FULL
3490,3490,3508,7358309268000,8946525634000,1778513059429695597,1778513059445756519,FULL
3491,3491,3509,7358342585000,8946558951000,1778513059463090171,1778513059479047304,FULL
3492,3492,3510,7358375904000,8946592270000,1778513059496486468,1778513059512424014,FULL
3493,3493,3511,7358409223000,8946625589000,1778513059530032486,1778513059545759002,FULL
3494,3494,3512,7358442541000,8946658908000,1778513059563060806,1778513059579083287,FULL
3495,3495,3513,7358475860000,8946692226000,1778513059596635768,1778513059613253192,FULL
3496,3496,3514,7358509183000,8946725544000,1778513059629668087,1778513059645738633,FULL
3497,3497,3515,7358542496000,8946758862000,1778513059663036829,1778513059679110325,FULL
3498,3498,3516,7358575817000,8946792180000,1778513059696853862,1778513059712423739,FULL
3499,3499,3517,7358609133000,8946825499000,1778513059729946070,1778513059745737801,FULL
3500,3500,3518,7358642453000,8946858818000,1778513059764203784,1778513059778970549,FULL
3501,3501,3519,7358675771000,8946892137000,1778513059797383954,1778513059815028326,FULL
3502,3502,3520,7358709090000,8946925454000,1778513059830405718,1778513059845656192,FULL
3503,3503,3521,7358742408000,8946958773000,1778513059882021527,1778513059879412269,FULL
3504,3504,3522,7358775731000,8946992091000,1778513059915084494,1778513059912358890,FULL
3505,3505,3523,7358809048000,8947025411000,1778513059948789695,1778513059945855562,FULL
3506,3506,3524,7358842367000,8947058728000,1778513059980686156,1778513059979289790,FULL
3507,3507,3525,7358875685000,8947092047000,1778513060015162275,1778513060013566454,FULL
3508,3508,3526,7358909004000,8947125366000,1778513060050443145,1778513060045744416,FULL
3509,3509,3527,7358942322000,8947158684000,1778513060081285543,1778513060078809351,FULL
3510,3510,3528,7358975641000,8947192002000,1778513060115993289,1778513060112204857,FULL
3511,3511,3529,7359008964000,8947225321000,1778513060149013257,1778513060145620567,FULL
3512,3512,3530,7359042280000,8947258639000,1778513060168554089,1778513060178843704,FULL
3513,3513,3531,7359075593000,8947291958000,1778513060196032763,1778513060212227099,FULL
3514,3514,3532,7359108912000,8947325276000,1778513060231766628,1778513060245571383,FULL
3515,3515,3533,7359142231000,8947358594000,1778513060263917920,1778513060278769576,FULL
3516,3516,3534,7359175550000,8947391915000,1778513060296671390,1778513060312124860,FULL
3517,3517,3535,7359208867000,8947425233000,1778513060329559952,1778513060345468737,FULL
3518,3518,3536,7359242187000,8947458550000,1778513060363224783,1778513060378819114,FULL
3519,3519,3537,7359275503000,8947491868000,1778513060396690209,1778513060412032974,FULL
3520,3520,3538,7359308824000,8947525187000,1778513060431106607,1778513060447996343,FULL
3521,3521,3538,7359342141000,8947558506000,1778513060463349119,1778513060447996343,FULL
3522,3522,3539,7359375460000,8947591826000,1778513060496340902,1778513060478785690,FULL
3523,3523,3540,7359408779000,8947625144000,1778513060529863735,1778513060528401296,FULL
3524,3524,3541,7359442097000,8947658463000,1778513060562588502,1778513060549920252,FULL
3525,3525,3543,7359475415000,8947691780000,1778513060596929678,1778513060612094976,FULL
3526,3526,3544,7359508735000,8947725099000,1778513060629855091,1778513060637469542,FULL
3527,3527,3545,7359542052000,8947758417000,1778513060662808300,1778513060678638805,FULL
3528,3528,3546,7359575370000,8947791737000,1778513060696989867,1778513060711906719,FULL
3529,3529,3547,7359608689000,8947825055000,1778513060730532274,1778513060745434854,FULL
3530,3530,3548,7359642013000,8947858372000,1778513060764100032,1778513060778469808,FULL
3531,3531,3549,7359675336000,8947891690000,1778513060797217943,1778513060812545048,FULL
3532,3532,3550,7359708647000,8947925009000,1778513060829860137,1778513060847100468,FULL
3533,3533,3550,7359741963000,8947958327000,1778513060862480813,1778513060847100468,FULL
3534,3534,3552,7359775281000,8947991646000,1778513060896647546,1778513060912867287,FULL
3535,3535,3553,7359808600000,8948024964000,1778513060929776235,1778513060946051850,FULL
3536,3536,3553,7359841918000,8948058283000,1778513060962710426,1778513060946051850,FULL
3537,3537,3555,7359875236000,8948091601000,1778513060996290406,1778513061011926741,FULL
3538,3538,3556,7359908556000,8948124920000,1778513061031825495,1778513061045115212,FULL
3539,3539,3557,7359941875000,8948158238000,1778513061062427377,1778513061078373035,FULL
3540,3540,3558,7359975192000,8948191556000,1778513061101152674,1778513061112622958,FULL
3541,3541,3559,7360008510000,8948224876000,1778513061130679567,1778513061146001020,FULL
3542,3542,3560,7360041830000,8948258193000,1778513061162640305,1778513061179270620,FULL
3543,3543,3560,7360075148000,8948291516000,1778513061195495367,1778513061179270620,FULL
3544,3544,3561,7360108466000,8948324832000,1778513061228814369,1778513061212607163,FULL
3545,3545,3562,7360141785000,8948358150000,1778513061262025335,1778513061246658681,FULL
3546,3546,3563,7360175104000,8948391469000,1778513061295465354,1778513061279205325,FULL
3547,3547,3564,7360208421000,8948424788000,1778513061328970335,1778513061312890273,FULL
3548,3548,3565,7360241740000,8948458107000,1778513061362451112,1778513061345968449,FULL
3549,3549,3567,7360275059000,8948491424000,1778513061407531953,1778513061411653564,FULL
3550,3550,3568,7360308380000,8948524743000,1778513061429391612,1778513061444956812,FULL
3551,3551,3569,7360341696000,8948558062000,1778513061464105377,1778513061478351521,FULL
3552,3552,3570,7360375013000,8948591380000,1778513061495842321,1778513061512523538,FULL
3553,3553,3570,7360408335000,8948624698000,1778513061529066842,1778513061512523538,FULL
3554,3554,3572,7360441651000,8948658017000,1778513061565876122,1778513061579056905,FULL
3555,3555,3573,7360474975000,8948691335000,1778513061595657642,1778513061611687103,FULL
3556,3556,3574,7360508289000,8948724654000,1778513061629053236,1778513061644928055,FULL
3557,3557,3575,7360541606000,8948757972000,1778513061662962916,1778513061680820666,FULL
3558,3558,3575,7360574925000,8948791290000,1778513061696338343,1778513061680820666,FULL
3559,3559,3577,7360608244000,8948824609000,1778513061729498624,1778513061745741697,FULL
3560,3560,3578,7360641561000,8948857928000,1778513061763339028,1778513061779107666,FULL
3561,3561,3579,7360674880000,8948891246000,1778513061796566456,1778513061811586922,FULL
3562,3562,3580,7360708202000,8948924565000,1778513061831241184,1778513061845003520,FULL
3563,3563,3581,7360741519000,8948957883000,1778513061863801398,1778513061878238250,FULL
3564,3564,3581,7360774835000,8948991201000,1778513061895872412,1778513061878238250,FULL
3565,3565,3582,7360808156000,8949024520000,1778513061928903398,1778513061914026121,FULL
3566,3566,3584,7360841473000,8949057838000,1778513061962866764,1778513061979151186,FULL
3567,3567,3585,7360874791000,8949091156000,1778513061999732987,1778513062013804347,FULL
3568,3568,3586,7360908111000,8949124476000,1778513062040966276,1778513062045062300,FULL
3569,3569,3587,7360941431000,8949157793000,1778513062063188339,1778513062079735589,FULL
3570,3570,3588,7360974749000,8949191112000,1778513062095993142,1778513062111801220,FULL
3571,3571,3589,7361008067000,8949224430000,1778513062129347625,1778513062145027875,FULL
3572,3572,3590,7361041389000,8949257749000,1778513062162052707,1778513062178929247,FULL
3573,3573,3591,7361074703000,8949291067000,1778513062195895332,1778513062211641685,FULL
3574,3574,3592,7361108022000,8949324386000,1778513062229417924,1778513062244884008,FULL
3575,3575,3593,7361141339000,8949357705000,1778513062261874713,1778513062278185237,FULL
3576,3576,3594,7361174656000,8949391022000,1778513062295761301,1778513062311591261,FULL
3577,3577,3595,7361207976000,8949424341000,1778513062329270338,1778513062345003323,FULL
3578,3578,3596,7361241294000,8949457660000,1778513062361890958,1778513062378175257,FULL
3579,3579,3597,7361274612000,8949490978000,1778513062395914285,1778513062411546355,FULL
3580,3580,3598,7361307932000,8949524297000,1778513062428568868,1778513062444845992,FULL
3581,3581,3599,7361341249000,8949557617000,1778513062462481734,1778513062479100619,FULL
3582,3582,3599,7361374568000,8949590934000,1778513062495669033,1778513062479100619,FULL
3583,3583,3600,7361407886000,8949624252000,1778513062532530145,1778513062528265489,FULL
3584,3584,3602,7361441206000,8949657572000,1778513062563844927,1778513062573380195,FULL
3585,3585,3603,7361474525000,8949690888000,1778513062595060896,1778513062611641431,FULL
3586,3586,3604,7361507842000,8949724208000,1778513062629026668,1778513062636515650,FULL
3587,3587,3605,7361541160000,8949757527000,1778513062662521797,1778513062678217890,FULL
3588,3588,3606,7361574478000,8949790847000,1778513062696267109,1778513062712100169,FULL
3589,3589,3606,7361607797000,8949824164000,1778513062728353235,1778513062712100169,FULL
3590,3590,3607,7361641116000,8949857481000,1778513062762184250,1778513062745519174,FULL
3591,3591,3609,7361674434000,8949890799000,1778513062797155956,1778513062811548823,FULL
3592,3592,3610,7361707754000,8949924117000,1778513062829188471,1778513062845074310,FULL
3593,3593,3611,7361741071000,8949957436000,1778513062863297354,1778513062878048338,FULL
3594,3594,3611,7361774396000,8949990756000,1778513062895818456,1778513062878048338,FULL
3595,3595,3612,7361807710000,8950024074000,1778513062928339873,1778513062914242298,FULL
3596,3596,3613,7361841026000,8950057393000,1778513062961625598,1778513062945644287,FULL
3597,3597,3615,7361874345000,8950090710000,1778513062995871738,1778513063011530641,FULL
3598,3598,3616,7361907665000,8950124029000,1778513063028485247,1778513063044734815,FULL
3599,3599,3617,7361940982000,8950157349000,1778513063063195882,1778513063078061396,FULL
3600,3600,3618,7361974302000,8950190666000,1778513063101680422,1778513063114485817,FULL
3601,3601,3618,7362007619000,8950223988000,1778513063129718497,1778513063114485817,FULL
3602,3602,3619,7362040938000,8950257303000,1778513063162131305,1778513063145565697,FULL
3603,3603,3620,7362074258000,8950290621000,1778513063194295207,1778513063178914093,FULL
3604,3604,3621,7362107575000,8950323941000,1778513063227843725,1778513063213863176,FULL
3605,3605,3622,7362140894000,8950357259000,1778513063260991525,1778513063244784484,FULL
3606,3606,3624,7362174212000,8950390577000,1778513063294374322,1778513063306652396,FULL
3607,3607,3625,7362207532000,8950423896000,1778513063328370539,1778513063348763650,FULL
3608,3608,3625,7362240849000,8950457214000,1778513063361451135,1778513063348763650,FULL
3609,3609,3627,7362274167000,8950490534000,1778513063396056049,1778513063408609323,FULL
3610,3610,3628,7362307489000,8950523851000,1778513063428264989,1778513063444643914,FULL
3611,3611,3629,7362340803000,8950557170000,1778513063461548750,1778513063477778830,FULL
3612,3612,3630,7362374122000,8950590488000,1778513063494792419,1778513063511146392,FULL
3613,3613,3631,7362407441000,8950623807000,1778513063528260067,1778513063544621564,FULL
3614,3614,3632,7362440759000,8950657126000,1778513063561655142,1778513063577834479,FULL
3615,3615,3633,7362474078000,8950690443000,1778513063596493609,1778513063611108060,FULL
3616,3616,3634,7362507397000,8950723761000,1778513063628156721,1778513063644434196,FULL
3617,3617,3635,7362540715000,8950757081000,1778513063663240648,1778513063677886850,FULL
3618,3618,3636,7362574035000,8950790397000,1778513063696649408,1778513063712834230,FULL
3619,3619,3636,7362607352000,8950823718000,1778513063728189002,1778513063712834230,FULL
3620,3620,3638,7362640670000,8950857037000,1778513063761307025,1778513063777756927,FULL
3621,3621,3639,7362673988000,8950890354000,1778513063795443258,1778513063811102470,FULL
3622,3622,3640,7362707316000,8950923672000,1778513063828646076,1778513063844449106,FULL
3623,3623,3641,7362740626000,8950956991000,1778513063861959744,1778513063877606263,FULL
3624,3624,3642,7362773943000,8950990309000,1778513063894657956,1778513063910999806,FULL
3625,3625,3643,7362807262000,8951023628000,1778513063929209204,1778513063944139610,FULL
3626,3626,3644,7362840581000,8951056946000,1778513063961887286,1778513063977938316,FULL
3627,3627,3645,7362873900000,8951090265000,1778513063995192603,1778513064011010381,FULL
3628,3628,3646,7362907217000,8951123584000,1778513064027979110,1778513064044739069,FULL
3629,3629,3647,7362940536000,8951156902000,1778513064061408518,1778513064077768189,FULL
3630,3630,3648,7362973855000,8951190221000,1778513064095299680,1778513064111036974,FULL
3631,3631,3649,7363007172000,8951223539000,1778513064127976244,1778513064144368666,FULL
3632,3632,3650,7363040492000,8951256857000,1778513064161506799,1778513064177744709,FULL
3633,3633,3651,7363073812000,8951290176000,1778513064196913631,1778513064210922532,FULL
3634,3634,3652,7363107129000,8951323494000,1778513064228532206,1778513064244238965,FULL
3635,3635,3653,7363140447000,8951356813000,1778513064261197603,1778513064277639267,FULL
3636,3636,3654,7363173765000,8951390131000,1778513064295082284,1778513064310988996,FULL
3637,3637,3655,7363207084000,8951423449000,1778513064327860217,1778513064344232263,FULL
3638,3638,3656,7363240402000,8951456768000,1778513064360975795,1778513064377638139,FULL
3639,3639,3657,7363273721000,8951490090000,1778513064395050400,1778513064411021960,FULL
3640,3640,3658,7363307040000,8951523407000,1778513064427990961,1778513064444222783,FULL
3641,3641,3659,7363340358000,8951556721000,1778513064461660829,1778513064477477216,FULL
3642,3642,3659,7363373676000,8951590040000,1778513064494416429,1778513064477477216,FULL
3643,3643,3660,7363406994000,8951623359000,1778513064527699764,1778513064526713067,FULL
3644,3644,3661,7363440313000,8951656678000,1778513064562082662,1778513064549473788,FULL
3645,3645,3663,7363473633000,8951689996000,1778513064595150185,1778513064610638281,FULL
3646,3646,3664,7363506953000,8951723314000,1778513064629234216,1778513064637394222,FULL
3647,3647,3665,7363540269000,8951756633000,1778513064662926232,1778513064675761680,FULL
3648,3648,3666,7363573588000,8951789950000,1778513064695782534,1778513064700150959,FULL
3649,3649,3670,7363606906000,8951823272000,1778513064838686106,1778513064846936150,FULL
3650,3650,3670,7363640223000,8951856588000,1778513064839027158,1778513064846936150,FULL
3651,3651,3670,7363673543000,8951889908000,1778513064839272582,1778513064846936150,FULL
3652,3652,3670,7363706860000,8951923225000,1778513064839546097,1778513064846936150,FULL
3653,3653,3670,7363740187000,8951956544000,1778513064861803493,1778513064846936150,FULL
3654,3654,3672,7363773500000,8951989861000,1778513064894633963,1778513064910692618,FULL
3655,3655,3673,7363806817000,8952023180000,1778513064929154989,1778513064944996541,FULL
3656,3656,3673,7363840133000,8952056499000,1778513064960842878,1778513064944996541,FULL
3657,3657,3675,7363873453000,8952089818000,1778513064994928723,1778513065010549602,FULL
3658,3658,3676,7363906775000,8952123135000,1778513065029103123,1778513065043918701,FULL
3659,3659,3677,7363940093000,8952156455000,1778513065063362300,1778513065077203448,FULL
3660,3660,3678,7363973414000,8952189772000,1778513065100734352,1778513065110463826,FULL
3661,3661,3679,7364006727000,8952223091000,1778513065129074850,1778513065143993460,FULL
3662,3662,3680,7364040047000,8952256408000,1778513065176984032,1778513065177243264,FULL
3663,3663,3681,7364073367000,8952289728000,1778513065213185595,1778513065210370902,FULL
3664,3664,3682,7364106685000,8952323046000,1778513065249132792,1778513065243814593,FULL
3665,3665,3683,7364140005000,8952356365000,1778513065279637693,1778513065278817454,FULL
3666,3666,3684,7364173321000,8952389683000,1778513065309449121,1778513065310579253,FULL
3667,3667,3685,7364206640000,8952423001000,1778513065344927877,1778513065343875927,FULL
3668,3668,3686,7364239959000,8952456320000,1778513065379101870,1778513065379762927,FULL
3669,3669,3687,7364273278000,8952489638000,1778513065412850682,1778513065410493626,FULL
3670,3670,3688,7364306596000,8952522957000,1778513065445633670,1778513065443714245,FULL
3671,3671,3689,7364339914000,8952556276000,1778513065476909286,1778513065477089158,FULL
3672,3672,3690,7364373232000,8952589596000,1778513065509773737,1778513065510409035,FULL
3673,3673,3691,7364406550000,8952622912000,1778513065544388854,1778513065543731727,FULL
3674,3674,3692,7364439869000,8952656230000,1778513065579135323,1778513065577064882,FULL
3675,3675,3693,7364473189000,8952689549000,1778513065612262937,1778513065610330482,FULL
3676,3676,3694,7364506507000,8952722867000,1778513065646167099,1778513065643690821,FULL
3677,3677,3695,7364539825000,8952756185000,1778513065676212024,1778513065677445676,FULL
3678,3678,3696,7364573143000,8952789504000,1778513065710346573,1778513065710365575,FULL
3679,3679,3697,7364606461000,8952822823000,1778513065744654323,1778513065743901617,FULL
3680,3680,3698,7364639781000,8952856141000,1778513065777258462,1778513065779332010,FULL
3681,3681,3699,7364673098000,8952889459000,1778513065810642981,1778513065810579223,FULL
3682,3682,3700,7364706417000,8952922778000,1778513065843766967,1778513065843908081,FULL
3683,3683,3701,7364739736000,8952956097000,1778513065876672361,1778513065878455502,FULL
3684,3684,3702,7364773053000,8952989416000,1778513065913732768,1778513065910492280,FULL
3685,3685,3703,7364806373000,8953022733000,1778513065944053005,1778513065943704825,FULL
3686,3686,3704,7364839693000,8953056053000,1778513065977566393,1778513065977041332,FULL
3687,3687,3705,7364873009000,8953089371000,1778513066010694527,1778513066010381245,FULL
3688,3688,3706,7364906328000,8953122689000,1778513066043480071,1778513066044418208,FULL
3689,3689,3707,7364939647000,8953156008000,1778513066079273639,1778513066077759715,FULL
3690,3690,3708,7364972964000,8953189326000,1778513066109716060,1778513066111292812,FULL
3691,3691,3709,7365006283000,8953222644000,1778513066144200753,1778513066145784511,FULL
3692,3692,3710,7365039601000,8953255965000,1778513066178282598,1778513066177071445,FULL
3693,3693,3711,7365072921000,8953289283000,1778513066210737739,1778513066210320175,FULL
3694,3694,3712,7365106239000,8953322601000,1778513066247441168,1778513066246539560,FULL
3695,3695,3713,7365139559000,8953355919000,1778513066279161297,1778513066277811569,FULL
3696,3696,3714,7365172879000,8953389238000,1778513066311032555,1778513066311033595,FULL
3697,3697,3715,7365206195000,8953422556000,1778513066346520811,1778513066344067697,FULL
3698,3698,3716,7365239516000,8953455875000,1778513066378799342,1778513066376690266,FULL
3699,3699,3717,7365272831000,8953489193000,1778513066409930941,1778513066410179419,FULL
3700,3700,3718,7365306150000,8953522513000,1778513066443633124,1778513066443557759,FULL
3701,3701,3719,7365339471000,8953555833000,1778513066477791857,1778513066476863691,FULL
3702,3702,3720,7365372785000,8953589151000,1778513066506879051,1778513066526565260,FULL
3703,3703,3721,7365406104000,8953622468000,1778513066540320644,1778513066549334926,FULL
3704,3704,3722,7365439423000,8953655786000,1778513066580965624,1778513066577916164,FULL
3705,3705,3723,7365472743000,8953689104000,1778513066613272507,1778513066609943646,FULL
3706,3706,3724,7365506062000,8953722422000,1778513066647688312,1778513066643211913,FULL
3707,3707,3725,7365539380000,8953755743000,1778513066681570345,1778513066676575715,FULL
3708,3708,3726,7365572699000,8953789061000,1778513066711834489,1778513066709798390,FULL
3709,3709,3727,7365606016000,8953822380000,1778513066745558302,1778513066743078267,FULL
3710,3710,3728,7365639336000,8953855698000,1778513066779808404,1778513066776475718,FULL
3711,3711,3729,7365672652000,8953889016000,1778513066809647794,1778513066809722466,FULL
3712,3712,3730,7365705972000,8953922335000,1778513066842435302,1778513066843421765,FULL
3713,3713,3731,7365739289000,8953955653000,1778513066881833906,1778513066877854928,FULL
3714,3714,3732,7365772608000,8953988972000,1778513066914587747,1778513066910644291,FULL
3715,3715,3733,7365805929000,8954022291000,1778513066948624963,1778513066946094722,FULL
3716,3716,3734,7365839246000,8954055608000,1778513066979425343,1778513066976594960,FULL
3717,3717,3735,7365872563000,8954088928000,1778513067008546889,1778513067012431164,FULL
3718,3718,3736,7365905880000,8954122246000,1778513067042584383,1778513067043112493,FULL
3719,3719,3737,7365939200000,8954155565000,1778513067080563539,1778513067076553072,FULL
3720,3720,3738,7365972518000,8954188883000,1778513067119522704,1778513067111478008,FULL
3721,3721,3739,7366005838000,8954222200000,1778513067147268542,1778513067143108290,FULL
3722,3722,3740,7366039155000,8954255518000,1778513067178276864,1778513067176495352,FULL
3723,3723,3741,7366072476000,8954288838000,1778513067212047527,1778513067209871525,FULL
3724,3724,3742,7366105792000,8954322157000,1778513067243163867,1778513067243109051,FULL
3725,3725,3743,7366139111000,8954355475000,1778513067278372700,1778513067276473853,FULL
3726,3726,3744,7366172429000,8954388794000,1778513067311815164,1778513067310056432,FULL
3727,3727,3745,7366205747000,8954422112000,1778513067346098266,1778513067343170811,FULL
3728,3728,3746,7366239067000,8954455431000,1778513067379659951,1778513067376428522,FULL
3729,3729,3747,7366272385000,8954488749000,1778513067412558549,1778513067409776010,FULL
3730,3730,3748,7366305703000,8954522068000,1778513067449827583,1778513067443106535,FULL
3731,3731,3749,7366339023000,8954555387000,1778513067483814745,1778513067476507059,FULL
3732,3732,3750,7366372343000,8954588706000,1778513067512688423,1778513067509790752,FULL
3733,3733,3751,7366405663000,8954622024000,1778513067544478440,1778513067543078925,FULL
3734,3734,3752,7366438977000,8954655342000,1778513067577783664,1778513067576411210,FULL
3735,3735,3753,7366472297000,8954688660000,1778513067611541328,1778513067609690309,FULL
3736,3736,3754,7366505614000,8954721979000,1778513067644371742,1778513067643113093,FULL
3737,3737,3755,7366538932000,8954755298000,1778513067677613337,1778513067676351508,FULL
3738,3738,3756,7366572251000,8954788616000,1778513067711157244,1778513067709665737,FULL
3739,3739,3757,7366605568000,8954821934000,1778513067745123738,1778513067744500303,FULL
3740,3740,3758,7366638888000,8954855253000,1778513067777719081,1778513067776254732,FULL
3741,3741,3759,7366672207000,8954888571000,1778513067810734438,1778513067809486944,FULL
3742,3742,3760,7366705529000,8954921889000,1778513067841524095,1778513067845444221,FULL
3743,3743,3761,7366738845000,8954955207000,1778513067872957209,1778513067876327566,FULL
3744,3744,3762,7366772165000,8954988525000,1778513067903124929,1778513067909524130,FULL
3745,3745,3763,7366805482000,8955021844000,1778513067936663966,1778513067942777211,FULL
3746,3746,3764,7366838802000,8955055162000,1778513067973380302,1778513067976083811,FULL
3747,3747,3765,7366872120000,8955088480000,1778513068016335998,1778513068009366484,FULL
3748,3748,3766,7366905437000,8955121799000,1778513068045121974,1778513068042749620,FULL
3749,3749,3767,7366938757000,8955155118000,1778513068078294754,1778513068076074812,FULL
3750,3750,3768,7366972073000,8955188436000,1778513068110714191,1778513068109425392,FULL
3751,3751,3769,7367005391000,8955221755000,1778513068145205088,1778513068142797213,FULL
3752,3752,3770,7367038711000,8955255073000,1778513068177553433,1778513068175986073,FULL
3753,3753,3771,7367072029000,8955288391000,1778513068211543928,1778513068209323321,FULL
3754,3754,3772,7367105347000,8955321711000,1778513068244887929,1778513068242652698,FULL
3755,3755,3773,7367138666000,8955355030000,1778513068276994962,1778513068276021296,FULL
3756,3756,3774,7367171984000,8955388347000,1778513068311468303,1778513068309333600,FULL
3757,3757,3775,7367205302000,8955421671000,1778513068344048220,1778513068345301377,FULL
3758,3758,3776,7367238622000,8955454984000,1778513068378200972,1778513068376194722,FULL
3759,3759,3777,7367271940000,8955488302000,1778513068410441078,1778513068409321138,FULL
3760,3760,3778,7367305259000,8955521622000,1778513068449568166,1778513068442678737,FULL
3761,3761,3779,7367338576000,8955554940000,1778513068481319759,1778513068475879726,FULL
3762,3762,3780,7367371896000,8955588257000,1778513068511193482,1778513068525268909,FULL
3763,3763,3781,7367405214000,8955621575000,1778513068542053898,1778513068546647273,FULL
3764,3764,3782,7367438534000,8955654894000,1778513068576433944,1778513068577350546,FULL
3765,3765,3783,7367471851000,8955688212000,1778513068613276279,1778513068609414825,FULL
3766,3766,3784,7367505170000,8955721531000,1778513068644754281,1778513068642472704,FULL
3767,3767,3785,7367538489000,8955754850000,1778513068677634324,1778513068668176823,FULL
3768,3768,3786,7367571805000,8955788168000,1778513068716042569,1778513068709122958,FULL
3769,3769,3787,7367605127000,8955821486000,1778513068743578557,1778513068742516520,FULL
3770,3770,3788,7367638445000,8955854808000,1778513068774815247,1778513068775923304,FULL
3771,3771,3789,7367671762000,8955888125000,1778513068803050747,1778513068809112589,FULL
3772,3772,3790,7367705079000,8955921441000,1778513068841083903,1778513068842368319,FULL
3773,3773,3791,7367738397000,8955954759000,1778513068868637076,1778513068876197802,FULL
3774,3774,3792,7367771719000,8955988077000,1778513068906859396,1778513068909351348,FULL
3775,3775,3793,7367805035000,8956021398000,1778513068941531495,1778513068942587374,FULL
3776,3776,3794,7367838352000,8956054715000,1778513068974658147,1778513068977398588,FULL
3777,3777,3795,7367871672000,8956088033000,1778513069014558820,1778513069009333682,FULL
3778,3778,3796,7367904991000,8956121352000,1778513069044433135,1778513069042472617,FULL
3779,3779,3797,7367938310000,8956154671000,1778513069077384789,1778513069070647952,FULL
3780,3780,3798,7367971627000,8956187989000,1778513069118968759,1778513069109147371,FULL
3781,3781,3799,7368004946000,8956221310000,1778513069148048805,1778513069142530803,FULL
3782,3782,3800,7368038264000,8956254626000,1778513069178658965,1778513069175906568,FULL
3783,3783,3801,7368071584000,8956287945000,1778513069208755686,1778513069209027651,FULL
3784,3784,3802,7368104899000,8956321264000,1778513069238545150,1778513069242312658,FULL
3785,3785,3803,7368138220000,8956354581000,1778513069272542811,1778513069275761071,FULL
3786,3786,3804,7368171537000,8956387900000,1778513069309503071,1778513069309052689,FULL
3787,3787,3805,7368204856000,8956421218000,1778513069342642445,1778513069342261363,FULL
3788,3788,3806,7368238175000,8956454537000,1778513069377717984,1778513069376266437,FULL
3789,3789,3807,7368271492000,8956487855000,1778513069410130124,1778513069409165911,FULL
3790,3790,3808,7368304811000,8956521174000,1778513069443139092,1778513069442346438,FULL
3791,3791,3809,7368338130000,8956554493000,1778513069477438620,1778513069475577371,FULL
3792,3792,3810,7368371451000,8956587811000,1778513069511359116,1778513069509105024,FULL
3793,3793,3811,7368404767000,8956621129000,1778513069541331578,1778513069542305736,FULL
3794,3794,3812,7368438085000,8956654448000,1778513069574652376,1778513069578168014,FULL
3795,3795,3813,7368471404000,8956687766000,1778513069610080319,1778513069609654631,FULL
3796,3796,3814,7368504722000,8956721085000,1778513069643198822,1778513069643010175,FULL
3797,3797,3815,7368538041000,8956754403000,1778513069679486311,1778513069677740260,FULL
3798,3798,3816,7368571359000,8956787721000,1778513069709066148,1778513069708901547,FULL
3799,3799,3817,7368604678000,8956821041000,1778513069742764257,1778513069742161999,FULL
3800,3800,3818,7368637996000,8956854358000,1778513069775440969,1778513069775579264,FULL
3801,3801,3819,7368671315000,8956887678000,1778513069808963932,1778513069808665477,FULL
3802,3802,3820,7368704634000,8956920995000,1778513069841280259,1778513069842142482,FULL
3803,3803,3821,7368737950000,8956954314000,1778513069874932164,1778513069875396100,FULL
3804,3804,3822,7368771270000,8956987632000,1778513069910739436,1778513069908651737,FULL
3805,3805,3823,7368804590000,8957020952000,1778513069944718023,1778513069942112872,FULL
3806,3806,3824,7368837909000,8957054269000,1778513069977010054,1778513069975336547,FULL
3807,3807,3825,7368871227000,8957087588000,1778513070012088574,1778513070008702146,FULL
3808,3808,3826,7368904544000,8957120906000,1778513070042444477,1778513070041903116,FULL
3809,3809,3827,7368937864000,8957154225000,1778513070075002468,1778513070075199568,FULL
3810,3810,3828,7368971182000,8957187543000,1778513070108277896,1778513070108643129,FULL
3811,3811,3829,7369004500000,8957220863000,1778513070140591871,1778513070141902933,FULL
3812,3812,3830,7369037820000,8957254181000,1778513070175774742,1778513070175268772,FULL
3813,3813,3831,7369071137000,8957287498000,1778513070208757784,1778513070210030191,FULL
3814,3814,3832,7369104455000,8957320817000,1778513070243890860,1778513070241918674,FULL
3815,3815,3833,7369137773000,8957354135000,1778513070277389082,1778513070275065664,FULL
3816,3816,3834,7369171093000,8957387454000,1778513070309466596,1778513070308515855,FULL
3817,3817,3835,7369204411000,8957420773000,1778513070343773884,1778513070341925176,FULL
3818,3818,3836,7369237729000,8957454090000,1778513070375940046,1778513070375191090,FULL
3819,3819,3837,7369271048000,8957487409000,1778513070410403442,1778513070408450190,FULL
3820,3820,3838,7369304366000,8957520728000,1778513070442811639,1778513070441845474,FULL
3821,3821,3839,7369337685000,8957554047000,1778513070477133741,1778513070475107944,FULL
3822,3822,3840,7369371004000,8957587365000,1778513070510443798,1778513070525066343,FULL
3823,3823,3841,7369404321000,8957620683000,1778513070542983475,1778513070547030128,FULL
3824,3824,3842,7369437641000,8957654001000,1778513070576969451,1778513070576657801,FULL
3825,3825,3843,7369470959000,8957687320000,1778513070609312944,1778513070609129464,FULL
3826,3826,3844,7369504277000,8957720639000,1778513070643725379,1778513070641788625,FULL
3827,3827,3845,7369537596000,8957753958000,1778513070677975370,1778513070675195705,FULL
3828,3828,3846,7369570915000,8957787275000,1778513070707702502,1778513070708610674,FULL
3829,3829,3847,7369604232000,8957820595000,1778513070738947674,1778513070741731294,FULL
3830,3830,3848,7369637552000,8957853913000,1778513070773191462,1778513070775174836,FULL
3831,3831,3849,7369670869000,8957887233000,1778513070808855402,1778513070810748932,FULL
3832,3832,3850,7369704189000,8957920549000,1778513070844973356,1778513070841943793,FULL
3833,3833,3851,7369737508000,8957953867000,1778513070876863761,1778513070875778628,FULL
3834,3834,3852,7369770826000,8957987185000,1778513070911740876,1778513070908558640,FULL
3835,3835,3853,7369804144000,8958020504000,1778513070941093419,1778513070941829536,FULL
3836,3836,3854,7369837462000,8958053823000,1778513070975905553,1778513070975204801,FULL
3837,3837,3855,7369870780000,8958087142000,1778513071007101392,1778513071008574771,FULL
3838,3838,3856,7369904099000,8958120460000,1778513071041314958,1778513071047239429,FULL
3839,3839,3857,7369937417000,8958153778000,1778513071073918671,1778513071075662446,FULL
3840,3840,3858,7369970735000,8958187096000,1778513071116567630,1778513071110948656,FULL
3841,3841,3859,7370004055000,8958220417000,1778513071145831304,1778513071142062499,FULL
3842,3842,3860,7370037378000,8958253733000,1778513071177066087,1778513071175114120,FULL
3843,3843,3861,7370070694000,8958287053000,1778513071209119694,1778513071208651513,FULL
3844,3844,3862,7370104024000,8958320370000,1778513071241459299,1778513071241862521,FULL
3845,3845,3863,7370137328000,8958353690000,1778513071274957780,1778513071275497950,FULL
3846,3846,3864,7370170647000,8958387008000,1778513071313048824,1778513071308710292,FULL
3847,3847,3865,7370203964000,8958420327000,1778513071343934407,1778513071341763986,FULL
3848,3848,3866,7370237285000,8958453645000,1778513071377746403,1778513071375016345,FULL
3849,3849,3867,7370270603000,8958486964000,1778513071409511940,1778513071408240964,FULL
3850,3850,3868,7370303921000,8958520283000,1778513071442210725,1778513071443921429,FULL
3851,3851,3869,7370337239000,8958553602000,1778513071475651430,1778513071475089975,FULL
3852,3852,3870,7370370558000,8958586919000,1778513071509031171,1778513071508370890,FULL
3853,3853,3871,7370403875000,8958620237000,1778513071542363784,1778513071541449103,FULL
3854,3854,3872,7370437194000,8958653556000,1778513071575768340,1778513071574890775,FULL
3855,3855,3873,7370470513000,8958686875000,1778513071608905992,1778513071608192726,FULL
3856,3856,3874,7370503831000,8958720193000,1778513071642551082,1778513071641420104,FULL
3857,3857,3875,7370537150000,8958753512000,1778513071676956424,1778513071674899535,FULL
3858,3858,3876,7370570468000,8958786830000,1778513071708699183,1778513071708228653,FULL
3859,3859,3877,7370603787000,8958820150000,1778513071741710151,1778513071741422643,FULL
3860,3860,3878,7370637104000,8958853467000,1778513071773062451,1778513071774606502,FULL
3861,3861,3879,7370670423000,8958886787000,1778513071806563599,1778513071808135063,FULL
3862,3862,3880,7370703741000,8958920104000,1778513071844770975,1778513071841854788,FULL
3863,3863,3881,7370737060000,8958953423000,1778513071875554189,1778513071874888464,FULL
3864,3864,3882,7370770379000,8958986742000,1778513071909281982,1778513071908054639,FULL
3865,3865,3883,7370803697000,8959020060000,1778513071948360997,1778513071943956565,FULL
3866,3866,3884,7370837018000,8959053378000,1778513071980277328,1778513071974742559,FULL
3867,3867,3885,7370870342000,8959086697000,1778513072012612600,1778513072008093566,FULL
3868,3868,3886,7370903656000,8959120015000,1778513072045752455,1778513072043484496,FULL
3869,3869,3887,7370936973000,8959153333000,1778513072076021155,1778513072074735505,FULL
3870,3870,3888,7370970295000,8959186652000,1778513072107024441,1778513072108060993,FULL
3871,3871,3889,7371003608000,8959219971000,1778513072131211446,1778513072141319982,FULL
3872,3872,3890,7371036925000,8959253289000,1778513072158174125,1778513072174569230,FULL
3873,3873,3890,7371070251000,8959286606000,1778513072190903300,1778513072174569230,FULL
3874,3874,3892,7371103562000,8959319925000,1778513072225575787,1778513072241212003,FULL
3875,3875,3893,7371136880000,8959353244000,1778513072258009446,1778513072274510880,FULL
3876,3876,3893,7371170199000,8959386564000,1778513072291306077,1778513072274510880,FULL
3877,3877,3895,7371203516000,8959419881000,1778513072326083527,1778513072342088921,FULL
3878,3878,3895,7371236836000,8959453199000,1778513072357906488,1778513072342088921,FULL
3879,3879,3896,7371270154000,8959486518000,1778513072390652385,1778513072375308522,FULL
3880,3880,3898,7371303473000,8959519837000,1778513072425115430,1778513072441517873,FULL
3881,3881,3898,7371336790000,8959553158000,1778513072457382776,1778513072441517873,FULL
3882,3882,3899,7371370110000,8959586475000,1778513072491285197,1778513072474790658,FULL
3883,3883,3900,7371403427000,8959619794000,1778513072524102371,1778513072521217017,FULL
3884,3884,3901,7371436746000,8959653113000,1778513072558150939,1778513072542484179,FULL
3885,3885,3903,7371470066000,8959686430000,1778513072590679208,1778513072598357780,FULL
3886,3886,3904,7371503384000,8959719749000,1778513072624047172,1778513072631780026,FULL
3887,3887,3905,7371536701000,8959753068000,1778513072659748649,1778513072665548121,FULL
3888,3888,3906,7371570020000,8959786388000,1778513072693741069,1778513072710200183,FULL
3889,3889,3906,7371603339000,8959819706000,1778513072724272822,1778513072710200183,FULL
3890,3890,3907,7371636658000,8959853023000,1778513072757821025,1778513072741877466,FULL
3891,3891,3908,7371669976000,8959886342000,1778513072791057139,1778513072775226176,FULL
3892,3892,3909,7371703295000,8959919659000,1778513072823836979,1778513072809847966,FULL
3893,3893,3910,7371736613000,8959952978000,1778513072857698253,1778513072841171566,FULL
3894,3894,3911,7371769931000,8959986295000,1778513072890405687,1778513072874642201,FULL
3895,3895,3912,7371803249000,8960019613000,1778513072924355237,1778513072907974745,FULL
3896,3896,3913,7371836569000,8960052932000,1778513072957062820,1778513072941109994,FULL
3897,3897,3915,7371869886000,8960086250000,1778513072991211868,1778513073007820748,FULL
3898,3898,3915,7371903205000,8960119569000,1778513073023823470,1778513073007820748,FULL
3899,3899,3917,7371936524000,8960152887000,1778513073057904056,1778513073074605056,FULL
3900,3900,3918,7371969842000,8960186206000,1778513073095584474,1778513073107607566,FULL
3901,3901,3919,7372003163000,8960219527000,1778513073125825953,1778513073140967757,FULL
3902,3902,3919,7372036481000,8960252842000,1778513073157596026,1778513073140967757,FULL
3903,3903,3920,7372069798000,8960286161000,1778513073189922186,1778513073176917312,FULL
3904,3904,3921,7372103117000,8960319480000,1778513073223649813,1778513073208063451,FULL
3905,3905,3922,7372136434000,8960352798000,1778513073256982074,1778513073240931129,FULL
3906,3906,3923,7372169753000,8960386116000,1778513073290073652,1778513073276197561,FULL
3907,3907,3924,7372203071000,8960419435000,1778513073323623818,1778513073307895936,FULL
3908,3908,3925,7372236390000,8960452754000,1778513073356772284,1778513073341000722,FULL
3909,3909,3926,7372269708000,8960486072000,1778513073390571448,1778513073374217952,FULL
3910,3910,3927,7372303028000,8960519391000,1778513073423851135,1778513073407585533,FULL
3911,3911,3928,7372336345000,8960552710000,1778513073457529966,1778513073440894280,FULL
3912,3912,3929,7372369664000,8960586027000,1778513073490454398,1778513073474728523,FULL
3913,3913,3930,7372402982000,8960619347000,1778513073523770381,1778513073507650663,FULL
3914,3914,3932,7372436301000,8960652664000,1778513073559245304,1778513073574298899,FULL
3915,3915,3932,7372469619000,8960685983000,1778513073590821509,1778513073574298899,FULL
3916,3916,3933,7372502939000,8960719301000,1778513073623973012,1778513073607623035,FULL
3917,3917,3934,7372536257000,8960752622000,1778513073657114516,1778513073640762803,FULL
3918,3918,3936,7372569575000,8960785940000,1778513073691176399,1778513073707554481,FULL
3919,3919,3936,7372602895000,8960819259000,1778513073724000961,1778513073707554481,FULL
3920,3920,3938,7372636212000,8960852577000,1778513073757890012,1778513073774061940,FULL
3921,3921,3938,7372669530000,8960885895000,1778513073790279153,1778513073774061940,FULL
3922,3922,3939,7372702850000,8960919211000,1778513073824122705,1778513073807445984,FULL
3923,3923,3941,7372736166000,8960952530000,1778513073858454622,1778513073874112052,FULL
3924,3924,3941,7372769487000,8960985848000,1778513073890318120,1778513073874112052,FULL
3925,3925,3942,7372802803000,8961019166000,1778513073924277578,1778513073908927970,FULL
3926,3926,3943,7372836123000,8961052486000,1778513073956793125,1778513073940817547,FULL
3927,3927,3944,7372869441000,8961085803000,1778513073990590473,1778513073974065406,FULL
3928,3928,3945,7372902759000,8961119122000,1778513074023431998,1778513074007502078,FULL
3929,3929,3947,7372936078000,8961152441000,1778513074059233733,1778513074074002482,FULL
3930,3930,3948,7372969396000,8961185759000,1778513074090800920,1778513074107459209,FULL
3931,3931,3948,7373002717000,8961219079000,1778513074123340337,1778513074107459209,FULL
3932,3932,3949,7373036034000,8961252396000,1778513074157309628,1778513074140726050,FULL
3933,3933,3950,7373069352000,8961285714000,1778513074190603371,1778513074173993205,FULL
3934,3934,3951,7373102670000,8961319033000,1778513074223906354,1778513074207418563,FULL
3935,3935,3953,7373135992000,8961352351000,1778513074257330577,1778513074273925818,FULL
3936,3936,3953,7373169306000,8961385669000,1778513074290573227,1778513074273925818,FULL
3937,3937,3954,7373202625000,8961418988000,1778513074323316587,1778513074307373546,FULL
3938,3938,3956,7373235945000,8961452306000,1778513074357310044,1778513074373964634,FULL
3939,3939,3956,7373269262000,8961485625000,1778513074389907850,1778513074373964634,FULL
3940,3940,3958,7373302581000,8961518944000,1778513074423917363,1778513074440470982,FULL
3941,3941,3958,7373335899000,8961552264000,1778513074456979645,1778513074440470982,FULL
3942,3942,3959,7373369218000,8961585581000,1778513074490430293,1778513074474035320,FULL
3943,3943,3960,7373402535000,8961618899000,1778513074523202856,1778513074523159264,FULL
3944,3944,3961,7373435856000,8961652218000,1778513074557142444,1778513074545605526,FULL
3945,3945,3962,7373469173000,8961685536000,1778513074590181689,1778513074575616843,FULL
3946,3946,3964,7373502495000,8961718854000,1778513074624052851,1778513074640482077,FULL
3947,3947,3964,7373535810000,8961752174000,1778513074657025708,1778513074640482077,FULL
3948,3948,3966,7373569129000,8961785492000,1778513074691329681,1778513074707695455,FULL
3949,3949,3967,7373602449000,8961818810000,1778513074729578112,1778513074740391450,FULL
3950,3950,3968,7373635766000,8961852128000,1778513074757068768,1778513074773654790,FULL
3951,3951,3968,7373669084000,8961885452000,1778513074789784868,1778513074773654790,FULL
3952,3952,3969,7373702404000,8961918767000,1778513074823656272,1778513074807107203,FULL
3953,3953,3970,7373735721000,8961952084000,1778513074856584036,1778513074840380414,FULL
3954,3954,3972,7373769040000,8961985404000,1778513074890301330,1778513074900448584,FULL
3955,3955,3973,7373802362000,8962018725000,1778513074923031079,1778513074938960540,FULL
3956,3956,3974,7373835677000,8962052040000,1778513074956974185,1778513074972030716,FULL
3957,3957,3975,7373868995000,8962085360000,1778513074989660360,1778513075006568489,FULL
3958,3958,3975,7373902314000,8962118679000,1778513075023575040,1778513075006568489,FULL
3959,3959,3976,7373935636000,8962151996000,1778513075056588397,1778513075041022892,FULL
3960,3960,3978,7373968952000,8962185315000,1778513075096403275,1778513075107468500,FULL
3961,3961,3978,7374002271000,8962218634000,1778513075124723181,1778513075107468500,FULL
3962,3962,3979,7374035589000,8962251950000,1778513075157328690,1778513075143146391,FULL
3963,3963,3980,7374068911000,8962285271000,1778513075189099485,1778513075174429084,FULL
3964,3964,3981,7374102226000,8962318589000,1778513075222434746,1778513075207366280,FULL
3965,3965,3982,7374135542000,8962351908000,1778513075255987264,1778513075240168384,FULL
3966,3966,3983,7374168862000,8962385226000,1778513075289027268,1778513075273445836,FULL
3967,3967,3984,7374202179000,8962418545000,1778513075322393621,1778513075306897137,FULL
3968,3968,3985,7374235498000,8962451863000,1778513075355756826,1778513075340134163,FULL
3969,3969,3987,7374268816000,8962485182000,1778513075390799273,1778513075406646086,FULL
3970,3970,3987,7374302135000,8962518500000,1778513075422922879,1778513075406646086,FULL
3971,3971,3988,7374335455000,8962551818000,1778513075456207696,1778513075440142109,FULL
3972,3972,3990,7374368772000,8962585137000,1778513075491221495,1778513075506750549,FULL
3973,3973,3990,7374402090000,8962618456000,1778513075522716589,1778513075506750549,FULL
3974,3974,3991,7374435410000,8962651774000,1778513075555968999,1778513075541017491,FULL
3975,3975,3992,7374468728000,8962685093000,1778513075589623627,1778513075573342415,FULL
3976,3976,3993,7374502046000,8962718411000,1778513075622530651,1778513075606679884,FULL
3977,3977,3994,7374535364000,8962751730000,1778513075656412943,1778513075640171685,FULL
3978,3978,3996,7374568686000,8962785048000,1778513075690807526,1778513075706696144,FULL
3979,3979,3997,7374602003000,8962818366000,1778513075723503312,1778513075739947318,FULL
3980,3980,3997,7374635321000,8962851685000,1778513075756472484,1778513075739947318,FULL
3981,3981,3998,7374668638000,8962885004000,1778513075789134955,1778513075773314195,FULL
3982,3982,3999,7374701958000,8962918322000,1778513075823061840,1778513075807045568,FULL
3983,3983,4000,7374735275000,8962951640000,1778513075855867698,1778513075840037560,FULL
3984,3984,4001,7374768594000,8962984959000,1778513075889700306,1778513075873394677,FULL
3985,3985,4002,7374801912000,8963018277000,1778513075923243027,1778513075906595463,FULL
3986,3986,4003,7374835231000,8963051596000,1778513075955836277,1778513075940524519,FULL
3987,3987,4004,7374868551000,8963084915000,1778513075989597293,1778513075973206310,FULL
3988,3988,4005,7374901868000,8963118233000,1778513076022390707,1778513076006975794,FULL
3989,3989,4006,7374935187000,8963151551000,1778513076056406609,1778513076040632297,FULL
3990,3990,4007,7374968506000,8963184870000,1778513076089684537,1778513076074016877,FULL
3991,3991,4008,7375001826000,8963218188000,1778513076122912539,1778513076109892414,FULL
3992,3992,4009,7375035142000,8963251507000,1778513076156898923,1778513076140348375,FULL
3993,3993,4011,7375068462000,8963284825000,1778513076191309691,1778513076206718076,FULL
3994,3994,4011,7375101784000,8963318144000,1778513076223733498,1778513076206718076,FULL
3995,3995,4012,7375135098000,8963351462000,1778513076256678226,1778513076240856705,FULL
3996,3996,4013,7375168417000,8963384781000,1778513076289012997,1778513076274222896,FULL
3997,3997,4015,7375201733000,8963418099000,1778513076324288774,1778513076340034473,FULL
3998,3998,4016,7375235064000,8963451417000,1778513076359903752,1778513076375258702,FULL
3999,3999,4017,7375268382000,8963484737000,1778513076393469177,1778513076406403212,FULL
4000,4000,4018,7375301703000,8963518055000,1778513076427266470,1778513076440252787,FULL
4001,4001,4019,7375335044000,8963551374000,1778513076460388084,1778513076474006030,FULL
4002,4002,4019,7375368331000,8963584692000,1778513076500966417,1778513076474006030,FULL
4003,4003,,7375401666000,8963618010000,1778513076532945229,,MISSING_HQ
4004,4004,4020,7375434967000,8963651329000,1778513076567097926,1778513076576902503,FULL
4005,4005,4021,7375468288000,8963684647000,1778513076594672117,1778513076599711483,FULL
4006,4006,4024,7375501605000,8963717965000,1778513076629105440,1778513076639684499,FULL
4007,4007,4025,7375534922000,8963751285000,1778513076664458124,1778513076672845007,FULL
4008,4008,4026,7375568243000,8963784602000,1778513076700294655,1778513076706233143,FULL
4009,4009,4027,7375601558000,8963817919000,1778513076734867032,1778513076733877076,FULL
4010,4010,4028,7375634881000,8963851238000,1778513076757155409,1778513076774977543,FULL
4011,4011,4029,7375668198000,8963884556000,1778513076815157762,1778513076807085432,FULL
4012,4012,4030,7375701545000,8963917877000,1778513076839945594,1778513076841899535,FULL
4013,4013,4031,7375734850000,8963951195000,1778513076871969369,1778513076873324542,FULL
4014,4014,4032,7375768155000,8963984513000,1778513076902950395,1778513076906444847,FULL
4015,4015,4033,7375801473000,8964017831000,1778513076935252111,1778513076939687262,FULL
4016,4016,4034,7375834793000,8964051151000,1778513076971721357,1778513076972959658,FULL
4017,4017,4035,7375868106000,8964084469000,1778513077004326663,1778513077006581958,FULL
4018,4018,4036,7375901433000,8964117787000,1778513077037604535,1778513077039743115,FULL
4019,4019,4037,7375934757000,8964151106000,1778513077066995152,1778513077072972085,FULL
4020,4020,4038,7375968061000,8964184425000,1778513077096885208,1778513077106298277,FULL
4021,4021,4039,7376001391000,8964217742000,1778513077145441661,1778513077139712875,FULL
4022,4022,4040,7376034699000,8964251059000,1778513077180332164,1778513077173394656,FULL
4023,4023,4041,7376068043000,8964284380000,1778513077209398970,1778513077206266353,FULL
4024,4024,4042,7376101339000,8964317696000,1778513077229643775,1778513077239544230,FULL
4025,4025,4042,7376134652000,8964351014000,1778513077255774760,1778513077239544230,FULL
4026,4026,4044,7376167974000,8964384336000,1778513077290416211,1778513077306375594,FULL
4027,4027,4044,7376201291000,8964417653000,1778513077322145692,1778513077306375594,FULL
4028,4028,4045,7376234607000,8964450971000,1778513077355451842,1778513077339578361,FULL
4029,4029,4046,7376267924000,8964484290000,1778513077388700029,1778513077372610926,FULL
4030,4030,4048,7376301243000,8964517609000,1778513077422813300,1778513077439433789,FULL
4031,4031,4049,7376334564000,8964550927000,1778513077456392818,1778513077472744259,FULL
4032,4032,4049,7376367884000,8964584246000,1778513077488387759,1778513077472744259,FULL
4033,4033,4050,7376401201000,8964617564000,1778513077522463716,1778513077506431892,FULL
4034,4034,4051,7376434526000,8964650882000,1778513077555260834,1778513077539269700,FULL
4035,4035,4052,7376467835000,8964684201000,1778513077589301995,1778513077572757686,FULL
4036,4036,4053,7376501153000,8964717519000,1778513077621641155,1778513077608417707,FULL
4037,4037,4054,7376534473000,8964750837000,1778513077655507688,1778513077639392089,FULL
4038,4038,4056,7376567792000,8964784156000,1778513077689869289,1778513077706054694,FULL
4039,4039,4056,7376601111000,8964817475000,1778513077721818028,1778513077706054694,FULL
4040,4040,4057,7376634426000,8964850793000,1778513077755120826,1778513077739317313,FULL
4041,4041,4058,7376667745000,8964884112000,1778513077788340328,1778513077772616746,FULL
4042,4042,4059,7376701063000,8964917430000,1778513077822595746,1778513077805913753,FULL
4043,4043,4060,7376734381000,8964950748000,1778513077855205162,1778513077839444239,FULL
4044,4044,4061,7376767703000,8964984067000,1778513077888725754,1778513077872586562,FULL
4045,4045,4062,7376801019000,8965017385000,1778513077922168570,1778513077905971309,FULL
4046,4046,4063,7376834339000,8965050704000,1778513077955070131,1778513077939221538,FULL
4047,4047,4064,7376867656000,8965084022000,1778513077988639704,1778513077972457879,FULL
4048,4048,4065,7376900974000,8965117341000,1778513078021806911,1778513078006971004,FULL
4049,4049,4067,7376934295000,8965150660000,1778513078056808117,1778513078072450529,FULL
4050,4050,4068,7376967616000,8965183977000,1778513078089711660,1778513078106077699,FULL
4051,4051,4068,7377000933000,8965217298000,1778513078122793479,1778513078106077699,FULL
4052,4052,4070,7377034251000,8965250616000,1778513078156152999,1778513078172537807,FULL
4053,4053,4070,7377067593000,8965283934000,1778513078188403938,1778513078172537807,FULL
4054,4054,4071,7377100886000,8965317250000,1778513078221476034,1778513078205921758,FULL
4055,4055,4073,7377134204000,8965350567000,1778513078256958421,1778513078272398754,FULL
4056,4056,4073,7377167526000,8965383887000,1778513078288744420,1778513078272398754,FULL
4057,4057,4074,7377200841000,8965417205000,1778513078321612130,1778513078305758372,FULL
4058,4058,4075,7377234162000,8965450523000,1778513078355062574,1778513078339175340,FULL
4059,4059,4076,7377267478000,8965483842000,1778513078388234596,1778513078372407700,FULL
4060,4060,4077,7377300797000,8965517163000,1778513078421558487,1778513078406342311,FULL
4061,4061,4078,7377334116000,8965550479000,1778513078455291762,1778513078439037713,FULL
4062,4062,4079,7377367438000,8965583798000,1778513078488347581,1778513078472399645,FULL
4063,4063,4080,7377400754000,8965617115000,1778513078521958746,1778513078521845290,FULL
4064,4064,4081,7377434070000,8965650434000,1778513078556759917,1778513078544076998,FULL
4065,4065,4082,7377467388000,8965683754000,1778513078588974319,1778513078574331461,FULL
4066,4066,4084,7377500709000,8965717072000,1778513078621660216,1778513078630899870,FULL
4067,4067,4085,7377534029000,8965750391000,1778513078654902960,1778513078662943667,FULL
4068,4068,4086,7377567346000,8965783708000,1778513078688822936,1778513078696503430,FULL
4069,4069,4087,7377600665000,8965817027000,1778513078722070457,1778513078728970205,FULL
4070,4070,4088,7377633983000,8965850346000,1778513078757077126,1778513078772278576,FULL
4071,4071,4088,7377667302000,8965883664000,1778513078788341446,1778513078772278576,FULL
4072,4072,4090,7377700619000,8965916986000,1778513078821857519,1778513078833847843,FULL
4073,4073,4091,7377733937000,8965950303000,1778513078854444362,1778513078872300707,FULL
4074,4074,4091,7377767257000,8965983619000,1778513078888507596,1778513078872300707,FULL
4075,4075,4092,7377800574000,8966016938000,1778513078921596674,1778513078905906192,FULL
4076,4076,4093,7377833894000,8966050257000,1778513078954799974,1778513078941131810,FULL
4077,4077,4095,7377867212000,8966083576000,1778513078988629044,1778513078996753098,FULL
4078,4078,4096,7377900531000,8966116896000,1778513079021647641,1778513079037431070,FULL
4079,4079,4097,7377933858000,8966150214000,1778513079055660524,1778513079072130785,FULL
4080,4080,4098,7377967168000,8966183533000,1778513079099787505,1778513079105409681,FULL
4081,4081,4099,7378000496000,8966216851000,1778513079130443275,1778513079138826298,FULL
4082,4082,4100,7378033817000,8966250169000,1778513079158062763,1778513079172105639,FULL
4083,4083,4100,7378067124000,8966283488000,1778513079187701414,1778513079172105639,FULL
4084,4084,4101,7378100442000,8966316806000,1778513079220912843,1778513079205423645,FULL
4085,4085,4102,7378133760000,8966350125000,1778513079255109039,1778513079239857512,FULL
4086,4086,4103,7378167079000,8966383444000,1778513079287878287,1778513079272124621,FULL
4087,4087,4104,7378200395000,8966416762000,1778513079321013883,1778513079305421091,FULL
4088,4088,4105,7378233714000,8966450080000,1778513079354222978,1778513079338972836,FULL
4089,4089,4106,7378267033000,8966483398000,1778513079388189881,1778513079371983865,FULL
4090,4090,4108,7378300351000,8966516718000,1778513079425691783,1778513079438640008,FULL
4091,4091,4109,7378333679000,8966550036000,1778513079456336757,1778513079471949737,FULL
4092,4092,4109,7378366990000,8966583355000,1778513079487754649,1778513079471949737,FULL
4093,4093,4110,7378400306000,8966616673000,1778513079520913504,1778513079505324280,FULL
4094,4094,4112,7378433623000,8966649991000,1778513079556012783,1778513079571988756,FULL
4095,4095,4112,7378466952000,8966683309000,1778513079588093427,1778513079571988756,FULL
4096,4096,4113,7378500266000,8966716628000,1778513079621326226,1778513079605300615,FULL
4097,4097,4114,7378533579000,8966749946000,1778513079654541099,1778513079640134810,FULL
4098,4098,4115,7378566898000,8966783266000,1778513079688212653,1778513079672053349,FULL
4099,4099,4116,7378600221000,8966816583000,1778513079721412452,1778513079705348838,FULL
4100,4100,4117,7378633535000,8966849901000,1778513079754735213,1778513079738565308,FULL
4101,4101,4119,7378666858000,8966883220000,1778513079789815548,1778513079805101452,FULL
4102,4102,4120,7378700175000,8966916536000,1778513079822686795,1778513079838653198,FULL
4103,4103,4120,7378733492000,8966949855000,1778513079855119602,1778513079838653198,FULL
4104,4104,4121,7378766815000,8966983173000,1778513079887743592,1778513079871960001,FULL
4105,4105,4122,7378800128000,8967016494000,1778513079921387127,1778513079905119509,FULL
4106,4106,4123,7378833445000,8967049810000,1778513079954516464,1778513079938513534,FULL
4107,4107,4124,7378866766000,8967083129000,1778513079988099704,1778513079972106704,FULL
4108,4108,4125,7378900090000,8967116446000,1778513080021370410,1778513080005134436,FULL
4109,4109,4127,7378933401000,8967149768000,1778513080054205861,1778513080066199430,FULL
4110,4110,4128,7378966721000,8967183084000,1778513080089147771,1778513080106276445,FULL
4111,4111,4128,7379000041000,8967216403000,1778513080121020696,1778513080106276445,FULL
4112,4112,4129,7379033356000,8967249721000,1778513080154520103,1778513080138457518,FULL
4113,4113,4131,7379066674000,8967283039000,1778513080189538975,1778513080205135235,FULL
4114,4114,4131,7379099992000,8967316358000,1778513080221035663,1778513080205135235,FULL
4115,4115,4132,7379133312000,8967349677000,1778513080254359516,1778513080238489649,FULL
4116,4116,4133,7379166630000,8967382997000,1778513080287984774,1778513080271749360,FULL
4117,4117,4134,7379199948000,8967416315000,1778513080321146407,1778513080305124051,FULL
4118,4118,4135,7379233266000,8967449632000,1778513080354230448,1778513080338381836,FULL
4119,4119,4136,7379266585000,8967482950000,1778513080387617245,1778513080371951896,FULL
4120,4120,4137,7379299903000,8967516272000,1778513080420901691,1778513080405098553,FULL
4121,4121,4138,7379333222000,8967549588000,1778513080454260859,1778513080438701705,FULL
4122,4122,4139,7379366540000,8967582906000,1778513080487749989,1778513080472582928,FULL
4123,4123,4140,7379399862000,8967616225000,1778513080520198092,1778513080521664910,FULL
4124,4124,4141,7379433180000,8967649544000,1778513080554976300,1778513080543072793,FULL
4125,4125,4142,7379466499000,8967682862000,1778513080587594383,1778513080573202608,FULL
4126,4126,4143,7379499816000,8967716180000,1778513080620901404,1778513080605016945,FULL
4127,4127,4144,7379533133000,8967749499000,1778513080654117888,1778513080638313229,FULL
4128,4128,4145,7379566451000,8967782817000,1778513080687567203,1778513080671563681,FULL
4129,4129,4146,7379599782000,8967816138000,1778513080721039592,1778513080704765171,FULL
4130,4130,4147,7379633089000,8967849455000,1778513080754042837,1778513080738180806,FULL
4131,4131,4148,7379666407000,8967882773000,1778513080787445394,1778513080771469221,FULL
4132,4132,4149,7379699727000,8967916091000,1778513080820795117,1778513080804871152,FULL
4133,4133,4150,7379733044000,8967949412000,1778513080854120304,1778513080838402379,FULL
4134,4134,4152,7379766363000,8967982728000,1778513080889096566,1778513080905212335,FULL
4135,4135,4152,7379799681000,8968016046000,1778513080920605216,1778513080905212335,FULL
4136,4136,4153,7379832999000,8968049365000,1778513080954090512,1778513080938251567,FULL
4137,4137,4154,7379866318000,8968082683000,1778513080987678455,1778513080971631073,FULL
4138,4138,4155,7379899640000,8968116001000,1778513081021025142,1778513081005158208,FULL
4139,4139,4156,7379932957000,8968149320000,1778513081053759835,1778513081038087977,FULL
4140,4140,4158,7379966278000,8968182638000,1778513081094365704,1778513081104662473,FULL
4141,4141,4159,7379999594000,8968215959000,1778513081122715258,1778513081138139293,FULL
4142,4142,4159,7380032912000,8968249276000,1778513081154118817,1778513081138139293,FULL
4143,4143,4160,7380066231000,8968282596000,1778513081186414811,1778513081171464077,FULL
4144,4144,4161,7380099549000,8968315914000,1778513081219721275,1778513081204871343,FULL
4145,4145,4162,7380132867000,8968349234000,1778513081253071758,1778513081238212664,FULL
4146,4146,4163,7380166186000,8968382551000,1778513081286227558,1778513081271416542,FULL
4147,4147,4164,7380199503000,8968415870000,1778513081319978907,1778513081307071804,FULL
4148,4148,4165,7380232821000,8968449188000,1778513081353363389,1778513081338120518,FULL
4149,4149,4166,7380266140000,8968482507000,1778513081386607299,1778513081371333081,FULL
4150,4150,4168,7380299460000,8968515826000,1778513081422081130,1778513081438129667,FULL
4151,4151,4168,7380332781000,8968549144000,1778513081454284810,1778513081438129667,FULL
4152,4152,4169,7380366098000,8968582462000,1778513081487894641,1778513081471452378,FULL
4153,4153,4170,7380399416000,8968615782000,1778513081520548317,1778513081504779736,FULL
4154,4154,4171,7380432734000,8968649099000,1778513081553445786,1778513081538063373,FULL
4155,4155,4172,7380466050000,8968682418000,1778513081587957312,1778513081571494360,FULL
4156,4156,4173,7380499370000,8968715736000,1778513081620022493,1778513081604732534,FULL
4157,4157,4174,7380532689000,8968749055000,1778513081653980710,1778513081637943616,FULL
4158,4158,4175,7380566006000,8968782372000,1778513081686627497,1778513081671300363,FULL
4159,4159,4177,7380599336000,8968815691000,1778513081722375269,1778513081737975561,FULL
4160,4160,4177,7380632644000,8968849010000,1778513081753232500,1778513081737975561,FULL
4161,4161,4178,7380665962000,8968882328000,1778513081787204717,1778513081771265754,FULL
4162,4162,4179,7380699280000,8968915647000,1778513081820493497,1778513081805523029,FULL
4163,4163,4180,7380732600000,8968948966000,1778513081853879572,1778513081838094432,FULL
4164,4164,4181,7380765917000,8968982284000,1778513081887178426,1778513081871591011,FULL
4165,4165,4184,7380799235000,8969015602000,1778513081966335575,1778513081971794955,FULL
4166,4166,4184,7380832560000,8969048921000,1778513081984497606,1778513081971794955,FULL
4167,4167,4185,7380865878000,8969082240000,1778513082016628639,1778513082005031851,FULL
4168,4168,4186,7380899200000,8969115558000,1778513082034212028,1778513082037809752,FULL
4169,4169,4187,7380932524000,8969148877000,1778513082054974902,1778513082070788558,FULL
4170,4170,4187,7380965831000,8969182195000,1778513082086443460,1778513082070788558,FULL
4171,4171,4189,7380999151000,8969215513000,1778513082121270113,1778513082136483414,FULL
4172,4172,4189,7381032468000,8969248833000,1778513082153197148,1778513082136483414,FULL
4173,4173,4190,7381065786000,8969282151000,1778513082187184272,1778513082171078242,FULL
4174,4174,4192,7381099104000,8969315469000,1778513082236923601,1778513082237908939,FULL
4175,4175,4193,7381132425000,8969348787000,1778513082274209098,1778513082271079910,FULL
4176,4176,4194,7381165743000,8969382106000,1778513082307947706,1778513082304434842,FULL
4177,4177,4195,7381199062000,8969415425000,1778513082340111423,1778513082337804719,FULL
4178,4178,4196,7381232379000,8969448744000,1778513082371565519,1778513082371034838,FULL
4179,4179,4197,7381265699000,8969482062000,1778513082403801606,1778513082404379122,FULL
4180,4180,4198,7381299017000,8969515380000,1778513082438289280,1778513082437828387,FULL
4181,4181,4199,7381332335000,8969548699000,1778513082470993825,1778513082471108653,FULL
4182,4182,4200,7381365653000,8969582017000,1778513082504026386,1778513082519989007,FULL
4183,4183,4201,7381398972000,8969615336000,1778513082538801779,1778513082541406205,FULL
4184,4184,4202,7381432291000,8969648654000,1778513082570475965,1778513082573039302,FULL
4185,4185,4203,7381465609000,8969681972000,1778513082605722872,1778513082604339977,FULL
4186,4186,4204,7381498928000,8969715291000,1778513082637585907,1778513082637596225,FULL
4187,4187,4206,7381532247000,8969748610000,1778513082687996063,1778513082704176239,FULL
4188,4188,4206,7381565574000,8969781928000,1778513082714194991,1778513082704176239,FULL
4189,4189,4207,7381598893000,8969815247000,1778513082742038902,1778513082737424357,FULL
4190,4190,4208,7381632203000,8969848565000,1778513082772247696,1778513082770663328,FULL
4191,4191,4209,7381665534000,8969881883000,1778513082798440920,1778513082803938909,FULL
4192,4192,4209,7381698840000,8969915202000,1778513082820476263,1778513082803938909,FULL
4193,4193,4211,7381732156000,8969948521000,1778513082854703829,1778513082870710291,FULL
4194,4194,4211,7381765472000,8969981841000,1778513082886823491,1778513082870710291,FULL
4195,4195,4212,7381798792000,8970015158000,1778513082919364742,1778513082904333814,FULL
4196,4196,4213,7381832109000,8970048475000,1778513082953368958,1778513082938941234,FULL
4197,4197,4214,7381865429000,8970081794000,1778513082986852199,1778513082970760126,FULL
4198,4198,4215,7381898749000,8970115113000,1778513083019721076,1778513083004188909,FULL
4199,4199,4216,7381932065000,8970148431000,1778513083053815069,1778513083038047985,FULL
4200,4200,4218,7381965384000,8970181749000,1778513083091034844,1778513083104016005,FULL
4201,4201,4219,7381998703000,8970215068000,1778513083121672319,1778513083137334030,FULL
4202,4202,4220,7382032022000,8970248385000,1778513083154967080,1778513083170687592,FULL
4203,4203,4220,7382065341000,8970281705000,1778513083185685535,1778513083170687592,FULL
4204,4204,4221,7382098661000,8970315023000,1778513083218793964,1778513083204010469,FULL
4205,4205,4222,7382131976000,8970348342000,1778513083252123151,1778513083237178718,FULL
4206,4206,4223,7382165294000,8970381661000,1778513083285968332,1778513083270631557,FULL
4207,4207,4224,7382198613000,8970414979000,1778513083318746821,1778513083304011729,FULL
4208,4208,4225,7382231931000,8970448297000,1778513083353017387,1778513083338229912,FULL
4209,4209,4226,7382265250000,8970481615000,1778513083385735765,1778513083370575558,FULL
4210,4210,4227,7382298569000,8970514936000,1778513083419216543,1778513083403792881,FULL
4211,4211,4228,7382331887000,8970548252000,1778513083452405731,1778513083437215553,FULL
4212,4212,4229,7382365205000,8970581571000,1778513083485787028,1778513083470605707,FULL
4213,4213,4230,7382398525000,8970614890000,1778513083519261435,1778513083503872789,FULL
4214,4214,4232,7382431845000,8970648208000,1778513083558142138,1778513083570415711,FULL
4215,4215,4232,7382465160000,8970681527000,1778513083585887828,1778513083570415711,FULL
4216,4216,4233,7382498481000,8970714846000,1778513083619267366,1778513083603833457,FULL
4217,4217,4234,7382531799000,8970748163000,1778513083652766902,1778513083637009595,FULL
4218,4218,4235,7382565118000,8970781482000,1778513083686550529,1778513083671111798,FULL
4219,4219,4236,7382598440000,8970814800000,1778513083719604829,1778513083703896587,FULL
4220,4220,4237,7382631755000,8970848119000,1778513083753104366,1778513083737115984,FULL
4221,4221,4238,7382665071000,8970881437000,1778513083785762615,1778513083773010484,FULL
4222,4222,4239,7382698390000,8970914755000,1778513083819740073,1778513083803877126,FULL
4223,4223,4240,7382731710000,8970948074000,1778513083853476978,1778513083837176207,FULL
4224,4224,4241,7382765026000,8970981392000,1778513083885721250,1778513083870464881,FULL
4225,4225,4242,7382798346000,8971014711000,1778513083919745670,1778513083903728888,FULL
4226,4226,4243,7382831664000,8971048030000,1778513083953482574,1778513083937052617,FULL
4227,4227,4244,7382864984000,8971081348000,1778513083986566208,1778513083970369957,FULL
4228,4228,4245,7382898302000,8971114667000,1778513084019263661,1778513084003739500,FULL
4229,4229,4246,7382931620000,8971147986000,1778513084053421246,1778513084037124784,FULL
4230,4230,4247,7382964940000,8971181304000,1778513084086307660,1778513084070375347,FULL
4231,4231,4248,7382998257000,8971214622000,1778513084118957483,1778513084103769279,FULL
4232,4232,4249,7383031575000,8971247940000,1778513084152839608,1778513084136996101,FULL
4233,4233,4250,7383064893000,8971281259000,1778513084185767392,1778513084171717724,FULL
4234,4234,4251,7383098224000,8971314577000,1778513084219455408,1778513084203661392,FULL
4235,4235,4252,7383131530000,8971347896000,1778513084252745540,1778513084236874900,FULL
4236,4236,4253,7383164850000,8971381214000,1778513084286007005,1778513084270842586,FULL
4237,4237,4254,7383198166000,8971414533000,1778513084319371191,1778513084303737800,FULL
4238,4238,4255,7383231486000,8971447852000,1778513084352045088,1778513084336923938,FULL
4239,4239,4257,7383264803000,8971481170000,1778513084387414402,1778513084403476934,FULL
4240,4240,4257,7383298122000,8971514489000,1778513084418622111,1778513084403476934,FULL
4241,4241,4258,7383331440000,8971547807000,1778513084452708623,1778513084436966383,FULL
4242,4242,4259,7383364759000,8971581126000,1778513084487947067,1778513084470198076,FULL
4243,4243,4260,7383398078000,8971614448000,1778513084518610911,1778513084522152159,FULL
4244,4244,4261,7383431395000,8971647766000,1778513084552573240,1778513084544550680,FULL
4245,4245,4262,7383464714000,8971681081000,1778513084585970926,1778513084572521536,FULL
4246,4246,4263,7383498035000,8971714399000,1778513084619267575,1778513084603629157,FULL
4247,4247,4264,7383531351000,8971747718000,1778513084653396050,1778513084637083107,FULL
4248,4248,4266,7383564672000,8971781036000,1778513084687408637,1778513084703250273,FULL
4249,4249,4266,7383597993000,8971814355000,1778513084719236580,1778513084703250273,FULL
4250,4250,4267,7383631309000,8971847673000,1778513084752653544,1778513084736724260,FULL
4251,4251,4269,7383664625000,8971880992000,1778513084787275717,1778513084803260515,FULL
4252,4252,4269,7383697944000,8971914310000,1778513084818663553,1778513084803260515,FULL
4253,4253,4270,7383731264000,8971947628000,1778513084852560401,1778513084836615299,FULL
4254,4254,4271,7383764581000,8971980947000,1778513084886060549,1778513084870016286,FULL
4255,4255,4272,7383797899000,8972014265000,1778513084918548040,1778513084904903111,FULL
4256,4256,4273,7383831217000,8972047584000,1778513084952579720,1778513084937068222,FULL
4257,4257,4275,7383864536000,8972080903000,1778513084985630632,1778513084998531397,FULL
4258,4258,4276,7383897858000,8972114220000,1778513085019369184,1778513085036718838,FULL
4259,4259,4276,7383931177000,8972147539000,1778513085051893324,1778513085036718838,FULL
4260,4260,4278,7383964493000,8972180857000,1778513085090184033,1778513085103941975,FULL
4261,4261,4278,7383997810000,8972214177000,1778513085120442937,1778513085103941975,FULL
4262,4262,4279,7384031132000,8972247492000,1778513085152020271,1778513085137344944,FULL
4263,4263,4280,7384064447000,8972280816000,1778513085185477920,1778513085170870152,FULL
4264,4264,4281,7384097766000,8972314131000,1778513085218371463,1778513085204021661,FULL
4265,4265,4282,7384131086000,8972347450000,1778513085252982377,1778513085237352871,FULL
4266,4266,4283,7384164407000,8972380768000,1778513085284879893,1778513085270705229,FULL
4267,4267,4284,7384197721000,8972414087000,1778513085318214728,1778513085304408806,FULL
4268,4268,4285,7384231040000,8972447405000,1778513085351551600,1778513085337845849,FULL
4269,4269,4286,7384264358000,8972480724000,1778513085384910027,1778513085371120486,FULL
4270,4270,4287,7384297677000,8972514042000,1778513085418197399,1778513085407396871,FULL
4271,4271,4288,7384330995000,8972547364000,1778513085452166820,1778513085437287930,FULL
4272,4272,4289,7384364318000,8972580680000,1778513085486616569,1778513085470151700,FULL
4273,4273,4290,7384397633000,8972613998000,1778513085518219292,1778513085503611205,FULL
4274,4274,4291,7384430950000,8972647316000,1778513085551537146,1778513085536878620,FULL
4275,4275,4292,7384464269000,8972680635000,1778513085584853221,1778513085569936870,FULL
4276,4276,4293,7384497587000,8972713953000,1778513085619047732,1778513085603047305,FULL
4277,4277,4294,7384530906000,8972747272000,1778513085651635908,1778513085636408755,FULL
4278,4278,4295,7384564224000,8972780590000,1778513085684974169,1778513085669728336,FULL
4279,4279,4296,7384597562000,8972813909000,1778513085719693711,1778513085706596568,FULL
4280,4280,4297,7384630863000,8972847227000,1778513085751615135,1778513085737811687,FULL
4281,4281,4298,7384664183000,8972880546000,1778513085786612600,1778513085770873863,FULL
4282,4282,4299,7384697498000,8972913864000,1778513085818704652,1778513085806007500,FULL
4283,4283,4300,7384730817000,8972947183000,1778513085851447326,1778513085837065326,FULL
4284,4284,4301,7384764136000,8972980501000,1778513085885327340,1778513085869964799,FULL
4285,4285,4302,7384797455000,8973013819000,1778513085918968802,1778513085903170289,FULL
4286,4286,4303,7384830772000,8973047138000,1778513085951987214,1778513085936400074,FULL
4287,4287,4304,7384864093000,8973080457000,1778513085985577657,1778513085969876079,FULL
4288,4288,4305,7384897410000,8973113775000,1778513086020142664,1778513086003587471,FULL
4289,4289,4306,7384930727000,8973147094000,1778513086051959941,1778513086037093087,FULL
4290,4290,4307,7384964048000,8973180412000,1778513086084773225,1778513086070580740,FULL
4291,4291,4308,7384997367000,8973213730000,1778513086118297410,1778513086103566880,FULL
4292,4292,4310,7385030684000,8973247049000,1778513086155038950,1778513086169773027,FULL
4293,4293,4310,7385064008000,8973280367000,1778513086185438667,1778513086169773027,FULL
4294,4294,4311,7385097320000,8973313685000,1778513086218421654,1778513086203498438,FULL
4295,4295,4312,7385130638000,8973347004000,1778513086251517009,1778513086239855192,FULL
4296,4296,4313,7385163955000,8973380323000,1778513086285442264,1778513086270737315,FULL
4297,4297,4314,7385197275000,8973413641000,1778513086320546450,1778513086306112154,FULL
4298,4298,4315,7385230592000,8973446959000,1778513086351582735,1778513086336517782,FULL
4299,4299,4316,7385263917000,8973480278000,1778513086384650666,1778513086369647142,FULL
4300,4300,4317,7385297229000,8973513598000,1778513086417948038,1778513086405949009,FULL
4301,4301,4318,7385330551000,8973546915000,1778513086451907644,1778513086436984093,FULL
4302,4302,4319,7385363866000,8973580233000,1778513086484569115,1778513086470361692,FULL
4303,4303,4320,7385397185000,8973613553000,1778513086519879670,1778513086521184268,FULL
4304,4304,4321,7385430503000,8973646870000,1778513086551155878,1778513086542627428,FULL
4305,4305,4322,7385463821000,8973680189000,1778513086585460721,1778513086570299064,FULL
4306,4306,4324,7385497143000,8973713508000,1778513086617848473,1778513086628093776,FULL
4307,4307,4325,7385530460000,8973746826000,1778513086651301696,1778513086669670775,FULL
4308,4308,4325,7385563779000,8973780144000,1778513086685245691,1778513086669670775,FULL
4309,4309,4326,7385597104000,8973813465000,1778513086718411527,1778513086702831024,FULL
4310,4310,4327,7385630418000,8973846781000,1778513086752043507,1778513086738344880,FULL
4311,4311,4328,7385663736000,8973880100000,1778513086784817459,1778513086770389140,FULL
4312,4312,4329,7385697053000,8973913418000,1778513086817941944,1778513086803566296,FULL
4313,4313,4330,7385730372000,8973946736000,1778513086851042911,1778513086836189958,FULL
4314,4314,4331,7385763689000,8973980056000,1778513086884473856,1778513086869473169,FULL
4315,4315,4333,7385797008000,8974013374000,1778513086919730207,1778513086936116830,FULL
4316,4316,4333,7385830327000,8974046693000,1778513086950986379,1778513086936116830,FULL
4317,4317,4334,7385863644000,8974080011000,1778513086985024651,1778513086969461281,FULL
4318,4318,4335,7385896964000,8974113329000,1778513087018693148,1778513087002673641,FULL
4319,4319,4336,7385930282000,8974146648000,1778513087050925161,1778513087037467522,FULL
4320,4320,4338,7385963600000,8974179966000,1778513087088918188,1778513087102787104,FULL
4321,4321,4339,7385996919000,8974213285000,1778513087120710446,1778513087136740179,FULL
4322,4322,4339,7386030238000,8974246600000,1778513087151179867,1778513087136740179,FULL
4323,4323,4340,7386063559000,8974279922000,1778513087183652544,1778513087170285905,FULL
4324,4324,4341,7386096874000,8974313240000,1778513087217177266,1778513087203821521,FULL
4325,4325,4342,7386130193000,8974346558000,1778513087250526748,1778513087234810736,FULL
4326,4326,4343,7386163512000,8974379877000,1778513087283976156,1778513087267759931,FULL
4327,4327,4344,7386196830000,8974413196000,1778513087317826448,1778513087301339121,FULL
4328,4328,4345,7386230149000,8974446514000,1778513087350411754,1778513087337687450,FULL
4329,4329,4346,7386263467000,8974479833000,1778513087384382397,1778513087370401573,FULL
4330,4330,4347,7386296786000,8974513153000,1778513087417141256,1778513087402780682,FULL
4331,4331,4348,7386330106000,8974546470000,1778513087450982752,1778513087436836126,FULL
4332,4332,4349,7386363422000,8974579788000,1778513087484276143,1778513087470617998,FULL
4333,4333,4350,7386396741000,8974613106000,1778513087517611422,1778513087501568973,FULL
4334,4334,4351,7386430059000,8974646425000,1778513087552135874,1778513087539340325,FULL
4335,4335,4352,7386463378000,8974679744000,1778513087584354165,1778513087571059903,FULL
4336,4336,4353,7386496695000,8974713061000,1778513087617597093,1778513087603372679,FULL
4337,4337,4354,7386530014000,8974746380000,1778513087652771372,1778513087638666777,FULL
4338,4338,4355,7386563332000,8974779699000,1778513087684487298,1778513087669152663,FULL
4339,4339,4357,7386596651000,8974813017000,1778513087723730459,1778513087735881713,FULL
4340,4340,4358,7386629971000,8974846336000,1778513087770952278,1778513087769621012,FULL
4341,4341,4359,7386663291000,8974879655000,1778513087804412092,1778513087802430005,FULL
4342,4342,4360,7386696610000,8974912973000,1778513087836946250,1778513087835843826,FULL
4343,4343,4361,7386729927000,8974946291000,1778513087869465020,1778513087871803196,FULL
4344,4344,4362,7386763244000,8974979610000,1778513087901568145,1778513087902497302,FULL
4345,4345,4363,7386796564000,8975012928000,1778513087936214429,1778513087935823883,FULL
4346,4346,4364,7386829883000,8975046246000,1778513087970131202,1778513087971026390,FULL
4347,4347,4365,7386863202000,8975079565000,1778513088001819091,1778513088002595136,FULL
4348,4348,4366,7386896520000,8975112884000,1778513088034848170,1778513088035793995,FULL
4349,4349,4367,7386929838000,8975146202000,1778513088068964311,1778513088069139520,FULL
4350,4350,4368,7386963156000,8975179521000,1778513088103420931,1778513088102506860,FULL
4351,4351,4369,7386996476000,8975212840000,1778513088137179428,1778513088135742275,FULL
4352,4352,4370,7387029794000,8975246157000,1778513088171372124,1778513088169073430,FULL
4353,4353,4371,7387063112000,8975279476000,1778513088203995910,1778513088202433936,FULL
4354,4354,4372,7387096430000,8975312795000,1778513088238052441,1778513088235652592,FULL
4355,4355,4373,7387129750000,8975346113000,1778513088271818197,1778513088271115374,FULL
4356,4356,4374,7387163070000,8975379431000,1778513088303814528,1778513088302319735,FULL
4357,4357,4375,7387196388000,8975412750000,1778513088338038409,1778513088335654649,FULL
4358,4358,4376,7387229706000,8975446069000,1778513088373017634,1778513088369081210,FULL
4359,4359,4377,7387263025000,8975479386000,1778513088405483126,1778513088402384958,FULL
4360,4360,4378,7387296343000,8975512706000,1778513088436444041,1778513088435570077,FULL
4361,4361,4379,7387329662000,8975546024000,1778513088469574119,1778513088468967712,FULL
4362,4362,4380,7387362979000,8975579342000,1778513088498957143,1778513088518420413,FULL
4363,4363,4381,7387396297000,8975612661000,1778513088533665482,1778513088539806555,FULL
4364,4364,4382,7387429615000,8975645979000,1778513088572410852,1778513088569886149,FULL
4365,4365,4383,7387462934000,8975679297000,1778513088604838715,1778513088603095435,FULL
4366,4366,4384,7387496254000,8975712617000,1778513088637259671,1778513088635587635,FULL
4367,4367,4385,7387529572000,8975745934000,1778513088671080297,1778513088668948641,FULL
4368,4368,4386,7387562890000,8975779252000,1778513088702960573,1778513088694899109,FULL
4369,4369,4387,7387596208000,8975812571000,1778513088736640404,1778513088735691079,FULL
4370,4370,4388,7387629527000,8975845890000,1778513088769694927,1778513088768907957,FULL
4371,4371,4389,7387662845000,8975879208000,1778513088800202365,1778513088802336685,FULL
4372,4372,4390,7387696163000,8975912527000,1778513088832229436,1778513088835638526,FULL
4373,4373,4391,7387729482000,8975945845000,1778513088868370704,1778513088869071327,FULL
4374,4374,4392,7387762801000,8975979164000,1778513088903666685,1778513088902746831,FULL
4375,4375,4393,7387796118000,8976012482000,1778513088935556368,1778513088935154698,FULL
4376,4376,4394,7387829437000,8976045801000,1778513088970722906,1778513088967546418,FULL
4377,4377,4395,7387862760000,8976079119000,1778513089010235472,1778513088993740254,FULL
4378,4378,4396,7387896075000,8976112437000,1778513089040226675,1778513089034373763,FULL
4379,4379,4397,7387929395000,8976145756000,1778513089070492487,1778513089068851110,FULL
4380,4380,4398,7387962712000,8976179075000,1778513089106919400,1778513089096925872,FULL
4381,4381,4399,7387996028000,8976212393000,1778513089134761126,1778513089135775380,FULL
4382,4382,4400,7388029349000,8976245709000,1778513089169600834,1778513089169178256,FULL
4383,4383,4401,7388062666000,8976279030000,1778513089201159261,1778513089203652066,FULL
4384,4384,4402,7388095984000,8976312348000,1778513089234640872,1778513089235555291,FULL
4385,4385,4403,7388129303000,8976345667000,1778513089266758220,1778513089268729873,FULL
4386,4386,4404,7388162622000,8976378985000,1778513089299458709,1778513089302467672,FULL
4387,4387,4405,7388195940000,8976412303000,1778513089332358271,1778513089335561236,FULL
4388,4388,4406,7388229257000,8976445622000,1778513089366767594,1778513089368767781,FULL
4389,4389,4407,7388262577000,8976478940000,1778513089401500526,1778513089402143602,FULL
4390,4390,4408,7388295897000,8976512260000,1778513089438006605,1778513089435274352,FULL
4391,4391,4409,7388329219000,8976545577000,1778513089468791744,1778513089468542025,FULL
4392,4392,4410,7388362531000,8976578896000,1778513089499460774,1778513089503759958,FULL
4393,4393,4411,7388395852000,8976612216000,1778513089531997228,1778513089535098354,FULL
4394,4394,4412,7388429169000,8976645533000,1778513089565106732,1778513089568509657,FULL
4395,4395,4413,7388462487000,8976678851000,1778513089598324864,1778513089601762423,FULL
4396,4396,4414,7388495806000,8976712170000,1778513089632053898,1778513089635014394,FULL
4397,4397,4415,7388529123000,8976745489000,1778513089674010846,1778513089668410159,FULL
4398,4398,4417,7388562444000,8976778807000,1778513089722746241,1778513089735022265,FULL
4399,4399,4417,7388595776000,8976812126000,1778513089748637747,1778513089735022265,FULL
4400,4400,4418,7388629097000,8976845444000,1778513089770637793,1778513089768327457,FULL
4401,4401,4419,7388662419000,8976878762000,1778513089800117465,1778513089801668686,FULL
4402,4402,4420,7388695731000,8976912081000,1778513089823195574,1778513089836598029,FULL
4403,4403,4420,7388729035000,8976945400000,1778513089850271567,1778513089836598029,FULL
4404,4404,4421,7388762352000,8976978717000,1778513089884218340,1778513089868230367,FULL
4405,4405,4423,7388795672000,8977012036000,1778513089916963218,1778513089929622746,FULL
4406,4406,4424,7388828990000,8977045355000,1778513089950195443,1778513089968256164,FULL
4407,4407,4424,7388862310000,8977078673000,1778513089982851322,1778513089968256164,FULL
4408,4408,4425,7388895626000,8977111992000,1778513090016882334,1778513090001778039,FULL
4409,4409,4426,7388928944000,8977145310000,1778513090049458862,1778513090034880900,FULL
4410,4410,4427,7388962262000,8977178629000,1778513090083724854,1778513090068367127,FULL
4411,4411,4429,7388995583000,8977211947000,1778513090118323009,1778513090134867735,FULL
4412,4412,4429,7389028901000,8977245265000,1778513090150124878,1778513090134867735,FULL
4413,4413,4430,7389062218000,8977278584000,1778513090183254734,1778513090168251667,FULL
4414,4414,4431,7389095538000,8977311902000,1778513090218172348,1778513090201500230,FULL
4415,4415,4432,7389128855000,8977345221000,1778513090249890329,1778513090234948643,FULL
4416,4416,4433,7389162174000,8977378540000,1778513090282850557,1778513090268177335,FULL
4417,4417,4434,7389195493000,8977411858000,1778513090316736571,1778513090301401658,FULL
4418,4418,4435,7389228811000,8977445177000,1778513090349814538,1778513090337230140,FULL
4419,4419,4436,7389262128000,8977478495000,1778513090383600961,1778513090368062190,FULL
4420,4420,4438,7389295448000,8977511813000,1778513090424692399,1778513090436393427,FULL
4421,4421,4439,7389328774000,8977545132000,1778513090460456264,1778513090468290411,FULL
4422,4422,4440,7389362090000,8977578450000,1778513090494680386,1778513090517478484,FULL
4423,4423,4440,7389395417000,8977611769000,1778513090517951771,1778513090517478484,FULL
4424,4424,4441,7389428722000,8977645087000,1778513090549743325,1778513090538615999,FULL
4425,4425,4442,7389462039000,8977678405000,1778513090582974291,1778513090569216403,FULL
4426,4426,4443,7389495359000,8977711725000,1778513090616379829,1778513090601483179,FULL
4427,4427,4444,7389528676000,8977745042000,1778513090649779292,1778513090634544651,FULL
4428,4428,4445,7389561995000,8977778361000,1778513090683153423,1778513090668076971,FULL
4429,4429,4446,7389595314000,8977811679000,1778513090718382997,1778513090701345997,FULL
4430,4430,4447,7389628633000,8977844998000,1778513090749155525,1778513090736417745,FULL
4431,4431,4448,7389661952000,8977878317000,1778513090783495868,1778513090768054121,FULL
4432,4432,4449,7389695271000,8977911635000,1778513090816509725,1778513090801145555,FULL
4433,4433,4450,7389728589000,8977944954000,1778513090849536174,1778513090834575061,FULL
4434,4434,4451,7389761907000,8977978272000,1778513090882949804,1778513090867895049,FULL
4435,4435,4452,7389795225000,8978011593000,1778513090916223510,1778513090901241482,FULL
4436,4436,4453,7389828543000,8978044909000,1778513090949490049,1778513090936866299,FULL
4437,4437,4454,7389861862000,8978078227000,1778513090982220853,1778513090966877135,FULL
4438,4438,4455,7389895179000,8978111546000,1778513091016238829,1778513090999698406,FULL
4439,4439,4457,7389928498000,8978144865000,1778513091049203408,1778513091060695826,FULL
4440,4440,4458,7389961818000,8978178183000,1778513091086822272,1778513091101968699,FULL
4441,4441,4458,7389995136000,8978211501000,1778513091117249119,1778513091101968699,FULL
4442,4442,4459,7390028456000,8978244817000,1778513091149028340,1778513091135226651,FULL
4443,4443,4460,7390061772000,8978278138000,1778513091181892458,1778513091171278020,FULL
4444,4444,4461,7390095092000,8978311457000,1778513091215127683,1778513091202033255,FULL
4445,4445,4462,7390128409000,8978344775000,1778513091248882161,1778513091235261800,FULL
4446,4446,4463,7390161727000,8978378094000,1778513091282113127,1778513091268663454,FULL
4447,4447,4464,7390195046000,8978411412000,1778513091315843679,1778513091302208588,FULL
4448,4448,4465,7390228367000,8978444731000,1778513091348735630,1778513091335595613,FULL
4449,4449,4466,7390261683000,8978478049000,1778513091381969299,1778513091369981961,FULL
4450,4450,4467,7390295002000,8978511368000,1778513091416837747,1778513091401320987,FULL
4451,4451,4468,7390328321000,8978544687000,1778513091448726542,1778513091434480977,FULL
4452,4452,4469,7390361638000,8978578005000,1778513091482661389,1778513091467998463,FULL
4453,4453,4470,7390394957000,8978611322000,1778513091516083093,1778513091501281174,FULL
4454,4454,4471,7390428276000,8978644641000,1778513091549273985,1778513091534491145,FULL
4455,4455,4472,7390461594000,8978677960000,1778513091582664078,1778513091570388071,FULL
4456,4456,4473,7390494913000,8978711280000,1778513091615377049,1778513091601681190,FULL
4457,4457,4474,7390528231000,8978744596000,1778513091649366192,1778513091634459295,FULL
4458,4458,4475,7390561549000,8978777916000,1778513091683193429,1778513091669322082,FULL
4459,4459,4476,7390594868000,8978811235000,1778513091716627596,1778513091701250029,FULL
4460,4460,4478,7390628188000,8978844553000,1778513091751238473,1778513091767784414,FULL
4461,4461,4478,7390661506000,8978877870000,1778513091783292525,1778513091767784414,FULL
4462,4462,4480,7390694824000,8978911189000,1778513091818446989,1778513091834602962,FULL
4463,4463,4480,7390728146000,8978944507000,1778513091850674446,1778513091834602962,FULL
4464,4464,4481,7390761469000,8978977826000,1778513091883970077,1778513091867662009,FULL
4465,4465,4482,7390794789000,8979011145000,1778513091916703233,1778513091900997700,FULL
4466,4466,4483,7390828101000,8979044463000,1778513091951172575,1778513091934288059,FULL
4467,4467,4484,7390861421000,8979077782000,1778513091983278108,1778513091970620425,FULL
4468,4468,4485,7390894743000,8979111100000,1778513092016658331,1778513092002503965,FULL
4469,4469,4486,7390928060000,8979144418000,1778513092051793406,1778513092035060257,FULL
4470,4470,4487,7390961379000,8979177737000,1778513092083178928,1778513092069878693,FULL
4471,4471,4488,7390994701000,8979211055000,1778513092116920536,1778513092101431402,FULL
4472,4472,4490,7391028026000,8979244374000,1778513092152644809,1778513092167530662,FULL
4473,4473,4491,7391061336000,8979277693000,1778513092186800690,1778513092200779928,FULL
4474,4474,4491,7391094650000,8979311011000,1778513092216924744,1778513092200779928,FULL
4475,4475,4493,7391127973000,8979344330000,1778513092258326494,1778513092270533615,FULL
4476,4476,4494,7391161292000,8979377648000,1778513092288622379,1778513092302937798,FULL
4477,4477,4494,7391194615000,8979410966000,1778513092318745414,1778513092302937798,FULL
4478,4478,4496,7391227937000,8979444285000,1778513092356715552,1778513092369851327,FULL
4479,4479,4497,7391261245000,8979477603000,1778513092391269059,1778513092403358369,FULL
4480,4480,4498,7391294565000,8979510921000,1778513092424736874,1778513092434052031,FULL
4481,4481,4499,7391327880000,8979544241000,1778513092455839992,1778513092467874736,FULL
4482,4482,4499,7391361196000,8979577559000,1778513092489723562,1778513092467874736,FULL
4483,4483,4500,7391394524000,8979610878000,1778513092522007185,1778513092520970494,FULL
4484,4484,4501,7391427836000,8979644195000,1778513092554601398,1778513092543669938,FULL
4485,4485,4503,7391461155000,8979677514000,1778513092587733976,1778513092591877873,FULL
4486,4486,4504,7391494476000,8979710832000,1778513092618318358,1778513092623391138,FULL
4487,4487,4505,7391527798000,8979744151000,1778513092656522882,1778513092657731357,FULL
4488,4488,4506,7391561121000,8979777469000,1778513092694979385,1778513092700599770,FULL
4489,4489,4507,7391594433000,8979810789000,1778513092719499331,1778513092733884851,FULL
4490,4490,4508,7391627763000,8979844107000,1778513092760815508,1778513092767394486,FULL
4491,4491,4509,7391661069000,8979877425000,1778513092793790161,1778513092794664329,FULL
4492,4492,4510,7391694397000,8979910743000,1778513092821274632,1778513092834087369,FULL
4493,4493,4511,7391727702000,8979944062000,1778513092851965365,1778513092867114341,FULL
4494,4494,4512,7391761027000,8979977380000,1778513092885698695,1778513092902754807,FULL
4495,4495,4513,7391794339000,8980010699000,1778513092919540414,1778513092933965149,FULL
4496,4496,4513,7391827658000,8980044018000,1778513092950208721,1778513092933965149,FULL
4497,4497,4515,7391860980000,8980077336000,1778513092987527014,1778513093001321655,FULL
4498,4498,4515,7391894293000,8980110654000,1778513093016299322,1778513093001321655,FULL
4499,4499,4517,7391927616000,8980143972000,1778513093053190823,1778513093067888521,FULL
4500,4500,4518,7391960932000,8980177291000,1778513093090844002,1778513093101366119,FULL
4501,4501,4519,7391994249000,8980210609000,1778513093120683021,1778513093135670394,FULL
4502,4502,4520,7392027567000,8980243928000,1778513093152231745,1778513093168135354,FULL
4503,4503,4520,7392060885000,8980277248000,1778513093181450494,1778513093168135354,FULL
4504,4504,4521,7392094200000,8980310566000,1778513093215081714,1778513093202889809,FULL
4505,4505,4522,7392127520000,8980343883000,1778513093247714890,1778513093233921079,FULL
4506,4506,4523,7392160842000,8980377202000,1778513093282425025,1778513093267131661,FULL
4507,4507,4524,7392194155000,8980410521000,1778513093314529502,1778513093300526223,FULL
4508,4508,4525,7392227474000,8980443839000,1778513093348902696,1778513093333822878,FULL
4509,4509,4526,7392260799000,8980477157000,1778513093381168616,1778513093367145588,FULL
4510,4510,4527,7392294111000,8980510476000,1778513093414426026,1778513093400416669,FULL
4511,4511,4528,7392327428000,8980543795000,1778513093448532205,1778513093433824286,FULL
4512,4512,4529,7392360753000,8980577114000,1778513093481462655,1778513093467083016,FULL
4513,4513,4530,7392394067000,8980610432000,1778513093515040246,1778513093500525540,FULL
4514,4514,4531,7392427392000,8980643750000,1778513093548421747,1778513093534746945,FULL
4515,4515,4532,7392460704000,8980677068000,1778513093582621980,1778513093567116572,FULL
4516,4516,4533,7392494022000,8980710386000,1778513093614966344,1778513093600374543,FULL
4517,4517,4534,7392527342000,8980743705000,1778513093648262123,1778513093636179432,FULL
4518,4518,4535,7392560659000,8980777023000,1778513093683818453,1778513093667176369,FULL
4519,4519,4536,7392593977000,8980810342000,1778513093715032144,1778513093700495858,FULL
4520,4520,4537,7392627295000,8980843661000,1778513093748178610,1778513093733646884,FULL
4521,4521,4538,7392660614000,8980876979000,1778513093781535074,1778513093766934725,FULL
4522,4522,4539,7392693932000,8980910297000,1778513093814770929,1778513093800198862,FULL
4523,4523,4540,7392727251000,8980943616000,1778513093848418853,1778513093833624719,FULL
4524,4524,4541,7392760571000,8980976935000,1778513093881359488,1778513093866845283,FULL
4525,4525,4542,7392793887000,8981010253000,1778513093914677230,1778513093900926726,FULL
4526,4526,4543,7392827206000,8981043571000,1778513093948082435,1778513093934389120,FULL
4527,4527,4544,7392860524000,8981076891000,1778513093981498676,1778513093967609276,FULL
4528,4528,4545,7392893844000,8981110208000,1778513094014991842,1778513094001029245,FULL
4529,4529,4546,7392927161000,8981143526000,1778513094048709525,1778513094036920504,FULL
4530,4530,4547,7392960482000,8981176845000,1778513094081488958,1778513094067786387,FULL
4531,4531,4548,7392993806000,8981210163000,1778513094114829552,1778513094100174995,FULL
4532,4532,4549,7393027119000,8981243482000,1778513094148587160,1778513094135458890,FULL
4533,4533,4550,7393060439000,8981276800000,1778513094181777737,1778513094167036766,FULL
4534,4534,4551,7393093755000,8981310118000,1778513094215371217,1778513094201033136,FULL
4535,4535,4552,7393127074000,8981343437000,1778513094248111503,1778513094234271959,FULL
4536,4536,4553,7393160391000,8981376755000,1778513094281353820,1778513094267561966,FULL
4537,4537,4554,7393193708000,8981410074000,1778513094314784117,1778513094300201516,FULL
4538,4538,4555,7393227029000,8981443392000,1778513094348516429,1778513094333385043,FULL
4539,4539,4557,7393260346000,8981476711000,1778513094388932504,1778513094400909066,FULL
4540,4540,4557,7393293665000,8981510029000,1778513094414717214,1778513094400909066,FULL
4541,4541,4558,7393326984000,8981543348000,1778513094448562470,1778513094435800298,FULL
4542,4542,4559,7393360300000,8981576667000,1778513094481663733,1778513094467949464,FULL
4543,4543,4560,7393393618000,8981609985000,1778513094514644738,1778513094520987759,FULL
4544,4544,4561,7393426938000,8981643303000,1778513094548157201,1778513094543301244,FULL
4545,4545,4562,7393460259000,8981676622000,1778513094581828606,1778513094568054798,FULL
4546,4546,4564,7393493576000,8981709940000,1778513094614792352,1778513094625151998,FULL
4547,4547,4565,7393526895000,8981743259000,1778513094648710847,1778513094666556870,FULL
4548,4548,4566,7393560213000,8981776578000,1778513094681964479,1778513094693757029,FULL
4549,4549,4567,7393593531000,8981809896000,1778513094715703661,1778513094733951727,FULL
4550,4550,4568,7393626850000,8981843215000,1778513094751255436,1778513094768287817,FULL
4551,4551,4569,7393660168000,8981876534000,1778513094794295483,1778513094802264780,FULL
4552,4552,4573,7393693487000,8981909852000,1778513094947541576,1778513094933960193,FULL
4553,4553,4573,7393726805000,8981943171000,1778513094948090867,1778513094933960193,FULL
4554,4554,4573,7393760125000,8981976489000,1778513094948529584,1778513094933960193,FULL
4555,4555,4573,7393793442000,8982009807000,1778513094949093282,1778513094933960193,FULL
4556,4556,4574,7393826761000,8982043125000,1778513094966526488,1778513094967251774,FULL
4557,4557,4575,7393860081000,8982076444000,1778513094998852574,1778513095000572410,FULL
4558,4558,4576,7393893398000,8982109763000,1778513095032616793,1778513095034030508,FULL
4559,4559,4577,7393926716000,8982143081000,1778513095065208061,1778513095067269534,FULL
4560,4560,4578,7393960034000,8982176399000,1778513095114476710,1778513095100533523,FULL
4561,4561,4579,7393993359000,8982209719000,1778513095135888281,1778513095134133008,FULL
4562,4562,4580,7394026674000,8982243037000,1778513095167533856,1778513095167381294,FULL
4563,4563,4581,7394059993000,8982276355000,1778513095196202944,1778513095202666781,FULL
4564,4564,4582,7394093310000,8982309678000,1778513095229683388,1778513095233588348,FULL
4565,4565,4583,7394126628000,8982342993000,1778513095262995705,1778513095268961224,FULL
4566,4566,4584,7394159946000,8982376311000,1778513095297443009,1778513095303471460,FULL
4567,4567,4585,7394193266000,8982409630000,1778513095331836925,1778513095334480082,FULL
4568,4568,4586,7394226584000,8982442948000,1778513095364249140,1778513095368577136,FULL
4569,4569,4587,7394259902000,8982476266000,1778513095397585604,1778513095400016421,FULL
4570,4570,4588,7394293221000,8982509585000,1778513095430800922,1778513095433112337,FULL
4571,4571,4589,7394326538000,8982542903000,1778513095465127894,1778513095466566546,FULL
4572,4572,4590,7394359858000,8982576221000,1778513095498907188,1778513095499623333,FULL
4573,4573,4591,7394393176000,8982609540000,1778513095532307133,1778513095533194467,FULL
4574,4574,4592,7394426495000,8982642858000,1778513095565241453,1778513095566586806,FULL
4575,4575,4593,7394459813000,8982676177000,1778513095598572306,1778513095599746093,FULL
4576,4576,4594,7394493131000,8982709496000,1778513095632254193,1778513095633253283,FULL
4577,4577,4595,7394526450000,8982742814000,1778513095665492381,1778513095668391438,FULL
4578,4578,4596,7394559768000,8982776132000,1778513095699759984,1778513095700026980,FULL
4579,4579,4597,7394593087000,8982809451000,1778513095732412011,1778513095732997323,FULL
4580,4580,4598,7394626406000,8982842769000,1778513095764984557,1778513095766351145,FULL
4581,4581,4599,7394659724000,8982876087000,1778513095797115108,1778513095799752558,FULL
4582,4582,4600,7394693041000,8982909406000,1778513095827368420,1778513095833071120,FULL
4583,4583,4601,7394726359000,8982942725000,1778513095861427525,1778513095866364405,FULL
4584,4584,4602,7394759679000,8982976043000,1778513095901163033,1778513095899623116,FULL
4585,4585,4603,7394792997000,8983009361000,1778513095932369742,1778513095932933327,FULL
4586,4586,4604,7394826318000,8983042680000,1778513095965704373,1778513095966137427,FULL
4587,4587,4605,7394859636000,8983075998000,1778513096003088739,1778513096001608802,FULL
4588,4588,4606,7394892954000,8983109317000,1778513096034474798,1778513096032847051,FULL
4589,4589,4607,7394926273000,8983142635000,1778513096067565765,1778513096066141669,FULL
4590,4590,4608,7394959592000,8983175953000,1778513096100852878,1778513096102345240,FULL
4591,4591,4609,7394992908000,8983209272000,1778513096132419417,1778513096133016939,FULL
4592,4592,4610,7395026228000,8983242591000,1778513096168102097,1778513096166057208,FULL
4593,4593,4611,7395059545000,8983275909000,1778513096199602711,1778513096199666305,FULL
4594,4594,4612,7395092864000,8983309227000,1778513096232000537,1778513096232728573,FULL
4595,4595,4613,7395126183000,8983342546000,1778513096265101800,1778513096265990988,FULL
4596,4596,4614,7395159502000,8983375864000,1778513096298899722,1778513096299300828,FULL
4597,4597,4615,7395192820000,8983409183000,1778513096333980002,1778513096332679371,FULL
4598,4598,4616,7395226139000,8983442502000,1778513096365441486,1778513096366145987,FULL
4599,4599,4617,7395259457000,8983475820000,1778513096397460205,1778513096399345847,FULL
4600,4600,4618,7395292776000,8983509139000,1778513096430723911,1778513096432744761,FULL
4601,4601,4619,7395326093000,8983542458000,1778513096466113076,1778513096465995990,FULL
4602,4602,4620,7395359413000,8983575776000,1778513096498194386,1778513096514319776,FULL
4603,4603,4621,7395392731000,8983609094000,1778513096531061022,1778513096536869296,FULL
4604,4604,4622,7395426049000,8983642412000,1778513096565988896,1778513096566577004,FULL
4605,4605,4623,7395459368000,8983675731000,1778513096597545472,1778513096600872613,FULL
4606,4606,4624,7395492687000,8983709050000,1778513096631452263,1778513096632932428,FULL
4607,4607,4625,7395526006000,8983742368000,1778513096672176039,1778513096665916956,FULL
4608,4608,4626,7395559326000,8983775686000,1778513096699804137,1778513096692463844,FULL
4609,4609,4627,7395592638000,8983809005000,1778513096729275198,1778513096733498868,FULL
4610,4610,4628,7395625960000,8983842323000,1778513096764026833,1778513096766717061,FULL
4611,4611,4629,7395659276000,8983875642000,1778513096795500372,1778513096801702625,FULL
4612,4612,4630,7395692595000,8983908960000,1778513096829460682,1778513096832486268,FULL
4613,4613,4631,7395725913000,8983942279000,1778513096861758361,1778513096865833108,FULL
4614,4614,4632,7395759232000,8983975597000,1778513096898972562,1778513096899422519,FULL
4615,4615,4633,7395792553000,8984008916000,1778513096930930486,1778513096932425344,FULL
4616,4616,4634,7395825871000,8984042235000,1778513096965274476,1778513096965611685,FULL
4617,4617,4635,7395859189000,8984075552000,1778513096997611433,1778513096998994636,FULL
4618,4618,4636,7395892507000,8984108871000,1778513097032592084,1778513097032516252,FULL
4619,4619,4637,7395925826000,8984142189000,1778513097064717487,1778513097065898388,FULL
4620,4620,4638,7395959145000,8984175508000,1778513097110640171,1778513097099075007,FULL
4621,4621,4639,7395992462000,8984208827000,1778513097132128834,1778513097132569827,FULL
4622,4622,4640,7396025781000,8984242143000,1778513097164110275,1778513097166468180,FULL
4623,4623,4641,7396059101000,8984275464000,1778513097197289223,1778513097199309265,FULL
4624,4624,4642,7396092417000,8984308782000,1778513097229498347,1778513097234058665,FULL
4625,4625,4643,7396125735000,8984342101000,1778513097262854200,1778513097265925649,FULL
4626,4626,4644,7396159055000,8984375420000,1778513097302031844,1778513097299149657,FULL
4627,4627,4645,7396192374000,8984408738000,1778513097332539653,1778513097332435053,FULL
4628,4628,4646,7396225693000,8984442056000,1778513097365186235,1778513097365706301,FULL
4629,4629,4647,7396259010000,8984475375000,1778513097399784261,1778513097399296064,FULL
4630,4630,4648,7396292328000,8984508693000,1778513097430400383,1778513097432278352,FULL
4631,4631,4649,7396325647000,8984542012000,1778513097463869124,1778513097465754579,FULL
4632,4632,4650,7396358965000,8984575330000,1778513097497095775,1778513097498629294,FULL
4633,4633,4651,7396392285000,8984608648000,1778513097530617885,1778513097530895144,FULL
4634,4634,4652,7396425604000,8984641967000,1778513097563904535,1778513097564151263,FULL
4635,4635,4653,7396458920000,8984675285000,1778513097597303795,1778513097591348700,FULL
4636,4636,4654,7396492240000,8984708604000,1778513097630218264,1778513097633010236,FULL
4637,4637,4655,7396525556000,8984741922000,1778513097664136630,1778513097665744489,FULL
4638,4638,4656,7396558875000,8984775240000,1778513097701650310,1778513097699024089,FULL
4639,4639,4657,7396592195000,8984808559000,1778513097733449197,1778513097734793868,FULL
4640,4640,4658,7396625515000,8984841878000,1778513097764883367,1778513097765620492,FULL
4641,4641,4659,7396658831000,8984875196000,1778513097797827428,1778513097799093090,FULL
4642,4642,4660,7396692149000,8984908515000,1778513097831008357,1778513097833871767,FULL
4643,4643,4661,7396725467000,8984941833000,1778513097861339501,1778513097865519753,FULL
4644,4644,4662,7396758786000,8984975152000,1778513097896029803,1778513097898824760,FULL
4645,4645,4663,7396792104000,8985008470000,1778513097934138884,1778513097932773057,FULL
4646,4646,4664,7396825426000,8985041789000,1778513097965081577,1778513097965601846,FULL
4647,4647,4665,7396858742000,8985075108000,1778513097997436719,1778513097999130444,FULL
4648,4648,4666,7396892062000,8985108426000,1778513098036051776,1778513098032375729,FULL
4649,4649,4667,7396925381000,8985141744000,1778513098066140941,1778513098065470090,FULL
4650,4650,4668,7396958698000,8985175063000,1778513098101255572,1778513098098962169,FULL
4651,4651,4669,7396992030000,8985208381000,1778513098134702757,1778513098132241380,FULL
4652,4652,4670,7397025336000,8985241700000,1778513098165194900,1778513098165509998,FULL
4653,4653,4671,7397058657000,8985275018000,1778513098197267600,1778513098198916244,FULL
4654,4654,4672,7397091971000,8985308337000,1778513098231985031,1778513098232026827,FULL
4655,4655,4673,7397125292000,8985341655000,1778513098264638910,1778513098265523388,FULL
4656,4656,4674,7397158610000,8985374973000,1778513098297728062,1778513098298812228,FULL
4657,4657,4675,7397191929000,8985408292000,1778513098330169388,1778513098332228438,FULL
4658,4658,4676,7397225246000,8985441611000,1778513098364422694,1778513098365423890,FULL
4659,4659,4677,7397258564000,8985474929000,1778513098397773399,1778513098398722823,FULL
4660,4660,4678,7397291883000,8985508248000,1778513098431134956,1778513098432200680,FULL
4661,4661,4679,7397325201000,8985541566000,1778513098463547578,1778513098466992580,FULL
4662,4662,4680,7397358520000,8985574885000,1778513098497743459,1778513098515154459,FULL
4663,4663,4681,7397391839000,8985608203000,1778513098531693399,1778513098536409733,FULL
4664,4664,4682,7397425157000,8985641521000,1778513098564570664,1778513098560064056,FULL
4665,4665,4683,7397458473000,8985674840000,1778513098596639012,1778513098598720640,FULL
4666,4666,4684,7397491791000,8985708158000,1778513098633498199,1778513098631876463,FULL
4667,4667,4685,7397525113000,8985741477000,1778513098664596502,1778513098665140860,FULL
4668,4668,4686,7397558429000,8985774796000,1778513098698998066,1778513098698552606,FULL
4669,4669,4687,7397591747000,8985808114000,1778513098729400728,1778513098726514480,FULL
4670,4670,4688,7397625067000,8985841433000,1778513098761854979,1778513098767109971,FULL
4671,4671,4689,7397658386000,8985874751000,1778513098796251377,1778513098799247249,FULL
4672,4672,4690,7397691705000,8985908068000,1778513098831008030,1778513098832754031,FULL
4673,4673,4691,7397725023000,8985941388000,1778513098864290736,1778513098865948095,FULL
4674,4674,4692,7397758342000,8985974706000,1778513098897808791,1778513098899269972,FULL
4675,4675,4693,7397791660000,8986008031000,1778513098932521426,1778513098934482757,FULL
4676,4676,4694,7397824979000,8986041342000,1778513098964644847,1778513098967595006,FULL
4677,4677,4695,7397858297000,8986074664000,1778513098996886027,1778513098998382667,FULL
4678,4678,4696,7397891616000,8986107980000,1778513099033225664,1778513099035305453,FULL
4679,4679,4697,7397924934000,8986141298000,1778513099063141127,1778513099068017022,FULL
4680,4680,4698,7397958254000,8986174617000,1778513099105466015,1778513099099118513,FULL
4681,4681,4699,7397991572000,8986207936000,1778513099137276551,1778513099134988180,FULL
4682,4682,4700,7398024892000,8986241252000,1778513099164489487,1778513099165909655,FULL
4683,4683,4701,7398058211000,8986274573000,1778513099195951009,1778513099198360374,FULL
4684,4684,4702,7398091527000,8986307891000,1778513099227010830,1778513099231714436,FULL
4685,4685,4703,7398124845000,8986341209000,1778513099259744634,1778513099265323865,FULL
4686,4686,4704,7398158164000,8986374527000,1778513099293555186,1778513099298347264,FULL
4687,4687,4705,7398191482000,8986407845000,1778513099330872368,1778513099331683030,FULL
4688,4688,4706,7398224802000,8986441166000,1778513099364783845,1778513099365007314,FULL
4689,4689,4707,7398258120000,8986474482000,1778513099398114939,1778513099398543430,FULL
4690,4690,4708,7398291440000,8986507801000,1778513099431547958,1778513099432020546,FULL
4691,4691,4709,7398324756000,8986541120000,1778513099465797338,1778513099465155055,FULL
4692,4692,4710,7398358080000,8986574439000,1778513099499580020,1778513099498555764,FULL
4693,4693,4711,7398391394000,8986607757000,1778513099531855403,1778513099531935919,FULL
4694,4694,4712,7398424712000,8986641076000,1778513099563800586,1778513099565145482,FULL
4695,4695,4713,7398458031000,8986674392000,1778513099597687859,1778513099598494340,FULL
4696,4696,4714,7398491349000,8986707713000,1778513099629665820,1778513099631867365,FULL
4697,4697,4715,7398524667000,8986741030000,1778513099661563966,1778513099665132687,FULL
4698,4698,4716,7398557985000,8986774348000,1778513099696847743,1778513099700003956,FULL
4699,4699,4717,7398591306000,8986807668000,1778513099728971183,1778513099731865440,FULL
4700,4700,4718,7398624622000,8986840986000,1778513099763999222,1778513099765033967,FULL
4701,4701,4719,7398657941000,8986874305000,1778513099793974055,1778513099800830042,FULL
4702,4702,4720,7398691260000,8986907624000,1778513099828703524,1778513099831770257,FULL
4703,4703,4721,7398724578000,8986940941000,1778513099861400050,1778513099865094820,FULL
4704,4704,4722,7398757897000,8986974260000,1778513099893750210,1778513099898395049,FULL
4705,4705,4723,7398791215000,8987007578000,1778513099931549276,1778513099931704574,FULL
4706,4706,4724,7398824534000,8987040897000,1778513099964330987,1778513099965055377,FULL
4707,4707,4725,7398857855000,8987074216000,1778513099997101124,1778513099998288699,FULL
4708,4708,4726,7398891171000,8987107534000,1778513100033990866,1778513100031597743,FULL
4709,4709,4727,7398924488000,8987140852000,1778513100062810507,1778513100064874973,FULL
4710,4710,4728,7398957808000,8987174171000,1778513100093887162,1778513100099100563,FULL
4711,4711,4729,7398991126000,8987207490000,1778513100131084993,1778513100131685392,FULL
4712,4712,4730,7399024445000,8987240807000,1778513100166306549,1778513100165053694,FULL
4713,4713,4731,7399057763000,8987274127000,1778513100196253530,1778513100198235406,FULL
4714,4714,4732,7399091083000,8987307445000,1778513100230937203,1778513100231488487,FULL
4715,4715,4733,7399124400000,8987340763000,1778513100264012373,1778513100264823587,FULL
4716,4716,4734,7399157718000,8987374082000,1778513100296819214,1778513100300398090,FULL
4717,4717,4735,7399191037000,8987407401000,1778513100328764415,1778513100331657191,FULL
4718,4718,4736,7399224355000,8987440718000,1778513100360536229,1778513100364661386,FULL
4719,4719,4737,7399257673000,8987474037000,1778513100391126019,1778513100398250982,FULL
4720,4720,4738,7399290991000,8987507356000,1778513100428841678,1778513100431221122,FULL
4721,4721,4739,7399324310000,8987540675000,1778513100463616164,1778513100464599499,FULL
4722,4722,4740,7399357629000,8987573993000,1778513100497153497,1778513100514964764,FULL
4723,4723,4741,7399390948000,8987607311000,1778513100532142944,1778513100536688829,FULL
4724,4724,4742,7399424267000,8987640629000,1778513100561887168,1778513100566174855,FULL
4725,4725,4743,7399457583000,8987673949000,1778513100594260661,1778513100599473103,FULL
4726,4726,4744,7399490900000,8987707267000,1778513100628183304,1778513100631170273,FULL
4727,4727,4745,7399524218000,8987740585000,1778513100663452341,1778513100664538298,FULL
4728,4728,4746,7399557537000,8987773904000,1778513100696279348,1778513100697767491,FULL
4729,4729,4747,7399590856000,8987807222000,1778513100730649598,1778513100731002239,FULL
4730,4730,4748,7399624175000,8987840540000,1778513100761652901,1778513100764584318,FULL
4731,4731,4749,7399657493000,8987873858000,1778513100795666896,1778513100797676882,FULL
4732,4732,4750,7399690812000,8987907178000,1778513100827694652,1778513100831510495,FULL
4733,4733,4751,7399724129000,8987940496000,1778513100859934609,1778513100865120776,FULL
4734,4734,4752,7399757448000,8987973815000,1778513100897113033,1778513100898526708,FULL
4735,4735,4753,7399790776000,8988007133000,1778513100928074467,1778513100933558828,FULL
4736,4736,4754,7399824087000,8988040451000,1778513100961686280,1778513100965191333,FULL
4737,4737,4755,7399857404000,8988073770000,1778513100993526519,1778513100998521321,FULL
4738,4738,4756,7399890722000,8988107089000,1778513101026211750,1778513101027645424,FULL
4739,4739,4757,7399924042000,8988140405000,1778513101065263413,1778513101065337092,FULL
4740,4740,4758,7399957362000,8988173723000,1778513101112473991,1778513101097797255,FULL
4741,4741,4759,7399990679000,8988207041000,1778513101136165094,1778513101131314038,FULL
4742,4742,4760,7400024006000,8988240360000,1778513101164264113,1778513101164521119,FULL
4743,4743,4761,7400057320000,8988273679000,1778513101191946489,1778513101197565925,FULL
4744,4744,4762,7400090640000,8988306998000,1778513101225165473,1778513101231206947,FULL
4745,4745,4763,7400123957000,8988340316000,1778513101257601373,1778513101265029931,FULL
4746,4746,4764,7400157277000,8988373634000,1778513101287796500,1778513101298477695,FULL
4747,4747,4765,7400190597000,8988406952000,1778513101336386489,1778513101332041681,FULL
4748,4748,4766,7400223912000,8988440271000,1778513101355334272,1778513101364206903,FULL
4749,4749,4767,7400257231000,8988473589000,1778513101385505121,1778513101397432985,FULL
4750,4750,4768,7400290554000,8988506908000,1778513101419239840,1778513101431076599,FULL
4751,4751,4769,7400323875000,8988540228000,1778513101448419830,1778513101465034859,FULL
4752,4752,4770,7400357193000,8988573547000,1778513101483054799,1778513101498301440,FULL
4753,4753,4771,7400390502000,8988606865000,1778513101517947155,1778513101533647372,FULL
4754,4754,4772,7400423823000,8988640184000,1778513101554868804,1778513101565044471,FULL
4755,4755,4773,7400457141000,8988673502000,1778513101603809345,1778513101598212961,FULL
4756,4756,4774,7400490495000,8988706821000,1778513101629916867,1778513101631536227,FULL
4757,4757,4776,7400523795000,8988740139000,1778513101698353092,1778513101698429349,FULL
4758,4758,4777,7400557109000,8988773458000,1778513101718970653,1778513101731487525,FULL
4759,4759,4778,7400590433000,8988806778000,1778513101760028869,1778513101763996503,FULL
4760,4760,4779,7400623804000,8988840095000,1778513101797812120,1778513101797117085,FULL
4761,4761,4780,7400657076000,8988873415000,1778513101815689543,1778513101830727756,FULL
4762,4762,4780,7400690383000,8988906732000,1778513101826771927,1778513101830727756,FULL
4763,4763,4780,7400723685000,8988940050000,1778513101845851023,1778513101830727756,FULL
4764,4764,4781,7400757004000,8988973368000,1778513101878110702,1778513101864852366,FULL
4765,4765,4782,7400790322000,8989006691000,1778513101911790700,1778513101898156206,FULL
4766,4766,4783,7400823641000,8989040019000,1778513101944576225,1778513101931476842,FULL
4767,4767,4784,7400856957000,8989073325000,1778513101979782466,1778513101964911978,FULL
4768,4768,4785,7400890276000,8989106643000,1778513102011204488,1778513101998078171,FULL
4769,4769,4786,7400923598000,8989139961000,1778513102044591748,1778513102031307475,FULL
4770,4770,4787,7400956913000,8989173280000,1778513102077902435,1778513102064044802,FULL
4771,4771,4788,7400990232000,8989206598000,1778513102111657617,1778513102097277736,FULL
4772,4772,4789,7401023552000,8989239916000,1778513102145124247,1778513102130645705,FULL
4773,4773,4790,7401056870000,8989273236000,1778513102177547239,1778513102167235383,FULL
4774,4774,4791,7401090189000,8989306553000,1778513102210943092,1778513102198196357,FULL
4775,4775,4792,7401123505000,8989339872000,1778513102244341574,1778513102231345995,FULL
4776,4776,4793,7401156826000,8989373190000,1778513102278205366,1778513102263938454,FULL
4777,4777,4794,7401190142000,8989406509000,1778513102311780847,1778513102297145591,FULL
4778,4778,4795,7401223462000,8989439827000,1778513102344872258,1778513102330510986,FULL
4779,4779,4796,7401256780000,8989473146000,1778513102377593099,1778513102364213138,FULL
4780,4780,4797,7401290104000,8989506464000,1778513102412159366,1778513102397166000,FULL
4781,4781,4798,7401323415000,8989539783000,1778513102444261010,1778513102430406266,FULL
4782,4782,4799,7401356737000,8989573101000,1778513102478044673,1778513102463961752,FULL
4783,4783,4800,7401390053000,8989606419000,1778513102512771938,1778513102513828319,FULL
4784,4784,4801,7401423373000,8989639738000,1778513102544782601,1778513102535571884,FULL
4785,4785,4802,7401456690000,8989673057000,1778513102577430295,1778513102565591201,FULL
4786,4786,4804,7401490009000,8989706375000,1778513102610806833,1778513102622386125,FULL
4787,4787,4805,7401523328000,8989739694000,1778513102644702551,1778513102664337844,FULL
4788,4788,4805,7401556646000,8989773011000,1778513102677994330,1778513102664337844,FULL
4789,4789,4806,7401589964000,8989806330000,1778513102712697688,1778513102696895765,FULL
4790,4790,4807,7401623284000,8989839649000,1778513102744003581,1778513102730192346,FULL
4791,4791,4808,7401656601000,8989872967000,1778513102777299694,1778513102763785684,FULL
4792,4792,4809,7401689920000,8989906286000,1778513102812486565,1778513102796827582,FULL
4793,4793,4810,7401723240000,8989939605000,1778513102843898420,1778513102830472456,FULL
4794,4794,4811,7401756557000,8989972923000,1778513102878330817,1778513102863736352,FULL
4795,4795,4812,7401789882000,8990006241000,1778513102910521108,1778513102897363541,FULL
4796,4796,4813,7401823194000,8990039560000,1778513102944365827,1778513102930200608,FULL
4797,4797,4814,7401856512000,8990072878000,1778513102977244185,1778513102964854713,FULL
4798,4798,4815,7401889830000,8990106197000,1778513103012862995,1778513102997677428,FULL
4799,4799,4816,7401923150000,8990139515000,1778513103043977650,1778513103031034342,FULL
4800,4800,4818,7401956470000,8990172833000,1778513103081902992,1778513103096783753,FULL
4801,4801,4818,7401989786000,8990206152000,1778513103112126711,1778513103096783753,FULL
4802,4802,4819,7402023106000,8990239469000,1778513103144087931,1778513103130157981,FULL
4803,4803,4820,7402056424000,8990272790000,1778513103176804476,1778513103163850447,FULL
4804,4804,4821,7402089742000,8990306108000,1778513103209928146,1778513103196749440,FULL
4805,4805,4822,7402123061000,8990339426000,1778513103243447312,1778513103230602201,FULL
4806,4806,4823,7402156380000,8990372744000,1778513103276534890,1778513103263865486,FULL
4807,4807,4824,7402189697000,8990406063000,1778513103310268906,1778513103297981170,FULL
4808,4808,4825,7402223015000,8990439382000,1778513103343940534,1778513103331020531,FULL
4809,4809,4826,7402256335000,8990472700000,1778513103377237776,1778513103364926217,FULL
4810,4810,4827,7402289652000,8990506018000,1778513103410198689,1778513103398150317,FULL
4811,4811,4828,7402322971000,8990539338000,1778513103443606967,1778513103428937738,FULL
4812,4812,4829,7402356290000,8990572655000,1778513103476817322,1778513103462885683,FULL
4813,4813,4830,7402389608000,8990605976000,1778513103511825546,1778513103496776703,FULL
4814,4814,4831,7402422927000,8990639293000,1778513103543490825,1778513103530892905,FULL
4815,4815,4832,7402456245000,8990672612000,1778513103577278544,1778513103563633325,FULL
4816,4816,4833,7402489564000,8990705929000,1778513103610668785,1778513103596782333,FULL
4817,4817,4834,7402522881000,8990739247000,1778513103643603957,1778513103630272264,FULL
4818,4818,4835,7402556201000,8990772567000,1778513103677265085,1778513103663544031,FULL
4819,4819,4836,7402589519000,8990805885000,1778513103711809018,1778513103697035203,FULL
4820,4820,4837,7402622839000,8990839203000,1778513103743905922,1778513103730301284,FULL
4821,4821,4838,7402656157000,8990872523000,1778513103777385921,1778513103763535773,FULL
4822,4822,4839,7402689475000,8990905840000,1778513103810022023,1778513103797989120,FULL
4823,4823,4840,7402722793000,8990939158000,1778513103844396069,1778513103830239341,FULL
4824,4824,4841,7402756116000,8990972477000,1778513103877583498,1778513103863524052,FULL
4825,4825,4842,7402789430000,8991005796000,1778513103910560151,1778513103897178093,FULL
4826,4826,4843,7402822749000,8991039114000,1778513103943309455,1778513103930272139,FULL
4827,4827,4844,7402856066000,8991072434000,1778513103977170562,1778513103963732792,FULL
4828,4828,4845,7402889385000,8991105752000,1778513104010472230,1778513103996633673,FULL
4829,4829,4846,7402922703000,8991139071000,1778513104045248643,1778513104029993680,FULL
4830,4830,4847,7402956023000,8991172388000,1778513104077828596,1778513104063232594,FULL
4831,4831,4848,7402989341000,8991205707000,1778513104110880731,1778513104096604323,FULL
4832,4832,4849,7403022659000,8991239024000,1778513104143325871,1778513104129885626,FULL
4833,4833,4850,7403055978000,8991272343000,1778513104177390328,1778513104163292558,FULL
4834,4834,4851,7403089297000,8991305662000,1778513104210360944,1778513104198306548,FULL
4835,4835,4852,7403122614000,8991338980000,1778513104245235263,1778513104229930757,FULL
4836,4836,4853,7403155934000,8991372299000,1778513104276463638,1778513104263431688,FULL
4837,4837,4854,7403189251000,8991405618000,1778513104310401281,1778513104296623399,FULL
4838,4838,4855,7403222570000,8991438936000,1778513104345246267,1778513104329926425,FULL
4839,4839,4856,7403255890000,8991472255000,1778513104377078895,1778513104363058674,FULL
4840,4840,4857,7403289207000,8991505573000,1778513104410700005,1778513104396631567,FULL
4841,4841,4858,7403322534000,8991538892000,1778513104443728324,1778513104429893834,FULL
4842,4842,4859,7403355844000,8991572210000,1778513104476336500,1778513104463130360,FULL
4843,4843,4860,7403389163000,8991605528000,1778513104510493270,1778513104510899966,FULL
4844,4844,4861,7403422481000,8991638846000,1778513104543830587,1778513104533126488,FULL
4845,4845,4862,7403455800000,8991672166000,1778513104576323227,1778513104564425682,FULL
4846,4846,4864,7403489118000,8991705484000,1778513104610289869,1778513104619354551,FULL
4847,4847,4865,7403522437000,8991738803000,1778513104643645056,1778513104661658321,FULL
4848,4848,4866,7403555755000,8991772121000,1778513104676857577,1778513104688122303,FULL
4849,4849,4867,7403589072000,8991805439000,1778513104711115976,1778513104729796061,FULL
4850,4850,4867,7403622393000,8991838759000,1778513104743559728,1778513104729796061,FULL
4851,4851,4868,7403655710000,8991872076000,1778513104776270199,1778513104762959754,FULL
4852,4852,4869,7403689027000,8991905394000,1778513104810253730,1778513104796382260,FULL
4853,4853,4870,7403722347000,8991938712000,1778513104843563343,1778513104830115503,FULL
4854,4854,4871,7403755667000,8991972031000,1778513104876677717,1778513104863069421,FULL
4855,4855,4872,7403788984000,8992005350000,1778513104910484380,1778513104896348706,FULL
4856,4856,4873,7403822302000,8992038670000,1778513104943038483,1778513104929713342,FULL
4857,4857,4874,7403855622000,8992071987000,1778513104976897145,1778513104963040534,FULL
4858,4858,4875,7403888940000,8992105305000,1778513105010056723,1778513104996407984,FULL
4859,4859,4876,7403922259000,8992138621000,1778513105043056894,1778513105030682093,FULL
4860,4860,4878,7403955578000,8992171938000,1778513105081157734,1778513105097008406,FULL
4861,4861,4878,7403988895000,8992205260000,1778513105111134475,1778513105097008406,FULL
4862,4862,4879,7404022215000,8992238577000,1778513105145016989,1778513105130363116,FULL
4863,4863,4880,7404055533000,8992271896000,1778513105176012793,1778513105164621669,FULL
4864,4864,4881,7404088853000,8992305213000,1778513105209106538,1778513105196515486,FULL
4865,4865,4882,7404122170000,8992338533000,1778513105242364484,1778513105229756623,FULL
4866,4866,4883,7404155487000,8992371851000,1778513105275628042,1778513105263125518,FULL
4867,4867,4884,7404188805000,8992405169000,1778513105309298947,1778513105296639893,FULL
4868,4868,4885,7404222123000,8992438488000,1778513105342738411,1778513105329553941,FULL
4869,4869,4886,7404255442000,8992471806000,1778513105376032783,1778513105362783597,FULL
4870,4870,4887,7404288761000,8992505124000,1778513105409399951,1778513105396035271,FULL
4871,4871,4888,7404322080000,8992538442000,1778513105443614332,1778513105429674182,FULL
4872,4872,4889,7404355401000,8992571760000,1778513105476107694,1778513105462701543,FULL
4873,4873,4890,7404388716000,8992605081000,1778513105509345992,1778513105496162993,FULL
4874,4874,4891,7404422034000,8992638400000,1778513105542593995,1778513105529333205,FULL
4875,4875,4892,7404455352000,8992671719000,1778513105577852235,1778513105562679045,FULL
4876,4876,4893,7404488671000,8992705037000,1778513105609245702,1778513105596354363,FULL
4877,4877,4894,7404521989000,8992738355000,1778513105643217641,1778513105629294633,FULL
4878,4878,4895,7404555311000,8992771674000,1778513105678241254,1778513105662430697,FULL
4879,4879,4896,7404588628000,8992804992000,1778513105710913948,1778513105696037923,FULL
4880,4880,4897,7404621947000,8992838311000,1778513105743175368,1778513105729272486,FULL
4881,4881,4898,7404655264000,8992871629000,1778513105776194039,1778513105762955508,FULL
4882,4882,4899,7404688582000,8992904948000,1778513105809846037,1778513105796196145,FULL
4883,4883,4900,7404721900000,8992938266000,1778513105842449732,1778513105829334931,FULL
4884,4884,4901,7404755219000,8992971585000,1778513105877302328,1778513105865531280,FULL
4885,4885,4902,7404788539000,8993004904000,1778513105910474628,1778513105896565105,FULL
4886,4886,4903,7404821857000,8993038223000,1778513105942398773,1778513105929136786,FULL
4887,4887,4904,7404855174000,8993071541000,1778513105977672977,1778513105962838622,FULL
4888,4888,4905,7404888497000,8993104860000,1778513106009751954,1778513105995914076,FULL
4889,4889,4906,7404921812000,8993138180000,1778513106042452185,1778513106029182639,FULL
4890,4890,4907,7404955129000,8993171497000,1778513106076417568,1778513106062774772,FULL
4891,4891,4908,7404988449000,8993204816000,1778513106109119632,1778513106095963410,FULL
4892,4892,4910,7405021766000,8993238134000,1778513106157820509,1778513106162539128,FULL
4893,4893,4911,7405055087000,8993271452000,1778513106197230187,1778513106195680525,FULL
4894,4894,4912,7405088406000,8993304771000,1778513106227213854,1778513106229113864,FULL
4895,4895,4913,7405121727000,8993338089000,1778513106261125423,1778513106264765866,FULL
4896,4896,4914,7405155044000,8993371407000,1778513106296629716,1778513106295614194,FULL
4897,4897,4915,7405188363000,8993404724000,1778513106328168940,1778513106328997718,FULL
4898,4898,4916,7405221681000,8993438042000,1778513106360889059,1778513106363878432,FULL
4899,4899,4917,7405254999000,8993471363000,1778513106393356607,1778513106395735305,FULL
4900,4900,4918,7405288318000,8993504682000,1778513106427505489,1778513106428978701,FULL
4901,4901,4919,7405321637000,8993538001000,1778513106461732092,1778513106462622353,FULL
4902,4902,4920,7405354955000,8993571318000,1778513106497118201,1778513106512329014,FULL
4903,4903,4921,7405388274000,8993604636000,1778513106528374521,1778513106534035116,FULL
4904,4904,4922,7405421593000,8993637955000,1778513106561138084,1778513106564874073,FULL
4905,4905,4923,7405454910000,8993671273000,1778513106594217088,1778513106595807270,FULL
4906,4906,4924,7405488229000,8993704592000,1778513106626486008,1778513106620690489,FULL
4907,4907,4925,7405521548000,8993737910000,1778513106659096425,1778513106663930435,FULL
4908,4908,4926,7405554865000,8993771229000,1778513106691883284,1778513106695851474,FULL
4909,4909,4927,7405588184000,8993804546000,1778513106726426532,1778513106728936576,FULL
4910,4910,4928,7405621503000,8993837867000,1778513106757722332,1778513106762247675,FULL
4911,4911,4929,7405654821000,8993871183000,1778513106791599865,1778513106795580126,FULL
4912,4912,4930,7405688139000,8993904502000,1778513106824789849,1778513106828975891,FULL
4913,4913,4931,7405721458000,8993937820000,1778513106860950803,1778513106862266436,FULL
4914,4914,4932,7405754777000,8993971139000,1778513106893963493,1778513106895669201,FULL
4915,4915,4933,7405788094000,8994004456000,1778513106927500103,1778513106928987244,FULL
4916,4916,4934,7405821414000,8994037776000,1778513106960488275,1778513106962257937,FULL
4917,4917,4935,7405854732000,8994071094000,1778513106994625897,1778513106995689572,FULL
4918,4918,4936,7405888051000,8994104412000,1778513107029318459,1778513107028864728,FULL
4919,4919,4937,7405921369000,8994137732000,1778513107060669722,1778513107062219642,FULL
4920,4920,4938,7405954686000,8994171049000,1778513107099728218,1778513107098010699,FULL
4921,4921,4939,7405988016000,8994204368000,1778513107125868499,1778513107128931433,FULL
4922,4922,4940,7406021325000,8994237686000,1778513107157404353,1778513107162464734,FULL
4923,4923,4941,7406054642000,8994271005000,1778513107189845975,1778513107195605057,FULL
4924,4924,4942,7406087961000,8994304323000,1778513107222871480,1778513107228996322,FULL
4925,4925,4943,7406121279000,8994337641000,1778513107260292494,1778513107262188849,FULL
4926,4926,4944,7406154598000,8994370961000,1778513107294056953,1778513107295589744,FULL
4927,4927,4945,7406187917000,8994404280000,1778513107328121669,1778513107328855362,FULL
4928,4928,4946,7406221236000,8994437597000,1778513107362773064,1778513107362133702,FULL
4929,4929,4947,7406254554000,8994470916000,1778513107393340465,1778513107395374728,FULL
4930,4930,4948,7406287873000,8994504234000,1778513107426538468,1778513107428886030,FULL
4931,4931,4949,7406321190000,8994537554000,1778513107459101385,1778513107462193888,FULL
4932,4932,4950,7406354509000,8994570872000,1778513107492841827,1778513107497635152,FULL
4933,4933,4951,7406387826000,8994604190000,1778513107526000515,1778513107528751791,FULL
4934,4934,4952,7406421146000,8994637509000,1778513107560091620,1778513107562148353,FULL
4935,4935,4953,7406454465000,8994670827000,1778513107593499380,1778513107596638163,FULL
4936,4936,4954,7406487783000,8994704145000,1778513107626832548,1778513107628853366,FULL
4937,4937,4955,7406521102000,8994737463000,1778513107659945459,1778513107662137058,FULL
4938,4938,4956,7406554420000,8994770783000,1778513107694048934,1778513107695514305,FULL
4939,4939,4957,7406587738000,8994804101000,1778513107729506505,1778513107728827071,FULL
4940,4940,4958,7406621057000,8994837420000,1778513107759518968,1778513107762039412,FULL
4941,4941,4959,7406654374000,8994870739000,1778513107791204005,1778513107795382770,FULL
4942,4942,4960,7406687694000,8994904056000,1778513107824152436,1778513107829070162,FULL
4943,4943,4961,7406721012000,8994937375000,1778513107863770557,1778513107862077894,FULL
4944,4944,4962,7406754331000,8994970693000,1778513107896245012,1778513107896765610,FULL
4945,4945,4963,7406787654000,8995004016000,1778513107929211036,1778513107928621446,FULL
4946,4946,4964,7406820968000,8995037330000,1778513107962103653,1778513107961858324,FULL
4947,4947,4965,7406854285000,8995070649000,1778513107993451286,1778513107995417217,FULL
4948,4948,4966,7406887605000,8995103967000,1778513108027249264,1778513108028606169,FULL
4949,4949,4967,7406920931000,8995137285000,1778513108059957828,1778513108061883177,FULL
4950,4950,4968,7406954241000,8995170605000,1778513108093071147,1778513108095281757,FULL
4951,4951,4969,7406987560000,8995203923000,1778513108126753663,1778513108128619356,FULL
4952,4952,4970,7407020879000,8995237241000,1778513108159913981,1778513108162063398,FULL
4953,4953,4971,7407054197000,8995270560000,1778513108193225446,1778513108195248721,FULL
4954,4954,4972,7407087517000,8995303879000,1778513108226489763,1778513108228464081,FULL
4955,4955,4973,7407120833000,8995337196000,1778513108262120592,1778513108261790902,FULL
4956,4956,4974,7407154153000,8995370516000,1778513108293490855,1778513108295536738,FULL
4957,4957,4975,7407187472000,8995403834000,1778513108326225436,1778513108331071038,FULL
4958,4958,4976,7407220790000,8995437151000,1778513108359670696,1778513108361929291,FULL
4959,4959,4977,7407254109000,8995470472000,1778513108392882069,1778513108395019263,FULL
4960,4960,4978,7407287426000,8995503791000,1778513108428431566,1778513108428566230,FULL
4961,4961,4979,7407320745000,8995537107000,1778513108460062289,1778513108461883348,FULL
4962,4962,4980,7407354063000,8995570426000,1778513108493114645,1778513108511242457,FULL
4963,4963,4981,7407387382000,8995603746000,1778513108526603200,1778513108532452934,FULL
4964,4964,4982,7407420701000,8995637065000,1778513108560281291,1778513108562739026,FULL
4965,4965,4983,7407454019000,8995670383000,1778513108593492534,1778513108595049876,FULL
4966,4966,4984,7407487337000,8995703701000,1778513108626720889,1778513108619868059,FULL
4967,4967,4985,7407520655000,8995737019000,1778513108657567212,1778513108661923017,FULL
4968,4968,4986,7407553974000,8995770338000,1778513108691091897,1778513108695536410,FULL
4969,4969,4987,7407587292000,8995803657000,1778513108725064929,1778513108719882690,FULL
4970,4970,4988,7407620612000,8995836974000,1778513108758692520,1778513108760638253,FULL
4971,4971,4989,7407653929000,8995870292000,1778513108793153102,1778513108793704318,FULL
4972,4972,4990,7407687248000,8995903611000,1778513108826390178,1778513108829794557,FULL
4973,4973,4991,7407720567000,8995936930000,1778513108858319935,1778513108861978593,FULL
4974,4974,4992,7407753884000,8995970248000,1778513108890537337,1778513108895118416,FULL
4975,4975,4993,7407787202000,8996003567000,1778513108923825302,1778513108928447812,FULL
4976,4976,4994,7407820520000,8996036884000,1778513108958023091,1778513108961959021,FULL
4977,4977,4995,7407853839000,8996070203000,1778513108992895780,1778513108995133640,FULL
4978,4978,4996,7407887158000,8996103522000,1778513109027102606,1778513109028524887,FULL
4979,4979,4997,7407920478000,8996136842000,1778513109058121465,1778513109061706376,FULL
4980,4980,4998,7407953795000,8996170157000,1778513109098843722,1778513109095131956,FULL
4981,4981,4999,7407987114000,8996203477000,1778513109127488847,1778513109129801783,FULL
4982,4982,5000,7408020434000,8996236794000,1778513109158166043,1778513109162369797,FULL
4983,4983,5001,7408053753000,8996270115000,1778513109189373455,1778513109194986588,FULL
4984,4984,5002,7408087068000,8996303432000,1778513109222347146,1778513109228413279,FULL
4985,4985,5003,7408120386000,8996336750000,1778513109255901349,1778513109261479196,FULL
4986,4986,5004,7408153705000,8996370069000,1778513109291255514,1778513109294910479,FULL
4987,4987,5005,7408187024000,8996403387000,1778513109325077362,1778513109328013284,FULL
4988,4988,5006,7408220343000,8996436706000,1778513109357903461,1778513109361286384,FULL
4989,4989,5007,7408253660000,8996470024000,1778513109391802253,1778513109394603150,FULL
4990,4990,5008,7408286979000,8996503343000,1778513109422307803,1778513109428027878,FULL
4991,4991,5009,7408320298000,8996536662000,1778513109457824244,1778513109463028405,FULL
4992,4992,5010,7408353617000,8996569980000,1778513109497297033,1778513109494760631,FULL
4993,4993,5011,7408386936000,8996603299000,1778513109525905307,1778513109528026435,FULL
4994,4994,5012,7408420255000,8996636620000,1778513109560520183,1778513109555990661,FULL
4995,4995,5013,7408453572000,8996669936000,1778513109593111804,1778513109594682374,FULL
4996,4996,5014,7408486892000,8996703253000,1778513109626885263,1778513109627976622,FULL
4997,4997,5015,7408520211000,8996736572000,1778513109659662252,1778513109661322406,FULL
4998,4998,5016,7408553535000,8996769891000,1778513109689416254,1778513109694777115,FULL
4999,4999,5017,7408586846000,8996803209000,1778513109720342448,1778513109727989234,FULL
5000,5000,5018,7408620166000,8996836528000,1778513109751736173,1778513109761228223,FULL
5001,5001,5019,7408653483000,8996869847000,1778513109797332212,1778513109794464193,FULL
5002,5002,5020,7408686802000,8996903165000,1778513109825692025,1778513109828112734,FULL
5003,5003,5021,7408720123000,8996936483000,1778513109858943046,1778513109861193299,FULL
5004,5004,5022,7408753438000,8996969802000,1778513109894328767,1778513109894544138,FULL
5005,5005,5023,7408786757000,8997003121000,1778513109925792973,1778513109927900385,FULL
5006,5006,5024,7408820075000,8997036439000,1778513109958753682,1778513109963690201,FULL
5007,5007,5025,7408853393000,8997069758000,1778513109992175738,1778513109994645509,FULL
5008,5008,5026,7408886712000,8997103075000,1778513110025562350,1778513110027836128,FULL
5009,5009,5027,7408920030000,8997136394000,1778513110058553503,1778513110062738323,FULL
5010,5010,5028,7408953349000,8997169713000,1778513110092901476,1778513110094758083,FULL
5011,5011,5029,7408986668000,8997203032000,1778513110126211070,1778513110128121534,FULL
5012,5012,5030,7409019987000,8997236350000,1778513110158687247,1778513110161579113,FULL
5013,5013,5031,7409053304000,8997269668000,1778513110192370560,1778513110194679752,FULL
5014,5014,5032,7409086624000,8997302986000,1778513110225340454,1778513110227935537,FULL
5015,5015,5033,7409119942000,8997336305000,1778513110259345245,1778513110261432172,FULL
5016,5016,5034,7409153262000,8997369624000,1778513110291980198,1778513110294717216,FULL
5017,5017,5035,7409186579000,8997402945000,1778513110325337977,1778513110328141333,FULL
5018,5018,5036,7409219898000,8997436261000,1778513110358737274,1778513110363861038,FULL
5019,5019,5037,7409253216000,8997469580000,1778513110391820852,1778513110394584348,FULL
5020,5020,5038,7409286534000,8997502897000,1778513110425240204,1778513110427901225,FULL
5021,5021,5039,7409319853000,8997536216000,1778513110458224098,1778513110461332305,FULL
5022,5022,5040,7409353172000,8997569534000,1778513110494351404,1778513110510926671,FULL
5023,5023,5041,7409386491000,8997602852000,1778513110528104975,1778513110533129749,FULL
5024,5024,5042,7409419810000,8997636172000,1778513110560936667,1778513110562251927,FULL
5025,5025,5043,7409453127000,8997669490000,1778513110592649056,1778513110594459555,FULL
5026,5026,5044,7409486447000,8997702808000,1778513110630237883,1778513110619452329,FULL
5027,5027,5045,7409519765000,8997736128000,1778513110661698200,1778513110660881608,FULL
5028,5028,5046,7409553083000,8997769446000,1778513110695820564,1778513110686677096,FULL
5029,5029,5047,7409586405000,8997802763000,1778513110730227591,1778513110731174863,FULL
5030,5030,5048,7409619725000,8997836082000,1778513110758936252,1778513110761725601,FULL
5031,5031,5049,7409653040000,8997869400000,1778513110792857655,1778513110797469825,FULL
5032,5032,5050,7409686356000,8997902718000,1778513110823449166,1778513110828289226,FULL
5033,5033,5051,7409719674000,8997936037000,1778513110856262933,1778513110860935610,FULL
5034,5034,5052,7409752993000,8997969356000,1778513110895732647,1778513110894089248,FULL
5035,5035,5053,7409786312000,8998002673000,1778513110926697303,1778513110927415792,FULL
5036,5036,5054,7409819631000,8998035993000,1778513110958641801,1778513110960650559,FULL
5037,5037,5055,7409852949000,8998069312000,1778513110991902247,1778513110994096342,FULL
5038,5038,5056,7409886267000,8998102629000,1778513111028080404,1778513111027452015,FULL
5039,5039,5057,7409919586000,8998135948000,1778513111058425900,1778513111060729540,FULL
5040,5040,5058,7409952904000,8998169267000,1778513111108184210,1778513111094025899,FULL
5041,5041,5059,7409986223000,8998202585000,1778513111129901000,1778513111127354332,FULL
5042,5042,5060,7410019539000,8998235901000,1778513111159833315,1778513111160880077,FULL
5043,5043,5061,7410052865000,8998269222000,1778513111190950099,1778513111196329693,FULL
5044,5044,5062,7410086178000,8998302540000,1778513111223350185,1778513111227345259,FULL
5045,5045,5063,7410119497000,8998335859000,1778513111256884258,1778513111260726617,FULL
5046,5046,5064,7410152814000,8998369177000,1778513111290079020,1778513111295463573,FULL
5047,5047,5065,7410186132000,8998402495000,1778513111325499055,1778513111327509259,FULL
5048,5048,5066,7410219451000,8998435814000,1778513111357240425,1778513111360670008,FULL
5049,5049,5067,7410252770000,8998469133000,1778513111394651717,1778513111393977070,FULL
5050,5050,5068,7410286089000,8998502452000,1778513111430114085,1778513111427254911,FULL
5051,5051,5069,7410319409000,8998535771000,1778513111460115085,1778513111460643565,FULL
5052,5052,5070,7410352726000,8998569089000,1778513111492792445,1778513111494027793,FULL
5053,5053,5071,7410386045000,8998602406000,1778513111526985123,1778513111527242208,FULL
5054,5054,5072,7410419363000,8998635725000,1778513111560438975,1778513111561402448,FULL
5055,5055,5073,7410452682000,8998669044000,1778513111594604023,1778513111596937673,FULL
5056,5056,5074,7410486003000,8998702362000,1778513111629392102,1778513111629903646,FULL
5057,5057,5075,7410519320000,8998735681000,1778513111660928918,1778513111660486884,FULL
5058,5058,5076,7410552636000,8998769000000,1778513111690546718,1778513111693960630,FULL
5059,5059,5077,7410585955000,8998802319000,1778513111720746289,1778513111727357654,FULL
5060,5060,5078,7410619279000,8998835637000,1778513111753354335,1778513111761503394,FULL
5061,5061,5079,7410652591000,8998868954000,1778513111790877200,1778513111794561199,FULL
5062,5062,5080,7410685909000,8998902274000,1778513111824868454,1778513111827962650,FULL
5063,5063,5081,7410719230000,8998935592000,1778513111860589949,1778513111861419062,FULL
5064,5064,5082,7410752547000,8998968911000,1778513111890593152,1778513111894768309,FULL
5065,5065,5083,7410785866000,8999002229000,1778513111925220695,1778513111929279286,FULL
5066,5066,5084,7410819185000,8999035548000,1778513111962213455,1778513111960437129,FULL
5067,5067,5085,7410852503000,8999068866000,1778513111992715227,1778513111993925689,FULL
5068,5068,5086,7410885822000,8999102185000,1778513112025598881,1778513112030302259,FULL
5069,5069,5087,7410919139000,8999135503000,1778513112058097076,1778513112061242770,FULL
5070,5070,5088,7410952458000,8999168821000,1778513112091711853,1778513112094761405,FULL
5071,5071,5089,7410985776000,8999202140000,1778513112123943588,1778513112127791118,FULL
5072,5072,5090,7411019095000,8999235457000,1778513112158208580,1778513112160541390,FULL
5073,5073,5091,7411052413000,8999268777000,1778513112191927095,1778513112193663361,FULL
5074,5074,5092,7411085732000,8999302094000,1778513112224037721,1778513112226977794,FULL
5075,5075,5093,7411119050000,8999335413000,1778513112260753390,1778513112261118718,FULL
5076,5076,5094,7411152368000,8999368732000,1778513112292786924,1778513112294423503,FULL
5077,5077,5095,7411185690000,8999402050000,1778513112325249842,1778513112327745139,FULL
5078,5078,5096,7411219009000,8999435368000,1778513112359855719,1778513112361186701,FULL
5079,5079,5097,7411252324000,8999468687000,1778513112391535145,1778513112394394005,FULL
5080,5080,5098,7411285643000,8999502005000,1778513112423636215,1778513112430573946,FULL
5081,5081,5099,7411318960000,8999535324000,1778513112457813097,1778513112463823787,FULL
5082,5082,5100,7411352279000,8999568642000,1778513112492973746,1778513112515082655,FULL
5083,5083,5101,7411385597000,8999601960000,1778513112526844908,1778513112536852405,FULL
5084,5084,5102,7411418916000,8999635279000,1778513112562126704,1778513112561580255,FULL
5085,5085,5103,7411452236000,8999668597000,1778513112593233303,1778513112593533997,FULL
5086,5086,5104,7411485554000,8999701917000,1778513112627438888,1778513112618727750,FULL
5087,5087,5105,7411518874000,8999735235000,1778513112661585066,1778513112651844500,FULL
5088,5088,5106,7411552193000,8999768553000,1778513112693341028,1778513112693362982,FULL
5089,5089,5107,7411585512000,8999801872000,1778513112720211875,1778513112726582878,FULL
5090,5090,5108,7411618827000,8999835189000,1778513112753069382,1778513112754045572,FULL
5091,5091,5109,7411652147000,8999868508000,1778513112787861979,1778513112794557286,FULL
5092,5092,5110,7411685464000,8999901827000,1778513112825166513,1778513112829517202,FULL
5093,5093,5111,7411718786000,8999935145000,1778513112858013871,1778513112862929542,FULL
5094,5094,5112,7411752101000,8999968464000,1778513112889974146,1778513112893457335,FULL
5095,5095,5113,7411785419000,9000001783000,1778513112924440951,1778513112926672583,FULL
5096,5096,5114,7411818737000,9000035101000,1778513112957417437,1778513112963406686,FULL
5097,5097,5115,7411852056000,9000068419000,1778513112991366506,1778513112994684454,FULL
5098,5098,5116,7411885374000,9000101738000,1778513113023989904,1778513113027541095,FULL
5099,5099,5117,7411918695000,9000135056000,1778513113058222359,1778513113062899044,FULL
5100,5100,5118,7411952014000,9000168376000,1778513113105264772,1778513113093432764,FULL
5101,5101,5119,7411985330000,9000201693000,1778513113127978589,1778513113126589161,FULL
5102,5102,5120,7412018649000,9000235010000,1778513113160173139,1778513113155687061,FULL
5103,5103,5121,7412051968000,9000268330000,1778513113193079423,1778513113195999684,FULL
5104,5104,5122,7412085289000,9000301648000,1778513113222394374,1778513113227532634,FULL
5105,5105,5123,7412118605000,9000334966000,1778513113252627575,1778513113256781607,FULL
5106,5106,5124,7412151922000,9000368285000,1778513113285361397,1778513113295676152,FULL
5107,5107,5125,7412185240000,9000401604000,1778513113315753967,1778513113326842920,FULL
5108,5108,5126,7412218559000,9000434922000,1778513113350287067,1778513113360022076,FULL
5109,5109,5127,7412251878000,9000468240000,1778513113386188430,1778513113393194788,FULL
5110,5110,5128,7412285196000,9000501559000,1778513113425029225,1778513113426468703,FULL
5111,5111,5129,7412318517000,9000534877000,1778513113458744334,1778513113460009059,FULL
5112,5112,5130,7412351836000,9000568196000,1778513113492811494,1778513113493174030,FULL
5113,5113,5131,7412385153000,9000601514000,1778513113523490542,1778513113526449241,FULL
5114,5114,5132,7412418470000,9000634832000,1778513113557213965,1778513113561813858,FULL
5115,5115,5133,7412451789000,9000668151000,1778513113590477245,1778513113593149810,FULL
5116,5116,5134,7412485108000,9000701470000,1778513113623977504,1778513113626424706,FULL
5117,5117,5135,7412518426000,9000734789000,1778513113657192637,1778513113660762388,FULL
5118,5118,5136,7412551745000,9000768107000,1778513113691279649,1778513113693295365,FULL
5119,5119,5137,7412585064000,9000801425000,1778513113725565862,1778513113726473058,FULL
5120,5120,5138,7412618383000,9000834745000,1778513113757436398,1778513113759695659,FULL
5121,5121,5139,7412651702000,9000868062000,1778513113791846147,1778513113792898648,FULL
5122,5122,5140,7412685019000,9000901381000,1778513113824191807,1778513113826386079,FULL
5123,5123,5141,7412718338000,9000934700000,1778513113855774123,1778513113859837566,FULL
5124,5124,5142,7412751660000,9000968018000,1778513113888611741,1778513113893031204,FULL
5125,5125,5143,7412784974000,9001001336000,1778513113921773966,1778513113926264582,FULL
5126,5126,5144,7412818293000,9001034655000,1778513113954629751,1778513113959842178,FULL
5127,5127,5145,7412851611000,9001067974000,1778513113988763799,1778513113992975020,FULL
5128,5128,5146,7412884929000,9001101292000,1778513114023703469,1778513114026283268,FULL
5129,5129,5147,7412918248000,9001134611000,1778513114057226913,1778513114060050844,FULL
5130,5130,5148,7412951567000,9001167930000,1778513114090562322,1778513114093128650,FULL
5131,5131,5149,7412984885000,9001201248000,1778513114124318837,1778513114126555248,FULL
5132,5132,5150,7413018204000,9001234567000,1778513114157334527,1778513114159810107,FULL
5133,5133,5151,7413051523000,9001267886000,1778513114189051175,1778513114193043578,FULL
5134,5134,5152,7413084841000,9001301203000,1778513114223988215,1778513114226122809,FULL
5135,5135,5153,7413118160000,9001334522000,1778513114257231014,1778513114263159575,FULL
5136,5136,5154,7413151478000,9001367839000,1778513114290529812,1778513114294676674,FULL
5137,5137,5155,7413184796000,9001401158000,1778513114325752775,1778513114327127448,FULL
5138,5138,5156,7413218125000,9001434476000,1778513114357243055,1778513114361862775,FULL
5139,5139,5157,7413251433000,9001467796000,1778513114391297679,1778513114395473593,FULL
5140,5140,5158,7413284751000,9001501114000,1778513114426690325,1778513114426291754,FULL
5141,5141,5159,7413318070000,9001534433000,1778513114456520271,1778513114462508158,FULL
5142,5142,5160,7413351389000,9001567752000,1778513114490814707,1778513114515660749,FULL
5143,5143,5160,7413384706000,9001601070000,1778513114523749861,1778513114515660749,FULL
5144,5144,5162,7413418025000,9001634388000,1778513114556883920,1778513114561163599,FULL
5145,5145,5163,7413451343000,9001667706000,1778513114590350994,1778513114591412099,FULL
5146,5146,5164,7413484662000,9001701025000,1778513114623180186,1778513114614913942,FULL
5147,5147,5165,7413517981000,9001734344000,1778513114656672889,1778513114659097361,FULL
5148,5148,5166,7413551299000,9001767662000,1778513114691866797,1778513114693715763,FULL
5149,5149,5167,7413584618000,9001800981000,1778513114730460465,1778513114727032214,FULL
5150,5150,5168,7413617938000,9001834299000,1778513114761308863,1778513114759996094,FULL
5151,5151,5169,7413651257000,9001867617000,1778513114791970356,1778513114786288392,FULL
5152,5152,5170,7413684574000,9001900937000,1778513114818363708,1778513114826154187,FULL
5153,5153,5171,7413717891000,9001934254000,1778513114849452937,1778513114859377676,FULL
5154,5154,5172,7413751209000,9001967572000,1778513114885325967,1778513114893820431,FULL
5155,5155,5173,7413784527000,9002000891000,1778513114928903064,1778513114926084559,FULL
5156,5156,5174,7413817847000,9002034209000,1778513114956827271,1778513114959335603,FULL
5157,5157,5175,7413851165000,9002067527000,1778513114989770054,1778513114992777183,FULL
5158,5158,5176,7413884483000,9002100847000,1778513115027786210,1778513115026000654,FULL
5159,5159,5177,7413917801000,9002134165000,1778513115058449536,1778513115059535269,FULL
5160,5160,5178,7413951122000,9002167483000,1778513115100324207,1778513115092672407,FULL
5161,5161,5179,7413984440000,9002200803000,1778513115136818342,1778513115126179246,FULL
5162,5162,5180,7414017755000,9002234119000,1778513115157366681,1778513115159414253,FULL
5163,5163,5181,7414051076000,9002267439000,1778513115189221495,1778513115194031062,FULL
5164,5164,5182,7414084395000,9002300757000,1778513115221357268,1778513115226120710,FULL
5165,5165,5183,7414117713000,9002334075000,1778513115254702991,1778513115259351662,FULL
5166,5166,5184,7414151033000,9002367394000,1778513115289616365,1778513115292745594,FULL
5167,5167,5185,7414184350000,9002400713000,1778513115327805982,1778513115325984528,FULL
5168,5168,5186,7414217671000,9002434031000,1778513115359571537,1778513115359166147,FULL
5169,5169,5187,7414250991000,9002467350000,1778513115390823653,1778513115392571634,FULL
5170,5170,5188,7414284307000,9002500668000,1778513115423344830,1778513115425944826,FULL
5171,5171,5189,7414317624000,9002533988000,1778513115453751566,1778513115459183481,FULL
5172,5172,5190,7414350942000,9002567305000,1778513115486820737,1778513115492593154,FULL
5173,5173,5191,7414384261000,9002600624000,1778513115525235314,1778513115526997909,FULL
5174,5174,5192,7414417580000,9002633943000,1778513115558101672,1778513115559156724,FULL
5175,5175,5193,7414450896000,9002667261000,1778513115589489491,1778513115592463471,FULL
5176,5176,5194,7414484217000,9002700579000,1778513115623661150,1778513115628424360,FULL
5177,5177,5195,7414517535000,9002733898000,1778513115660316802,1778513115659145225,FULL
5178,5178,5196,7414550855000,9002767216000,1778513115692551092,1778513115692589379,FULL
5179,5179,5197,7414584173000,9002800534000,1778513115724567700,1778513115725960348,FULL
5180,5180,5198,7414617490000,9002833853000,1778513115756590141,1778513115759137764,FULL
5181,5181,5199,7414650809000,9002867172000,1778513115790501229,1778513115792701620,FULL
5182,5182,5200,7414684127000,9002900490000,1778513115824032414,1778513115825863109,FULL
5183,5183,5201,7414717445000,9002933808000,1778513115854620389,1778513115859137376,FULL
5184,5184,5202,7414750764000,9002967127000,1778513115888312146,1778513115892485864,FULL
5185,5185,5203,7414784081000,9003000445000,1778513115925041537,1778513115925628872,FULL
5186,5186,5204,7414817402000,9003033763000,1778513115960336074,1778513115958973638,FULL
5187,5187,5205,7414850720000,9003067082000,1778513115991582097,1778513115992440773,FULL
5188,5188,5206,7414884039000,9003100401000,1778513116021113379,1778513116027563632,FULL
5189,5189,5207,7414917357000,9003133719000,1778513116054022718,1778513116059102231,FULL
5190,5190,5208,7414950675000,9003167038000,1778513116088568003,1778513116092384571,FULL
5191,5191,5209,7414983993000,9003200356000,1778513116124802734,1778513116126559273,FULL
5192,5192,5210,7415017312000,9003233675000,1778513116158905338,1778513116159169620,FULL
5193,5193,5211,7415050631000,9003266994000,1778513116192130915,1778513116192333054,FULL
5194,5194,5212,7415083951000,9003300311000,1778513116223589399,1778513116225555784,FULL
5195,5195,5213,7415117268000,9003333630000,1778513116257178398,1778513116258626886,FULL
5196,5196,5214,7415150586000,9003366949000,1778513116289825147,1778513116293036289,FULL
5197,5197,5215,7415183905000,9003400267000,1778513116323110149,1778513116326317000,FULL
5198,5198,5216,7415217223000,9003433586000,1778513116356251245,1778513116359666673,FULL
5199,5199,5217,7415250541000,9003466904000,1778513116390421534,1778513116393056235,FULL
5200,5200,5218,7415283860000,9003500223000,1778513116425710256,1778513116426996310,FULL
5201,5201,5219,7415317180000,9003533541000,1778513116456838780,1778513116459716970,FULL
5202,5202,5220,7415350497000,9003566859000,1778513116488726482,1778513116509206726,FULL
5203,5203,5221,7415383815000,9003600178000,1778513116523118713,1778513116530824810,FULL
5204,5204,5222,7415417133000,9003633497000,1778513116556659286,1778513116560300521,FULL
5205,5205,5223,7415450452000,9003666815000,1778513116592236764,1778513116592439373,FULL
5206,5206,5224,7415483771000,9003700134000,1778513116621453790,1778513116617487554,FULL
5207,5207,5225,7415517090000,9003733452000,1778513116652816553,1778513116650617877,FULL
5208,5208,5226,7415550408000,9003766770000,1778513116687636984,1778513116685874568,FULL
5209,5209,5227,7415583726000,9003800089000,1778513116721826532,1778513116726168173,FULL
5210,5210,5228,7415617044000,9003833407000,1778513116753682271,1778513116760333690,FULL
5211,5211,5229,7415650363000,9003866726000,1778513116789171027,1778513116794284172,FULL
5212,5212,5230,7415683681000,9003900044000,1778513116826457672,1778513116825483848,FULL
5213,5213,5231,7415717000000,9003933363000,1778513116858128303,1778513116853401778,FULL
5214,5214,5232,7415750321000,9003966681000,1778513116892926381,1778513116892284434,FULL
5215,5215,5233,7415783637000,9003999999000,1778513116920798644,1778513116925511571,FULL
5216,5216,5234,7415816954000,9004033317000,1778513116953410912,1778513116958778356,FULL
5217,5217,5235,7415850273000,9004066636000,1778513116985804794,1778513116992148677,FULL
5218,5218,5236,7415883593000,9004099955000,1778513117022680332,1778513117025746107,FULL
5219,5219,5237,7415916911000,9004133274000,1778513117055999259,1778513117058674470,FULL
5220,5220,5238,7415950229000,9004166592000,1778513117103840238,1778513117091948699,FULL
5221,5221,5239,7415983551000,9004199911000,1778513117125181643,1778513117125201892,FULL
5222,5222,5240,7416016866000,9004233227000,1778513117155905117,1778513117158862710,FULL
5223,5223,5241,7416050185000,9004266548000,1778513117188361387,1778513117192303493,FULL
5224,5224,5242,7416083503000,9004299865000,1778513117218412793,1778513117225285207,FULL
5225,5225,5243,7416116821000,9004333184000,1778513117251821516,1778513117260254142,FULL
5226,5226,5244,7416150139000,9004366503000,1778513117285002056,1778513117292261847,FULL
5227,5227,5245,7416183459000,9004399821000,1778513117321996778,1778513117325274356,FULL
5228,5228,5246,7416216778000,9004433140000,1778513117354037904,1778513117359250338,FULL
5229,5229,5247,7416250099000,9004466458000,1778513117388300563,1778513117391902518,FULL
5230,5230,5248,7416283415000,9004499777000,1778513117421519343,1778513117425273191,FULL
5231,5231,5249,7416316732000,9004533095000,1778513117456430550,1778513117458614216,FULL
5232,5232,5250,7416350055000,9004566415000,1778513117490286287,1778513117491933001,FULL
5233,5233,5251,7416383369000,9004599733000,1778513117521200943,1778513117525211545,FULL
5234,5234,5252,7416416687000,9004633051000,1778513117552373004,1778513117558567625,FULL
5235,5235,5253,7416450005000,9004666370000,1778513117585638470,1778513117591913113,FULL
5236,5236,5254,7416483324000,9004699688000,1778513117625926231,1778513117625149991,FULL
5237,5237,5255,7416516644000,9004733006000,1778513117658834978,1778513117659902761,FULL
5238,5238,5256,7416549964000,9004766324000,1778513117692192979,1778513117692070835,FULL
5239,5239,5257,7416583283000,9004799645000,1778513117723954664,1778513117725330972,FULL
5240,5240,5258,7416616598000,9004832963000,1778513117754331789,1778513117758462425,FULL
5241,5241,5259,7416649918000,9004866281000,1778513117787204628,1778513117791620674,FULL
5242,5242,5260,7416683236000,9004899599000,1778513117820289021,1778513117825148031,FULL
5243,5243,5261,7416716554000,9004932916000,1778513117853512654,1778513117858386316,FULL
5244,5244,5262,7416749872000,9004966236000,1778513117889022225,1778513117891887988,FULL
5245,5245,5263,7416783190000,9004999554000,1778513117920527468,1778513117925029514,FULL
5246,5246,5264,7416816511000,9005032872000,1778513117952646611,1778513117958432761,FULL
5247,5247,5265,7416849828000,9005066191000,1778513117987048713,1778513117992469316,FULL
5248,5248,5266,7416883148000,9005099509000,1778513118021644090,1778513118025071349,FULL
5249,5249,5267,7416916464000,9005132828000,1778513118053271906,1778513118058313541,FULL
5250,5250,5268,7416949782000,9005166147000,1778513118087717803,1778513118094401576,FULL
5251,5251,5269,7416983102000,9005199465000,1778513118124091531,1778513118125079628,FULL
5252,5252,5270,7417016421000,9005232783000,1778513118152871507,1778513118158385783,FULL
5253,5253,5271,7417049739000,9005266102000,1778513118186394988,1778513118191849251,FULL
5254,5254,5272,7417083057000,9005299420000,1778513118223645707,1778513118224963056,FULL
5255,5255,5273,7417116376000,9005332739000,1778513118255152098,1778513118258439691,FULL
5256,5256,5274,7417149695000,9005366057000,1778513118292630149,1778513118291646847,FULL
5257,5257,5275,7417183013000,9005399375000,1778513118322977441,1778513118325006483,FULL
5258,5258,5276,7417216330000,9005432694000,1778513118353781080,1778513118358167491,FULL
5259,5259,5277,7417249647000,9005466013000,1778513118386735548,1778513118391630589,FULL
5260,5260,5278,7417282969000,9005499331000,1778513118421950882,1778513118424960077,FULL
5261,5261,5279,7417316287000,9005532650000,1778513118451227611,1778513118458230455,FULL
5262,5262,5280,7417349604000,9005565969000,1778513118483715584,1778513118508012578,FULL
5263,5263,5281,7417382922000,9005599285000,1778513118519556411,1778513118529350035,FULL
5264,5264,5282,7417416242000,9005632604000,1778513118552068236,1778513118559452351,FULL
5265,5265,5283,7417449560000,9005665923000,1778513118586766575,1778513118593198872,FULL
5266,5266,5284,7417482879000,9005699242000,1778513118622867196,1778513118624786896,FULL
5267,5267,5285,7417516197000,9005732560000,1778513118654618565,1778513118657835776,FULL
5268,5268,5286,7417549517000,9005765879000,1778513118691653084,1778513118692475677,FULL
5269,5269,5287,7417582833000,9005799197000,1778513118721780989,1778513118725424206,FULL
5270,5270,5288,7417616155000,9005832516000,1778513118753214029,1778513118758821341,FULL
5271,5271,5289,7417649471000,9005865834000,1778513118786434458,1778513118792240199,FULL
5272,5272,5290,7417682789000,9005899153000,1778513118819019060,1778513118824875935,FULL
5273,5273,5291,7417716109000,9005932472000,1778513118853405142,1778513118858044313,FULL
5274,5274,5292,7417749426000,9005965790000,1778513118885726266,1778513118893271283,FULL
5275,5275,5293,7417782747000,9005999109000,1778513118919725334,1778513118924525254,FULL
5276,5276,5294,7417816064000,9006032427000,1778513118953182631,1778513118958073833,FULL
5277,5277,5295,7417849382000,9006065745000,1778513118986482799,1778513118991536190,FULL
5278,5278,5296,7417882701000,9006099064000,1778513119020419683,1778513119025370562,FULL
5279,5279,5297,7417916019000,9006132382000,1778513119054513158,1778513119058709198,FULL
5280,5280,5298,7417949338000,9006165701000,1778513119095666892,1778513119091727745,FULL
5281,5281,5299,7417982655000,9006199020000,1778513119130162029,1778513119124635478,FULL
5282,5282,5300,7418015974000,9006232337000,1778513119159282668,1778513119157779171,FULL
5283,5283,5301,7418049292000,9006265664000,1778513119189347518,1778513119191758357,FULL
5284,5284,5302,7418082610000,9006298974000,1778513119219588793,1778513119225363250,FULL
5285,5285,5303,7418115928000,9006332292000,1778513119254022505,1778513119258404759,FULL
5286,5286,5304,7418149246000,9006365610000,1778513119284508351,1778513119294462943,FULL
5287,5287,5305,7418182567000,9006398928000,1778513119321967606,1778513119327892708,FULL
5288,5288,5306,7418215884000,9006432247000,1778513119356347892,1778513119359492009,FULL
5289,5289,5307,7418249204000,9006465566000,1778513119389521025,1778513119394583628,FULL
5290,5290,5308,7418282522000,9006498884000,1778513119421164711,1778513119424623389,FULL
5291,5291,5309,7418315840000,9006532203000,1778513119454408491,1778513119459109347,FULL
5292,5292,5310,7418349157000,9006565521000,1778513119487836788,1778513119491409475,FULL
5293,5293,5311,7418382477000,9006598840000,1778513119522062187,1778513119524481336,FULL
5294,5294,5312,7418415795000,9006632158000,1778513119556743286,1778513119558132266,FULL
5295,5295,5313,7418449115000,9006665477000,1778513119588910281,1778513119592307764,FULL
5296,5296,5314,7418482432000,9006698795000,1778513119622390114,1778513119624542763,FULL
5297,5297,5315,7418515757000,9006732113000,1778513119656047112,1778513119658020120,FULL
5298,5298,5316,7418549069000,9006765431000,1778513119688839138,1778513119691286275,FULL
5299,5299,5317,7418582389000,9006798752000,1778513119722121084,1778513119726758057,FULL
5300,5300,5318,7418615709000,9006832069000,1778513119754947869,1778513119757731087,FULL
5301,5301,5319,7418649027000,9006865388000,1778513119788195538,1778513119791095334,FULL
5302,5302,5320,7418682345000,9006898707000,1778513119821754389,1778513119825859919,FULL
5303,5303,5321,7418715664000,9006932027000,1778513119856394710,1778513119857680107,FULL
5304,5304,5322,7418748982000,9006965344000,1778513119889794192,1778513119890851189,FULL
5305,5305,5323,7418782306000,9006998663000,1778513119921650561,1778513119924937837,FULL
5306,5306,5324,7418815619000,9007031981000,1778513119954228941,1778513119958330380,FULL
5307,5307,5325,7418848936000,9007065300000,1778513119988038326,1778513119991823422,FULL
5308,5308,5326,7418882256000,9007098618000,1778513120021461030,1778513120024210327,FULL
5309,5309,5327,7418915574000,9007131936000,1778513120054872568,1778513120057566426,FULL
5310,5310,5328,7418948892000,9007165254000,1778513120088339475,1778513120090830174,FULL
5311,5311,5329,7418982211000,9007198573000,1778513120123169868,1778513120125910367,FULL
5312,5312,5330,7419015529000,9007231892000,1778513120152971055,1778513120157549983,FULL
5313,5313,5331,7419048848000,9007265210000,1778513120185582990,1778513120190731139,FULL
5314,5314,5332,7419082166000,9007298529000,1778513120220054887,1778513120224967081,FULL
5315,5315,5333,7419115484000,9007331847000,1778513120254978168,1778513120258318162,FULL
5316,5316,5334,7419148803000,9007365166000,1778513120288551741,1778513120291493725,FULL
5317,5317,5335,7419182121000,9007398484000,1778513120324481937,1778513120324146498,FULL
5318,5318,5336,7419215441000,9007431802000,1778513120352878213,1778513120357351876,FULL
5319,5319,5337,7419248759000,9007465121000,1778513120386561526,1778513120390646790,FULL
5320,5320,5338,7419282076000,9007498440000,1778513120418941111,1778513120424679383,FULL
5321,5321,5339,7419315394000,9007531758000,1778513120458288198,1778513120458709549,FULL
5322,5322,5340,7419348718000,9007565076000,1778513120490670172,1778513120511429495,FULL
5323,5323,5340,7419382032000,9007598394000,1778513120519039911,1778513120511429495,FULL
5324,5324,5342,7419415353000,9007631714000,1778513120549661181,1778513120561109508,FULL
5325,5325,5343,7419448669000,9007665034000,1778513120582713241,1778513120591525821,FULL
5326,5326,5344,7419481987000,9007698351000,1778513120618457329,1778513120617842619,FULL
5327,5327,5345,7419515308000,9007731669000,1778513120657171181,1778513120657492508,FULL
5328,5328,5346,7419548625000,9007764987000,1778513120689689080,1778513120690643202,FULL
5329,5329,5347,7419581945000,9007798306000,1778513120721907278,1778513120723943820,FULL
5330,5330,5348,7419615270000,9007831624000,1778513120752717158,1778513120757140309,FULL
5331,5331,5349,7419648580000,9007864943000,1778513120788265692,1778513120790453483,FULL
5332,5332,5350,7419681898000,9007898261000,1778513120819804545,1778513120818810093,FULL
5333,5333,5351,7419715217000,9007931580000,1778513120853408711,1778513120859163105,FULL
5334,5334,5352,7419748535000,9007964897000,1778513120889371666,1778513120891387141,FULL
5335,5335,5353,7419781854000,9007998217000,1778513120920955186,1778513120926827590,FULL
5336,5336,5354,7419815173000,9008031535000,1778513120954549110,1778513120959500418,FULL
5337,5337,5355,7419848491000,9008064853000,1778513120987481301,1778513120990468744,FULL
5338,5338,5356,7419881813000,9008098172000,1778513121020291364,1778513121023837750,FULL
5339,5339,5357,7419915127000,9008131490000,1778513121051184576,1778513121058587725,FULL
5340,5340,5358,7419948445000,9008164809000,1778513121100358041,1778513121090432653,FULL
5341,5341,5359,7419981764000,9008198129000,1778513121121632650,1778513121123784845,FULL
5342,5342,5360,7420015082000,9008231446000,1778513121153451927,1778513121157216758,FULL
5343,5343,5361,7420048401000,9008264764000,1778513121184214492,1778513121190621745,FULL
5344,5344,5362,7420081720000,9008298083000,1778513121217257478,1778513121223877419,FULL
5345,5345,5363,7420115037000,9008331402000,1778513121251156178,1778513121257162908,FULL
5346,5346,5364,7420148363000,9008364720000,1778513121284483883,1778513121290522673,FULL
5347,5347,5365,7420181677000,9008398039000,1778513121315841683,1778513121323702755,FULL
5348,5348,5366,7420214994000,9008431357000,1778513121346260104,1778513121358671487,FULL
5349,5349,5367,7420248312000,9008464675000,1778513121381637454,1778513121390472360,FULL
5350,5350,5368,7420281630000,9008497994000,1778513121414002836,1778513121423729534,FULL
5351,5351,5369,7420314949000,9008531312000,1778513121454529466,1778513121457046985,FULL
5352,5352,5370,7420348268000,9008564630000,1778513121488619274,1778513121490327493,FULL
5353,5353,5371,7420381587000,9008597949000,1778513121522151495,1778513121523691054,FULL
5354,5354,5372,7420414905000,9008631268000,1778513121549208711,1778513121557097468,FULL
5355,5355,5373,7420448223000,9008664585000,1778513121583254260,1778513121590244328,FULL
5356,5356,5374,7420481541000,9008697905000,1778513121619043144,1778513121623610908,FULL
5357,5357,5375,7420514860000,9008731222000,1778513121655799905,1778513121656897675,FULL
5358,5358,5376,7420548179000,9008764541000,1778513121689993953,1778513121691650815,FULL
5359,5359,5377,7420581498000,9008797860000,1778513121724108502,1778513121723756556,FULL
5360,5360,5378,7420614816000,9008831177000,1778513121754784383,1778513121757237876,FULL
5361,5361,5379,7420648135000,9008864497000,1778513121787802758,1778513121792915230,FULL
5362,5362,5380,7420681453000,9008897815000,1778513121820379897,1778513121823886297,FULL
5363,5363,5381,7420714772000,9008931133000,1778513121853542882,1778513121857194563,FULL
5364,5364,5382,7420748090000,9008964452000,1778513121887006771,1778513121890347238,FULL
5365,5365,5383,7420781409000,9008997771000,1778513121920450734,1778513121923816003,FULL
5366,5366,5384,7420814731000,9009031089000,1778513121953025577,1778513121957027899,FULL
5367,5367,5385,7420848048000,9009064408000,1778513121984710688,1778513121990371424,FULL
5368,5368,5386,7420881363000,9009097726000,1778513122020772698,1778513122023687024,FULL
5369,5369,5387,7420914681000,9009131044000,1778513122051150471,1778513122056896550,FULL
5370,5370,5388,7420948001000,9009164363000,1778513122084815858,1778513122090475369,FULL
5371,5371,5389,7420981319000,9009197681000,1778513122121092458,1778513122123725636,FULL
5372,5372,5390,7421014637000,9009230998000,1778513122153704116,1778513122157195789,FULL
5373,5373,5391,7421047957000,9009264318000,1778513122186911322,1778513122192285686,FULL
5374,5374,5392,7421081275000,9009297637000,1778513122220060677,1778513122223602874,FULL
5375,5375,5393,7421114593000,9009330955000,1778513122253650176,1778513122256942819,FULL
5376,5376,5394,7421147912000,9009364273000,1778513122286074798,1778513122291296402,FULL
5377,5377,5395,7421181229000,9009397593000,1778513122321370335,1778513122323765874,FULL
5378,5378,5396,7421214548000,9009430911000,1778513122353362109,1778513122356973135,FULL
5379,5379,5397,7421247867000,9009464229000,1778513122386577205,1778513122390238932,FULL
5380,5380,5398,7421281185000,9009497548000,1778513122419940465,1778513122423516767,FULL
5381,5381,5399,7421314504000,9009530866000,1778513122453348243,1778513122456894230,FULL
5382,5382,5400,7421347822000,9009564185000,1778513122486559691,1778513122506566512,FULL
5383,5383,5401,7421381141000,9009597503000,1778513122520241762,1778513122528998584,FULL
5384,5384,5402,7421414459000,9009630823000,1778513122554673401,1778513122558268162,FULL
5385,5385,5403,7421447778000,9009664142000,1778513122587288298,1778513122591349554,FULL
5386,5386,5404,7421481096000,9009697459000,1778513122618703653,1778513122623405697,FULL
5387,5387,5405,7421514414000,9009730776000,1778513122651732621,1778513122648934831,FULL
5388,5388,5406,7421547732000,9009764095000,1778513122684734144,1778513122690137272,FULL
5389,5389,5407,7421581051000,9009797413000,1778513122718422587,1778513122723529531,FULL
5390,5390,5408,7421614370000,9009830732000,1778513122751487702,1778513122756865124,FULL
5391,5391,5409,7421647689000,9009864053000,1778513122786149986,1778513122790115126,FULL
5392,5392,5410,7421681009000,9009897369000,1778513122821014490,1778513122823511144,FULL
5393,5393,5411,7421714328000,9009930688000,1778513122847597062,1778513122856940070,FULL
5394,5394,5412,7421747651000,9009964011000,1778513122879215026,1778513122890137683,FULL
5395,5395,5412,7421780964000,9009997325000,1778513122904233800,1778513122890137683,FULL
5396,5396,5414,7421814284000,9010030643000,1778513122940942321,1778513122956825924,FULL
5397,5397,5414,7421847602000,9010063961000,1778513122971635221,1778513122956825924,FULL
5398,5398,5415,7421880919000,9010097280000,1778513123005009074,1778513122990411070,FULL
5399,5399,5416,7421914235000,9010130598000,1778513123038422334,1778513123025999141,FULL
5400,5400,5418,7421947565000,9010163916000,1778513123078036603,1778513123090043631,FULL
5401,5401,5419,7421980887000,9010197236000,1778513123106821300,1778513123123382724,FULL
5402,5402,5419,7422014193000,9010230552000,1778513123138527356,1778513123123382724,FULL
5403,5403,5420,7422047512000,9010263876000,1778513123169611177,1778513123156481338,FULL
5404,5404,5421,7422080837000,9010297191000,1778513123200975829,1778513123190032263,FULL
5405,5405,5422,7422114145000,9010330509000,1778513123234995341,1778513123223457781,FULL
5406,5406,5423,7422147461000,9010363827000,1778513123267663387,1778513123256471766,FULL
5407,5407,5424,7422180779000,9010397146000,1778513123300863075,1778513123289723916,FULL
5408,5408,5425,7422214097000,9010430464000,1778513123334370649,1778513123323137008,FULL
5409,5409,5426,7422247419000,9010463783000,1778513123367628614,1778513123356311936,FULL
5410,5410,5427,7422280735000,9010497101000,1778513123401200909,1778513123389582030,FULL
5411,5411,5428,7422314053000,9010530420000,1778513123434674224,1778513123425250952,FULL
5412,5412,5429,7422347372000,9010563739000,1778513123468058577,1778513123457380094,FULL
5413,5413,5430,7422380690000,9010597057000,1778513123501459022,1778513123490485319,FULL
5414,5414,5431,7422414009000,9010630376000,1778513123535493368,1778513123526798401,FULL
5415,5415,5433,7422447327000,9010663694000,1778513123575319912,1778513123589637885,FULL
5416,5416,5433,7422480653000,9010697013000,1778513123601543210,1778513123589637885,FULL
5417,5417,5434,7422513968000,9010730331000,1778513123634762195,1778513123622852146,FULL
5418,5418,5435,7422547283000,9010763649000,1778513123668016567,1778513123657083915,FULL
5419,5419,5436,7422580601000,9010796968000,1778513123701683954,1778513123690549044,FULL
5420,5420,5437,7422613923000,9010830286000,1778513123734812976,1778513123723744953,FULL
5421,5421,5438,7422647239000,9010863604000,1778513123768038145,1778513123756125871,FULL
5422,5422,5439,7422680557000,9010896923000,1778513123801434720,1778513123789456149,FULL
5423,5423,5440,7422713875000,9010930241000,1778513123834705093,1778513123825188496,FULL
5424,5424,5441,7422747193000,9010963559000,1778513123868017576,1778513123857089807,FULL
5425,5425,5442,7422780512000,9010996879000,1778513123901284597,1778513123890409604,FULL
5426,5426,5443,7422813830000,9011030196000,1778513123934610783,1778513123923730753,FULL
5427,5427,5444,7422847149000,9011063516000,1778513123968499168,1778513123956225114,FULL
5428,5428,5445,7422880468000,9011096835000,1778513124001166917,1778513123989382542,FULL
5429,5429,5446,7422913785000,9011130152000,1778513124035427390,1778513124022715969,FULL
5430,5430,5447,7422947109000,9011163471000,1778513124068318155,1778513124056082969,FULL
5431,5431,5448,7422980425000,9011196790000,1778513124101992653,1778513124089617745,FULL
5432,5432,5449,7423013743000,9011230108000,1778513124134676939,1778513124123054596,FULL
5433,5433,5450,7423047061000,9011263426000,1778513124167893016,1778513124157373921,FULL
5434,5434,5451,7423080383000,9011296745000,1778513124201772845,1778513124189756375,FULL
5435,5435,5452,7423113699000,9011330063000,1778513124234943737,1778513124222998525,FULL
5436,5436,5453,7423147015000,9011363381000,1778513124268687382,1778513124258831704,FULL
5437,5437,5454,7423180339000,9011396701000,1778513124301620277,1778513124289793747,FULL
5438,5438,5455,7423213652000,9011430018000,1778513124334720096,1778513124323434670,FULL
5439,5439,5456,7423246974000,9011463336000,1778513124370245593,1778513124356405489,FULL
5440,5440,5457,7423280291000,9011496656000,1778513124401576523,1778513124389467863,FULL
5441,5441,5458,7423313608000,9011529974000,1778513124434398937,1778513124422685050,FULL
5442,5442,5459,7423346926000,9011563293000,1778513124468204989,1778513124458514377,FULL
5443,5443,5460,7423380245000,9011596610000,1778513124501402399,1778513124512227119,FULL
5444,5444,5461,7423413563000,9011629929000,1778513124534129111,1778513124536269731,FULL
5445,5445,5462,7423446881000,9011663248000,1778513124569116539,1778513124558592619,FULL
5446,5446,5463,7423480201000,9011696567000,1778513124601294682,1778513124589483144,FULL
5447,5447,5465,7423513520000,9011729884000,1778513124634746331,1778513124646946107,FULL
5448,5448,5466,7423546837000,9011763203000,1778513124668396977,1778513124687850810,FULL
5449,5449,5467,7423580155000,9011796522000,1778513124701467444,1778513124712335251,FULL
5450,5450,5468,7423613478000,9011829840000,1778513124734172045,1778513124750066615,FULL
5451,5451,5468,7423646793000,9011863159000,1778513124768047281,1778513124750066615,FULL
5452,5452,5469,7423680112000,9011896478000,1778513124800602809,1778513124789253612,FULL
5453,5453,5470,7423713430000,9011929795000,1778513124834661692,1778513124822899351,FULL
5454,5454,5471,7423746748000,9011963114000,1778513124868007008,1778513124855958669,FULL
5455,5455,5472,7423780068000,9011996433000,1778513124900548036,1778513124889401020,FULL
5456,5456,5473,7423813385000,9012029751000,1778513124934003722,1778513124922766631,FULL
5457,5457,5474,7423846704000,9012063069000,1778513124967790089,1778513124955949393,FULL
5458,5458,5475,7423880024000,9012096388000,1778513125001910156,1778513124989505150,FULL
5459,5459,5476,7423913344000,9012129706000,1778513125034886402,1778513125022624412,FULL
5460,5460,5477,7423946662000,9012163025000,1778513125072528043,1778513125057872060,FULL
5461,5461,5478,7423979979000,9012196345000,1778513125102487636,1778513125089136063,FULL
5462,5462,5479,7424013299000,9012229660000,1778513125134402782,1778513125122462786,FULL
5463,5463,5480,7424046616000,9012262984000,1778513125166988310,1778513125155868897,FULL
5464,5464,5481,7424079939000,9012296300000,1778513125200522994,1778513125189258027,FULL
5465,5465,5482,7424113253000,9012329618000,1778513125233660498,1778513125224629173,FULL
5466,5466,5483,7424146572000,9012362937000,1778513125266872760,1778513125257176478,FULL
5467,5467,5484,7424179889000,9012396255000,1778513125300147595,1778513125287804709,FULL
5468,5468,5485,7424213207000,9012429574000,1778513125334150830,1778513125320974712,FULL
5469,5469,5486,7424246529000,9012462892000,1778513125368409100,1778513125350346696,FULL
5470,5470,5487,7424279846000,9012496210000,1778513125400728334,1778513125389994449,FULL
5471,5471,5488,7424313163000,9012529530000,1778513125434024262,1778513125422380107,FULL
5472,5472,5489,7424346482000,9012562847000,1778513125467235505,1778513125455788810,FULL
5473,5473,5490,7424379799000,9012596166000,1778513125500813115,1778513125491633582,FULL
5474,5474,5491,7424413119000,9012629485000,1778513125536930198,1778513125522439089,FULL
5475,5475,5492,7424446440000,9012662803000,1778513125567025308,1778513125555830997,FULL
5476,5476,5493,7424479756000,9012696121000,1778513125601259893,1778513125588956592,FULL
5477,5477,5494,7424513080000,9012729440000,1778513125633843032,1778513125622207964,FULL
5478,5478,5495,7424546392000,9012762758000,1778513125667053016,1778513125655628204,FULL
5479,5479,5496,7424579711000,9012796076000,1778513125701025918,1778513125689019852,FULL
5480,5480,5497,7424613036000,9012829395000,1778513125734268328,1778513125722318483,FULL
5481,5481,5498,7424646353000,9012862714000,1778513125767794809,1778513125755536947,FULL
5482,5482,5499,7424679667000,9012896032000,1778513125800473910,1778513125788939651,FULL
5483,5483,5500,7424712984000,9012929351000,1778513125833765930,1778513125822288911,FULL
5484,5484,5501,7424746303000,9012962670000,1778513125867636204,1778513125855601597,FULL
5485,5485,5502,7424779622000,9012995988000,1778513125903083794,1778513125891383536,FULL
5486,5486,5503,7424812940000,9013029306000,1778513125933713583,1778513125922237820,FULL
5487,5487,5504,7424846258000,9013062625000,1778513125967714874,1778513125955529729,FULL
5488,5488,5505,7424879585000,9013095943000,1778513126000914302,1778513125990569342,FULL
5489,5489,5506,7424912896000,9013129262000,1778513126034369580,1778513126022273192,FULL
5490,5490,5507,7424946215000,9013162580000,1778513126066980738,1778513126055503823,FULL
5491,5491,5508,7424979534000,9013195898000,1778513126100551977,1778513126088982526,FULL
5492,5492,5509,7425012852000,9013229217000,1778513126133572963,1778513126122111640,FULL
5493,5493,5510,7425046170000,9013262536000,1778513126167044223,1778513126155388289,FULL
5494,5494,5511,7425079491000,9013295855000,1778513126202849661,1778513126188934491,FULL
5495,5495,5512,7425112806000,9013329173000,1778513126233853465,1778513126222076327,FULL
5496,5496,5513,7425146130000,9013362491000,1778513126267535000,1778513126255481753,FULL
5497,5497,5514,7425179444000,9013395809000,1778513126300724114,1778513126290384034,FULL
5498,5498,5515,7425212762000,9013429128000,1778513126334082041,1778513126322081440,FULL
5499,5499,5516,7425246082000,9013462446000,1778513126367206322,1778513126355281331,FULL
5500,5500,5517,7425279399000,9013495765000,1778513126401426129,1778513126388694719,FULL
5501,5501,5518,7425312717000,9013529084000,1778513126433877066,1778513126421982109,FULL
5502,5502,5519,7425346036000,9013562402000,1778513126467194993,1778513126455487219,FULL
5503,5503,5520,7425379353000,9013595723000,1778513126499966371,1778513126503144762,FULL
5504,5504,5521,7425412673000,9013629040000,1778513126534015143,1778513126522559938,FULL
5505,5505,5522,7425445991000,9013662357000,1778513126567150498,1778513126555674330,FULL
5506,5506,5523,7425479309000,9013695675000,1778513126600041523,1778513126588585761,FULL
5507,5507,5524,7425512628000,9013728994000,1778513126634181331,1778513126613881027,FULL
5508,5508,5525,7425545949000,9013762312000,1778513126667159502,1778513126655326261,FULL
5509,5509,5526,7425579265000,9013795630000,1778513126701002017,1778513126688618781,FULL
5510,5510,5527,7425612594000,9013828949000,1778513126733308640,1778513126715209663,FULL
5511,5511,5528,7425645902000,9013862270000,1778513126767122711,1778513126758490861,FULL
5512,5512,5529,7425679221000,9013895586000,1778513126800504971,1778513126789551662,FULL
5513,5513,5530,7425712539000,9013928905000,1778513126833444310,1778513126822626665,FULL
5514,5514,5531,7425745857000,9013962225000,1778513126866465648,1778513126857813332,FULL
5515,5515,5532,7425779177000,9013995542000,1778513126900488864,1778513126888645839,FULL
5516,5516,5533,7425812494000,9014028860000,1778513126933700552,1778513126921714454,FULL
5517,5517,5534,7425845813000,9014062180000,1778513126966777408,1778513126954993436,FULL
5518,5518,5535,7425879134000,9014095498000,1778513127002387441,1778513126988450510,FULL
5519,5519,5536,7425912449000,9014128816000,1778513127033002286,1778513127021735325,FULL
5520,5520,5537,7425945769000,9014162135000,1778513127071042405,1778513127055229658,FULL
5521,5521,5538,7425979086000,9014195453000,1778513127101119941,1778513127088344883,FULL
5522,5522,5539,7426012408000,9014228770000,1778513127133180492,1778513127116213530,FULL
5523,5523,5540,7426045723000,9014262090000,1778513127166036888,1778513127155132160,FULL
5524,5524,5541,7426079044000,9014295408000,1778513127199371056,1778513127188513272,FULL
5525,5525,5542,7426112362000,9014328727000,1778513127232640965,1778513127223368368,FULL
5526,5526,5543,7426145680000,9014362045000,1778513127266548479,1778513127255039367,FULL
5527,5527,5544,7426179001000,9014395364000,1778513127299370560,1778513127288277276,FULL
5528,5528,5545,7426212316000,9014428683000,1778513127332999929,1778513127321708646,FULL
5529,5529,5546,7426245634000,9014462000000,1778513127366333819,1778513127355074349,FULL
5530,5530,5547,7426278953000,9014495319000,1778513127399647599,1778513127388153056,FULL
5531,5531,5548,7426312272000,9014528638000,1778513127433718981,1778513127421502001,FULL
5532,5532,5549,7426345590000,9014561956000,1778513127466183344,1778513127454976019,FULL
5533,5533,5550,7426378907000,9014595275000,1778513127499481642,1778513127488316705,FULL
5534,5534,5551,7426412227000,9014628593000,1778513127535008435,1778513127523446169,FULL
5535,5535,5552,7426445546000,9014661912000,1778513127566132163,1778513127554738745,FULL
5536,5536,5553,7426478864000,9014695230000,1778513127599840642,1778513127588245744,FULL
5537,5537,5554,7426512183000,9014728548000,1778513127632866906,1778513127621800316,FULL
5538,5538,5555,7426545500000,9014761867000,1778513127666222593,1778513127654794135,FULL
5539,5539,5556,7426578819000,9014795186000,1778513127700610842,1778513127688286208,FULL
5540,5540,5557,7426612147000,9014828504000,1778513127733102464,1778513127721513543,FULL
5541,5541,5558,7426645456000,9014861822000,1778513127767068810,1778513127754772415,FULL
5542,5542,5559,7426678778000,9014895141000,1778513127799489636,1778513127788179359,FULL
5543,5543,5561,7426712093000,9014928459000,1778513127854596575,1778513127856395900,FULL
5544,5544,5562,7426745413000,9014961778000,1778513127888619495,1778513127888380766,FULL
5545,5545,5563,7426778737000,9014995096000,1778513127920397217,1778513127921422825,FULL
5546,5546,5564,7426812053000,9015028415000,1778513127954845022,1778513127957246208,FULL
5547,5547,5565,7426845372000,9015061733000,1778513127984937594,1778513127988018383,FULL
5548,5548,5566,7426878690000,9015095052000,1778513128018427242,1778513128021404901,FULL
5549,5549,5567,7426912014000,9015128371000,1778513128053126637,1778513128054606051,FULL
5550,5550,5568,7426945325000,9015161689000,1778513128083953201,1778513128088263326,FULL
5551,5551,5569,7426978644000,9015195007000,1778513128118208286,1778513128121368607,FULL
5552,5552,5570,7427011963000,9015228326000,1778513128150407744,1778513128154633108,FULL
5553,5553,5571,7427045281000,9015261644000,1778513128184697624,1778513128188167014,FULL
5554,5554,5572,7427078600000,9015294963000,1778513128217388576,1778513128221345405,FULL
5555,5555,5573,7427111918000,9015328281000,1778513128251483125,1778513128254651147,FULL
5556,5556,5574,7427145237000,9015361600000,1778513128284469575,1778513128288174071,FULL
5557,5557,5575,7427178555000,9015394918000,1778513128317394507,1778513128321322870,FULL
5558,5558,5576,7427211875000,9015428236000,1778513128355530587,1778513128357013125,FULL
5559,5559,5577,7427245193000,9015461554000,1778513128384974518,1778513128387973760,FULL
5560,5560,5578,7427278513000,9015494873000,1778513128417759303,1778513128421283650,FULL
5561,5561,5579,7427311830000,9015528191000,1778513128450774790,1778513128455996526,FULL
5562,5562,5580,7427345147000,9015561510000,1778513128483889405,1778513128505683196,FULL
5563,5563,5581,7427378469000,9015594828000,1778513128517958306,1778513128528520413,FULL
5564,5564,5582,7427411784000,9015628147000,1778513128548827963,1778513128558690630,FULL
5565,5565,5583,7427445102000,9015661465000,1778513128582292259,1778513128588443463,FULL
5566,5566,5584,7427478421000,9015694783000,1778513128614300756,1778513128620977990,FULL
5567,5567,5585,7427511740000,9015728102000,1778513128650004418,1778513128654352027,FULL
5568,5568,5586,7427545059000,9015761421000,1778513128683188828,1778513128681595496,FULL
5569,5569,5587,7427578378000,9015794739000,1778513128717823723,1778513128721758298,FULL
5570,5570,5588,7427611701000,9015828057000,1778513128751473610,1778513128756373027,FULL
5571,5571,5589,7427645014000,9015861376000,1778513128784510837,1778513128790567963,FULL
5572,5572,5590,7427678333000,9015894694000,1778513128817877931,1778513128821086529,FULL
5573,5573,5591,7427711652000,9015928017000,1778513128849759966,1778513128854301938,FULL
5574,5574,5592,7427744969000,9015961331000,1778513128886914612,1778513128890732482,FULL
5575,5575,5593,7427778289000,9015994650000,1778513128917544587,1778513128922034058,FULL
5576,5576,5594,7427811606000,9016027969000,1778513128953533930,1778513128955208523,FULL
5577,5577,5595,7427844926000,9016061287000,1778513128987039912,1778513128989914177,FULL
5578,5578,5596,7427878244000,9016094606000,1778513129021380273,1778513129021085514,FULL
5579,5579,5597,7427911561000,9016127924000,1778513129053594953,1778513129054320386,FULL
5580,5580,5598,7427944879000,9016161242000,1778513129090470565,1778513129083425540,FULL
5581,5581,5599,7427978198000,9016194561000,1778513129118481919,1778513129125298659,FULL
5582,5582,5600,7428011521000,9016227878000,1778513129150637766,1778513129155604763,FULL
5583,5583,5601,7428044835000,9016261198000,1778513129183501865,1778513129184768917,FULL
5584,5584,5602,7428078154000,9016294516000,1778513129214382503,1778513129223037516,FULL
5585,5585,5603,7428111473000,9016327835000,1778513129247258621,1778513129254368778,FULL
5586,5586,5604,7428144791000,9016361153000,1778513129283112114,1778513129281528043,FULL
5587,5587,5605,7428178109000,9016394472000,1778513129313226001,1778513129319539942,FULL
5588,5588,5606,7428211428000,9016427791000,1778513129349910782,1778513129352718703,FULL
5589,5589,5607,7428244746000,9016461109000,1778513129383176710,1778513129387982499,FULL
5590,5590,5608,7428278066000,9016494428000,1778513129416638710,1778513129421728033,FULL
5591,5591,5609,7428311384000,9016527747000,1778513129454854679,1778513129455033589,FULL
5592,5592,5610,7428344702000,9016561065000,1778513129485513153,1778513129488410256,FULL
5593,5593,5611,7428378022000,9016594383000,1778513129521251055,1778513129520876747,FULL
5594,5594,5612,7428411343000,9016627703000,1778513129549106633,1778513129554152600,FULL
5595,5595,5613,7428444656000,9016661021000,1778513129581840196,1778513129583113366,FULL
5596,5596,5614,7428477976000,9016694339000,1778513129614835590,1778513129623925570,FULL
5597,5597,5615,7428511295000,9016727656000,1778513129650176866,1778513129655177295,FULL
5598,5598,5616,7428544612000,9016760976000,1778513129683745143,1778513129691376230,FULL
5599,5599,5617,7428577931000,9016794294000,1778513129717969876,1778513129721004915,FULL
5600,5600,5618,7428611252000,9016827611000,1778513129750974288,1778513129754188732,FULL
5601,5601,5619,7428644568000,9016860930000,1778513129784250809,1778513129787428808,FULL
5602,5602,5620,7428677888000,9016894249000,1778513129817277147,1778513129820951047,FULL
5603,5603,5621,7428711206000,9016927567000,1778513129851499565,1778513129854165512,FULL
5604,5604,5622,7428744523000,9016960886000,1778513129880590481,1778513129889841415,FULL
5605,5605,5623,7428777842000,9016994206000,1778513129914816103,1778513129920879716,FULL
5606,5606,5624,7428811161000,9017027524000,1778513129949464646,1778513129954159754,FULL
5607,5607,5625,7428844479000,9017060842000,1778513129983882673,1778513129987373867,FULL
5608,5608,5626,7428877798000,9017094159000,1778513130018857324,1778513130020713479,FULL
5609,5609,5627,7428911116000,9017127478000,1778513130049872924,1778513130054084498,FULL
5610,5610,5628,7428944437000,9017160796000,1778513130084049361,1778513130087596922,FULL
5611,5611,5629,7428977753000,9017194115000,1778513130119957539,1778513130120682703,FULL
5612,5612,5630,7429011079000,9017227433000,1778513130151265840,1778513130154098740,FULL
5613,5613,5631,7429044391000,9017260752000,1778513130184373695,1778513130187707219,FULL
5614,5614,5632,7429077708000,9017294073000,1778513130222486165,1778513130221745583,FULL
5615,5615,5633,7429111031000,9017327390000,1778513130248893980,1778513130254394516,FULL
5616,5616,5634,7429144348000,9017360711000,1778513130281131160,1778513130287542315,FULL
5617,5617,5635,7429177664000,9017394027000,1778513130314439235,1778513130323195885,FULL
5618,5618,5636,7429210982000,9017427345000,1778513130349124037,1778513130354267501,FULL
5619,5619,5637,7429244300000,9017460663000,1778513130383187642,1778513130387316856,FULL
5620,5620,5638,7429277619000,9017493982000,1778513130418210274,1778513130420655949,FULL
5621,5621,5639,7429310938000,9017527300000,1778513130450350733,1778513130453926802,FULL
5622,5622,5640,7429344255000,9017560619000,1778513130483180832,1778513130503773934,FULL
5623,5623,5641,7429377574000,9017593937000,1778513130516878737,1778513130527255533,FULL
5624,5624,5642,7429410893000,9017627256000,1778513130550347811,1778513130554941146,FULL
5625,5625,5643,7429444212000,9017660574000,1778513130584340176,1778513130587194120,FULL
5626,5626,5644,7429477530000,9017693893000,1778513130617624252,1778513130612332443,FULL
5627,5627,5645,7429510847000,9017727211000,1778513130649196698,1778513130653886750,FULL
5628,5628,5646,7429544168000,9017760529000,1778513130680976456,1778513130687101548,FULL
5629,5629,5647,7429577485000,9017793848000,1778513130715815201,1778513130713483489,FULL
5630,5630,5648,7429610808000,9017827166000,1778513130748629986,1778513130753779142,FULL
5631,5631,5649,7429644123000,9017860485000,1778513130783184678,1778513130787099772,FULL
5632,5632,5650,7429677441000,9017893804000,1778513130816493273,1778513130822296384,FULL
5633,5633,5651,7429710760000,9017927122000,1778513130849496777,1778513130853799162,FULL
5634,5634,5652,7429744077000,9017960440000,1778513130882727595,1778513130887139977,FULL
5635,5635,5653,7429777397000,9017993759000,1778513130915241660,1778513130920453219,FULL
5636,5636,5654,7429810714000,9018027077000,1778513130950864693,1778513130953717702,FULL
5637,5637,5655,7429844033000,9018060395000,1778513130985043575,1778513130987043313,FULL
5638,5638,5656,7429877352000,9018093714000,1778513131018370817,1778513131020842717,FULL
5639,5639,5657,7429910671000,9018127032000,1778513131049020199,1778513131053795406,FULL
5640,5640,5658,7429943990000,9018160351000,1778513131088990352,1778513131086981556,FULL
5641,5641,5659,7429977308000,9018193669000,1778513131116692191,1778513131120159170,FULL
5642,5642,5660,7430010627000,9018226989000,1778513131149036332,1778513131153596465,FULL
5643,5643,5661,7430043945000,9018260307000,1778513131181401807,1778513131187084798,FULL
5644,5644,5662,7430077262000,9018293624000,1778513131215157119,1778513131220884738,FULL
5645,5645,5663,7430110582000,9018326944000,1778513131248920319,1778513131253669152,FULL
5646,5646,5664,7430143900000,9018360262000,1778513131279274741,1778513131287039004,FULL
5647,5647,5665,7430177218000,9018393581000,1778513131314226522,1778513131320335616,FULL
5648,5648,5666,7430210537000,9018426899000,1778513131350061589,1778513131353500007,FULL
5649,5649,5667,7430243861000,9018460217000,1778513131381802422,1778513131386758082,FULL
5650,5650,5668,7430277173000,9018493536000,1778513131416399503,1778513131420469857,FULL
5651,5651,5669,7430310493000,9018526855000,1778513131448806755,1778513131455236417,FULL
5652,5652,5670,7430343811000,9018560173000,1778513131482171590,1778513131486897212,FULL
5653,5653,5671,7430377130000,9018593492000,1778513131515768477,1778513131520193306,FULL
5654,5654,5672,7430410448000,9018626809000,1778513131548542596,1778513131553522825,FULL
5655,5655,5673,7430443770000,9018660128000,1778513131580556352,1778513131586812067,FULL
5656,5656,5674,7430477084000,9018693447000,1778513131613552375,1778513131620149326,FULL
5657,5657,5675,7430510403000,9018726765000,1778513131649858216,1778513131653434939,FULL
5658,5658,5676,7430543722000,9018760083000,1778513131682792647,1778513131686892882,FULL
5659,5659,5677,7430577040000,9018793401000,1778513131716732309,1778513131720001867,FULL
5660,5660,5678,7430610362000,9018826720000,1778513131750484399,1778513131753354830,FULL
5661,5661,5679,7430643678000,9018860039000,1778513131782825929,1778513131786752552,FULL
5662,5662,5680,7430676995000,9018893358000,1778513131816233504,1778513131820135367,FULL
5663,5663,5681,7430710315000,9018926679000,1778513131848257741,1778513131853837530,FULL
5664,5664,5682,7430743632000,9018959994000,1778513131882604047,1778513131886746424,FULL
5665,5665,5683,7430776950000,9018993313000,1778513131916093732,1778513131920095647,FULL
5666,5666,5684,7430810270000,9019026632000,1778513131949164051,1778513131953626053,FULL
5667,5667,5685,7430843587000,9019059950000,1778513131981344101,1778513131986695723,FULL
5668,5668,5686,7430876906000,9019093268000,1778513132013287877,1778513132020222666,FULL
5669,5669,5687,7430910224000,9019126586000,1778513132047815940,1778513132056033808,FULL
5670,5670,5688,7430943542000,9019159905000,1778513132082557852,1778513132086657354,FULL
5671,5671,5689,7430976862000,9019193223000,1778513132115967797,1778513132119984411,FULL
5672,5672,5690,7431010180000,9019226543000,1778513132148408660,1778513132153357763,FULL
5673,5673,5691,7431043498000,9019259861000,1778513132182788799,1778513132186790688,FULL
5674,5674,5692,7431076817000,9019293179000,1778513132215375382,1778513132219674656,FULL
5675,5675,5693,7431110136000,9019326498000,1778513132250134054,1778513132253496763,FULL
5676,5676,5694,7431143454000,9019359818000,1778513132283791848,1778513132286608617,FULL
5677,5677,5695,7431176773000,9019393134000,1778513132318652630,1778513132319900544,FULL
5678,5678,5696,7431210092000,9019426453000,1778513132350804884,1778513132353430117,FULL
5679,5679,5697,7431243410000,9019459772000,1778513132382654012,1778513132386622267,FULL
5680,5680,5698,7431276728000,9019493089000,1778513132415785294,1778513132419856028,FULL
5681,5681,5699,7431310045000,9019526408000,1778513132449330330,1778513132453776412,FULL
5682,5682,5700,7431343365000,9019559727000,1778513132484356462,1778513132501417714,FULL
5683,5683,5701,7431376684000,9019593045000,1778513132516708233,1778513132524904479,FULL
5684,5684,5702,7431410002000,9019626363000,1778513132548905802,1778513132555698320,FULL
5685,5685,5703,7431443322000,9019659683000,1778513132583299662,1778513132586511383,FULL
5686,5686,5704,7431476639000,9019693001000,1778513132616578294,1778513132610991620,FULL
5687,5687,5705,7431509958000,9019726320000,1778513132651272244,1778513132651662751,FULL
5688,5688,5706,7431543276000,9019759638000,1778513132682943504,1778513132676535077,FULL
5689,5689,5707,7431576595000,9019792956000,1778513132714965093,1778513132719448889,FULL
5690,5690,5708,7431609915000,9019826275000,1778513132748977236,1778513132753061794,FULL
5691,5691,5709,7431643231000,9019859593000,1778513132781490098,1778513132788902233,FULL
5692,5692,5710,7431676549000,9019892912000,1778513132812542808,1778513132819832572,FULL
5693,5693,5711,7431709867000,9019926230000,1778513132847167722,1778513132853131332,FULL
5694,5694,5712,7431743186000,9019959549000,1778513132882309945,1778513132886410574,FULL
5695,5695,5713,7431776506000,9019992867000,1778513132916147960,1778513132919621576,FULL
5696,5696,5714,7431809824000,9020026186000,1778513132949269908,1778513132953016094,FULL
5697,5697,5715,7431843142000,9020059504000,1778513132981780751,1778513132986343873,FULL
5698,5698,5716,7431876460000,9020092823000,1778513133016793994,1778513133019681688,FULL
5699,5699,5717,7431909777000,9020126141000,1778513133048902953,1778513133052978208,FULL
5700,5700,5718,7431943098000,9020159460000,1778513133094817267,1778513133086935961,FULL
5701,5701,5719,7431976416000,9020192778000,1778513133116250338,1778513133119533117,FULL
5702,5702,5720,7432009733000,9020226095000,1778513133147735822,1778513133152917173,FULL
5703,5703,5721,7432043051000,9020259415000,1778513133178624275,1778513133186475838,FULL
5704,5704,5722,7432076370000,9020292734000,1778513133212413623,1778513133219596303,FULL
5705,5705,5723,7432109690000,9020326051000,1778513133247380274,1778513133252894027,FULL
5706,5706,5724,7432143011000,9020359370000,1778513133278607779,1778513133288918426,FULL
5707,5707,5725,7432176326000,9020392688000,1778513133311273139,1778513133319668286,FULL
5708,5708,5726,7432209650000,9020426007000,1778513133345688222,1778513133352608605,FULL
5709,5709,5727,7432242963000,9020459325000,1778513133381863027,1778513133386127863,FULL
5710,5710,5728,7432276282000,9020492644000,1778513133414139688,1778513133419416697,FULL
5711,5711,5729,7432309600000,9020525961000,1778513133447640965,1778513133452712995,FULL
5712,5712,5730,7432342918000,9020559280000,1778513133480930430,1778513133486263623,FULL
5713,5713,5731,7432376236000,9020592599000,1778513133514238969,1778513133519498661,FULL
5714,5714,5732,7432409556000,9020625922000,1778513133547543322,1778513133552783699,FULL
5715,5715,5733,7432442874000,9020659235000,1778513133581103507,1778513133586188866,FULL
5716,5716,5734,7432476194000,9020692553000,1778513133615134778,1778513133619372979,FULL
5717,5717,5735,7432509512000,9020725873000,1778513133648392910,1778513133652642036,FULL
5718,5718,5736,7432542830000,9020759191000,1778513133681653227,1778513133686102498,FULL
5719,5719,5737,7432576148000,9020792509000,1778513133718685505,1778513133719355240,FULL
5720,5720,5738,7432609467000,9020825828000,1778513133748999927,1778513133752711333,FULL
5721,5721,5739,7432642786000,9020859146000,1778513133782394613,1778513133786067222,FULL
5722,5722,5740,7432676103000,9020892465000,1778513133814152057,1778513133819440741,FULL
5723,5723,5741,7432709421000,9020925783000,1778513133846236479,1778513133852589818,FULL
5724,5724,5742,7432742740000,9020959101000,1778513133884470151,1778513133885931985,FULL
5725,5725,5743,7432776057000,9020992420000,1778513133915263401,1778513133920921913,FULL
5726,5726,5744,7432809379000,9021025739000,1778513133948306387,1778513133952438450,FULL
5727,5727,5745,7432842696000,9021059057000,1778513133981916756,1778513133985768099,FULL
5728,5728,5746,7432876017000,9021092376000,1778513134015921843,1778513134019326838,FULL
5729,5729,5747,7432909333000,9021125694000,1778513134048164504,1778513134052661098,FULL
5730,5730,5748,7432942651000,9021159013000,1778513134081616912,1778513134085790526,FULL
5731,5731,5749,7432975969000,9021192331000,1778513134117061280,1778513134119159545,FULL
5732,5732,5750,7433009287000,9021225649000,1778513134148021714,1778513134152617600,FULL
5733,5733,5751,7433042608000,9021258968000,1778513134181810710,1778513134185853676,FULL
5734,5734,5752,7433075925000,9021292287000,1778513134215661114,1778513134219128103,FULL
5735,5735,5753,7433109244000,9021325605000,1778513134249646979,1778513134252570899,FULL
5736,5736,5754,7433142562000,9021358924000,1778513134281895917,1778513134285738234,FULL
5737,5737,5755,7433175881000,9021392242000,1778513134315748432,1778513134319946374,FULL
5738,5738,5756,7433209199000,9021425560000,1778513134348827399,1778513134352315181,FULL
5739,5739,5757,7433242518000,9021458881000,1778513134381900274,1778513134385738828,FULL
5740,5740,5758,7433275837000,9021492199000,1778513134418290187,1778513134419107014,FULL
5741,5741,5759,7433309154000,9021525516000,1778513134448638054,1778513134452461551,FULL
5742,5742,5760,7433342475000,9021558834000,1778513134478214632,1778513134500636996,FULL
5743,5743,5761,7433375792000,9021592152000,1778513134512212682,1778513134522009283,FULL
5744,5744,5762,7433409110000,9021625470000,1778513134548652317,1778513134554484755,FULL
5745,5745,5763,7433442447000,9021658789000,1778513134583477858,1778513134585774887,FULL
5746,5746,5764,7433475749000,9021692108000,1778513134618034254,1778513134623901451,FULL
5747,5747,5765,7433509066000,9021725426000,1778513134650602912,1778513134651507138,FULL
5748,5748,5766,7433542388000,9021758744000,1778513134677077041,1778513134684319366,FULL
5749,5749,5767,7433575702000,9021792063000,1778513134709746475,1778513134709978777,FULL
5750,5750,5768,7433609023000,9021825382000,1778513134742905534,1778513134752229096,FULL
5751,5751,5769,7433642337000,9021858701000,1778513134780323048,1778513134785639966,FULL
5752,5752,5770,7433675657000,9021892020000,1778513134814648799,1778513134819251112,FULL
5753,5753,5771,7433708974000,9021925337000,1778513134847757154,1778513134852351966,FULL
5754,5754,5772,7433742294000,9021958656000,1778513134881336338,1778513134885614801,FULL
5755,5755,5776,7433775612000,9021991974000,1778513135016114440,1778513135019678759,FULL
5756,5756,5776,7433808931000,9022025292000,1778513135016589065,1778513135019678759,FULL
5757,5757,5776,7433842250000,9022058611000,1778513135017950161,1778513135019678759,FULL
5758,5758,5776,7433875568000,9022091929000,1778513135018425249,1778513135019678759,FULL
5759,5759,5777,7433908886000,9022125248000,1778513135049161481,1778513135052367340,FULL
5760,5760,5778,7433942208000,9022158566000,1778513135096121266,1778513135085570490,FULL
5761,5761,5779,7433975525000,9022191886000,1778513135120757821,1778513135118800510,FULL
5762,5762,5780,7434008844000,9022225203000,1778513135150681581,1778513135155451626,FULL
5763,5763,5781,7434042162000,9022258523000,1778513135178184644,1778513135186599185,FULL
5764,5764,5782,7434075479000,9022291840000,1778513135210871300,1778513135221134970,FULL
5765,5765,5783,7434108799000,9022325160000,1778513135245703193,1778513135252223419,FULL
5766,5766,5784,7434142116000,9022358478000,1778513135279277025,1778513135285612197,FULL
5767,5767,5785,7434175434000,9022391796000,1778513135313234224,1778513135318745662,FULL
5768,5768,5786,7434208755000,9022425114000,1778513135347485994,1778513135352102144,FULL
5769,5769,5787,7434242071000,9022458432000,1778513135379353010,1778513135385473089,FULL
5770,5770,5788,7434275390000,9022491750000,1778513135413188562,1778513135418636887,FULL
5771,5771,5789,7434308714000,9022525070000,1778513135446798431,1778513135452892693,FULL
5772,5772,5790,7434342028000,9022558390000,1778513135480084692,1778513135486230194,FULL
5773,5773,5791,7434375348000,9022591707000,1778513135513451804,1778513135519524436,FULL
5774,5774,5792,7434408665000,9022625026000,1778513135547520483,1778513135553017175,FULL
5775,5775,5793,7434441984000,9022658344000,1778513135580970206,1778513135587012725,FULL
5776,5776,5794,7434475302000,9022691662000,1778513135613364995,1778513135618774667,FULL
5777,5777,5795,7434508620000,9022724980000,1778513135648270109,1778513135652059853,FULL
5778,5778,5796,7434541940000,9022758299000,1778513135681162282,1778513135685464149,FULL
5779,5779,5797,7434575256000,9022791617000,1778513135713470443,1778513135718512671,FULL
5780,5780,5798,7434608577000,9022824936000,1778513135747874710,1778513135755036307,FULL
5781,5781,5799,7434641893000,9022858254000,1778513135783208987,1778513135787721610,FULL
5782,5782,5800,7434675214000,9022891572000,1778513135816736227,1778513135819780920,FULL
5783,5783,5801,7434708534000,9022924891000,1778513135852465092,1778513135857344952,FULL
5784,5784,5802,7434741851000,9022958210000,1778513135881867265,1778513135885886667,FULL
5785,5785,5803,7434775169000,9022991529000,1778513135913226917,1778513135918669710,FULL
5786,5786,5804,7434808486000,9023024848000,1778513135947617389,1778513135945865846,FULL
5787,5787,5805,7434841805000,9023058165000,1778513135981453570,1778513135984062724,FULL
5788,5788,5806,7434875123000,9023091484000,1778513136014066264,1778513136017113357,FULL
5789,5789,5807,7434908441000,9023124802000,1778513136048245608,1778513136045049115,FULL
5790,5790,5808,7434941760000,9023158120000,1778513136081996939,1778513136085621858,FULL
5791,5791,5809,7434975080000,9023191439000,1778513136113378979,1778513136118916433,FULL
5792,5792,5810,7435008397000,9023224758000,1778513136147904690,1778513136145974885,FULL
5793,5793,5811,7435041716000,9023258077000,1778513136183574038,1778513136184138986,FULL
5794,5794,5812,7435075034000,9023291395000,1778513136215635090,1778513136217174601,FULL
5795,5795,5813,7435108354000,9023324713000,1778513136247358386,1778513136250496490,FULL
5796,5796,5814,7435141670000,9023358032000,1778513136281079902,1778513136283906471,FULL
5797,5797,5815,7435174991000,9023391351000,1778513136313897945,1778513136317171121,FULL
5798,5798,5816,7435208308000,9023424669000,1778513136350073473,1778513136351578111,FULL
5799,5799,5817,7435241626000,9023457987000,1778513136383428455,1778513136379855458,FULL
5800,5800,5818,7435274944000,9023491305000,1778513136416512441,1778513136418544924,FULL
5801,5801,5819,7435308264000,9023524626000,1778513136449663315,1778513136450739787,FULL
5802,5802,5820,7435341583000,9023557944000,1778513136485368199,1778513136498078519,FULL
5803,5803,5821,7435374899000,9023591262000,1778513136514466893,1778513136519375861,FULL
5804,5804,5822,7435408218000,9023624580000,1778513136549538413,1778513136552074905,FULL
5805,5805,5823,7435441536000,9023657899000,1778513136581759815,1778513136585094168,FULL
5806,5806,5824,7435474857000,9023691218000,1778513136614224511,1778513136610354768,FULL
5807,5807,5825,7435508174000,9023724535000,1778513136647160609,1778513136651615467,FULL
5808,5808,5826,7435541494000,9023757854000,1778513136679752248,1778513136684939542,FULL
5809,5809,5827,7435574812000,9023791172000,1778513136714348625,1778513136718261894,FULL
5810,5810,5828,7435608130000,9023824490000,1778513136747652127,1778513136751614839,FULL
5811,5811,5829,7435641448000,9023857808000,1778513136780123619,1778513136785642148,FULL
5812,5812,5830,7435674766000,9023891126000,1778513136813888004,1778513136818438172,FULL
5813,5813,5831,7435708085000,9023924445000,1778513136848583862,1778513136851500083,FULL
5814,5814,5832,7435741402000,9023957764000,1778513136880678617,1778513136884970415,FULL
5815,5815,5833,7435774721000,9023991082000,1778513136911826790,1778513136918234824,FULL
5816,5816,5834,7435808041000,9024024400000,1778513136944854739,1778513136951664824,FULL
5817,5817,5835,7435841357000,9024057719000,1778513136978707790,1778513136987321875,FULL
5818,5818,5836,7435874677000,9024091037000,1778513137015258628,1778513137018255066,FULL
5819,5819,5837,7435907996000,9024124356000,1778513137046311450,1778513137051600678,FULL
5820,5820,5838,7435941314000,9024157674000,1778513137088506914,1778513137084965160,FULL
5821,5821,5839,7435974633000,9024190994000,1778513137119903528,1778513137118219328,FULL
5822,5822,5840,7436007953000,9024224311000,1778513137148092380,1778513137151459848,FULL
5823,5823,5841,7436041269000,9024257635000,1778513137179251497,1778513137185965911,FULL
5824,5824,5842,7436074588000,9024290950000,1778513137212300964,1778513137218273107,FULL
5825,5825,5843,7436107907000,9024324268000,1778513137245348932,1778513137251640922,FULL
5826,5826,5844,7436141224000,9024357585000,1778513137278763988,1778513137284947626,FULL
5827,5827,5845,7436174543000,9024390905000,1778513137314275596,1778513137318092740,FULL
5828,5828,5846,7436207860000,9024424223000,1778513137346232871,1778513137351355648,FULL
5829,5829,5847,7436241180000,9024457542000,1778513137379500966,1778513137384551928,FULL
5830,5830,5848,7436274500000,9024490861000,1778513137415116999,1778513137417937947,FULL
5831,5831,5849,7436307818000,9024524179000,1778513137445997637,1778513137451261521,FULL
5832,5832,5850,7436341137000,9024557498000,1778513137479980836,1778513137484820816,FULL
5833,5833,5851,7436374456000,9024590816000,1778513137512558197,1778513137518120502,FULL
5834,5834,5852,7436407772000,9024624133000,1778513137545750885,1778513137551315800,FULL
5835,5835,5853,7436441091000,9024657453000,1778513137582895217,1778513137584761966,FULL
5836,5836,5854,7436474409000,9024690772000,1778513137615690594,1778513137620330500,FULL
5837,5837,5855,7436507730000,9024724089000,1778513137649325222,1778513137651268765,FULL
5838,5838,5856,7436541049000,9024757407000,1778513137681636086,1778513137684632488,FULL
5839,5839,5857,7436574366000,9024790726000,1778513137717059214,1778513137717967711,FULL
5840,5840,5858,7436607685000,9024824044000,1778513137751168540,1778513137751511394,FULL
5841,5841,5859,7436641003000,9024857364000,1778513137778564789,1778513137784612897,FULL
5842,5842,5860,7436674322000,9024890681000,1778513137810022533,1778513137817894528,FULL
5843,5843,5861,7436707637000,9024924000000,1778513137845300736,1778513137851185029,FULL
5844,5844,5862,7436740956000,9024957317000,1778513137879488728,1778513137884437845,FULL
5845,5845,5863,7436774279000,9024990638000,1778513137912254754,1778513137917847882,FULL
5846,5846,5864,7436807603000,9025023956000,1778513137945128353,1778513137951119753,FULL
5847,5847,5865,7436840913000,9025057273000,1778513137976803187,1778513137984407125,FULL
5848,5848,5866,7436874231000,9025090592000,1778513138007347829,1778513138018287583,FULL
5849,5849,5867,7436907550000,9025123911000,1778513138038979237,1778513138051099255,FULL
5850,5850,5868,7436940868000,9025157228000,1778513138077123836,1778513138084486107,FULL
5851,5851,5869,7436974186000,9025190549000,1778513138118040184,1778513138118437416,FULL
5852,5852,5870,7437007507000,9025223866000,1778513138151734848,1778513138151176034,FULL
5853,5853,5871,7437040826000,9025257184000,1778513138180484879,1778513138184383888,FULL
5854,5854,5872,7437074144000,9025290503000,1778513138210152030,1778513138217679333,FULL
5855,5855,5873,7437107460000,9025323822000,1778513138244201950,1778513138251064852,FULL
5856,5856,5874,7437140779000,9025357140000,1778513138280513624,1778513138284313446,FULL
5857,5857,5875,7437174097000,9025390459000,1778513138315943140,1778513138317641335,FULL
5858,5858,5876,7437207419000,9025423777000,1778513138348979904,1778513138351022928,FULL
5859,5859,5877,7437240735000,9025457095000,1778513138380728848,1778513138384355632,FULL
5860,5860,5878,7437274055000,9025490414000,1778513138413535725,1778513138418569365,FULL
5861,5861,5879,7437307371000,9025523733000,1778513138446705784,1778513138451070373,FULL
5862,5862,5880,7437340690000,9025557052000,1778513138479370737,1778513138500311049,FULL
5863,5863,5881,7437374009000,9025590370000,1778513138513107271,1778513138522077961,FULL
5864,5864,5882,7437407328000,9025623689000,1778513138547887183,1778513138552669285,FULL
5865,5865,5883,7437440646000,9025657007000,1778513138580156141,1778513138584259173,FULL
5866,5866,5884,7437473964000,9025690326000,1778513138613615659,1778513138617515304,FULL
5867,5867,5885,7437507284000,9025723645000,1778513138648506996,1778513138650769491,FULL
5868,5868,5886,7437540602000,9025756963000,1778513138680791935,1778513138684124843,FULL
5869,5869,5887,7437573920000,9025790282000,1778513138712641711,1778513138717524399,FULL
5870,5870,5888,7437607238000,9025823599000,1778513138746529966,1778513138750690993,FULL
5871,5871,5889,7437640556000,9025856919000,1778513138778401686,1778513138784133863,FULL
5872,5872,5890,7437673876000,9025890237000,1778513138809698468,1778513138817466290,FULL
5873,5873,5891,7437707192000,9025923555000,1778513138843691926,1778513138844746351,FULL
5874,5874,5892,7437740513000,9025956874000,1778513138878298266,1778513138884500417,FULL
5875,5875,5893,7437773830000,9025990192000,1778513138915229340,1778513138917491180,FULL
5876,5876,5894,7437807149000,9026023510000,1778513138949180687,1778513138950896958,FULL
5877,5877,5895,7437840469000,9026056829000,1778513138979837791,1778513138984297476,FULL
5878,5878,5896,7437873787000,9026090147000,1778513139013093256,1778513139017638828,FULL
5879,5879,5897,7437907105000,9026123466000,1778513139046043058,1778513139050985699,FULL
5880,5880,5898,7437940423000,9026156784000,1778513139088731905,1778513139084183794,FULL
5881,5881,5899,7437973741000,9026190103000,1778513139118245040,1778513139117674348,FULL
5882,5882,5900,7438007059000,9026223421000,1778513139151005454,1778513139150891183,FULL
5883,5883,5901,7438040381000,9026256739000,1778513139179896077,1778513139184276202,FULL
5884,5884,5902,7438073698000,9026290057000,1778513139213468835,1778513139217503537,FULL
5885,5885,5903,7438107015000,9026323377000,1778513139245848624,1778513139246495340,FULL
5886,5886,5904,7438140334000,9026356696000,1778513139278622835,1778513139283083271,FULL
5887,5887,5905,7438173651000,9026390014000,1778513139312346184,1778513139316246996,FULL
5888,5888,5906,7438206970000,9026423333000,1778513139342745031,1778513139350883798,FULL
5889,5889,5907,7438240288000,9026456651000,1778513139377342260,1778513139384282131,FULL
5890,5890,5908,7438273608000,9026489970000,1778513139414421445,1778513139417678020,FULL
5891,5891,5909,7438306925000,9026523288000,1778513139445637191,1778513139450925188,FULL
5892,5892,5910,7438340244000,9026556607000,1778513139478670677,1778513139482912295,FULL
5893,5893,5911,7438373563000,9026589925000,1778513139512154195,1778513139516086352,FULL
5894,5894,5912,7438406880000,9026623243000,1778513139545221681,1778513139549384427,FULL
5895,5895,5913,7438440198000,9026656561000,1778513139578564497,1778513139582804742,FULL
5896,5896,5914,7438473519000,9026689879000,1778513139611930757,1778513139616239445,FULL
5897,5897,5915,7438506836000,9026723199000,1778513139645622718,1778513139650443733,FULL
5898,5898,5916,7438540155000,9026756517000,1778513139678295634,1778513139682875224,FULL
5899,5899,5917,7438573473000,9026789835000,1778513139713314043,1778513139716037097,FULL
5900,5900,5918,7438606790000,9026823154000,1778513139743311969,1778513139749175229,FULL
5901,5901,5919,7438640110000,9026856472000,1778513139778624820,1778513139782649580,FULL
5902,5902,5920,7438673433000,9026889791000,1778513139814433906,1778513139815805564,FULL
5903,5903,5921,7438706747000,9026923109000,1778513139846141906,1778513139849217138,FULL
5904,5904,5922,7438740066000,9026956428000,1778513139881568719,1778513139883861662,FULL
5905,5905,5926,7438773383000,9026989747000,1778513140016255118,1778513140017285441,FULL
5906,5906,5926,7438806702000,9027023065000,1778513140016801483,1778513140017285441,FULL
5907,5907,5926,7438840019000,9027056383000,1778513140017294403,1778513140017285441,FULL
5908,5908,5926,7438873337000,9027089702000,1778513140017748250,1778513140017285441,FULL
5909,5909,5927,7438906656000,9027123020000,1778513140048676722,1778513140050585887,FULL
5910,5910,5928,7438939981000,9027156338000,1778513140092691592,1778513140084893081,FULL
5911,5911,5929,7438973298000,9027189657000,1778513140112115166,1778513140118101750,FULL
5912,5912,5930,7439006613000,9027222976000,1778513140142727029,1778513140151380010,FULL
5913,5913,5931,7439039933000,9027256294000,1778513140178703540,1778513140184020277,FULL
5914,5914,5932,7439073251000,9027289613000,1778513140213038846,1778513140217148428,FULL
5915,5915,5933,7439106569000,9027322931000,1778513140245661151,1778513140250555113,FULL
5916,5916,5934,7439139887000,9027356250000,1778513140280845374,1778513140284686531,FULL
5917,5917,5935,7439173206000,9027389569000,1778513140317474303,1778513140318021384,FULL
5918,5918,5936,7439206525000,9027422888000,1778513140348853825,1778513140351428180,FULL
5919,5919,5937,7439239847000,9027456205000,1778513140380658880,1778513140385076918,FULL
5920,5920,5938,7439273162000,9027489524000,1778513140415217146,1778513140417199671,FULL
5921,5921,5939,7439306481000,9027522842000,1778513140444724799,1778513140450674874,FULL
5922,5922,5940,7439339799000,9027556160000,1778513140480325073,1778513140499968419,FULL
5923,5923,5941,7439373116000,9027589479000,1778513140517057057,1778513140522192919,FULL
5924,5924,5942,7439406436000,9027622797000,1778513140546964317,1778513140552265545,FULL
5925,5925,5943,7439439755000,9027656116000,1778513140581545676,1778513140583660213,FULL
5926,5926,5944,7439473074000,9027689434000,1778513140615492948,1778513140616875382,FULL
5927,5927,5945,7439506391000,9027722753000,1778513140644846492,1778513140650107883,FULL
5928,5928,5946,7439539710000,9027756072000,1778513140679317185,1778513140677170391,FULL
5929,5929,5947,7439573029000,9027789390000,1778513140712632446,1778513140717777578,FULL
5930,5930,5948,7439606348000,9027822708000,1778513140744894421,1778513140750927006,FULL
5931,5931,5949,7439639666000,9027856029000,1778513140786708945,1778513140786225376,FULL
5932,5932,5950,7439672984000,9027889343000,1778513140815358755,1778513140816912551,FULL
5933,5933,5951,7439706305000,9027922660000,1778513140847185753,1778513140850126312,FULL
5934,5934,5952,7439739623000,9027955979000,1778513140878347167,1778513140878949580,FULL
5935,5935,5953,7439772941000,9027989297000,1778513140906298632,1778513140918705128,FULL
5936,5936,5954,7439806257000,9028022616000,1778513140936212040,1778513140951036786,FULL
5937,5937,5955,7439839575000,9028055934000,1778513140972341679,1778513140986356193,FULL
5938,5938,5956,7439872893000,9028089252000,1778513141015057970,1778513141016767334,FULL
5939,5939,5957,7439906212000,9028122571000,1778513141046066237,1778513141049949632,FULL
5940,5940,5958,7439939532000,9028155890000,1778513141087361858,1778513141084085995,FULL
5941,5941,5959,7439972849000,9028189210000,1778513141119588649,1778513141117477403,FULL
5942,5942,5960,7440006168000,9028222526000,1778513141145504951,1778513141150832144,FULL
5943,5943,5961,7440039486000,9028255846000,1778513141177869981,1778513141183533762,FULL
5944,5944,5962,7440072804000,9028289164000,1778513141210357436,1778513141219132591,FULL
5945,5945,5963,7440106124000,9028322482000,1778513141239693498,1778513141250232559,FULL
5946,5946,5964,7440139440000,9028355800000,1778513141273260182,1778513141283567411,FULL
5947,5947,5965,7440172759000,9028389119000,1778513141309493357,1778513141316858968,FULL
5948,5948,5966,7440206077000,9028422437000,1778513141344531988,1778513141350034451,FULL
5949,5949,5967,7440239397000,9028455757000,1778513141377910397,1778513141383335749,FULL
5950,5950,5968,7440272714000,9028489074000,1778513141412938473,1778513141416864358,FULL
5951,5951,5969,7440306033000,9028522394000,1778513141444494623,1778513141450279876,FULL
5952,5952,5970,7440339354000,9028555712000,1778513141477907364,1778513141483427323,FULL
5953,5953,5971,7440372671000,9028589029000,1778513141512759998,1778513141516965637,FULL
5954,5954,5972,7440405990000,9028622348000,1778513141544562811,1778513141550098621,FULL
5955,5955,5973,7440439306000,9028655666000,1778513141577785962,1778513141583446695,FULL
5956,5956,5974,7440472625000,9028688987000,1778513141612551226,1778513141617884129,FULL
5957,5957,5975,7440505946000,9028722303000,1778513141644696407,1778513141649832792,FULL
5958,5958,5976,7440539269000,9028755622000,1778513141678006705,1778513141678724151,FULL
5959,5959,5977,7440572581000,9028788940000,1778513141711955015,1778513141718797363,FULL
5960,5960,5978,7440605900000,9028822259000,1778513141744646393,1778513141750676655,FULL
5961,5961,5979,7440639219000,9028855579000,1778513141778050357,1778513141785834045,FULL
5962,5962,5980,7440672540000,9028888896000,1778513141812242201,1778513141819421562,FULL
5963,5963,5981,7440705855000,9028922215000,1778513141844403493,1778513141849860184,FULL
5964,5964,5982,7440739173000,9028955533000,1778513141877815364,1778513141883144000,FULL
5965,5965,5983,7440772491000,9028988851000,1778513141911965968,1778513141916293687,FULL
5966,5966,5984,7440805810000,9029022170000,1778513141941953578,1778513141949749946,FULL
5967,5967,5985,7440839129000,9029055488000,1778513141975180488,1778513141983143501,FULL
5968,5968,5986,7440872446000,9029088807000,1778513142009845735,1778513142016960904,FULL
5969,5969,5987,7440905765000,9029122125000,1778513142045628563,1778513142049805558,FULL
5970,5970,5988,7440939085000,9029155444000,1778513142077567097,1778513142083097078,FULL
5971,5971,5989,7440972402000,9029188764000,1778513142111095356,1778513142116392616,FULL
5972,5972,5990,7441005723000,9029222081000,1778513142144523597,1778513142149678265,FULL
5973,5973,5991,7441039039000,9029255400000,1778513142178712164,1778513142183222467,FULL
5974,5974,5992,7441072358000,9029288718000,1778513142211013935,1778513142216487524,FULL
5975,5975,5993,7441105680000,9029322036000,1778513142246253565,1778513142249641933,FULL
5976,5976,5994,7441138995000,9029355355000,1778513142275489054,1778513142283006026,FULL
5977,5977,5995,7441172313000,9029388673000,1778513142310851589,1778513142316435267,FULL
5978,5978,5996,7441205631000,9029421991000,1778513142349592756,1778513142349879673,FULL
5979,5979,5997,7441238951000,9029455310000,1778513142378384361,1778513142383003176,FULL
5980,5980,5998,7441272269000,9029488629000,1778513142413436307,1778513142416259400,FULL
5981,5981,5999,7441305588000,9029521948000,1778513142446200370,1778513142444585950,FULL
5982,5982,6000,7441338908000,9029555266000,1778513142478093350,1778513142502091839,FULL
5983,5983,6000,7441372227000,9029588584000,1778513142511160984,1778513142502091839,FULL
5984,5984,6002,7441405544000,9029621905000,1778513142545398642,1778513142545876365,FULL
5985,5985,6003,7441438868000,9029655223000,1778513142577788468,1778513142582908421,FULL
5986,5986,6004,7441472179000,9029688542000,1778513142611570132,1778513142616096905,FULL
5987,5987,6005,7441505499000,9029721860000,1778513142649284291,1778513142641811481,FULL
5988,5988,6006,7441538818000,9029755178000,1778513142678876387,1778513142682714814,FULL
5989,5989,6007,7441572136000,9029788497000,1778513142711052827,1778513142716092851,FULL
5990,5990,6008,7441605453000,9029821815000,1778513142742308850,1778513142749425018,FULL
5991,5991,6009,7441638772000,9029855135000,1778513142776057884,1778513142782741056,FULL
5992,5992,6010,7441672093000,9029888453000,1778513142808324915,1778513142816036298,FULL
5993,5993,6011,7441705408000,9029921771000,1778513142845834428,1778513142850437584,FULL
5994,5994,6012,7441738730000,9029955090000,1778513142879568315,1778513142882772391,FULL
5995,5995,6013,7441772046000,9029988408000,1778513142913373052,1778513142916084503,FULL
5996,5996,6014,7441805365000,9030021727000,1778513142946549055,1778513142949560354,FULL
5997,5997,6015,7441838682000,9030055045000,1778513142977401693,1778513142982753226,FULL
5998,5998,6016,7441872001000,9030088364000,1778513143011729073,1778513143014599278,FULL
5999,5999,6017,7441905319000,9030121685000,1778513143044783522,1778513143048034241,FULL
6000,6000,6018,7441938640000,9030155000000,1778513143084905508,1778513143081310427,FULL
6001,6001,6019,7441971956000,9030188320000,1778513143112722715,1778513143115888008,FULL
6002,6002,6020,7442005277000,9030221635000,1778513143144633250,1778513143149367248,FULL
6003,6003,6021,7442038594000,9030254956000,1778513143176173363,1778513143182731526,FULL
6004,6004,6022,7442071912000,9030288274000,1778513143209907583,1778513143215924102,FULL
6005,6005,6023,7442105233000,9030321592000,1778513143243359046,1778513143250652107,FULL
6006,6006,6024,7442138557000,9030354911000,1778513143276265089,1778513143282745620,FULL
6007,6007,6025,7442171868000,9030388230000,1778513143309551591,1778513143314501895,FULL
6008,6008,6026,7442205185000,9030421548000,1778513143342602114,1778513143347834526,FULL
6009,6009,6027,7442238504000,9030454867000,1778513143377758281,1778513143381216655,FULL
6010,6010,6028,7442271822000,9030488185000,1778513143410063127,1778513143415784699,FULL
6011,6011,6029,7442305141000,9030521504000,1778513143443285092,1778513143449133514,FULL
6012,6012,6030,7442338461000,9030554823000,1778513143481020344,1778513143482483922,FULL
6013,6013,6031,7442371778000,9030588141000,1778513143513891628,1778513143515774997,FULL
6014,6014,6032,7442405101000,9030621459000,1778513143545030171,1778513143549102053,FULL
6015,6015,6033,7442438416000,9030654777000,1778513143571867500,1778513143582838643,FULL
6016,6016,6034,7442471739000,9030688096000,1778513143602885359,1778513143615654426,FULL
6017,6017,6035,7442505053000,9030721415000,1778513143641327214,1778513143649038408,FULL
6018,6018,6036,7442538375000,9030754733000,1778513143677987199,1778513143677167608,FULL
6019,6019,6037,7442571692000,9030788051000,1778513143711082203,1778513143718447178,FULL
6020,6020,6038,7442605010000,9030821370000,1778513143744709183,1778513143750020622,FULL
6021,6021,6039,7442638328000,9030854689000,1778513143776444220,1778513143783257290,FULL
6022,6022,6040,7442671648000,9030888012000,1778513143808700769,1778513143818705029,FULL
6023,6023,6041,7442704965000,9030921325000,1778513143842432656,1778513143849262835,FULL
6024,6024,6042,7442738283000,9030954643000,1778513143877991874,1778513143882506299,FULL
6025,6025,6043,7442771601000,9030987962000,1778513143911612539,1778513143915678394,FULL
6026,6026,6044,7442804920000,9031021280000,1778513143946915539,1778513143949182319,FULL
6027,6027,6045,7442838238000,9031054599000,1778513143981831857,1778513143982447616,FULL
6028,6028,6046,7442871558000,9031087918000,1778513144014194906,1778513144015745321,FULL
6029,6029,6047,7442904877000,9031121237000,1778513144045592687,1778513144049087210,FULL
6030,6030,6048,7442938196000,9031154555000,1778513144076610286,1778513144083472348,FULL
6031,6031,6049,7442971514000,9031187874000,1778513144113526417,1778513144115938154,FULL
6032,6032,6050,7443004832000,9031221192000,1778513144142874460,1778513144149222803,FULL
6033,6033,6051,7443038150000,9031254510000,1778513144174448239,1778513144182511860,FULL
6034,6034,6052,7443071468000,9031287828000,1778513144207587558,1778513144215643659,FULL
6035,6035,6053,7443104787000,9031321148000,1778513144240955411,1778513144249088010,FULL
6036,6036,6054,7443138104000,9031354466000,1778513144278872994,1778513144282355715,FULL
6037,6037,6055,7443171423000,9031387784000,1778513144310075536,1778513144315613272,FULL
6038,6038,6056,7443204741000,9031421103000,1778513144344077753,1778513144349012697,FULL
6039,6039,6057,7443238061000,9031454421000,1778513144377133257,1778513144382216662,FULL
6040,6040,6058,7443271381000,9031487739000,1778513144408530594,1778513144415585385,FULL
6041,6041,6059,7443304697000,9031521058000,1778513144441767596,1778513144448875941,FULL
6042,6042,6060,7443338017000,9031554376000,1778513144479950991,1778513144498473761,FULL
6043,6043,6061,7443371334000,9031587695000,1778513144510993720,1778513144521527364,FULL
6044,6044,6062,7443404655000,9031621013000,1778513144542910477,1778513144550000969,FULL
6045,6045,6063,7443437971000,9031654332000,1778513144577695149,1778513144582202499,FULL
6046,6046,6064,7443471290000,9031687650000,1778513144610520396,1778513144615532315,FULL
6047,6047,6065,7443504608000,9031720969000,1778513144645526843,1778513144648872889,FULL
6048,6048,6066,7443537927000,9031754287000,1778513144678098926,1778513144682158557,FULL
6049,6049,6067,7443571246000,9031787605000,1778513144710494382,1778513144715371336,FULL
6050,6050,6068,7443604564000,9031820924000,1778513144743041133,1778513144748728577,FULL
6051,6051,6069,7443637883000,9031854244000,1778513144775778529,1778513144782161225,FULL
6052,6052,6070,7443671201000,9031887561000,1778513144807363494,1778513144815646669,FULL
6053,6053,6071,7443704519000,9031920879000,1778513144840184352,1778513144848755505,FULL
6054,6054,6072,7443737837000,9031954199000,1778513144879111387,1778513144882072246,FULL
6055,6055,6073,7443771157000,9031987516000,1778513144913294065,1778513144909455214,FULL
6056,6056,6074,7443804476000,9032020835000,1778513144946564604,1778513144948826543,FULL
6057,6057,6075,7443837795000,9032054154000,1778513144977691666,1778513144982223987,FULL
6058,6058,6076,7443871116000,9032087472000,1778513145014117487,1778513145015324175,FULL
6059,6059,6077,7443904430000,9032120791000,1778513145044639814,1778513145048652639,FULL
6060,6060,6078,7443937750000,9032154109000,1778513145072647964,1778513145082024991,FULL
6061,6061,6079,7443971066000,9032187428000,1778513145099014928,1778513145115195493,FULL
6062,6062,6079,7444004386000,9032220744000,1778513145127319334,1778513145115195493,FULL
6063,6063,6080,7444037705000,9032254067000,1778513145163748303,1778513145148526531,FULL
6064,6064,6081,7444071022000,9032287384000,1778513145194006855,1778513145181972456,FULL
6065,6065,6082,7444104347000,9032320702000,1778513145225355896,1778513145217014051,FULL
6066,6066,6083,7444137658000,9032354021000,1778513145258749563,1778513145249407412,FULL
6067,6067,6084,7444170978000,9032387340000,1778513145291557348,1778513145282375768,FULL
6068,6068,6086,7444204295000,9032420657000,1778513145324700537,1778513145331874848,FULL
6069,6069,6087,7444237613000,9032453975000,1778513145357894151,1778513145354300328,FULL
6070,6070,6088,7444270931000,9032487293000,1778513145392114365,1778513145387219648,FULL
6071,6071,6089,7444304253000,9032520613000,1778513145424796114,1778513145420272022,FULL
6072,6072,6090,7444337568000,9032553931000,1778513145458516945,1778513145454900639,FULL
6073,6073,6091,7444370886000,9032587250000,1778513145491468006,1778513145486731728,FULL
6074,6074,6092,7444404207000,9032620568000,1778513145525545407,1778513145520969109,FULL
6075,6075,6093,7444437525000,9032653887000,1778513145558470579,1778513145553985446,FULL
6076,6076,6094,7444470843000,9032687205000,1778513145593328102,1778513145589249575,FULL
6077,6077,6095,7444504162000,9032720524000,1778513145624959843,1778513145622694964,FULL
6078,6078,6096,7444537480000,9032753842000,1778513145658443991,1778513145655982076,FULL
6079,6079,6097,7444570799000,9032787161000,1778513145692939554,1778513145687483354,FULL
6080,6080,6098,7444604116000,9032820478000,1778513145727615486,1778513145721503292,FULL
6081,6081,6099,7444637439000,9032853800000,1778513145765991361,1778513145755113216,FULL
6082,6082,6100,7444670759000,9032887116000,1778513145796650298,1778513145795038188,FULL
6083,6083,6101,7444704073000,9032920434000,1778513145834615158,1778513145825116332,FULL
6084,6084,6102,7444737391000,9032953753000,1778513145866294621,1778513145856914477,FULL
6085,6085,6103,7444770710000,9032987071000,1778513145901744026,1778513145890955119,FULL
6086,6086,6104,7444804028000,9033020390000,1778513145935788020,1778513145923037632,FULL
6087,6087,6105,7444837361000,9033053709000,1778513145971085742,1778513145954065785,FULL
6088,6088,6106,7444870671000,9033087027000,1778513146000064252,1778513145989498302,FULL
6089,6089,6107,7444904002000,9033120345000,1778513146031722475,1778513146020610213,FULL
6090,6090,6108,7444937319000,9033153664000,1778513146065416917,1778513146053410034,FULL
6091,6091,6109,7444970636000,9033186982000,1778513146098075314,1778513146088117632,FULL
6092,6092,6110,7445003953000,9033220301000,1778513146129878184,1778513146120712270,FULL
6093,6093,6111,7445037264000,9033253620000,1778513146164553745,1778513146154372582,FULL
6094,6094,6112,7445070583000,9033286937000,1778513146197855395,1778513146186708185,FULL
6095,6095,6113,7445103900000,9033320256000,1778513146231682317,1778513146220434867,FULL
6096,6096,6114,7445137223000,9033353574000,1778513146267178944,1778513146259115388,FULL
6097,6097,6115,7445170536000,9033386893000,1778513146297285498,1778513146290269114,FULL
6098,6098,6116,7445203854000,9033420212000,1778513146335362264,1778513146323422857,FULL
6099,6099,6117,7445237171000,9033453530000,1778513146365519003,1778513146356723228,FULL
6100,6100,6118,7445270489000,9033486849000,1778513146395634168,1778513146387248961,FULL
6101,6101,6119,7445303824000,9033520167000,1778513146430860668,1778513146423164250,FULL
6102,6102,6120,7445337129000,9033553485000,1778513146462621778,1778513146468073802,FULL
6103,6103,6121,7445370454000,9033586804000,1778513146499325318,1778513146494714036,FULL
6104,6104,6122,7445403772000,9033620122000,1778513146532694690,1778513146524131427,FULL
6105,6105,6123,7445437089000,9033653441000,1778513146561738125,1778513146553666281,FULL
6106,6106,6124,7445470402000,9033686761000,1778513146593256479,1778513146586645655,FULL
6107,6107,6125,7445503719000,9033720077000,1778513146627135919,1778513146620450429,FULL
6108,6108,6126,7445537041000,9033753396000,1778513146660786843,1778513146654745809,FULL
6109,6109,6127,7445570354000,9033786716000,1778513146695748957,1778513146686605731,FULL
6110,6110,6128,7445603671000,9033820037000,1778513146727040165,1778513146720758150,FULL
6111,6111,6129,7445637012000,9033853350000,1778513146761191306,1778513146754763421,FULL
6112,6112,6130,7445670311000,9033886670000,1778513146793814352,1778513146787050173,FULL
6113,6113,6131,7445703630000,9033919988000,1778513146826124272,1778513146822399654,FULL
6114,6114,6132,7445736946000,9033953307000,1778513146860353875,1778513146855187863,FULL
6115,6115,6133,7445770268000,9033986626000,1778513146894547960,1778513146888414680,FULL
6116,6116,6134,7445803581000,9034019944000,1778513146926895712,1778513146921337036,FULL
6117,6117,6135,7445836910000,9034053263000,1778513146959723645,1778513146955032607,FULL
6118,6118,6136,7445870220000,9034086582000,1778513146994434632,1778513146988430422,FULL
6119,6119,6137,7445903542000,9034119899000,1778513147026194150,1778513147021153521,FULL
6120,6120,6138,7445936861000,9034153218000,1778513147064155196,1778513147056328577,FULL
6121,6121,6139,7445970175000,9034186536000,1778513147097881063,1778513147087570395,FULL
6122,6122,6140,7446003499000,9034219854000,1778513147133256117,1778513147121943108,FULL
6123,6123,6141,7446036820000,9034253173000,1778513147161954149,1778513147154707466,FULL
6124,6124,6142,7446070130000,9034286492000,1778513147192872750,1778513147188568702,FULL
6125,6125,6143,7446103450000,9034319810000,1778513147230322819,1778513147222315198,FULL
6126,6126,6144,7446136769000,9034353128000,1778513147261298623,1778513147255091445,FULL
6127,6127,6145,7446170089000,9034386448000,1778513147292567220,1778513147288415983,FULL
6128,6128,6146,7446203407000,9034419765000,1778513147326009295,1778513147321790261,FULL
6129,6129,6147,7446236724000,9034453084000,1778513147359646441,1778513147355134354,FULL
6130,6130,6148,7446270042000,9034486403000,1778513147394084338,1778513147388215727,FULL
6131,6131,6149,7446303361000,9034519721000,1778513147426721032,1778513147421862706,FULL
6132,6132,6150,7446336680000,9034553040000,1778513147460057311,1778513147454819581,FULL
6133,6133,6151,7446369997000,9034586358000,1778513147492809541,1778513147488355894,FULL
6134,6134,6152,7446403321000,9034619677000,1778513147526872609,1778513147521492508,FULL
6135,6135,6153,7446436639000,9034652995000,1778513147559934984,1778513147554860082,FULL
6136,6136,6154,7446469951000,9034686313000,1778513147593137005,1778513147588133472,FULL
6137,6137,6155,7446503274000,9034719631000,1778513147625649923,1778513147621359492,FULL
6138,6138,6156,7446536588000,9034752950000,1778513147662619034,1778513147654806121,FULL
6139,6139,6157,7446569907000,9034786268000,1778513147693342044,1778513147688349286,FULL
6140,6140,6158,7446603227000,9034819587000,1778513147727104893,1778513147721687324,FULL
6141,6141,6159,7446636568000,9034852905000,1778513147764107189,1778513147755757965,FULL
6142,6142,6160,7446669866000,9034886224000,1778513147796902733,1778513147788072291,FULL
6143,6143,6161,7446703183000,9034919543000,1778513147826429979,1778513147822060118,FULL
6144,6144,6162,7446736500000,9034952861000,1778513147861654534,1778513147854395147,FULL
6145,6145,6163,7446769820000,9034986179000,1778513147895368846,1778513147890693933,FULL
6146,6146,6164,7446803138000,9035019498000,1778513147926201726,1778513147921420571,FULL
6147,6147,6165,7446836456000,9035052817000,1778513147960106592,1778513147954275261,FULL
6148,6148,6166,7446869775000,9035086135000,1778513147994673210,1778513147988933434,FULL
6149,6149,6167,7446903093000,9035119453000,1778513148026655263,1778513148021313166,FULL
6150,6150,6168,7446936412000,9035152771000,1778513148061983854,1778513148054346281,FULL
6151,6151,6169,7446969728000,9035186089000,1778513148093261637,1778513148087979464,FULL
6152,6152,6170,7447003051000,9035219408000,1778513148126066125,1778513148121025597,FULL
6153,6153,6171,7447036376000,9035252727000,1778513148161948526,1778513148155434624,FULL
6154,6154,6172,7447069689000,9035286045000,1778513148192952274,1778513148187589636,FULL
6155,6155,6173,7447103005000,9035319364000,1778513148225999945,1778513148221078802,FULL
6156,6156,6174,7447136325000,9035352682000,1778513148264969591,1778513148255312052,FULL
6157,6157,6175,7447169645000,9035386001000,1778513148295151977,1778513148290536201,FULL
6158,6158,6176,7447202957000,9035419319000,1778513148326799089,1778513148320997767,FULL
6159,6159,6177,7447236278000,9035452638000,1778513148360045573,1778513148355110797,FULL
6160,6160,6178,7447269603000,9035485957000,1778513148394068845,1778513148387562991,FULL
6161,6161,6179,7447302917000,9035519275000,1778513148426936999,1778513148422015407,FULL
6162,6162,6180,7447336232000,9035552594000,1778513148459488620,1778513148466821885,FULL
6163,6163,6181,7447369552000,9035585912000,1778513148491978890,1778513148492530351,FULL
6164,6164,6182,7447402874000,9035619230000,1778513148525450056,1778513148522238443,FULL
6165,6165,6183,7447436190000,9035652548000,1778513148558859872,1778513148552416031,FULL
6166,6166,6184,7447469508000,9035685870000,1778513148592243224,1778513148587524384,FULL
6167,6167,6185,7447502825000,9035719185000,1778513148625668910,1778513148619106921,FULL
6168,6168,6186,7447536146000,9035752504000,1778513148659590091,1778513148652418014,FULL
6169,6169,6187,7447569464000,9035785822000,1778513148695839339,1778513148686535396,FULL
6170,6170,6188,7447602781000,9035819141000,1778513148725956763,1778513148719922525,FULL
6171,6171,6189,7447636112000,9035852460000,1778513148763037448,1778513148753249878,FULL
6172,6172,6190,7447669417000,9035885779000,1778513148794566079,1778513148787803144,FULL
6173,6173,6191,7447702738000,9035919097000,1778513148826537595,1778513148820660834,FULL
6174,6174,6192,7447736063000,9035952416000,1778513148859315954,1778513148853631209,FULL
6175,6175,6193,7447769379000,9035985735000,1778513148891925130,1778513148887908052,FULL
6176,6176,6194,7447802694000,9036019053000,1778513148925851773,1778513148919930454,FULL
6177,6177,6195,7447836042000,9036052371000,1778513148958566022,1778513148954287741,FULL
6178,6178,6196,7447869329000,9036085689000,1778513148992672848,1778513148987458595,FULL
6179,6179,6197,7447902650000,9036119008000,1778513149026556288,1778513149020561079,FULL
6180,6180,6198,7447935968000,9036152326000,1778513149066183427,1778513149054086226,FULL
6181,6181,6199,7447969284000,9036185645000,1778513149093245513,1778513149086116555,FULL
6182,6182,6200,7448002604000,9036218964000,1778513149123953228,1778513149118935209,FULL
6183,6183,6201,7448035918000,9036252282000,1778513149156556348,1778513149152200395,FULL
6184,6184,6202,7448069239000,9036285600000,1778513149190245846,1778513149185430822,FULL
6185,6185,6203,7448102560000,9036318915000,1778513149223016520,1778513149218851785,FULL
6186,6186,6204,7448135874000,9036352234000,1778513149256044654,1778513149252321321,FULL
6187,6187,6205,7448169191000,9036385552000,1778513149291729038,1778513149286371074,FULL
6188,6188,6206,7448202510000,9036418873000,1778513149322622806,1778513149318913786,FULL
6189,6189,6207,7448235829000,9036452191000,1778513149356439876,1778513149352025993,FULL
6190,6190,6208,7448269147000,9036485508000,1778513149389923209,1778513149385386511,FULL
6191,6191,6209,7448302468000,9036518829000,1778513149423133490,1778513149420471161,FULL
6192,6192,6210,7448335784000,9036552148000,1778513149456435807,1778513149452039513,FULL
6193,6193,6211,7448369102000,9036585466000,1778513149490680428,1778513149486375540,FULL
6194,6194,6212,7448402420000,9036618788000,1778513149523511250,1778513149518790420,FULL
6195,6195,6213,7448435738000,9036652103000,1778513149556161925,1778513149551991274,FULL
6196,6196,6214,7448469057000,9036685428000,1778513149591708866,1778513149585407107,FULL
6197,6197,6215,7448502380000,9036718739000,1778513149623123739,1778513149618639850,FULL
6198,6198,6216,7448535696000,9036752061000,1778513149661763833,1778513149652015664,FULL
6199,6199,6217,7448569017000,9036785377000,1778513149693487407,1778513149685490497,FULL
6200,6200,6218,7448602354000,9036818701000,1778513149729159810,1778513149718652351,FULL
6201,6201,6219,7448635654000,9036852020000,1778513149762656976,1778513149752017296,FULL
6202,6202,6220,7448668977000,9036885334000,1778513149800396931,1778513149785491202,FULL
6203,6203,6221,7448702300000,9036918651000,1778513149827196020,1778513149820708629,FULL
6204,6204,6222,7448735616000,9036951968000,1778513149867352191,1778513149853690633,FULL
6205,6205,6223,7448768927000,9036985289000,1778513149896260979,1778513149886039421,FULL
6206,6206,6224,7448802251000,9037018607000,1778513149927851851,1778513149920718630,FULL
6207,6207,6225,7448835567000,9037051925000,1778513149959680109,1778513149952725848,FULL
6208,6208,6226,7448868886000,9037085242000,1778513149992454357,1778513149985417669,FULL
6209,6209,6227,7448902207000,9037118561000,1778513150025593101,1778513150019460070,FULL
6210,6210,6228,7448935527000,9037151881000,1778513150059009880,1778513150052308002,FULL
6211,6211,6229,7448968839000,9037185199000,1778513150095322831,1778513150085391782,FULL
6212,6212,6230,7449002156000,9037218528000,1778513150127547548,1778513150120124917,FULL
6213,6213,6231,7449035477000,9037251838000,1778513150161278508,1778513150151781397,FULL
6214,6214,6232,7449068795000,9037285166000,1778513150198239064,1778513150186300608,FULL
6215,6215,6233,7449102117000,9037318475000,1778513150228090287,1778513150218506657,FULL
6216,6216,6234,7449135457000,9037351792000,1778513150262109244,1778513150251865454,FULL
6217,6217,6235,7449168766000,9037385111000,1778513150298437511,1778513150286295592,FULL
6218,6218,6236,7449202079000,9037418429000,1778513150330475489,1778513150318344290,FULL
6219,6219,6237,7449235394000,9037451747000,1778513150367749856,1778513150352772465,FULL
6220,6220,6239,7449268709000,9037485066000,1778513150408932312,1778513150418387643,FULL
6221,6221,6239,7449302034000,9037518386000,1778513150437626196,1778513150418387643,FULL
6222,6222,6240,7449335343000,9037551704000,1778513150460694861,1778513150463975114,FULL
6223,6223,6241,7449368666000,9037585020000,1778513150492997040,1778513150487853357,FULL
6224,6224,6242,7449401983000,9037618340000,1778513150526669500,1778513150518968361,FULL
6225,6225,6243,7449435301000,9037651658000,1778513150559623765,1778513150550477769,FULL
6226,6226,6244,7449468624000,9037684976000,1778513150591694891,1778513150582894242,FULL
6227,6227,6245,7449501935000,9037718303000,1778513150624889560,1778513150616620313,FULL
6228,6228,6246,7449535261000,9037751615000,1778513150658586188,1778513150649972387,FULL
6229,6229,6248,7449568585000,9037784937000,1778513150700939983,1778513150716912867,FULL
6230,6230,6248,7449601896000,9037818251000,1778513150731882862,1778513150716912867,FULL
6231,6231,6249,7449635214000,9037851568000,1778513150765687988,1778513150751051211,FULL
6232,6232,6250,7449668525000,9037884888000,1778513150793200106,1778513150784381841,FULL
6233,6233,6251,7449701856000,9037918207000,1778513150826407627,1778513150818436150,FULL
6234,6234,6252,7449735177000,9037951524000,1778513150860434658,1778513150850895918,FULL
6235,6235,6253,7449768484000,9037984843000,1778513150891921716,1778513150884230456,FULL
6236,6236,6254,7449801805000,9038018162000,1778513150930635828,1778513150917430050,FULL
6237,6237,6255,7449835121000,9038051481000,1778513150963077709,1778513150951314249,FULL
6238,6238,6256,7449868440000,9038084796000,1778513150992131459,1778513150984822859,FULL
6239,6239,6257,7449901763000,9038118115000,1778513151026088880,1778513151018214414,FULL
6240,6240,6258,7449935080000,9038151446000,1778513151063472617,1778513151053500581,FULL
6241,6241,6259,7449968397000,9038184759000,1778513151092887159,1778513151084677658,FULL
6242,6242,6260,7450001716000,9038218073000,1778513151126325086,1778513151118055733,FULL
6243,6243,6261,7450035031000,9038251405000,1778513151157574090,1778513151151339660,FULL
6244,6244,6262,7450068353000,9038284710000,1778513151190182340,1778513151184811548,FULL
6245,6245,6263,7450101678000,9038318027000,1778513151225244472,1778513151218104937,FULL
6246,6246,6264,7450134995000,9038351347000,1778513151259659073,1778513151251895637,FULL
6247,6247,6265,7450168314000,9038384663000,1778513151293422699,1778513151285031510,FULL
6248,6248,6266,7450201624000,9038417983000,1778513151332203403,1778513151318051032,FULL
6249,6249,6268,7450234942000,9038451302000,1778513151372722829,1778513151384613849,FULL
6250,6250,6268,7450268261000,9038484629000,1778513151396521264,1778513151384613849,FULL
6251,6251,6269,7450301581000,9038517942000,1778513151427247978,1778513151418731416,FULL
6252,6252,6270,7450334898000,9038551257000,1778513151459734433,1778513151452711910,FULL
6253,6253,6271,7450368216000,9038584576000,1778513151489870005,1778513151484602573,FULL
6254,6254,6272,7450401532000,9038617893000,1778513151524298717,1778513151517769890,FULL
6255,6255,6273,7450434857000,9038651213000,1778513151558834650,1778513151551247889,FULL
6256,6256,6274,7450468171000,9038684532000,1778513151591381012,1778513151585800007,FULL
6257,6257,6275,7450501489000,9038717850000,1778513151626818139,1778513151617813892,FULL
6258,6258,6276,7450534810000,9038751167000,1778513151658692063,1778513151652009309,FULL
6259,6259,6277,7450568126000,9038784490000,1778513151692487208,1778513151684526837,FULL
6260,6260,6278,7450601450000,9038817811000,1778513151729456968,1778513151718451239,FULL
6261,6261,6279,7450634768000,9038851125000,1778513151762332937,1778513151751259133,FULL
6262,6262,6280,7450668084000,9038884442000,1778513151792220734,1778513151786261747,FULL
6263,6263,6281,7450701408000,9038917760000,1778513151825650567,1778513151817947153,FULL
6264,6264,6282,7450734725000,9038951079000,1778513151858393445,1778513151851406393,FULL
6265,6265,6283,7450768037000,9038984397000,1778513151892620326,1778513151884674190,FULL
6266,6266,6284,7450801351000,9039017714000,1778513151922810379,1778513151917932358,FULL
6267,6267,6285,7450834671000,9039051032000,1778513151957134074,1778513151952138165,FULL
6268,6268,6286,7450867990000,9039084349000,1778513151990596852,1778513151984360658,FULL
6269,6269,6287,7450901311000,9039117668000,1778513152023673189,1778513152018205598,FULL
6270,6270,6288,7450934626000,9039150988000,1778513152057273447,1778513152051513395,FULL
6271,6271,6289,7450967946000,9039184306000,1778513152093007442,1778513152085369242,FULL
6272,6272,6290,7451001262000,9039217624000,1778513152123537084,1778513152117806715,FULL
6273,6273,6291,7451034583000,9039250942000,1778513152157037843,1778513152151341213,FULL
6274,6274,6292,7451067901000,9039284261000,1778513152189945830,1778513152186051552,FULL
6275,6275,6293,7451101224000,9039317579000,1778513152222343564,1778513152220283784,FULL
6276,6276,6294,7451134538000,9039350898000,1778513152257748821,1778513152251896839,FULL
6277,6277,6295,7451167857000,9039384216000,1778513152290097926,1778513152284989620,FULL
6278,6278,6296,7451201180000,9039417534000,1778513152324798505,1778513152318131956,FULL
6279,6279,6297,7451234492000,9039450856000,1778513152356402729,1778513152351578400,FULL
6280,6280,6298,7451267811000,9039484172000,1778513152388884739,1778513152384901493,FULL
6281,6281,6299,7451301129000,9039517490000,1778513152422243388,1778513152418489602,FULL
6282,6282,6300,7451334448000,9039550808000,1778513152457528147,1778513152463704928,FULL
6283,6283,6301,7451367765000,9039584127000,1778513152488881503,1778513152488155814,FULL
6284,6284,6302,7451401085000,9039617445000,1778513152522034765,1778513152521265150,FULL
6285,6285,6303,7451434401000,9039650764000,1778513152555414618,1778513152552102768,FULL
6286,6286,6304,7451467720000,9039684083000,1778513152588746675,1778513152586196946,FULL
6287,6287,6305,7451501039000,9039717401000,1778513152622217731,1778513152618087980,FULL
6288,6288,6306,7451534359000,9039750719000,1778513152657166474,1778513152649395538,FULL
6289,6289,6307,7451567675000,9039784038000,1778513152692494122,1778513152686733017,FULL
6290,6290,6308,7451600996000,9039817357000,1778513152722544195,1778513152717711096,FULL
6291,6291,6310,7451634314000,9039850675000,1778513152767605017,1778513152783024630,FULL
6292,6292,6310,7451667631000,9039883994000,1778513152789777043,1778513152783024630,FULL
6293,6293,6311,7451700951000,9039917311000,1778513152821334230,1778513152817426619,FULL
6294,6294,6312,7451734272000,9039950630000,1778513152856103476,1778513152851199505,FULL
6295,6295,6313,7451767586000,9039983949000,1778513152888834724,1778513152884189749,FULL
6296,6296,6314,7451800908000,9040017267000,1778513152921997598,1778513152917328048,FULL
6297,6297,6315,7451834223000,9040050586000,1778513152955234934,1778513152950888213,FULL
6298,6298,6316,7451867541000,9040083904000,1778513152992508116,1778513152986032066,FULL
6299,6299,6317,7451900862000,9040117223000,1778513153021732105,1778513153018471335,FULL
6300,6300,6318,7451934181000,9040150543000,1778513153060481790,1778513153051610652,FULL
6301,6301,6319,7451967499000,9040183861000,1778513153090397754,1778513153086849689,FULL
6302,6302,6320,7452000819000,9040217179000,1778513153122211623,1778513153120516446,FULL
6303,6303,6321,7452034136000,9040250497000,1778513153154397988,1778513153152719087,FULL
6304,6304,6322,7452067458000,9040283815000,1778513153188482111,1778513153185504760,FULL
6305,6305,6323,7452100773000,9040317133000,1778513153223714037,1778513153219908657,FULL
6306,6306,6324,7452134101000,9040350452000,1778513153254847451,1778513153252289963,FULL
6307,6307,6325,7452167411000,9040383770000,1778513153288317321,1778513153286438363,FULL
6308,6308,6326,7452200731000,9040417089000,1778513153321238753,1778513153318542246,FULL
6309,6309,6327,7452234046000,9040450408000,1778513153354511810,1778513153350937719,FULL
6310,6310,6328,7452267363000,9040483725000,1778513153387960514,1778513153384349664,FULL
6311,6311,6329,7452300682000,9040517045000,1778513153423143793,1778513153417787422,FULL
6312,6312,6330,7452334000000,9040550362000,1778513153456154168,1778513153451008794,FULL
6313,6313,6331,7452367319000,9040583681000,1778513153488286682,1778513153484701365,FULL
6314,6314,6332,7452400641000,9040617000000,1778513153521307464,1778513153517748313,FULL
6315,6315,6333,7452433956000,9040650318000,1778513153555097887,1778513153551049166,FULL
6316,6316,6334,7452467275000,9040683637000,1778513153588498851,1778513153584603350,FULL
6317,6317,6335,7452500593000,9040716955000,1778513153621670502,1778513153621398260,FULL
6318,6318,6336,7452533912000,9040750273000,1778513153654435269,1778513153653557235,FULL
6319,6319,6337,7452567229000,9040783592000,1778513153688423115,1778513153689205842,FULL
6320,6320,6338,7452600548000,9040816910000,1778513153721771153,1778513153721432354,FULL
6321,6321,6339,7452633867000,9040850229000,1778513153755718223,1778513153754057269,FULL
6322,6322,6340,7452667185000,9040883547000,1778513153788900763,1778513153784820925,FULL
6323,6323,6341,7452700509000,9040916866000,1778513153822393596,1778513153818286813,FULL
6324,6324,6342,7452733831000,9040950184000,1778513153856321480,1778513153851107856,FULL
6325,6325,6343,7452767149000,9040983504000,1778513153890248179,1778513153884322339,FULL
6326,6326,6344,7452800466000,9041016821000,1778513153922731152,1778513153917604710,FULL
6327,6327,6345,7452833789000,9041050138000,1778513153956259392,1778513153950885063,FULL
6328,6328,6346,7452867106000,9041083458000,1778513153991083248,1778513153984190935,FULL
6329,6329,6347,7452900421000,9041116777000,1778513154023219688,1778513154017659137,FULL
6330,6330,6348,7452933746000,9041150095000,1778513154054619469,1778513154050988027,FULL
6331,6331,6349,7452967054000,9041183418000,1778513154090645609,1778513154085940845,FULL
6332,6332,6350,7453000372000,9041216733000,1778513154121757486,1778513154117484196,FULL
6333,6333,6351,7453033694000,9041250050000,1778513154155184653,1778513154150767216,FULL
6334,6334,6352,7453067008000,9041283368000,1778513154188397267,1778513154184102698,FULL
6335,6335,6353,7453100326000,9041316685000,1778513154221047312,1778513154219372994,FULL
6336,6336,6354,7453133645000,9041350005000,1778513154255504635,1778513154250218853,FULL
6337,6337,6355,7453166965000,9041383324000,1778513154290762191,1778513154283906535,FULL
6338,6338,6356,7453200285000,9041416643000,1778513154321914382,1778513154317164925,FULL
6339,6339,6357,7453233608000,9041449963000,1778513154355810914,1778513154350260743,FULL
6340,6340,6358,7453266920000,9041483283000,1778513154387650505,1778513154383951499,FULL
6341,6341,6359,7453300237000,9041516603000,1778513154421484094,1778513154416666932,FULL
6342,6342,6360,7453333556000,9041549924000,1778513154454252861,1778513154462799027,FULL
6343,6343,6361,7453366874000,9041583244000,1778513154489333640,1778513154487715741,FULL
6344,6344,6362,7453400192000,9041616554000,1778513154521548153,1778513154518589637,FULL
6345,6345,6363,7453433511000,9041649879000,1778513154555186337,1778513154549061555,FULL
6346,6346,6364,7453466831000,9041683193000,1778513154587650847,1778513154581608322,FULL
6347,6347,6365,7453500148000,9041716512000,1778513154624308888,1778513154616214903,FULL
6348,6348,6366,7453533466000,9041749827000,1778513154654756716,1778513154648583450,FULL
6349,6349,6367,7453566784000,9041783146000,1778513154687528816,1778513154682226522,FULL
6350,6350,6368,7453600105000,9041816463000,1778513154722459560,1778513154715627540,FULL
6351,6351,6369,7453633424000,9041849782000,1778513154756206094,1778513154748980466,FULL
6352,6352,6370,7453666741000,9041883101000,1778513154789247710,1778513154783077496,FULL
6353,6353,6371,7453700074000,9041916419000,1778513154823509572,1778513154817193489,FULL
6354,6354,6372,7453733384000,9041949737000,1778513154854787428,1778513154849931366,FULL
6355,6355,6373,7453766699000,9041983058000,1778513154888370871,1778513154883188738,FULL
6356,6356,6374,7453800017000,9042016379000,1778513154921381876,1778513154916407276,FULL
6357,6357,6375,7453833332000,9042049693000,1778513154954657045,1778513154949547575,FULL
6358,6358,6376,7453866652000,9042083014000,1778513154988292006,1778513154982964223,FULL
6359,6359,6377,7453899972000,9042116334000,1778513155021289363,1778513155016771108,FULL
6360,6360,6378,7453933290000,9042149651000,1778513155065537953,1778513155050086053,FULL
6361,6361,6380,7453966607000,9042182967000,1778513155101107802,1778513155116773350,FULL
6362,6362,6380,7453999929000,9042216290000,1778513155129497411,1778513155116773350,FULL
6363,6363,6381,7454033246000,9042249605000,1778513155160536066,1778513155150294275,FULL
6364,6364,6382,7454066564000,9042282923000,1778513155187934482,1778513155183499869,FULL
6365,6365,6383,7454099883000,9042316254000,1778513155220606749,1778513155216673131,FULL
6366,6366,6384,7454133201000,9042349561000,1778513155253924492,1778513155250092001,FULL
6367,6367,6385,7454166518000,9042382878000,1778513155288383963,1778513155284103994,FULL
6368,6368,6386,7454199839000,9042416196000,1778513155320507606,1778513155316984259,FULL
6369,6369,6387,7454233155000,9042449518000,1778513155353848867,1778513155379199730,FULL
6370,6370,6387,7454266475000,9042482832000,1778513155387134554,1778513155379199730,FULL
6371,6371,6388,7454299793000,9042516153000,1778513155420642424,1778513155412654748,FULL
6372,6372,6389,7454333111000,9042549469000,1778513155453733280,1778513155446812018,FULL
6373,6373,6390,7454366433000,9042582790000,1778513155487259687,1778513155478444684,FULL
6374,6374,6391,7454399750000,9042616107000,1778513155521993285,1778513155512034145,FULL
6375,6375,6392,7454433066000,9042649433000,1778513155554278186,1778513155545200573,FULL
6376,6376,6393,7454466384000,9042682751000,1778513155587573355,1778513155578471445,FULL
6377,6377,6394,7454499703000,9042716069000,1778513155621027318,1778513155611728890,FULL
6378,6378,6395,7454533024000,9042749383000,1778513155654152858,1778513155649082388,FULL
6379,6379,6396,7454566341000,9042782698000,1778513155688488238,1778513155681292603,FULL
6380,6380,6397,7454599666000,9042816020000,1778513155722417937,1778513155712688420,FULL
6381,6381,6398,7454632981000,9042849336000,1778513155755218092,1778513155741543613,FULL
6382,6382,6399,7454666304000,9042882654000,1778513155788940182,1778513155779891730,FULL
6383,6383,6400,7454699624000,9042915972000,1778513155824596881,1778513155811675765,FULL
6384,6384,6401,7454732939000,9042949291000,1778513155855891349,1778513155844743083,FULL
6385,6385,6402,7454766258000,9042982610000,1778513155889475718,1778513155878150453,FULL
6386,6386,6403,7454799577000,9043015929000,1778513155923635100,1778513155911442028,FULL
6387,6387,6404,7454832893000,9043049248000,1778513155955351081,1778513155944746288,FULL
6388,6388,6405,7454866211000,9043082565000,1778513155989081449,1778513155977982438,FULL
6389,6389,6406,7454899536000,9043115885000,1778513156022790946,1778513156011249995,FULL
6390,6390,6407,7454932854000,9043149203000,1778513156056113725,1778513156045782909,FULL
6391,6391,6408,7454966176000,9043182521000,1778513156087954280,1778513156078251215,FULL
6392,6392,6409,7454999489000,9043215839000,1778513156121798646,1778513156111234293,FULL
6393,6393,6410,7455032804000,9043249158000,1778513156154933020,1778513156144980141,FULL
6394,6394,6411,7455066122000,9043282476000,1778513156188879274,1778513156177998497,FULL
6395,6395,6412,7455099439000,9043315795000,1778513156223132007,1778513156211389885,FULL
6396,6396,6413,7455132757000,9043349113000,1778513156255309687,1778513156244486648,FULL
6397,6397,6414,7455166076000,9043382431000,1778513156289098554,1778513156277962628,FULL
6398,6398,6415,7455199400000,9043415750000,1778513156323528044,1778513156311162075,FULL
6399,6399,6416,7455232714000,9043449069000,1778513156355899685,1778513156344427705,FULL
6400,6400,6417,7455266044000,9043482388000,1778513156388196623,1778513156377855094,FULL
6401,6401,6418,7455299350000,9043515705000,1778513156421486218,1778513156411215798,FULL
6402,6402,6419,7455332667000,9043549025000,1778513156454977977,1778513156445170866,FULL
6403,6403,6420,7455365986000,9043582343000,1778513156490766082,1778513156494872055,FULL
6404,6404,6421,7455399311000,9043615661000,1778513156522161882,1778513156516537635,FULL
6405,6405,6422,7455432622000,9043648980000,1778513156554138879,1778513156545550901,FULL
6406,6406,6423,7455465937000,9043682298000,1778513156587343993,1778513156577851264,FULL
6407,6407,6424,7455499258000,9043715617000,1778513156620578495,1778513156602989532,FULL
6408,6408,6425,7455532577000,9043748935000,1778513156653856034,1778513156646412024,FULL
6409,6409,6426,7455565892000,9043782253000,1778513156687814826,1778513156678545074,FULL
6410,6410,6427,7455599211000,9043815572000,1778513156721272955,1778513156711863630,FULL
6411,6411,6428,7455632530000,9043848891000,1778513156753826669,1778513156745746514,FULL
6412,6412,6429,7455665848000,9043882209000,1778513156787000431,1778513156777773027,FULL
6413,6413,6430,7455699166000,9043915527000,1778513156820624615,1778513156810988251,FULL
6414,6414,6431,7455732488000,9043948846000,1778513156854515684,1778513156844634304,FULL
6415,6415,6432,7455765804000,9043982164000,1778513156887177619,1778513156872383824,FULL
6416,6416,6433,7455799124000,9044015483000,1778513156920351955,1778513156911112974,FULL
6417,6417,6434,7455832441000,9044048802000,1778513156953101648,1778513156944948766,FULL
6418,6418,6435,7455865759000,9044082120000,1778513156986945663,1778513156978701522,FULL
6419,6419,6436,7455899077000,9044115438000,1778513157019781484,1778513157011932782,FULL
6420,6420,6437,7455932397000,9044148756000,1778513157059981413,1778513157045202913,FULL
6421,6421,6438,7455965714000,9044182075000,1778513157089090274,1778513157077968031,FULL
6422,6422,6439,7455999033000,9044215396000,1778513157120470981,1778513157111106700,FULL
6423,6423,6440,7456032353000,9044248713000,1778513157155033692,1778513157144474126,FULL
6424,6424,6441,7456065671000,9044282030000,1778513157185681851,1778513157177713127,FULL
6425,6425,6442,7456098988000,9044315349000,1778513157219471903,1778513157211540216,FULL
6426,6426,6443,7456132309000,9044348667000,1778513157252620259,1778513157247633281,FULL
6427,6427,6444,7456165625000,9044381985000,1778513157285888575,1778513157279978032,FULL
6428,6428,6445,7456198944000,9044415305000,1778513157319589092,1778513157311897492,FULL
6429,6429,6446,7456232263000,9044448626000,1778513157353723899,1778513157347812948,FULL
6430,6430,6447,7456265581000,9044481942000,1778513157386160614,1778513157377797611,FULL
6431,6431,6448,7456298899000,9044515260000,1778513157419474801,1778513157410935466,FULL
6432,6432,6449,7456332219000,9044548578000,1778513157454782985,1778513157444269985,FULL
6433,6433,6450,7456365539000,9044581898000,1778513157486494022,1778513157480372439,FULL
6434,6434,6451,7456398855000,9044615215000,1778513157519562878,1778513157511010874,FULL
6435,6435,6452,7456432174000,9044648533000,1778513157552816232,1778513157544367819,FULL
6436,6436,6453,7456465492000,9044681852000,1778513157586071864,1778513157577938799,FULL
6437,6437,6454,7456498810000,9044715172000,1778513157619998693,1778513157610973173,FULL
6438,6438,6455,7456532129000,9044748490000,1778513157653235881,1778513157644480283,FULL
6439,6439,6456,7456565447000,9044781807000,1778513157686560067,1778513157678871439,FULL
6440,6440,6457,7456598765000,9044815126000,1778513157719840143,1778513157711272486,FULL
6441,6441,6458,7456632085000,9044848445000,1778513157753356884,1778513157744366878,FULL
6442,6442,6459,7456665403000,9044881763000,1778513157786620997,1778513157777717952,FULL
6443,6443,6460,7456698721000,9044915081000,1778513157819985331,1778513157811131119,FULL
6444,6444,6461,7456732040000,9044948401000,1778513157853460405,1778513157844292806,FULL
6445,6445,6462,7456765358000,9044981718000,1778513157886136951,1778513157877455734,FULL
6446,6446,6463,7456798677000,9045015037000,1778513157919808208,1778513157910934937,FULL
6447,6447,6464,7456831995000,9045048355000,1778513157953216190,1778513157944188439,FULL
6448,6448,6465,7456865313000,9045081674000,1778513157986680338,1778513157977538272,FULL
6449,6449,6466,7456898633000,9045114992000,1778513158019991451,1778513158010977679,FULL
6450,6450,6467,7456931952000,9045148311000,1778513158052583923,1778513158044320124,FULL
6451,6451,6468,7456965269000,9045181630000,1778513158089084428,1778513158077612218,FULL
6452,6452,6469,7456998587000,9045214954000,1778513158121395367,1778513158113129882,FULL
6453,6453,6470,7457031914000,9045248267000,1778513158155309232,1778513158144177442,FULL
6454,6454,6471,7457065230000,9045281587000,1778513158190157773,1778513158177393203,FULL
6455,6455,6472,7457098557000,9045314904000,1778513158226769666,1778513158211198606,FULL
6456,6456,6473,7457131867000,9045348223000,1778513158253089630,1778513158244150777,FULL
6457,6457,6474,7457165180000,9045381541000,1778513158286063765,1778513158277317650,FULL
6458,6458,6475,7457198501000,9045414860000,1778513158319721652,1778513158310718391,FULL
6459,6459,6476,7457231822000,9045448178000,1778513158352859359,1778513158344072150,FULL
6460,6460,6477,7457265145000,9045481496000,1778513158386431599,1778513158377370373,FULL
6461,6461,6478,7457298457000,9045514815000,1778513158419038701,1778513158410611245,FULL
6462,6462,6479,7457331774000,9045548134000,1778513158453004103,1778513158443954986,FULL
6463,6463,6480,7457365091000,9045581451000,1778513158486226402,1778513158490989998,FULL
6464,6464,6481,7457398409000,9045614770000,1778513158519353442,1778513158513130425,FULL
6465,6465,6482,7457431730000,9045648089000,1778513158553167087,1778513158544588315,FULL
6466,6466,6483,7457465049000,9045681407000,1778513158585763689,1778513158577175657,FULL
6467,6467,6484,7457498371000,9045714726000,1778513158619630888,1778513158603539708,FULL
6468,6468,6485,7457531684000,9045748044000,1778513158652380081,1778513158643883787,FULL
6469,6469,6486,7457565001000,9045781363000,1778513158688294444,1778513158679231415,FULL
6470,6470,6487,7457598320000,9045814680000,1778513158719168897,1778513158711420594,FULL
6471,6471,6488,7457631639000,9045848000000,1778513158752362771,1778513158744605318,FULL
6472,6472,6489,7457664957000,9045881318000,1778513158786130879,1778513158779358879,FULL
6473,6473,6490,7457698277000,9045914637000,1778513158819495491,1778513158810731269,FULL
6474,6474,6491,7457731595000,9045947954000,1778513158852475255,1778513158843992252,FULL
6475,6475,6492,7457764913000,9045981273000,1778513158886407491,1778513158877382160,FULL
6476,6476,6493,7457798234000,9046014592000,1778513158918722800,1778513158911559559,FULL
6477,6477,6494,7457831549000,9046047910000,1778513158952770757,1778513158944141419,FULL
6478,6478,6495,7457864868000,9046081228000,1778513158987690778,1778513158977218811,FULL
6479,6479,6496,7457898198000,9046114547000,1778513159019462352,1778513159010579034,FULL
6480,6480,6497,7457931506000,9046147865000,1778513159056780848,1778513159043957700,FULL
6481,6481,6498,7457964824000,9046181184000,1778513159086749237,1778513159077246979,FULL
6482,6482,6499,7457998145000,9046214504000,1778513159118895769,1778513159110516591,FULL
6483,6483,6500,7458031460000,9046247820000,1778513159151669629,1778513159143971831,FULL
6484,6484,6501,7458064778000,9046281139000,1778513159186086508,1778513159177292980,FULL
6485,6485,6502,7458098096000,9046314457000,1778513159218335817,1778513159210502982,FULL
6486,6486,6503,7458131421000,9046347777000,1778513159252729807,1778513159243861982,FULL
6487,6487,6504,7458164737000,9046381095000,1778513159285267224,1778513159277774551,FULL
6488,6488,6505,7458198053000,9046414413000,1778513159318508745,1778513159310561150,FULL
6489,6489,6506,7458231371000,9046447731000,1778513159351911098,1778513159346280738,FULL
6490,6490,6507,7458264692000,9046481050000,1778513159385101638,1778513159375911201,FULL
6491,6491,6508,7458298008000,9046514368000,1778513159419979549,1778513159408992408,FULL
6492,6492,6509,7458331329000,9046547686000,1778513159451940972,1778513159442219724,FULL
6493,6493,6510,7458364645000,9046581005000,1778513159485220122,1778513159476666381,FULL
6494,6494,6511,7458397964000,9046614323000,1778513159519123507,1778513159510384451,FULL
6495,6495,6512,7458431282000,9046647642000,1778513159552291547,1778513159543537250,FULL
6496,6496,6513,7458464601000,9046680960000,1778513159585713733,1778513159576189794,FULL
6497,6497,6514,7458497919000,9046714281000,1778513159619080252,1778513159608666915,FULL
6498,6498,6515,7458531238000,9046747599000,1778513159652294736,1778513159642163043,FULL
6499,6499,6516,7458564556000,9046780918000,1778513159686152603,1778513159669516807,FULL
6500,6500,6517,7458597874000,9046814236000,1778513159719442901,1778513159710248382,FULL
6501,6501,6518,7458631194000,9046847553000,1778513159752377925,1778513159745069812,FULL
6502,6502,6519,7458664511000,9046880873000,1778513159788796079,1778513159776961883,FULL
6503,6503,6520,7458697857000,9046914190000,1778513159819706106,1778513159810130459,FULL
6504,6504,6521,7458731159000,9046947509000,1778513159852482224,1778513159844133231,FULL
6505,6505,6522,7458764470000,9046980827000,1778513159885509488,1778513159878417296,FULL
6506,6506,6523,7458797788000,9047014147000,1778513159919002896,1778513159910819324,FULL
6507,6507,6524,7458831128000,9047047465000,1778513159952131418,1778513159944198769,FULL
6508,6508,6525,7458864424000,9047080784000,1778513159985370124,1778513159977781970,FULL
6509,6509,6526,7458897741000,9047114102000,1778513160018701329,1778513160009922075,FULL
6510,6510,6527,7458931061000,9047147420000,1778513160052015590,1778513160043233261,FULL
6511,6511,6528,7458964377000,9047180739000,1778513160086561227,1778513160078605334,FULL
6512,6512,6529,7458997695000,9047214057000,1778513160118671760,1778513160110980437,FULL
6513,6513,6530,7459031013000,9047247375000,1778513160158461193,1778513160144701119,FULL
6514,6514,6532,7459064334000,9047280695000,1778513160200155014,1778513160209873561,FULL
6515,6515,6533,7459097652000,9047314012000,1778513160235509828,1778513160243086340,FULL
6516,6516,6534,7459130975000,9047347332000,1778513160272252071,1778513160278464783,FULL
6517,6517,6535,7459164289000,9047380651000,1778513160305642924,1778513160310659684,FULL
6518,6518,6536,7459197609000,9047413969000,1778513160341777396,1778513160344045481,FULL
6519,6519,6537,7459230926000,9047447287000,1778513160370818202,1778513160377863328,FULL
6520,6520,6538,7459264249000,9047480605000,1778513160403155380,1778513160409831287,FULL
6521,6521,6539,7459297566000,9047513924000,1778513160436987895,1778513160442911531,FULL
6522,6522,6540,7459330885000,9047547242000,1778513160470162805,1778513160491848227,FULL
6523,6523,6541,7459364203000,9047580561000,1778513160503878210,1778513160512264672,FULL
6524,6524,6542,7459397521000,9047613879000,1778513160538073277,1778513160545186399,FULL
6525,6525,6543,7459430841000,9047647197000,1778513160567836704,1778513160571729708,FULL
6526,6526,6544,7459464158000,9047680516000,1778513160598500419,1778513160607851958,FULL
6527,6527,6545,7459497476000,9047713836000,1778513160633734252,1778513160630582453,FULL
6528,6528,6546,7459530794000,9047747153000,1778513160664018638,1778513160666473466,FULL
6529,6529,6547,7459564112000,9047780471000,1778513160697179604,1778513160708276844,FULL
6530,6530,6548,7459597431000,9047813789000,1778513160728959455,1778513160733216651,FULL
6531,6531,6549,7459630750000,9047847108000,1778513160757222232,1778513160769548603,FULL
6532,6532,6549,7459664069000,9047880427000,1778513160785072662,1778513160769548603,FULL
6533,6533,6550,7459697384000,9047913745000,1778513160818427126,1778513160810174809,FULL
6534,6534,6551,7459730702000,9047947064000,1778513160852531156,1778513160843357885,FULL
6535,6535,6552,7459764033000,9047980383000,1778513160885208016,1778513160874948292,FULL
6536,6536,6554,7459797342000,9048013701000,1778513160918380445,1778513160929990890,FULL
6537,6537,6555,7459830658000,9048047019000,1778513160951959704,1778513160962921562,FULL
6538,6538,6555,7459863976000,9048080337000,1778513160985035319,1778513160962921562,FULL
6539,6539,6556,7459897295000,9048113656000,1778513161018502097,1778513161010760214,FULL
6540,6540,6557,7459930613000,9048146974000,1778513161056994044,1778513161043530738,FULL
6541,6541,6559,7459963938000,9048180293000,1778513161086633806,1778513161093494165,FULL
6542,6542,6560,7459997253000,9048213611000,1778513161118999503,1778513161118944560,FULL
6543,6543,6561,7460030571000,9048246932000,1778513161150835057,1778513161148431802,FULL
6544,6544,6562,7460063887000,9048280248000,1778513161184706275,1778513161184076076,FULL
6545,6545,6563,7460097211000,9048313567000,1778513161227970598,1778513161219572888,FULL
6546,6546,6564,7460130536000,9048346885000,1778513161255211979,1778513161252266062,FULL
6547,6547,6565,7460163849000,9048380204000,1778513161289096363,1778513161281780292,FULL
6548,6548,6566,7460197197000,9048413525000,1778513161320951306,1778513161315325112,FULL
6549,6549,6567,7460230500000,9048446843000,1778513161354251734,1778513161348422382,FULL
6550,6550,6568,7460263818000,9048480162000,1778513161387929917,1778513161382844434,FULL
6551,6551,6569,7460297128000,9048513482000,1778513161421627118,1778513161416551679,FULL
6552,6552,6570,7460330444000,9048546799000,1778513161454438329,1778513161449341359,FULL
6553,6553,6571,7460363769000,9048580116000,1778513161488892041,1778513161482254630,FULL
6554,6554,6572,7460397096000,9048613434000,1778513161532330751,1778513161516730367,FULL
6555,6555,6574,7460430396000,9048646752000,1778513161571134398,1778513161582190264,FULL
6556,6556,6574,7460463712000,9048680073000,1778513161594609189,1778513161582190264,FULL
6557,6557,6575,7460497031000,9048713390000,1778513161623569569,1778513161614786205,FULL
6558,6558,6576,7460530354000,9048746710000,1778513161658782718,1778513161648653800,FULL
6559,6559,6577,7460563682000,9048780027000,1778513161689172065,1778513161683759217,FULL
6560,6560,6578,7460596988000,9048813347000,1778513161719825446,1778513161721178462,FULL
6561,6561,6579,7460630310000,9048846665000,1778513161751422336,1778513161749045523,FULL
6562,6562,6580,7460663622000,9048879985000,1778513161785470608,1778513161783059154,FULL
6563,6563,6581,7460696944000,9048913302000,1778513161818241301,1778513161815109674,FULL
6564,6564,6582,7460730259000,9048946620000,1778513161851365601,1778513161847832095,FULL
6565,6565,6583,7460763577000,9048979937000,1778513161884822971,1778513161881233528,FULL
6566,6566,6584,7460796899000,9049013255000,1778513161918084418,1778513161915988244,FULL
6567,6567,6585,7460830239000,9049046573000,1778513161953294992,1778513161947572917,FULL
6568,6568,6586,7460863535000,9049079892000,1778513161984710125,1778513161981067534,FULL
6569,6569,6587,7460896851000,9049113210000,1778513162017894869,1778513162015206793,FULL
6570,6570,6588,7460930171000,9049146529000,1778513162051535737,1778513162048122472,FULL
6571,6571,6589,7460963489000,9049179848000,1778513162087013994,1778513162081293555,FULL
6572,6572,6590,7460996807000,9049213166000,1778513162117123770,1778513162114507138,FULL
6573,6573,6591,7461030124000,9049246491000,1778513162152164290,1778513162148491898,FULL
6574,6574,6592,7461063444000,9049279811000,1778513162184379896,1778513162181066432,FULL
6575,6575,6593,7461096763000,9049313130000,1778513162217846878,1778513162214195608,FULL
6576,6576,6594,7461130081000,9049346440000,1778513162251530301,1778513162248480570,FULL
6577,6577,6595,7461163399000,9049379767000,1778513162290973757,1778513162281001678,FULL
6578,6578,6596,7461196735000,9049413085000,1778513162323031272,1778513162317603098,FULL
6579,6579,6597,7461230045000,9049446398000,1778513162357168228,1778513162348271298,FULL
6580,6580,6598,7461263366000,9049479713000,1778513162392993907,1778513162380903294,FULL
6581,6581,6599,7461296681000,9049513033000,1778513162424870775,1778513162414964443,FULL
6582,6582,6600,7461329991000,9049546353000,1778513162451882899,1778513162459815949,FULL
6583,6583,6601,7461363310000,9049579671000,1778513162485374491,1778513162483589328,FULL
6584,6584,6602,7461396629000,9049612986000,1778513162518594531,1778513162515813587,FULL
6585,6585,6603,7461429957000,9049646303000,1778513162551960328,1778513162547174151,FULL
6586,6586,6604,7461463265000,9049679622000,1778513162588878811,1778513162579178357,FULL
6587,6587,6605,7461496583000,9049712943000,1778513162617786988,1778513162614136312,FULL
6588,6588,6606,7461529902000,9049746260000,1778513162650956658,1778513162645677319,FULL
6589,6589,6607,7461563219000,9049779577000,1778513162684377622,1778513162679316120,FULL
6590,6590,6608,7461596538000,9049812896000,1778513162717432793,1778513162712752367,FULL
6591,6591,6609,7461629859000,9049846216000,1778513162750867441,1778513162746460945,FULL
6592,6592,6610,7461663176000,9049879532000,1778513162784216294,1778513162779373087,FULL
6593,6593,6611,7461696494000,9049912851000,1778513162817851996,1778513162813915916,FULL
6594,6594,6612,7461729813000,9049946170000,1778513162850840261,1778513162847160054,FULL
6595,6595,6613,7461763132000,9049979488000,1778513162883660564,1778513162881095371,FULL
6596,6596,6614,7461796451000,9050012806000,1778513162917592281,1778513162915950215,FULL
6597,6597,6615,7461829768000,9050046125000,1778513162950185957,1778513162950118715,FULL
6598,6598,6616,7461863087000,9050079443000,1778513162984457282,1778513162982030884,FULL
6599,6599,6617,7461896406000,9050112762000,1778513163017257067,1778513163015015062,FULL
6600,6600,6618,7461929725000,9050146080000,1778513163056269194,1778513163048548475,FULL
6601,6601,6619,7461963043000,9050179401000,1778513163088704797,1778513163081466746,FULL
6602,6602,6620,7461996361000,9050212718000,1778513163117763695,1778513163114428628,FULL
6603,6603,6621,7462029680000,9050246036000,1778513163149983727,1778513163147344936,FULL
6604,6604,6622,7462062997000,9050279354000,1778513163184030221,1778513163180949422,FULL
6605,6605,6623,7462096316000,9050312673000,1778513163216720118,1778513163215740360,FULL
6606,6606,6624,7462129634000,9050345994000,1778513163249733160,1778513163247248367,FULL
6607,6607,6625,7462162952000,9050379309000,1778513163285126714,1778513163281372441,FULL
6608,6608,6626,7462196271000,9050412631000,1778513163316533106,1778513163314349323,FULL
6609,6609,6627,7462229590000,9050445949000,1778513163350299918,1778513163348555137,FULL
6610,6610,6628,7462262909000,9050479271000,1778513163383506254,1778513163381788349,FULL
6611,6611,6629,7462296226000,9050512587000,1778513163416809163,1778513163416930617,FULL
6612,6612,6630,7462329546000,9050545903000,1778513163449986166,1778513163449531187,FULL
6613,6613,6631,7462362863000,9050579220000,1778513163484078048,1778513163484115127,FULL
6614,6614,6632,7462396182000,9050612539000,1778513163517241014,1778513163513896614,FULL
6615,6615,6633,7462429501000,9050645859000,1778513163551668208,1778513163550634237,FULL
6616,6616,6634,7462462836000,9050679176000,1778513163588735818,1778513163580407223,FULL
6617,6617,6635,7462496137000,9050712500000,1778513163617366147,1778513163613813082,FULL
6618,6618,6636,7462529457000,9050745814000,1778513163650107303,1778513163647121868,FULL
6619,6619,6637,7462562775000,9050779132000,1778513163683868837,1778513163681628679,FULL
6620,6620,6638,7462596092000,9050812450000,1778513163717190635,1778513163713598404,FULL
6621,6621,6639,7462629414000,9050845771000,1778513163750583080,1778513163746902986,FULL
6622,6622,6640,7462662729000,9050879088000,1778513163783782175,1778513163780107606,FULL
6623,6623,6641,7462696049000,9050912406000,1778513163817141658,1778513163814234902,FULL
6624,6624,6642,7462729368000,9050945724000,1778513163850540103,1778513163848585048,FULL
6625,6625,6643,7462762687000,9050979046000,1778513163883812883,1778513163880040500,FULL
6626,6626,6644,7462796025000,9051012366000,1778513163916952572,1778513163914578977,FULL
6627,6627,6645,7462829322000,9051045691000,1778513163950251703,1778513163948634589,FULL
6628,6628,6646,7462862639000,9051079002000,1778513163983570557,1778513163980038838,FULL
6629,6629,6647,7462895959000,9051112325000,1778513164017425201,1778513164014643296,FULL
6630,6630,6648,7462929279000,9051145636000,1778513164050611259,1778513164046747464,FULL
6631,6631,6649,7462962597000,9051178960000,1778513164084014668,1778513164080964518,FULL
6632,6632,6650,7462995916000,9051212277000,1778513164117523723,1778513164113668180,FULL
6633,6633,6651,7463029240000,9051245594000,1778513164150240582,1778513164147914864,FULL
6634,6634,6652,7463062550000,9051278910000,1778513164183568547,1778513164181025448,FULL
6635,6635,6653,7463095870000,9051312228000,1778513164217205045,1778513164213570408,FULL
6636,6636,6654,7463129188000,9051345545000,1778513164250123551,1778513164247045896,FULL
6637,6637,6655,7463162507000,9051378864000,1778513164284452672,1778513164281467208,FULL
6638,6638,6656,7463195826000,9051412183000,1778513164316274874,1778513164313344618,FULL
6639,6639,6657,7463229144000,9051445501000,1778513164350071241,1778513164346892439,FULL
6640,6640,6658,7463262472000,9051478823000,1778513164383440279,1778513164381439768,FULL
6641,6641,6659,7463295781000,9051512148000,1778513164417018667,1778513164413197309,FULL
6642,6642,6660,7463329099000,9051545458000,1778513164450051634,1778513164458894511,FULL
6643,6643,6661,7463362418000,9051578780000,1778513164483339840,1778513164482755426,FULL
6644,6644,6662,7463395736000,9051612097000,1778513164516981486,1778513164515118166,FULL
6645,6645,6663,7463429058000,9051645415000,1778513164550041454,1778513164546000012,FULL
6646,6646,6664,7463462372000,9051678731000,1778513164593953770,1778513164577808683,FULL
6647,6647,6665,7463495744000,9051712054000,1778513164624818334,1778513164611555686,FULL
6648,6648,6666,7463529039000,9051745369000,1778513164654274914,1778513164645703556,FULL
6649,6649,6667,7463562331000,9051778687000,1778513164684047452,1778513164678235442,FULL
6650,6650,6668,7463595651000,9051812005000,1778513164716670887,1778513164712005557,FULL
6651,6651,6669,7463628970000,9051845325000,1778513164751675723,1778513164745200177,FULL
6652,6652,6670,7463662283000,9051878642000,1778513164784096290,1778513164779391954,FULL
6653,6653,6671,7463695610000,9051911960000,1778513164819786970,1778513164812763758,FULL
6654,6654,6672,7463728932000,9051945278000,1778513164851472248,1778513164846315356,FULL
6655,6655,6673,7463762249000,9051978597000,1778513164883122452,1778513164879322848,FULL
6656,6656,6674,7463795561000,9052011916000,1778513164916323751,1778513164912717522,FULL
6657,6657,6675,7463828877000,9052045234000,1778513164949569809,1778513164946072288,FULL
6658,6658,6676,7463862195000,9052078552000,1778513164983415305,1778513164979246520,FULL
6659,6659,6680,7463895513000,9052111871000,1778513165120433124,1778513165113119064,FULL
6660,6660,6680,7463928833000,9052145189000,1778513165120692159,1778513165113119064,FULL
6661,6661,6681,7463962152000,9052178509000,1778513165130562147,1778513165146447294,FULL
6662,6662,6681,7463995470000,9052211827000,1778513165132125131,1778513165146447294,FULL
6663,6663,6681,7464028786000,9052245145000,1778513165153352223,1778513165146447294,FULL
6664,6664,6682,7464062108000,9052278463000,1778513165182208253,1778513165179776987,FULL
6665,6665,6683,7464095424000,9052311782000,1778513165215842307,1778513165213233141,FULL
6666,6666,6684,7464128743000,9052345100000,1778513165249089976,1778513165246729721,FULL
6667,6667,6685,7464162061000,9052378419000,1778513165282334700,1778513165280202987,FULL
6668,6668,6686,7464195379000,9052411737000,1778513165316741690,1778513165313107721,FULL
6669,6669,6687,7464228697000,9052445055000,1778513165348875649,1778513165346428118,FULL
6670,6670,6688,7464262016000,9052478374000,1778513165382711275,1778513165379669923,FULL
6671,6671,6689,7464295336000,9052511697000,1778513165416340014,1778513165413055985,FULL
6672,6672,6690,7464328655000,9052545012000,1778513165449517554,1778513165446226513,FULL
6673,6673,6691,7464361971000,9052578330000,1778513165482806204,1778513165481606038,FULL
6674,6674,6692,7464395290000,9052611648000,1778513165516072965,1778513165513886167,FULL
6675,6675,6693,7464428609000,9052644968000,1778513165549397745,1778513165546277573,FULL
6676,6676,6694,7464461927000,9052678285000,1778513165582728042,1778513165579605525,FULL
6677,6677,6695,7464495246000,9052711607000,1778513165616160117,1778513165612776738,FULL
6678,6678,6696,7464528566000,9052744922000,1778513165649631358,1778513165646147671,FULL
6679,6679,6697,7464561884000,9052778240000,1778513165682694343,1778513165679614714,FULL
6680,6680,6698,7464595201000,9052811558000,1778513165716117918,1778513165713016407,FULL
6681,6681,6699,7464628525000,9052844877000,1778513165752213242,1778513165746463061,FULL
6682,6682,6700,7464661853000,9052878195000,1778513165793149756,1778513165779935382,FULL
6683,6683,6701,7464695156000,9052911514000,1778513165826795384,1778513165812992874,FULL
6684,6684,6703,7464728477000,9052944833000,1778513165866499337,1778513165880180181,FULL
6685,6685,6704,7464761799000,9052978151000,1778513165900834106,1778513165913027341,FULL
6686,6686,6705,7464795117000,9053011470000,1778513165933859296,1778513165946533033,FULL
6687,6687,6706,7464828433000,9053044788000,1778513165967009799,1778513165979700264,FULL
6688,6688,6707,7464861750000,9053078106000,1778513166000463651,1778513166013164493,FULL
6689,6689,6708,7464895070000,9053111425000,1778513166033482193,1778513166047527342,FULL
6690,6690,6709,7464928389000,9053144744000,1778513166067291023,1778513166082268503,FULL
6691,6691,6709,7464961706000,9053178062000,1778513166104231468,1778513166082268503,FULL
6692,6692,6710,7464995025000,9053211380000,1778513166136101133,1778513166141933753,FULL
6693,6693,6711,7465028346000,9053244699000,1778513166168574236,1778513166175955902,FULL
6694,6694,6712,7465061662000,9053278017000,1778513166203380629,1778513166207936331,FULL
6695,6695,6713,7465094981000,9053311336000,1778513166236839814,1778513166241245320,FULL
6696,6696,6714,7465128301000,9053344654000,1778513166268029023,1778513166274669827,FULL
6697,6697,6714,7465161621000,9053377973000,1778513166289833183,1778513166274669827,FULL
6698,6698,6715,7465194937000,9053411293000,1778513166319138653,1778513166307786188,FULL
6699,6699,6717,7465228256000,9053444610000,1778513166360212869,1778513166374342390,FULL
6700,6700,6717,7465261574000,9053477928000,1778513166383814806,1778513166374342390,FULL
6701,6701,6718,7465294895000,9053511250000,1778513166416858626,1778513166408708554,FULL
6702,6702,6719,7465328208000,9053544565000,1778513166449162934,1778513166442026266,FULL
6703,6703,6720,7465361526000,9053577884000,1778513166483106040,1778513166495499521,FULL
6704,6704,6721,7465394847000,9053611203000,1778513166516119841,1778513166518107856,FULL
6705,6705,6722,7465428163000,9053644521000,1778513166550751348,1778513166542260564,FULL
6706,6706,6723,7465461480000,9053677839000,1778513166582425404,1778513166575247798,FULL
6707,6707,6724,7465494801000,9053711160000,1778513166615838775,1778513166600789270,FULL
6708,6708,6725,7465528119000,9053744476000,1778513166649053611,1778513166641121284,FULL
6709,6709,6726,7465561435000,9053777795000,1778513166683044864,1778513166674483680,FULL
6710,6710,6727,7465594758000,9053811113000,1778513166716421162,1778513166707724225,FULL
6711,6711,6728,7465628081000,9053844432000,1778513166749714460,1778513166741078640,FULL
6712,6712,6729,7465661391000,9053877750000,1778513166782699224,1778513166774286946,FULL
6713,6713,6730,7465694711000,9053911068000,1778513166815696211,1778513166807514306,FULL
6714,6714,6731,7465728030000,9053944388000,1778513166849014212,1778513166841066700,FULL
6715,6715,6732,7465761346000,9053977707000,1778513166882326455,1778513166874377949,FULL
6716,6716,6733,7465794670000,9054011028000,1778513166915584068,1778513166908582448,FULL
6717,6717,6734,7465827984000,9054044347000,1778513166949802060,1778513166940997650,FULL
6718,6718,6735,7465861303000,9054077663000,1778513166982241441,1778513166974287417,FULL
6719,6719,6736,7465894622000,9054110983000,1778513167015873884,1778513167007815849,FULL
6720,6720,6737,7465927941000,9054144301000,1778513167054077538,1778513167041071061,FULL
6721,6721,6738,7465961258000,9054177620000,1778513167083929335,1778513167074153905,FULL
6722,6722,6739,7465994579000,9054210937000,1778513167115631872,1778513167110438458,FULL
6723,6723,6740,7466027896000,9054244256000,1778513167147971662,1778513167141005492,FULL
6724,6724,6741,7466061213000,9054277575000,1778513167181306608,1778513167174223909,FULL
6725,6725,6742,7466094535000,9054310894000,1778513167214494037,1778513167207441565,FULL
6726,6726,6743,7466127852000,9054344212000,1778513167248973526,1778513167240973219,FULL
6727,6727,6744,7466161169000,9054377530000,1778513167281653979,1778513167274464170,FULL
6728,6728,6745,7466194495000,9054410850000,1778513167314792353,1778513167307855196,FULL
6729,6729,6746,7466227805000,9054444167000,1778513167348114632,1778513167340883317,FULL
6730,6730,6747,7466261125000,9054477487000,1778513167381400356,1778513167374068178,FULL
6731,6731,6748,7466294444000,9054510805000,1778513167414750432,1778513167407461463,FULL
6732,6732,6749,7466327762000,9054544124000,1778513167448928535,1778513167440761916,FULL
6733,6733,6750,7466361082000,9054577442000,1778513167482506312,1778513167474242107,FULL
6734,6734,6751,7466394400000,9054610760000,1778513167515379355,1778513167507524726,FULL
6735,6735,6752,7466427716000,9054644078000,1778513167548596932,1778513167540742680,FULL
6736,6736,6753,7466461034000,9054677398000,1778513167582072580,1778513167574064780,FULL
6737,6737,6754,7466494355000,9054710717000,1778513167615212047,1778513167607376214,FULL
6738,6738,6755,7466527674000,9054744034000,1778513167648482586,1778513167640756332,FULL
6739,6739,6756,7466560990000,9054777353000,1778513167681953901,1778513167674157135,FULL
6740,6740,6757,7466594310000,9054810671000,1778513167715547510,1778513167707438551,FULL
6741,6741,6758,7466627635000,9054843989000,1778513167749054140,1778513167742432283,FULL
6742,6742,6759,7466660948000,9054877308000,1778513167782755526,1778513167773991197,FULL
6743,6743,6760,7466694266000,9054910625000,1778513167815358776,1778513167807409111,FULL
6744,6744,6761,7466727584000,9054943944000,1778513167848453132,1778513167840678194,FULL
6745,6745,6762,7466760901000,9054977263000,1778513167881902299,1778513167873964924,FULL
6746,6746,6763,7466794225000,9055010581000,1778513167915158616,1778513167907290950,FULL
6747,6747,6764,7466827538000,9055043900000,1778513167948409544,1778513167940601143,FULL
6748,6748,6765,7466860856000,9055077219000,1778513167981925544,1778513167973864929,FULL
6749,6749,6766,7466894179000,9055110538000,1778513168015072325,1778513168007179845,FULL
6750,6750,6767,7466927496000,9055143857000,1778513168048477455,1778513168040524556,FULL
6751,6751,6768,7466960813000,9055177175000,1778513168083029740,1778513168074000544,FULL
6752,6752,6769,7466994133000,9055210493000,1778513168114486669,1778513168107264941,FULL
6753,6753,6770,7467027448000,9055243812000,1778513168148442756,1778513168141460737,FULL
6754,6754,6771,7467060769000,9055277130000,1778513168183469314,1778513168173863938,FULL
6755,6755,6772,7467094087000,9055310448000,1778513168215036371,1778513168207187280,FULL
6756,6756,6773,7467127406000,9055343767000,1778513168248811627,1778513168240680249,FULL
6757,6757,6774,7467160724000,9055377085000,1778513168281855835,1778513168273843814,FULL
6758,6758,6775,7467194042000,9055410403000,1778513168318044936,1778513168307122748,FULL
6759,6759,6776,7467227360000,9055443722000,1778513168348824150,1778513168343232321,FULL
6760,6760,6777,7467260680000,9055477041000,1778513168381759229,1778513168373878855,FULL
6761,6761,6778,7467293998000,9055510359000,1778513168414931547,1778513168406997050,FULL
6762,6762,6779,7467327318000,9055543678000,1778513168448237605,1778513168438878738,FULL
6763,6763,6780,7467360634000,9055576997000,1778513168481580365,1778513168486214146,FULL
6764,6764,6781,7467393953000,9055610314000,1778513168514805682,1778513168507844713,FULL
6765,6765,6782,7467427271000,9055643633000,1778513168548322515,1778513168540993500,FULL
6766,6766,6783,7467460590000,9055676951000,1778513168581481037,1778513168573582700,FULL
6767,6767,6784,7467493910000,9055710270000,1778513168614816705,1778513168606675284,FULL
6768,6768,6785,7467527229000,9055743588000,1778513168648138448,1778513168632155387,FULL
6769,6769,6786,7467560545000,9055776906000,1778513168684398474,1778513168673293504,FULL
6770,6770,6787,7467593873000,9055810225000,1778513168714920931,1778513168699957280,FULL
6771,6771,6788,7467627183000,9055843544000,1778513168750320614,1778513168740649901,FULL
6772,6772,6789,7467660502000,9055876863000,1778513168782271797,1778513168773991464,FULL
6773,6773,6791,7467693822000,9055910180000,1778513168815149303,1778513168822158049,FULL
6774,6774,6792,7467727138000,9055943498000,1778513168848450471,1778513168847355729,FULL
6775,6775,6793,7467760455000,9055976818000,1778513168883196551,1778513168877791857,FULL
6776,6776,6794,7467793776000,9056010135000,1778513168914733645,1778513168911782229,FULL
6777,6777,6795,7467827092000,9056043454000,1778513168948342514,1778513168945418993,FULL
6778,6778,6796,7467860410000,9056076772000,1778513168981286482,1778513168980587501,FULL
6779,6779,6797,7467893729000,9056110092000,1778513169015444290,1778513169011758956,FULL
6780,6780,6798,7467927048000,9056143410000,1778513169053152597,1778513169046426451,FULL
6781,6781,6799,7467960367000,9056176728000,1778513169083296706,1778513169079058706,FULL
6782,6782,6800,7467993687000,9056210047000,1778513169114793616,1778513169113258483,FULL
6783,6783,6801,7468027002000,9056243366000,1778513169147109850,1778513169150836616,FULL
6784,6784,6802,7468060321000,9056276684000,1778513169180308390,1778513169180752101,FULL
6785,6785,6803,7468093641000,9056310001000,1778513169213920778,1778513169213057971,FULL
6786,6786,6804,7468126958000,9056343319000,1778513169248265917,1778513169249931055,FULL
6787,6787,6805,7468160280000,9056376638000,1778513169288695955,1778513169280183074,FULL
6788,6788,6806,7468193611000,9056409956000,1778513169317940777,1778513169316214241,FULL
6789,6789,6807,7468226928000,9056443275000,1778513169352231416,1778513169347543953,FULL
6790,6790,6808,7468260244000,9056476593000,1778513169383215442,1778513169382015561,FULL
6791,6791,6809,7468293561000,9056509911000,1778513169420961731,1778513169411728456,FULL
6792,6792,6810,7468326881000,9056543231000,1778513169452809507,1778513169446465894,FULL
6793,6793,6811,7468360191000,9056576550000,1778513169483767867,1778513169480976742,FULL
6794,6794,6812,7468393523000,9056609868000,1778513169519953338,1778513169513608516,FULL
6795,6795,6813,7468426832000,9056643187000,1778513169553629058,1778513169546042866,FULL
6796,6796,6814,7468460161000,9056676504000,1778513169584231626,1778513169579107246,FULL
6797,6797,6815,7468493473000,9056709824000,1778513169617247334,1778513169613405763,FULL
6798,6798,6816,7468526802000,9056743141000,1778513169648252286,1778513169645322581,FULL
6799,6799,6817,7468560101000,9056776460000,1778513169680893702,1778513169679981335,FULL
6800,6800,6818,7468593418000,9056809780000,1778513169716250293,1778513169712385648,FULL
6801,6801,6819,7468626736000,9056843098000,1778513169747678741,1778513169744973070,FULL
6802,6802,6820,7468660054000,9056876417000,1778513169784552816,1778513169778742685,FULL
6803,6803,6821,7468693381000,9056909735000,1778513169817364453,1778513169812461244,FULL
6804,6804,6822,7468726696000,9056943055000,1778513169850371495,1778513169845752586,FULL
6805,6805,6823,7468760051000,9056976372000,1778513169882835838,1778513169878947298,FULL
6806,6806,6824,7468793330000,9057009691000,1778513169915992731,1778513169911458518,FULL
6807,6807,6825,7468826646000,9057043008000,1778513169947597028,1778513169944924672,FULL
6808,6808,6826,7468859964000,9057076327000,1778513169980941215,1778513169978773731,FULL
6809,6809,6827,7468893284000,9057109645000,1778513170014151143,1778513170011411560,FULL
6810,6810,6832,7468926602000,9057142964000,1778513170169976338,1778513170178300707,FULL
6811,6811,6832,7468959919000,9057176283000,1778513170170327242,1778513170178300707,FULL
6812,6812,6832,7468993241000,9057209601000,1778513170170577351,1778513170178300707,FULL
6813,6813,6832,7469026558000,9057242919000,1778513170171115549,1778513170178300707,FULL
6814,6814,6832,7469059875000,9057276238000,1778513170181393793,1778513170178300707,FULL
6815,6815,6833,7469093204000,9057309557000,1778513170216608533,1778513170213273088,FULL
6816,6816,6834,7469126530000,9057342875000,1778513170255895176,1778513170246201822,FULL
6817,6817,6835,7469159843000,9057376194000,1778513170294144607,1778513170282156044,FULL
6818,6818,6836,7469193153000,9057409512000,1778513170316262190,1778513170313006799,FULL
6819,6819,6837,7469226471000,9057442830000,1778513170349158640,1778513170345627091,FULL
6820,6820,6838,7469259793000,9057476149000,1778513170380932880,1778513170378862044,FULL
6821,6821,6839,7469293107000,9057509466000,1778513170416424266,1778513170411196487,FULL
6822,6822,6840,7469326424000,9057542785000,1778513170447450903,1778513170457071613,FULL
6823,6823,6841,7469359741000,9057576104000,1778513170480712887,1778513170480884362,FULL
6824,6824,6842,7469393060000,9057609422000,1778513170514084721,1778513170512007465,FULL
6825,6825,6843,7469426382000,9057642741000,1778513170547307131,1778513170543151550,FULL
6826,6826,6844,7469459697000,9057676060000,1778513170581094739,1778513170576165672,FULL
6827,6827,6845,7469493018000,9057709377000,1778513170614057485,1778513170611706232,FULL
6828,6828,6846,7469526335000,9057742696000,1778513170647307747,1778513170643090129,FULL
6829,6829,6847,7469559654000,9057776015000,1778513170681013855,1778513170676997594,FULL
6830,6830,6848,7469592972000,9057809335000,1778513170714011212,1778513170710244325,FULL
6831,6831,6849,7469626290000,9057842652000,1778513170748614459,1778513170743638425,FULL
6832,6832,6850,7469659609000,9057875970000,1778513170789101960,1778513170776920136,FULL
6833,6833,6851,7469692929000,9057909288000,1778513170814551674,1778513170810193774,FULL
6834,6834,6852,7469726247000,9057942610000,1778513170847682881,1778513170843592355,FULL
6835,6835,6853,7469759564000,9057975925000,1778513170882877344,1778513170876829975,FULL
6836,6836,6854,7469792884000,9058009247000,1778513170917240983,1778513170912707551,FULL
6837,6837,6855,7469826204000,9058042563000,1778513170951821175,1778513170944187225,FULL
6838,6838,6856,7469859524000,9058075881000,1778513170984724348,1778513170977672416,FULL
6839,6839,6857,7469892844000,9058109199000,1778513171017530077,1778513171012951738,FULL
6840,6840,6858,7469926167000,9058142517000,1778513171057841987,1778513171044234192,FULL
6841,6841,6859,7469959485000,9058175834000,1778513171088352203,1778513171077625810,FULL
6842,6842,6860,7469992794000,9058209167000,1778513171115341438,1778513171110913114,FULL
6843,6843,6861,7470026115000,9058242471000,1778513171147254973,1778513171144295307,FULL
6844,6844,6862,7470059451000,9058275790000,1778513171180012128,1778513171178388585,FULL
6845,6845,6863,7470092751000,9058309108000,1778513171219626415,1778513171212406789,FULL
6846,6846,6864,7470126069000,9058342427000,1778513171247708824,1778513171244340385,FULL
6847,6847,6865,7470159388000,9058375745000,1778513171291034665,1778513171278268146,FULL
6848,6848,6867,7470192706000,9058409064000,1778513171329680110,1778513171344383481,FULL
6849,6849,6868,7470226025000,9058442382000,1778513171364625410,1778513171377757100,FULL
6850,6850,6868,7470259344000,9058475700000,1778513171384487497,1778513171377757100,FULL
6851,6851,6869,7470292666000,9058509019000,1778513171415430339,1778513171411314605,FULL
6852,6852,6870,7470325987000,9058542341000,1778513171448952042,1778513171444343579,FULL
6853,6853,6871,7470359306000,9058575657000,1778513171491906386,1778513171477696271,FULL
6854,6854,6872,7470392617000,9058608975000,1778513171517863854,1778513171511424331,FULL
6855,6855,6873,7470425936000,9058642292000,1778513171546745477,1778513171546728967,FULL
6856,6856,6874,7470459252000,9058675611000,1778513171580550325,1778513171580492934,FULL
6857,6857,6875,7470492572000,9058708930000,1778513171613569996,1778513171613169078,FULL
6858,6858,6876,7470525890000,9058742248000,1778513171646951646,1778513171646903915,FULL
6859,6859,6877,7470559206000,9058775567000,1778513171680191555,1778513171677901519,FULL
6860,6860,6878,7470592525000,9058808886000,1778513171715626775,1778513171712016519,FULL
6861,6861,6879,7470625854000,9058842204000,1778513171746947039,1778513171746565830,FULL
6862,6862,6880,7470659163000,9058875522000,1778513171780282355,1778513171778945402,FULL
6863,6863,6881,7470692482000,9058908840000,1778513171813681874,1778513171812883793,FULL
6864,6864,6882,7470725800000,9058942159000,1778513171847136411,1778513171845592770,FULL
6865,6865,6883,7470759120000,9058975479000,1778513171880543968,1778513171878183044,FULL
6866,6866,6884,7470792438000,9059008796000,1778513171913450974,1778513171911005334,FULL
6867,6867,6885,7470825756000,9059042115000,1778513171947181897,1778513171944154214,FULL
6868,6868,6886,7470859074000,9059075433000,1778513171980371826,1778513171978857190,FULL
6869,6869,6887,7470892392000,9059108752000,1778513172013694809,1778513172012911524,FULL
6870,6870,6888,7470925711000,9059142070000,1778513172046676777,1778513172044862582,FULL
6871,6871,6889,7470959031000,9059175389000,1778513172079552487,1778513172078598253,FULL
6872,6872,6890,7470992349000,9059208706000,1778513172113476278,1778513172115593502,FULL
6873,6873,6891,7471025667000,9059242025000,1778513172146584115,1778513172148461348,FULL
6874,6874,6892,7471058986000,9059275344000,1778513172180127800,1778513172177878783,FULL
6875,6875,6893,7471092304000,9059308662000,1778513172214218775,1778513172211800192,FULL
6876,6876,6894,7471125635000,9059341980000,1778513172247637627,1778513172249307844,FULL
6877,6877,6895,7471158942000,9059375317000,1778513172280244322,1778513172277238997,FULL
6878,6878,6896,7471192261000,9059408620000,1778513172313887968,1778513172310726577,FULL
6879,6879,6897,7471225580000,9059441935000,1778513172346867288,1778513172343938049,FULL
6880,6880,6898,7471258898000,9059475256000,1778513172380836060,1778513172378551952,FULL
6881,6881,6899,7471292214000,9059508574000,1778513172413340885,1778513172410706712,FULL
6882,6882,6900,7471325533000,9059541892000,1778513172446555888,1778513172462010433,FULL
6883,6883,6901,7471358852000,9059575211000,1778513172480943008,1778513172483505519,FULL
6884,6884,6902,7471392170000,9059608529000,1778513172513081115,1778513172511540597,FULL
6885,6885,6903,7471425489000,9059641851000,1778513172546582114,1778513172544903863,FULL
6886,6886,6904,7471458807000,9059675166000,1778513172581815355,1778513172575381492,FULL
6887,6887,6905,7471492127000,9059708489000,1778513172613163229,1778513172608430650,FULL
6888,6888,6906,7471525444000,9059741813000,1778513172646426398,1778513172642156839,FULL
6889,6889,6907,7471558762000,9059775147000,1778513172680296931,1778513172675569550,FULL
6890,6890,6908,7471592083000,9059808440000,1778513172713967299,1778513172709156499,FULL
6891,6891,6909,7471625401000,9059841761000,1778513172746025462,1778513172742455489,FULL
6892,6892,6910,7471658720000,9059875085000,1778513172780269436,1778513172776774968,FULL
6893,6893,6911,7471692038000,9059908397000,1778513172813447179,1778513172810139865,FULL
6894,6894,6912,7471725358000,9059941714000,1778513172846549442,1778513172845060505,FULL
6895,6895,6913,7471758674000,9059975032000,1778513172880729731,1778513172876869102,FULL
6896,6896,6914,7471791995000,9060008350000,1778513172912968152,1778513172909896131,FULL
6897,6897,6915,7471825313000,9060041670000,1778513172946094581,1778513172943218787,FULL
6898,6898,6916,7471858631000,9060074987000,1778513172980077835,1778513172976530128,FULL
6899,6899,6917,7471891949000,9060108306000,1778513173012797010,1778513173009811192,FULL
6900,6900,6918,7471925268000,9060141628000,1778513173051632527,1778513173043104311,FULL
6901,6901,6919,7471958586000,9060174948000,1778513173081363937,1778513173076418226,FULL
6902,6902,6920,7471991904000,9060208263000,1778513173113064882,1778513173109777011,FULL
6903,6903,6921,7472025222000,9060241590000,1778513173145291154,1778513173143726439,FULL
6904,6904,6922,7472058540000,9060274923000,1778513173178511249,1778513173177173538,FULL
6905,6905,6923,7472091859000,9060308218000,1778513173211996434,1778513173210321270,FULL
6906,6906,6924,7472125177000,9060341537000,1778513173246398610,1778513173243987293,FULL
6907,6907,6925,7472158504000,9060374854000,1778513173281042412,1778513173277143413,FULL
6908,6908,6926,7472191830000,9060408173000,1778513173312846596,1778513173310522846,FULL
6909,6909,6927,7472225153000,9060441491000,1778513173347307271,1778513173343656041,FULL
6910,6910,6928,7472258453000,9060474808000,1778513173378960920,1778513173377013252,FULL
6911,6911,6929,7472291770000,9060508127000,1778513173415948198,1778513173410154947,FULL
6912,6912,6930,7472325090000,9060541447000,1778513173445581812,1778513173443563343,FULL
6913,6913,6931,7472358406000,9060574764000,1778513173478962628,1778513173476942221,FULL
6914,6914,6932,7472391725000,9060608084000,1778513173512215963,1778513173510330561,FULL
6915,6915,6933,7472425043000,9060641401000,1778513173545502965,1778513173543928770,FULL
6916,6916,6934,7472458363000,9060674720000,1778513173580287414,1778513173576835133,FULL
6917,6917,6935,7472491684000,9060708039000,1778513173612301559,1778513173610141901,FULL
6918,6918,6936,7472524999000,9060741357000,1778513173646066556,1778513173643481427,FULL
6919,6919,6937,7472558317000,9060774676000,1778513173679457428,1778513173676990859,FULL
6920,6920,6938,7472591637000,9060807994000,1778513173713375552,1778513173710620734,FULL
6921,6921,6939,7472624954000,9060841313000,1778513173746067875,1778513173743951741,FULL
6922,6922,6940,7472658274000,9060874632000,1778513173779626708,1778513173779221601,FULL
6923,6923,6941,7472691592000,9060907950000,1778513173812665657,1778513173817881186,FULL
6924,6924,6941,7472724910000,9060941268000,1778513173846467709,1778513173817881186,FULL
6925,6925,6942,7472758231000,9060974586000,1778513173878853387,1778513173875105756,FULL
6926,6926,6943,7472791547000,9061007906000,1778513173912669087,1778513173906184786,FULL
6927,6927,6944,7472824865000,9061041224000,1778513173945892775,1778513173938200325,FULL
6928,6928,6945,7472858183000,9061074542000,1778513173979178962,1778513173971574592,FULL
6929,6929,6946,7472891503000,9061107860000,1778513174013014569,1778513174004938747,FULL
6930,6930,6947,7472924820000,9061141179000,1778513174045281952,1778513174038322940,FULL
6931,6931,6948,7472958139000,9061174497000,1778513174079303076,1778513174071720169,FULL
6932,6932,6949,7472991457000,9061207816000,1778513174114500465,1778513174104907400,FULL
6933,6933,6950,7473024777000,9061241134000,1778513174145737544,1778513174138281963,FULL
6934,6934,6951,7473058094000,9061274453000,1778513174179151397,1778513174172180095,FULL
6935,6935,6952,7473091413000,9061307771000,1778513174212540972,1778513174204862590,FULL
6936,6936,6953,7473124731000,9061341090000,1778513174245995657,1778513174238254097,FULL
6937,6937,6954,7473158050000,9061374409000,1778513174278843738,1778513174271643771,FULL
6938,6938,6955,7473191370000,9061407728000,1778513174312567087,1778513174305110407,FULL
6939,6939,6956,7473224687000,9061441045000,1778513174345896014,1778513174338159269,FULL
6940,6940,6957,7473258006000,9061474363000,1778513174379423236,1778513174373956883,FULL
6941,6941,6958,7473291324000,9061507682000,1778513174413822689,1778513174404868655,FULL
6942,6942,6959,7473324643000,9061541000000,1778513174445654058,1778513174438092941,FULL
6943,6943,6960,7473357960000,9061574319000,1778513174479008634,1778513174485229870,FULL
6944,6944,6961,7473391280000,9061607637000,1778513174512311876,1778513174505704540,FULL
6945,6945,6962,7473424597000,9061640956000,1778513174545118865,1778513174538156501,FULL
6946,6946,6963,7473457916000,9061674274000,1778513174579200340,1778513174571343695,FULL
6947,6947,6964,7473491234000,9061707593000,1778513174613257796,1778513174596896723,FULL
6948,6948,6965,7473524553000,9061740911000,1778513174645034425,1778513174637976563,FULL
6949,6949,6966,7473557873000,9061774230000,1778513174679104400,1778513174671258515,FULL
6950,6950,6967,7473591191000,9061807548000,1778513174713037099,1778513174704633837,FULL
6951,6951,6968,7473624509000,9061840866000,1778513174745830681,1778513174738179121,FULL
6952,6952,6969,7473657827000,9061874185000,1778513174779180885,1778513174771340426,FULL
6953,6953,6970,7473691156000,9061907504000,1778513174818154050,1778513174804757581,FULL
6954,6954,6971,7473724464000,9061940822000,1778513174847171430,1778513174838148662,FULL
6955,6955,6972,7473757784000,9061974140000,1778513174878470231,1778513174871651094,FULL
6956,6956,6973,7473791100000,9062007460000,1778513174912387744,1778513174904639772,FULL
6957,6957,6974,7473824419000,9062040778000,1778513174945495415,1778513174937938928,FULL
6958,6958,6975,7473857737000,9062074096000,1778513174978199145,1778513174971294788,FULL
6959,6959,6976,7473891056000,9062107415000,1778513175012088567,1778513175007116012,FULL
6960,6960,6977,7473924374000,9062140733000,1778513175050793104,1778513175038096394,FULL
6961,6961,6978,7473957693000,9062174052000,1778513175080572310,1778513175071356921,FULL
6962,6962,6979,7473991013000,9062207371000,1778513175112396846,1778513175104611559,FULL
6963,6963,6980,7474024330000,9062240687000,1778513175144576137,1778513175137883845,FULL
6964,6964,6981,7474057649000,9062274007000,1778513175177448532,1778513175171377296,FULL
6965,6965,6982,7474090966000,9062307325000,1778513175210797496,1778513175204674674,FULL
6966,6966,6983,7474124286000,9062340643000,1778513175244646918,1778513175238057755,FULL
6967,6967,6984,7474157605000,9062373961000,1778513175277631349,1778513175271469670,FULL
6968,6968,6985,7474190923000,9062407280000,1778513175311459364,1778513175305058601,FULL
6969,6969,6986,7474224242000,9062440600000,1778513175344435480,1778513175337910021,FULL
6970,6970,6987,7474257559000,9062473917000,1778513175378142793,1778513175371193492,FULL
6971,6971,6988,7474290880000,9062507236000,1778513175411510794,1778513175405202196,FULL
6972,6972,6989,7474324197000,9062540554000,1778513175444718760,1778513175437944432,FULL
6973,6973,6990,7474357515000,9062573873000,1778513175478005817,1778513175471319439,FULL
6974,6974,6991,7474390834000,9062607192000,1778513175511340485,1778513175507079386,FULL
6975,6975,6992,7474424153000,9062640509000,1778513175544481155,1778513175537883641,FULL
6976,6976,6993,7474457470000,9062673829000,1778513175578438502,1778513175571303370,FULL
6977,6977,6994,7474490788000,9062707146000,1778513175611778244,1778513175606699061,FULL
6978,6978,6995,7474524108000,9062740465000,1778513175646070291,1778513175637845590,FULL
6979,6979,6996,7474557426000,9062773784000,1778513175678462691,1778513175671269486,FULL
6980,6980,6997,7474590743000,9062807102000,1778513175711814618,1778513175704488032,FULL
6981,6981,6998,7474624064000,9062840421000,1778513175747172302,1778513175737671152,FULL
6982,6982,6999,7474657383000,9062873738000,1778513175778430677,1778513175771532599,FULL
6983,6983,7000,7474690700000,9062907057000,1778513175811626736,1778513175804681516,FULL
6984,6984,7001,7474724020000,9062940377000,1778513175845639675,1778513175837661675,FULL
6985,6985,7002,7474757341000,9062973698000,1778513175878630624,1778513175871034793,FULL
6986,6986,7003,7474790654000,9063007016000,1778513175911706147,1778513175906905387,FULL
6987,6987,7004,7474823974000,9063040334000,1778513175945745326,1778513175938943297,FULL
6988,6988,7005,7474857293000,9063073653000,1778513175978089893,1778513175971716532,FULL
6989,6989,7006,7474890612000,9063106971000,1778513176011634189,1778513176004453805,FULL
6990,6990,7007,7474923929000,9063140290000,1778513176046869300,1778513176037725109,FULL
6991,6991,7008,7474957246000,9063173609000,1778513176078328173,1778513176070971081,FULL
6992,6992,7009,7474990567000,9063206926000,1778513176111694526,1778513176104251089,FULL
6993,6993,7010,7475023884000,9063240245000,1778513176144788974,1778513176137420450,FULL
6994,6994,7011,7475057202000,9063273564000,1778513176178238993,1778513176170875049,FULL
6995,6995,7012,7475090521000,9063306882000,1778513176211641383,1778513176204102947,FULL
6996,6996,7013,7475123839000,9063340200000,1778513176247352118,1778513176239906764,FULL
6997,6997,7014,7475157159000,9063373519000,1778513176277759799,1778513176270775295,FULL
6998,6998,7015,7475190477000,9063406837000,1778513176312265380,1778513176304121599,FULL
6999,6999,7016,7475223797000,9063440156000,1778513176344775224,1778513176337455607,FULL
7000,7000,7018,7475257114000,9063473474000,1778513176393166400,1778513176404011179,FULL
7001,7001,7019,7475290433000,9063506794000,1778513176429275595,1778513176437841941,FULL
7002,7002,7019,7475323752000,9063540111000,1778513176463007666,1778513176437841941,FULL
7003,7003,7020,7475357071000,9063573430000,1778513176497049549,1778513176490334576,FULL
7004,7004,7022,7475390389000,9063606748000,1778513176532275401,1778513176538914565,FULL
7005,7005,7023,7475423708000,9063640066000,1778513176569480751,1778513176570825494,FULL
7006,7006,7024,7475457029000,9063673384000,1778513176596509300,1778513176595693380,FULL
7007,7007,7025,7475490347000,9063706704000,1778513176627688324,1778513176637690692,FULL
7008,7008,7026,7475523665000,9063740023000,1778513176660694236,1778513176670589797,FULL
7009,7009,7027,7475556988000,9063773341000,1778513176687548898,1778513176704029581,FULL
7010,7010,7027,7475590303000,9063806659000,1778513176713808419,1778513176704029581,FULL
7011,7011,7028,7475623618000,9063839978000,1778513176745119145,1778513176731762366,FULL
7012,7012,7029,7475656935000,9063873296000,1778513176778061502,1778513176770604690,FULL
7013,7013,7030,7475690253000,9063906615000,1778513176811311820,1778513176803879457,FULL
7014,7014,7031,7475723586000,9063939933000,1778513176844807023,1778513176839301908,FULL
7015,7015,7032,7475756890000,9063973252000,1778513176878279560,1778513176870799285,FULL
7016,7016,7033,7475790210000,9064006571000,1778513176911284398,1778513176904186477,FULL
7017,7017,7034,7475823527000,9064039888000,1778513176944047813,1778513176937389764,FULL
7018,7018,7035,7475856845000,9064073206000,1778513176977808717,1778513176970534274,FULL
7019,7019,7036,7475890164000,9064106525000,1778513177010794611,1778513177003925503,FULL
7020,7020,7037,7475923483000,9064139844000,1778513177048831267,1778513177037903134,FULL
7021,7021,7038,7475956801000,9064173163000,1778513177079438612,1778513177070546797,FULL
7022,7022,7039,7475990121000,9064206479000,1778513177110785579,1778513177103802935,FULL
7023,7023,7040,7476023439000,9064239803000,1778513177143582364,1778513177137242034,FULL
7024,7024,7041,7476056757000,9064273118000,1778513177178838123,1778513177171281090,FULL
7025,7025,7042,7476090074000,9064306436000,1778513177211724851,1778513177204626968,FULL
7026,7026,7043,7476123398000,9064339754000,1778513177248124450,1778513177238483823,FULL
7027,7027,7044,7476156715000,9064373072000,1778513177277404401,1778513177271667832,FULL
7028,7028,7045,7476190032000,9064406391000,1778513177310923179,1778513177305260818,FULL
7029,7029,7046,7476223351000,9064439709000,1778513177345404724,1778513177338881879,FULL
7030,7030,7047,7476256670000,9064473029000,1778513177377581756,1778513177372717696,FULL
7031,7031,7048,7476289987000,9064506347000,1778513177410858887,1778513177404650810,FULL
7032,7032,7049,7476323306000,9064539665000,1778513177444104964,1778513177437085641,FULL
7033,7033,7051,7476356622000,9064572984000,1778513177479687534,1778513177476191111,FULL
7034,7034,7052,7476389943000,9064606301000,1778513177511248591,1778513177508745127,FULL
7035,7035,7053,7476423259000,9064639620000,1778513177543981895,1778513177542600055,FULL
7036,7036,7054,7476456578000,9064672939000,1778513177577870743,1778513177576144931,FULL
7037,7037,7055,7476489897000,9064706257000,1778513177611341039,1778513177609521716,FULL
7038,7038,7056,7476523216000,9064739576000,1778513177644545746,1778513177642223137,FULL
7039,7039,7057,7476556535000,9064772894000,1778513177678470611,1778513177676412266,FULL
7040,7040,7058,7476589853000,9064806213000,1778513177710400979,1778513177710645450,FULL
7041,7041,7059,7476623169000,9064839531000,1778513177746539655,1778513177744195919,FULL
7042,7042,7060,7476656490000,9064872850000,1778513177777448497,1778513177779951699,FULL
7043,7043,7061,7476689808000,9064906168000,1778513177810875275,1778513177811460428,FULL
7044,7044,7062,7476723128000,9064939486000,1778513177845113211,1778513177843470764,FULL
7045,7045,7063,7476756445000,9064972805000,1778513177878517490,1778513177878068796,FULL
7046,7046,7064,7476789763000,9065006123000,1778513177911876176,1778513177911714801,FULL
7047,7047,7065,7476823095000,9065039442000,1778513177946718069,1778513177947258083,FULL
7048,7048,7066,7476856402000,9065072766000,1778513177978627234,1778513177977654212,FULL
7049,7049,7067,7476889719000,9065106080000,1778513178015349755,1778513178012258392,FULL
7050,7050,7068,7476923043000,9065139398000,1778513178048511388,1778513178047399031,FULL
7051,7051,7069,7476956372000,9065172716000,1778513178081378931,1778513178075319980,FULL
7052,7052,7070,7476989679000,9065206034000,1778513178114217086,1778513178109385240,FULL
7053,7053,7071,7477023004000,9065239353000,1778513178148331690,1778513178146598450,FULL
7054,7054,7072,7477056320000,9065272672000,1778513178181628859,1778513178176063218,FULL
7055,7055,7073,7477089643000,9065305990000,1778513178215641353,1778513178208762139,FULL
7056,7056,7074,7477122953000,9065339307000,1778513178255299492,1778513178241664281,FULL
7057,7057,7075,7477156269000,9065372627000,1778513178286315425,1778513178276111129,FULL
7058,7058,7076,7477189604000,9065405944000,1778513178319914387,1778513178309222324,FULL
7059,7059,7077,7477222914000,9065439263000,1778513178350015200,1778513178342549184,FULL
7060,7060,7078,7477256232000,9065472583000,1778513178379551834,1778513178375289901,FULL
7061,7061,7079,7477289543000,9065505901000,1778513178412540468,1778513178408818277,FULL
7062,7062,7080,7477322861000,9065539219000,1778513178445354290,1778513178453563062,FULL
7063,7063,7081,7477356188000,9065572539000,1778513178477663006,1778513178477092462,FULL
7064,7064,7082,7477389497000,9065605856000,1778513178511125414,1778513178509322536,FULL
7065,7065,7083,7477422817000,9065639173000,1778513178543949994,1778513178540146568,FULL
7066,7066,7084,7477456132000,9065672491000,1778513178580831088,1778513178573250763,FULL
7067,7067,7085,7477489450000,9065705808000,1778513178612177907,1778513178606649233,FULL
7068,7068,7086,7477522768000,9065739127000,1778513178644022591,1778513178639947741,FULL
7069,7069,7087,7477556088000,9065772446000,1778513178677585830,1778513178674112185,FULL
7070,7070,7088,7477589406000,9065805765000,1778513178711879377,1778513178707352713,FULL
7071,7071,7089,7477622727000,9065839083000,1778513178744291055,1778513178740615851,FULL
7072,7072,7090,7477656045000,9065872404000,1778513178777206246,1778513178773905322,FULL
7073,7073,7091,7477689377000,9065905722000,1778513178812584226,1778513178807922100,FULL
7074,7074,7092,7477722680000,9065939039000,1778513178843776472,1778513178841383403,FULL
7075,7075,7093,7477755997000,9065972363000,1778513178876719959,1778513178874695078,FULL
7076,7076,7094,7477789317000,9066005685000,1778513178910486215,1778513178908709912,FULL
7077,7077,7095,7477822637000,9066038995000,1778513178943689885,1778513178941500906,FULL
7078,7078,7096,7477855953000,9066072312000,1778513178978785090,1778513178974714230,FULL
7079,7079,7097,7477889287000,9066105645000,1778513179013384041,1778513179010433455,FULL
7080,7080,7098,7477922595000,9066138952000,1778513179050601057,1778513179041393505,FULL
7081,7081,7099,7477955912000,9066172270000,1778513179079915434,1778513179075920649,FULL
7082,7082,7100,7477989231000,9066205594000,1778513179114556996,1778513179108702995,FULL
7083,7083,7101,7478022546000,9066238906000,1778513179143781819,1778513179141587322,FULL
7084,7084,7102,7478055873000,9066272224000,1778513179176017757,1778513179175745951,FULL
7085,7085,7103,7478089184000,9066305541000,1778513179209977919,1778513179208371688,FULL
7086,7086,7104,7478122505000,9066338860000,1778513179242942054,1778513179242017989,FULL
7087,7087,7105,7478155822000,9066372178000,1778513179276108168,1778513179275052611,FULL
7088,7088,7106,7478189140000,9066405497000,1778513179309468355,1778513179311857825,FULL
7089,7089,7107,7478222457000,9066438815000,1778513179344087287,1778513179341350315,FULL
7090,7090,7108,7478255779000,9066472134000,1778513179376791202,1778513179374614656,FULL
7091,7091,7109,7478289093000,9066505453000,1778513179412087942,1778513179408861785,FULL
7092,7092,7110,7478322415000,9066538770000,1778513179444058606,1778513179442632992,FULL
7093,7093,7111,7478355741000,9066572090000,1778513179476388044,1778513179475397894,FULL
7094,7094,7112,7478389051000,9066605409000,1778513179509451567,1778513179508687921,FULL
7095,7095,7113,7478422369000,9066638726000,1778513179543283471,1778513179544033557,FULL
7096,7096,7114,7478455688000,9066672046000,1778513179576687897,1778513179577507471,FULL
7097,7097,7115,7478489006000,9066705364000,1778513179609779531,1778513179609962265,FULL
7098,7098,7116,7478522325000,9066738683000,1778513179643664378,1778513179642919017,FULL
7099,7099,7117,7478555646000,9066772000000,1778513179677099249,1778513179679266217,FULL
7100,7100,7118,7478588965000,9066805319000,1778513179710331381,1778513179708760559,FULL
7101,7101,7119,7478622281000,9066838639000,1778513179744210618,1778513179741851106,FULL
7102,7102,7120,7478655599000,9066871957000,1778513179779635060,1778513179774889616,FULL
7103,7103,7121,7478688922000,9066905274000,1778513179814357529,1778513179808518528,FULL
7104,7104,7122,7478722238000,9066938593000,1778513179844697765,1778513179842734601,FULL
7105,7105,7123,7478755558000,9066971912000,1778513179877240905,1778513179874833862,FULL
7106,7106,7124,7478788872000,9067005230000,1778513179910374075,1778513179908417719,FULL
7107,7107,7125,7478822192000,9067038548000,1778513179942983362,1778513179942827401,FULL
7108,7108,7126,7478855510000,9067071867000,1778513179976923523,1778513179976449258,FULL
7109,7109,7127,7478888830000,9067105186000,1778513180010124397,1778513180009118698,FULL
7110,7110,7128,7478922146000,9067138504000,1778513180043550471,1778513180044450223,FULL
7111,7111,7163,7478955464000,9067171822000,1778513181191524218,1778513181207549453,FULL
7112,7112,7163,7478988783000,9067205141000,1778513181191889418,1778513181207549453,FULL
7113,7113,7163,7479022102000,9067238458000,1778513181192185507,1778513181207549453,FULL
7114,7114,7163,7479055420000,9067271779000,1778513181192421135,1778513181207549453,FULL
7115,7115,7163,7479088741000,9067305097000,1778513181192666632,1778513181207549453,FULL
7116,7116,7163,7479122057000,9067338414000,1778513181192898426,1778513181207549453,FULL
7117,7117,7163,7479155377000,9067371734000,1778513181193151016,1778513181207549453,FULL
7118,7118,7163,7479188694000,9067405053000,1778513181193371069,1778513181207549453,FULL
7119,7119,7163,7479222013000,9067438370000,1778513181194935127,1778513181207549453,FULL
7120,7120,7163,7479255330000,9067471688000,1778513181195529732,1778513181207549453,FULL
7121,7121,7163,7479288650000,9067505007000,1778513181195789636,1778513181207549453,FULL
7122,7122,7163,7479321968000,9067538325000,1778513181196121299,1778513181207549453,FULL
7123,7123,7163,7479355288000,9067571644000,1778513181196325297,1778513181207549453,FULL
7124,7124,7163,7479388604000,9067604963000,1778513181196523758,1778513181207549453,FULL
7125,7125,7163,7479421923000,9067638282000,1778513181196854366,1778513181207549453,FULL
7126,7126,7163,7479455241000,9067671599000,1778513181201750018,1778513181207549453,FULL
7127,7127,7163,7479488559000,9067704918000,1778513181203543258,1778513181207549453,FULL
7128,7128,7163,7479521877000,9067738237000,1778513181204410046,1778513181207549453,FULL
7129,7147,7165,7480154932000,9068371289000,1778513181277050689,1778513181274210542,FULL
7130,7148,7166,7480188255000,9068404606000,1778513181313643749,1778513181307696493,FULL
7131,7149,7167,7480221572000,9068437926000,1778513181344300779,1778513181341130573,FULL
7132,7150,7168,7480254895000,9068471243000,1778513181378609418,1778513181374186195,FULL
7133,7151,7169,7480288212000,9068504563000,1778513181411606071,1778513181407604146,FULL
7134,7152,7170,7480321529000,9068537879000,1778513181444915777,1778513181441857349,FULL
7135,7153,7171,7480354842000,9068571199000,1778513181477202641,1778513181473872517,FULL
7136,7154,7172,7480388159000,9068604517000,1778513181510465291,1778513181507561614,FULL
7137,7155,7173,7480421479000,9068637835000,1778513181542340345,1778513181541008417,FULL
7138,7156,7174,7480454796000,9068671161000,1778513181576003306,1778513181574111408,FULL
7139,7157,7175,7480488115000,9068704481000,1778513181608690999,1778513181607515304,FULL
7140,7158,7176,7480521432000,9068737799000,1778513181649121686,1778513181640866460,FULL
7141,7159,7177,7480554750000,9068771114000,1778513181689960127,1778513181675418511,FULL
7142,7160,7179,7480588072000,9068804428000,1778513181729835059,1778513181740932612,FULL
7143,7161,7180,7480621393000,9068837753000,1778513181761941907,1778513181774416507,FULL
7144,7162,7180,7480654715000,9068871072000,1778513181790253720,1778513181774416507,FULL
7145,7163,7181,7480688028000,9068904384000,1778513181812002010,1778513181807411259,FULL
7146,7164,7182,7480721356000,9068937702000,1778513181851734296,1778513181840943820,FULL
7147,7165,7183,7480754694000,9068971019000,1778513181881072821,1778513181874337679,FULL
7148,7166,7184,7480787986000,9069004339000,1778513181908880881,1778513181907661872,FULL
7149,7167,7185,7480821301000,9069037658000,1778513181941955144,1778513181941451116,FULL
7150,7168,7186,7480854618000,9069070976000,1778513181977368198,1778513181975038695,FULL
7151,7169,7187,7480887937000,9069104294000,1778513182008699831,1778513182007216344,FULL
7152,7170,7188,7480921256000,9069137612000,1778513182041999296,1778513182040778645,FULL
7153,7171,7189,7480954573000,9069170931000,1778513182075234762,1778513182074505168,FULL
7154,7172,7190,7480987890000,9069204250000,1778513182108586152,1778513182107158775,FULL
7155,7173,7191,7481021209000,9069237583000,1778513182141838747,1778513182140450690,FULL
7156,7174,7192,7481054528000,9069270892000,1778513182177020673,1778513182174011899,FULL
7157,7175,7193,7481087846000,9069304209000,1778513182208425195,1778513182207095872,FULL
7158,7176,7194,7481121168000,9069337524000,1778513182243275606,1778513182241351260,FULL
7159,7177,7195,7481154487000,9069370846000,1778513182279840389,1778513182273953330,FULL
7160,7178,7196,7481187812000,9069404160000,1778513182311814312,1778513182308324272,FULL
7161,7179,7197,7481221123000,9069437479000,1778513182342942596,1778513182340339367,FULL
7162,7180,7198,7481254467000,9069470796000,1778513182376467706,1778513182373796725,FULL
7163,7181,7199,7481287759000,9069504115000,1778513182409291713,1778513182408031446,FULL
7164,7182,7200,7481321077000,9069537434000,1778513182443281559,1778513182469820972,FULL
7165,7183,7200,7481354396000,9069570752000,1778513182476212732,1778513182469820972,FULL
7166,7184,7201,7481387714000,9069604070000,1778513182508831852,1778513182504475837,FULL
7167,7185,7202,7481421031000,9069637389000,1778513182542214242,1778513182537450682,FULL
7168,7186,7203,7481454349000,9069670707000,1778513182575630705,1778513182569085910,FULL
7169,7187,7204,7481487668000,9069704026000,1778513182608250899,1778513182602234716,FULL
7170,7188,7205,7481520986000,9069737345000,1778513182642093803,1778513182635491872,FULL
7171,7189,7206,7481554305000,9069770662000,1778513182675754134,1778513182661723838,FULL
7172,7190,7207,7481587625000,9069803981000,1778513182708714584,1778513182702050055,FULL
7173,7191,7208,7481620942000,9069837300000,1778513182742209158,1778513182735012974,FULL
7174,7192,7209,7481654261000,9069870619000,1778513182774676187,1778513182770195278,FULL
7175,7193,7210,7481687578000,9069903936000,1778513182808649181,1778513182801851839,FULL
7176,7194,7211,7481720898000,9069937255000,1778513182842014868,1778513182835088311,FULL
7177,7195,7212,7481754216000,9069970574000,1778513182875327962,1778513182865327182,FULL
7178,7196,7213,7481787536000,9070003891000,1778513182908285097,1778513182902738076,FULL
7179,7197,7214,7481820854000,9070037210000,1778513182942060279,1778513182936003566,FULL
7180,7198,7215,7481854172000,9070070530000,1778513182976453806,1778513182970712690,FULL
7181,7199,7216,7481887492000,9070103848000,1778513183010400857,1778513183001965051,FULL
7182,7200,7217,7481920808000,9070137166000,1778513183041307421,1778513183035277133,FULL
7183,7201,7218,7481954128000,9070170484000,1778513183075098843,1778513183070322402,FULL
7184,7202,7219,7481987443000,9070203803000,1778513183108519881,1778513183101797261,FULL
7185,7203,7220,7482020763000,9070237121000,1778513183141312036,1778513183135385359,FULL
7186,7204,7221,7482054083000,9070270439000,1778513183175203254,1778513183168460109,FULL
7187,7205,7222,7482087400000,9070303758000,1778513183208513867,1778513183201868690,FULL
7188,7206,7223,7482120721000,9070337077000,1778513183242497232,1778513183235127162,FULL
7189,7207,7224,7482154044000,9070370395000,1778513183276443690,1778513183268524150,FULL
7190,7208,7225,7482187363000,9070403713000,1778513183308563834,1778513183301987046,FULL
7191,7209,7226,7482220674000,9070437031000,1778513183341889372,1778513183335887252,FULL
7192,7210,7227,7482253994000,9070470351000,1778513183374704231,1778513183369994011,FULL
7193,7211,7228,7482287310000,9070503669000,1778513183410097118,1778513183401994254,FULL
7194,7212,7229,7482320631000,9070536988000,1778513183441823488,1778513183433651000,FULL
7195,7213,7230,7482353950000,9070570306000,1778513183475048472,1778513183468699695,FULL
7196,7214,7231,7482387271000,9070603625000,1778513183510376360,1778513183504967451,FULL
7197,7215,7232,7482420584000,9070636945000,1778513183541475293,1778513183535762058,FULL
7198,7216,7233,7482453906000,9070670265000,1778513183574984237,1778513183568428757,FULL
7199,7217,7234,7482487221000,9070703583000,1778513183607854502,1778513183601516416,FULL
7200,7218,7235,7482520539000,9070736901000,1778513183646115989,1778513183634988274,FULL
7201,7219,7236,7482553860000,9070770220000,1778513183675973990,1778513183670491723,FULL
7202,7220,7237,7482587178000,9070803538000,1778513183708195244,1778513183702301264,FULL
7203,7221,7238,7482620496000,9070836857000,1778513183741468172,1778513183735691771,FULL
7204,7222,7239,7482653817000,9070870174000,1778513183774126847,1778513183769773420,FULL
7205,7223,7240,7482687132000,9070903494000,1778513183809362736,1778513183801359796,FULL
7206,7224,7241,7482720451000,9070936811000,1778513183841360992,1778513183834832099,FULL
7207,7225,7242,7482753771000,9070970130000,1778513183874425589,1778513183868076645,FULL
7208,7226,7243,7482787089000,9071003448000,1778513183908009884,1778513183903821444,FULL
7209,7227,7244,7482820408000,9071036768000,1778513183941100295,1778513183934777974,FULL
7210,7228,7245,7482853727000,9071070086000,1778513183974599073,1778513183968093519,FULL
7211,7229,7246,7482887056000,9071103405000,1778513184008959915,1778513184002950420,FULL
7212,7230,7247,7482920362000,9071136723000,1778513184041104392,1778513184034598796,FULL
7213,7231,7248,7482953682000,9071170041000,1778513184074979203,1778513184068084135,FULL
7214,7232,7249,7482986999000,9071203360000,1778513184108255927,1778513184101541493,FULL
7215,7233,7250,7483020318000,9071236678000,1778513184140922380,1778513184134670966,FULL
7216,7234,7251,7483053638000,9071269996000,1778513184174839412,1778513184168033529,FULL
7217,7235,7252,7483086955000,9071303316000,1778513184208162414,1778513184201341778,FULL
7218,7236,7253,7483120274000,9071336632000,1778513184241718154,1778513184234714729,FULL
7219,7237,7254,7483153595000,9071369951000,1778513184274581308,1778513184267869942,FULL
7220,7238,7255,7483186909000,9071403271000,1778513184308185344,1778513184301236246,FULL
7221,7239,7256,7483220229000,9071436588000,1778513184341400680,1778513184334570346,FULL
7222,7240,7257,7483253547000,9071469906000,1778513184374686478,1778513184368016760,FULL
7223,7241,7258,7483286865000,9071503225000,1778513184408062331,1778513184401246528,FULL
7224,7242,7259,7483320185000,9071536543000,1778513184441562127,1778513184434612739,FULL
7225,7243,7260,7483353504000,9071569862000,1778513184474882406,1778513184483396929,FULL
7226,7244,7261,7483386822000,9071603181000,1778513184508916845,1778513184506140300,FULL
7227,7245,7262,7483420140000,9071636499000,1778513184541289431,1778513184536329968,FULL
7228,7246,7263,7483453460000,9071669818000,1778513184573982383,1778513184568177490,FULL
7229,7247,7264,7483486776000,9071703136000,1778513184608138320,1778513184601249056,FULL
7230,7248,7265,7483520096000,9071736455000,1778513184641189140,1778513184627069822,FULL
7231,7249,7266,7483553414000,9071769774000,1778513184676616341,1778513184667747869,FULL
7232,7250,7267,7483586731000,9071803092000,1778513184707989049,1778513184701033488,FULL
7233,7251,7268,7483620050000,9071836410000,1778513184743329529,1778513184727335824,FULL
7234,7252,7269,7483653371000,9071869729000,1778513184774824457,1778513184767809614,FULL
7235,7253,7270,7483686686000,9071903048000,1778513184808925673,1778513184801044085,FULL
7236,7254,7271,7483720025000,9071936366000,1778513184843090554,1778513184834539628,FULL
7237,7255,7272,7483753327000,9071969685000,1778513184874017322,1778513184867774322,FULL
7238,7256,7273,7483786643000,9072003003000,1778513184908013335,1778513184901019016,FULL
7239,7257,7274,7483819961000,9072036321000,1778513184941234208,1778513184934373820,FULL
7240,7258,7275,7483853281000,9072069641000,1778513184973914494,1778513184968233674,FULL
7241,7259,7276,7483886598000,9072102959000,1778513185008540834,1778513185000998854,FULL
7242,7260,7277,7483919919000,9072136277000,1778513185042514162,1778513185034499619,FULL
7243,7261,7278,7483953237000,9072169597000,1778513185074374401,1778513185068339918,FULL
7244,7262,7825,7483986553000,9072202913000,1778513203300743301,1778513203294840015,FULL
7245,7263,7825,7484019871000,9072236233000,1778513203301755105,1778513203294840015,FULL
7246,7264,7825,7484053192000,9072269551000,1778513203304070673,1778513203294840015,FULL
7247,7265,7825,7484086507000,9072302869000,1778513203307097753,1778513203294840015,FULL
7248,7266,7826,7484119827000,9072336187000,1778513203311472521,1778513203328064108,FULL
7249,7267,7826,7484153146000,9072369506000,1778513203312519603,1778513203328064108,FULL
7250,7268,7826,7484186463000,9072402824000,1778513203313282225,1778513203328064108,FULL
7251,7269,7826,7484219790000,9072436143000,1778513203313891070,1778513203328064108,FULL
7252,7270,7826,7484253103000,9072469461000,1778513203314494360,1778513203328064108,FULL
7253,7271,7905,7484286419000,9072502780000,1778513205943937367,1778513205960244719,FULL
7254,7272,7905,7484319737000,9072536097000,1778513205944342363,1778513205960244719,FULL
7255,7273,7905,7484353057000,9072569417000,1778513205944628397,1778513205960244719,FULL
7256,7274,7905,7484386374000,9072602736000,1778513205947587847,1778513205960244719,FULL
7257,7275,7905,7484419692000,9072636054000,1778513205948032472,1778513205960244719,FULL
7258,7276,7905,7484453012000,9072669372000,1778513205948457449,1778513205960244719,FULL
7259,7277,7905,7484486331000,9072702691000,1778513205949406439,1778513205960244719,FULL
7260,7278,7905,7484519647000,9072736016000,1778513205949887397,1778513205960244719,FULL
7261,7279,7905,7484552969000,9072769328000,1778513205959974291,1778513205960244719,FULL
7262,7811,7905,7502278398000,9090494754000,1778513205963240886,1778513205960244719,FULL
7263,7812,7905,7502311717000,9090528071000,1778513205966193263,1778513205960244719,FULL
7264,7813,7905,7502345037000,9090561390000,1778513205967995429,1778513205960244719,FULL
7265,7814,7905,7502378355000,9090594708000,1778513205970239813,1778513205960244719,FULL
7266,7815,7905,7502411672000,9090628026000,1778513205970587531,1778513205960244719,FULL
7267,7816,7905,7502444989000,9090661345000,1778513205970794899,1778513205960244719,FULL
7268,7817,7905,7502478308000,9090694664000,1778513205970992342,1778513205960244719,FULL
7269,7818,7905,7502511628000,9090727981000,1778513205971187377,1778513205960244719,FULL
7270,7819,7905,7502544944000,9090761303000,1778513205972858378,1778513205960244719,FULL
7271,7890,7907,7504910575000,9093126914000,1778513206038427688,1778513206027804635,FULL
7272,7891,7909,7504943880000,9093160233000,1778513206082082174,1778513206095432902,FULL
7273,7892,7910,7504977196000,9093193552000,1778513206110191212,1778513206123514078,FULL
7274,7893,7912,7505010517000,9093226870000,1778513206175853484,1778513206165896348,FULL
7275,7894,7913,7505043837000,9093260189000,1778513206191933593,1778513206198362374,FULL
7276,7895,7913,7505077171000,9093293511000,1778513206214521282,1778513206198362374,FULL
7277,7896,7914,7505110477000,9093326826000,1778513206242113806,1778513206232519180,FULL
7278,7897,7916,7505143787000,9093360145000,1778513206285187039,1778513206299828599,FULL
7279,7898,7916,7505177116000,9093393463000,1778513206314608248,1778513206299828599,FULL
7280,7899,7917,7505210425000,9093426782000,1778513206343935773,1778513206335730260,FULL
7281,7900,7918,7505243754000,9093460100000,1778513206376807224,1778513206365840103,FULL
7282,7901,7919,7505277072000,9093493418000,1778513206414224405,1778513206399565691,FULL
7283,7902,7920,7505310404000,9093526737000,1778513206445142468,1778513206443473874,FULL
7284,7903,7921,7505343741000,9093560055000,1778513206479242851,1778513206469049091,FULL
7285,7904,7922,7505377022000,9093593374000,1778513206501933205,1778513206501259822,FULL
7286,7905,7923,7505410336000,9093626693000,1778513206533135525,1778513206531687625,FULL
7287,7906,7924,7505443656000,9093660030000,1778513206564657434,1778513206563570415,FULL
7288,7907,7925,7505476971000,9093693329000,1778513206599220497,1778513206596768026,FULL
7289,7908,7926,7505510298000,9093726648000,1778513206631463769,1778513206630174784,FULL
7290,7909,7927,7505543608000,9093759965000,1778513206664779752,1778513206665613301,FULL
7291,7910,7928,7505576927000,9093793283000,1778513206699803125,1778513206697569479,FULL
7292,7911,7929,7505610246000,9093826601000,1778513206731635086,1778513206730599648,FULL
7293,7912,7930,7505643564000,9093859920000,1778513206764649110,1778513206763766575,FULL
7294,7913,7931,7505676882000,9093893239000,1778513206798216257,1778513206799435164,FULL
7295,7914,7932,7505710202000,9093926557000,1778513206831269446,1778513206831377101,FULL
7296,7915,7933,7505743520000,9093959879000,1778513206864136971,1778513206864665083,FULL
7297,7916,7934,7505776839000,9093993196000,1778513206897860209,1778513206900021638,FULL
7298,7917,7935,7505810157000,9094026512000,1778513206931117989,1778513206931146749,FULL
7299,7918,7936,7505843474000,9094059836000,1778513206964493898,1778513206964542452,FULL
7300,7919,7937,7505876795000,9094093157000,1778513206997812381,1778513206998028838,FULL
7301,7920,7938,7505910114000,9094126469000,1778513207032610904,1778513207031310449,FULL
7302,7921,7939,7505943431000,9094159786000,1778513207069794365,1778513207064514320,FULL
7303,7922,7940,7505976753000,9094193110000,1778513207104595184,1778513207097782468,FULL
7304,7923,7941,7506010069000,9094226426000,1778513207138647752,1778513207131166948,FULL
7305,7924,7942,7506043393000,9094259742000,1778513207174182749,1778513207164450151,FULL
7306,7925,7943,7506076712000,9094293060000,1778513207208328538,1778513207200198406,FULL
7307,7926,7944,7506110053000,9094326378000,1778513207237689804,1778513207231570775,FULL
7308,7927,7945,7506143379000,9094359696000,1778513207265907192,1778513207265257012,FULL
7309,7928,7946,7506176661000,9094393015000,1778513207297795431,1778513207300279014,FULL
7310,7929,7947,7506209978000,9094426334000,1778513207333247021,1778513207331623235,FULL
7311,7930,7948,7506243297000,9094459651000,1778513207364905114,1778513207365337823,FULL
7312,7931,7949,7506276616000,9094492971000,1778513207397759028,1778513207398383695,FULL
7313,7932,7950,7506309934000,9094526289000,1778513207431005883,1778513207431939433,FULL
7314,7933,7951,7506343253000,9094559607000,1778513207466641915,1778513207465070008,FULL
7315,7934,7952,7506376571000,9094592926000,1778513207498259990,1778513207498407026,FULL
7316,7935,7953,7506409894000,9094626244000,1778513207531621806,1778513207531550842,FULL
7317,7936,7954,7506443221000,9094659563000,1778513207566996397,1778513207565582853,FULL
7318,7937,7955,7506476533000,9094692881000,1778513207601303240,1778513207598065045,FULL
7319,7938,7956,7506509845000,9094726200000,1778513207634207746,1778513207631531450,FULL
7320,7939,7957,7506543178000,9094759521000,1778513207677143665,1778513207665094225,FULL
7321,7940,7958,7506576490000,9094792839000,1778513207705278203,1778513207698141801,FULL
7322,7941,7959,7506609804000,9094826155000,1778513207736637966,1778513207731737539,FULL
7323,7942,7960,7506643122000,9094859474000,1778513207765810659,1778513207764842244,FULL
7324,7943,7961,7506676443000,9094892792000,1778513207799843265,1778513207798805367,FULL
7325,7944,7962,7506709759000,9094926109000,1778513207833740890,1778513207831664129,FULL
7326,7945,7963,7506743083000,9094959430000,1778513207867580164,1778513207864833482,FULL
7327,7946,7964,7506776403000,9094992746000,1778513207897821679,1778513207897993872,FULL
7328,7947,7965,7506809713000,9095026064000,1778513207929922619,1778513207931389407,FULL
7329,7948,7966,7506843030000,9095059383000,1778513207963612469,1778513207964779961,FULL
7330,7949,7967,7506876351000,9095092701000,1778513207996933933,1778513207998961564,FULL
7331,7950,7968,7506909667000,9095126019000,1778513208030069826,1778513208031392312,FULL
7332,7951,7969,7506942984000,9095159338000,1778513208063368920,1778513208065755932,FULL
7333,7952,7970,7506976303000,9095192656000,1778513208097663930,1778513208097944237,FULL
7334,7953,7971,7507009623000,9095225975000,1778513208130597973,1778513208131372310,FULL
7335,7954,7972,7507042940000,9095259293000,1778513208165970619,1778513208164594958,FULL
7336,7955,7973,7507076263000,9095292612000,1778513208198432149,1778513208197884254,FULL
7337,7956,7974,7507109580000,9095325931000,1778513208230498237,1778513208231321493,FULL
7338,7957,7975,7507142896000,9095359252000,1778513208263880757,1778513208264613641,FULL
7339,7958,7976,7507176214000,9095392568000,1778513208297130074,1778513208299857826,FULL
7340,7959,7977,7507209533000,9095425886000,1778513208331648322,1778513208331260713,FULL
7341,7960,8582,7507242852000,9095459204000,1778513228510456698,1778513228520016789,FULL
7342,7961,8582,7507276171000,9095492524000,1778513228511288152,1778513228520016789,FULL
7343,7962,8582,7507309489000,9095525841000,1778513228512011070,1778513228520016789,FULL
7344,7963,8582,7507342808000,9095559160000,1778513228512538583,1778513228520016789,FULL
7345,7964,8582,7507376127000,9095592478000,1778513228513027523,1778513228520016789,FULL
7346,7965,8582,7507409446000,9095625798000,1778513228513580906,1778513228520016789,FULL
7347,7966,8582,7507442765000,9095659115000,1778513228514120974,1778513228520016789,FULL
7348,7967,8582,7507476082000,9095692434000,1778513228514620395,1778513228520016789,FULL
7349,7968,8582,7507509402000,9095725752000,1778513228515096223,1778513228520016789,FULL
7350,7969,8582,7507542719000,9095759074000,1778513228523823428,1778513228520016789,FULL
7351,7970,8582,7507576039000,9095792390000,1778513228525275764,1778513228520016789,FULL
7352,7971,8582,7507609356000,9095825707000,1778513228529594404,1778513228520016789,FULL
7353,7972,8582,7507642673000,9095859026000,1778513228532429596,1778513228520016789,FULL
7354,7973,8583,7507675992000,9095892345000,1778513228539679854,1778513228555464426,FULL
7355,7974,8583,7507709312000,9095925663000,1778513228540377606,1778513228555464426,FULL
7356,7975,8583,7507742629000,9095958981000,1778513228541581945,1778513228555464426,FULL
7357,7976,8583,7507775950000,9095992300000,1778513228548533538,1778513228555464426,FULL
7358,7977,8583,7507809267000,9096025618000,1778513228552385387,1778513228555464426,FULL
7359,8567,8585,7527467179000,9115683522000,1778513228634398839,1778513228618710292,FULL
7360,8568,8891,7527500495000,9115716841000,1778513238830464341,1778513238817408791,FULL
7361,8569,8891,7527533813000,9115750160000,1778513238830823189,1778513238817408791,FULL
7362,8570,8891,7527567127000,9115783478000,1778513238831081798,1778513238817408791,FULL
7363,8571,8891,7527600444000,9115816796000,1778513238831340999,1778513238817408791,FULL
7364,8572,8891,7527633760000,9115850114000,1778513238831643273,1778513238817408791,FULL
7365,8573,8891,7527667077000,9115883433000,1778513238831912437,1778513238817408791,FULL
7366,8574,8891,7527700398000,9115916752000,1778513238832150712,1778513238817408791,FULL
7367,8575,8891,7527733714000,9115950070000,1778513238832365099,1778513238817408791,FULL
7368,8576,8891,7527767038000,9115983389000,1778513238832679429,1778513238817408791,FULL
7369,8577,8891,7527800352000,9116016707000,1778513238832972907,1778513238817408791,FULL
7370,8578,8892,7527833673000,9116050026000,1778513238833250127,1778513238848686061,FULL
7371,8579,8892,7527866989000,9116083345000,1778513238833489013,1778513238848686061,FULL
7372,8580,8892,7527900307000,9116116664000,1778513238857396373,1778513238848686061,FULL
7373,8581,8892,7527933625000,9116149981000,1778513238857741091,1778513238848686061,FULL
7374,8582,8892,7527966944000,9116183299000,1778513238859624016,1778513238848686061,FULL
7375,8583,8892,7528000262000,9116216621000,1778513238860186140,1778513238848686061,FULL
7376,8584,8892,7528033582000,9116249937000,1778513238862083324,1778513238848686061,FULL
7377,8585,8893,7528066900000,9116283255000,1778513238863224756,1778513238877463688,FULL
7378,8877,8894,7537795907000,9126012249000,1778513238927687004,1778513238916505068,FULL
7379,8878,8895,7537829234000,9126045567000,1778513238958563846,1778513238949294694,FULL
7380,8879,8896,7537862550000,9126078885000,1778513238997847322,1778513238985027458,FULL
7381,8880,8897,7537895868000,9126112206000,1778513239030779939,1778513239015367422,FULL
7382,8881,8898,7537929177000,9126145523000,1778513239061320840,1778513239048736357,FULL
7383,8882,8899,7537962499000,9126178839000,1778513239089594691,1778513239081917053,FULL
7384,8883,8900,7537995818000,9126212162000,1778513239123059117,1778513239115521930,FULL
7385,8884,8901,7538029134000,9126245479000,1778513239154470731,1778513239149225528,FULL
7386,8885,8903,7538062445000,9126278798000,1778513239200066493,1778513239216307802,FULL
7387,8886,8903,7538095771000,9126312116000,1778513239228347529,1778513239216307802,FULL
7388,8887,8904,7538129085000,9126345434000,1778513239254186979,1778513239248473101,FULL
7389,8888,8905,7538162403000,9126378752000,1778513239286317605,1778513239281885017,FULL
7390,8889,8906,7538195731000,9126412071000,1778513239318852540,1778513239315264026,FULL
7391,8890,8907,7538229037000,9126445390000,1778513239355690190,1778513239348390555,FULL
7392,8891,8909,7538262363000,9126478709000,1778513239409670123,1778513239415015815,FULL
7393,8892,8910,7538295679000,9126512027000,1778513239443567859,1778513239448747969,FULL
7394,8893,8911,7538328991000,9126545345000,1778513239468258525,1778513239481706889,FULL
7395,8894,8911,7538362312000,9126578663000,1778513239488890771,1778513239481706889,FULL
7396,8895,8912,7538395627000,9126611982000,1778513239518895178,1778513239515088898,FULL
7397,8896,8913,7538428945000,9126645300000,1778513239550173146,1778513239548189076,FULL
7398,8897,8914,7538462266000,9126678619000,1778513239584234565,1778513239581686140,FULL
7399,8898,8915,7538495583000,9126711937000,1778513239620412815,1778513239615200814,FULL
7400,8899,8916,7538528903000,9126745255000,1778513239650260760,1778513239650924522,FULL
7401,8900,8917,7538562219000,9126778574000,1778513239684236125,1778513239681742056,FULL
7402,8901,8918,7538595539000,9126811895000,1778513239722348021,1778513239714954807,FULL
7403,8902,8919,7538628859000,9126845209000,1778513239753618711,1778513239748195262,FULL
7404,8903,8920,7538662182000,9126878527000,1778513239783473693,1778513239781805713,FULL
7405,8904,8921,7538695494000,9126911845000,1778513239820160752,1778513239814982724,FULL
7406,8905,8922,7538728812000,9126945164000,1778513239849864236,1778513239848221734,FULL
7407,8906,8923,7538762130000,9126978486000,1778513239883330310,1778513239881550503,FULL
7408,8907,8924,7538795449000,9127011801000,1778513239919333876,1778513239914897753,FULL
7409,8908,8925,7538828771000,9127045119000,1778513239952969949,1778513239948466519,FULL
7410,8909,8926,7538862098000,9127078437000,1778513239983093187,1778513239981462902,FULL
7411,8910,8927,7538895404000,9127111756000,1778513240016087655,1778513240014941262,FULL
7412,8911,8928,7538928723000,9127145077000,1778513240058658152,1778513240049727850,FULL
7413,8912,8929,7538962047000,9127178393000,1778513240084832229,1778513240081881963,FULL
7414,8913,8930,7538995362000,9127211712000,1778513240119138554,1778513240114922253,FULL
7415,8914,8931,7539028681000,9127245030000,1778513240149623622,1778513240148867738,FULL
7416,8915,8932,7539061997000,9127278348000,1778513240183172769,1778513240181430829,FULL
7417,8916,8933,7539095317000,9127311667000,1778513240216634269,1778513240214765227,FULL
7418,8917,8934,7539128634000,9127344985000,1778513240249886235,1778513240248052514,FULL
7419,8918,8935,7539161952000,9127378304000,1778513240283002516,1778513240281432894,FULL
7420,8919,8936,7539195272000,9127411622000,1778513240316217760,1778513240314710941,FULL
7421,8920,8937,7539228589000,9127444941000,1778513240349875721,1778513240348031339,FULL
7422,8921,8938,7539261910000,9127478261000,1778513240382800541,1778513240381295756,FULL
7423,8922,8939,7539295226000,9127511578000,1778513240416538427,1778513240414669006,FULL
7424,8923,8940,7539328544000,9127544896000,1778513240452797768,1778513240464951258,FULL
7425,8924,8941,7539361866000,9127578215000,1778513240482927803,1778513240486431123,FULL
7426,8925,8942,7539395182000,9127611534000,1778513240520989959,1778513240517111621,FULL
7427,8926,8943,7539428501000,9127644853000,1778513240549773971,1778513240547988673,FULL
7428,8927,8944,7539461819000,9127678170000,1778513240582695347,1778513240573096670,FULL
7429,8928,8945,7539495137000,9127711490000,1778513240618332473,1778513240614402787,FULL
7430,8929,8946,7539528459000,9127744808000,1778513240649424479,1778513240647855184,FULL
7431,8930,8947,7539561773000,9127778127000,1778513240683123643,1778513240674422444,FULL
7432,8931,8948,7539595093000,9127811447000,1778513240716743142,1778513240715452193,FULL
7433,8932,8949,7539628411000,9127844764000,1778513240749753980,1778513240748680352,FULL
7434,8933,8950,7539661731000,9127878083000,1778513240783053871,1778513240782366839,FULL
7435,8934,8951,7539695052000,9127911401000,1778513240816057690,1778513240814474731,FULL
7436,8935,8952,7539728366000,9127944719000,1778513240849366692,1778513240847880480,FULL
7437,8936,8953,7539761693000,9127978037000,1778513240882704897,1778513240876095188,FULL
7438,8937,8954,7539795002000,9128011357000,1778513240916396728,1778513240917382601,FULL
7439,8938,8955,7539828322000,9128044677000,1778513240949317697,1778513240948956535,FULL
7440,8939,8956,7539861641000,9128077995000,1778513240987688312,1778513240984519115,FULL
7441,8940,8957,7539894959000,9128111313000,1778513241017719885,1778513241014507194,FULL
7442,8941,8958,7539928278000,9128144632000,1778513241049961009,1778513241047776667,FULL
7443,8942,8959,7539961595000,9128177949000,1778513241081547233,1778513241081206268,FULL
7444,8943,8960,7539994913000,9128211269000,1778513241115303415,1778513241115126753,FULL
7445,8944,8961,7540028237000,9128244587000,1778513241150241103,1778513241148703982,FULL
7446,8945,8962,7540061553000,9128277907000,1778513241181968844,1778513241181994936,FULL
7447,8946,8963,7540094872000,9128311224000,1778513241215168587,1778513241214518639,FULL
7448,8947,8964,7540128189000,9128344543000,1778513241248349498,1778513241247807686,FULL
7449,8948,8965,7540161506000,9128377861000,1778513241281846553,1778513241282474015,FULL
7450,8949,8966,7540194825000,9128411179000,1778513241315170832,1778513241315269660,FULL
7451,8950,8967,7540228143000,9128444499000,1778513241348686999,1778513241348593854,FULL
7452,8951,8968,7540261463000,9128477819000,1778513241382478495,1778513241382008215,FULL
7453,8952,8969,7540294782000,9128511134000,1778513241415714535,1778513241414278438,FULL
7454,8953,8970,7540328099000,9128544453000,1778513241451171181,1778513241448091683,FULL
7455,8954,8971,7540361417000,9128577773000,1778513241482294113,1778513241481046548,FULL
7456,8955,8972,7540394736000,9128611091000,1778513241515616799,1778513241514636333,FULL
7457,8956,8973,7540428056000,9128644409000,1778513241549124762,1778513241547629049,FULL
7458,8957,8974,7540461373000,9128677728000,1778513241582234266,1778513241580882633,FULL
7459,8958,8975,7540494691000,9128711045000,1778513241615933763,1778513241615486001,FULL
7460,8959,8976,7540528010000,9128744363000,1778513241649107526,1778513241648694826,FULL
7461,8960,8977,7540561330000,9128777682000,1778513241682278788,1778513241683051825,FULL
7462,8961,8978,7540594646000,9128811001000,1778513241715693530,1778513241714292077,FULL
7463,8962,8979,7540627964000,9128844317000,1778513241748896662,1778513241747577772,FULL
7464,8963,8980,7540661284000,9128877635000,1778513241782299848,1778513241780915189,FULL
7465,8964,8981,7540694601000,9128910957000,1778513241816237324,1778513241814097941,FULL
7466,8965,8982,7540727920000,9128944274000,1778513241856237219,1778513241847467468,FULL
7467,8966,8983,7540761240000,9128977595000,1778513241885008972,1778513241880750237,FULL
7468,8967,8984,7540794561000,9129010910000,1778513241917180097,1778513241914239097,FULL
7469,8968,8985,7540827882000,9129044228000,1778513241949381906,1778513241947515903,FULL
7470,8969,8986,7540861199000,9129077550000,1778513241982658038,1778513241980756635,FULL
7471,8970,8987,7540894516000,9129110868000,1778513242019081507,1778513242014573640,FULL
7472,8971,8988,7540927831000,9129144185000,1778513242050731230,1778513242047518320,FULL
7473,8972,8989,7540961156000,9129177503000,1778513242082170288,1778513242081024513,FULL
7474,8973,8990,7540994470000,9129210820000,1778513242115818138,1778513242110399431,FULL
7475,8974,8991,7541027788000,9129244138000,1778513242153752721,1778513242146463191,FULL
7476,8975,8992,7541061115000,9129277459000,1778513242184496509,1778513242179443130,FULL
7477,8976,8993,7541094430000,9129310775000,1778513242220555722,1778513242212715955,FULL
7478,8977,8994,7541127749000,9129344094000,1778513242251841023,1778513242246036612,FULL
7479,8978,8995,7541161060000,9129377412000,1778513242284861509,1778513242279532379,FULL
7480,8979,8996,7541194387000,9129410731000,1778513242318155289,1778513242312825167,FULL
7481,8980,8997,7541227700000,9129444050000,1778513242354249724,1778513242345958141,FULL
7482,8981,8998,7541261021000,9129477370000,1778513242383647767,1778513242379284817,FULL
7483,8982,8999,7541294338000,9129510687000,1778513242418227700,1778513242406698366,FULL
7484,8983,9000,7541327654000,9129544012000,1778513242452269138,1778513242459798238,FULL
7485,8984,9001,7541360980000,9129577323000,1778513242491191507,1778513242482319742,FULL
7486,8985,9002,7541394294000,9129610642000,1778513242525716959,1778513242513457513,FULL
7487,8986,9004,7541427608000,9129643961000,1778513242555268019,1778513242569716726,FULL
7488,8987,9004,7541460935000,9129677279000,1778513242584166400,1778513242569716726,FULL
7489,8988,9005,7541494253000,9129710597000,1778513242616245322,1778513242604324463,FULL
7490,8989,9006,7541527570000,9129743916000,1778513242650409018,1778513242647349119,FULL
7491,8990,9007,7541560885000,9129777234000,1778513242685400836,1778513242680692369,FULL
7492,8991,9008,7541594216000,9129810556000,1778513242716373714,1778513242713828417,FULL
7493,8992,9009,7541627528000,9129843871000,1778513242752972755,1778513242747361091,FULL
7494,8993,9010,7541660839000,9129877189000,1778513242782684646,1778513242780525843,FULL
7495,8994,9011,7541694164000,9129910508000,1778513242816062351,1778513242815059619,FULL
7496,8995,9012,7541727482000,9129943826000,1778513242849626257,1778513242847118140,FULL
7497,8996,9013,7541760799000,9129977145000,1778513242882178045,1778513242880640148,FULL
7498,8997,9014,7541794121000,9130010464000,1778513242916615238,1778513242913860158,FULL
7499,8998,9015,7541827440000,9130043782000,1778513242950426716,1778513242947138631,FULL
7500,8999,9016,7541860756000,9130077100000,1778513242990102762,1778513242980448307,FULL
7501,9000,9017,7541894073000,9130110418000,1778513243021787892,1778513243013843779,FULL
7502,9001,9018,7541927396000,9130143739000,1778513243050807494,1778513243047404842,FULL
7503,9002,9019,7541960709000,9130177056000,1778513243083249283,1778513243080565519,FULL
7504,9003,9020,7541994026000,9130210383000,1778513243114756711,1778513243113886325,FULL
7505,9004,9021,7542027344000,9130243695000,1778513243151878543,1778513243147108317,FULL
7506,9005,9022,7542060661000,9130277014000,1778513243181690063,1778513243180341124,FULL
7507,9006,9023,7542093984000,9130310332000,1778513243215225803,1778513243213811521,FULL
7508,9007,9024,7542127302000,9130343651000,1778513243248296585,1778513243249689709,FULL
7509,9008,9025,7542160618000,9130376969000,1778513243282033027,1778513243280591945,FULL
7510,9009,9026,7542193939000,9130410287000,1778513243316446683,1778513243313593440,FULL
7511,9010,9027,7542227260000,9130443605000,1778513243352781561,1778513243347564239,FULL
7512,9011,9028,7542260587000,9130476926000,1778513243384482098,1778513243380312235,FULL
7513,9012,9029,7542293901000,9130510244000,1778513243415970804,1778513243413760892,FULL
7514,9013,9030,7542327215000,9130543561000,1778513243449326935,1778513243447679118,FULL
7515,9014,9031,7542360536000,9130576881000,1778513243482492716,1778513243480530743,FULL
7516,9015,9032,7542393849000,9130610198000,1778513243517221240,1778513243513717531,FULL
7517,9016,9033,7542427174000,9130643518000,1778513243551081328,1778513243547134040,FULL
7518,9017,9034,7542460486000,9130676835000,1778513243584573698,1778513243580188182,FULL
7519,9018,9035,7542493804000,9130710153000,1778513243617510130,1778513243613778355,FULL
7520,9019,9036,7542527129000,9130743472000,1778513243652745945,1778513243647738692,FULL
7521,9020,9037,7542560443000,9130776790000,1778513243684013764,1778513243680238654,FULL
7522,9021,9038,7542593756000,9130810110000,1778513243715547970,1778513243713655699,FULL
7523,9022,9039,7542627076000,9130843425000,1778513243750400140,1778513243747619980,FULL
7524,9023,9040,7542660398000,9130876744000,1778513243781643330,1778513243780369810,FULL
7525,9024,9041,7542693709000,9130910062000,1778513243815746953,1778513243813672116,FULL
7526,9025,9042,7542727029000,9130943380000,1778513243850749770,1778513243846820757,FULL
7527,9026,9043,7542760346000,9130976699000,1778513243882023460,1778513243880171914,FULL
7528,9027,9044,7542793665000,9131010018000,1778513243916434469,1778513243913518830,FULL
7529,9028,9045,7542826992000,9131043336000,1778513243950971254,1778513243946805100,FULL
7530,9029,9046,7542860303000,9131076655000,1778513243984498235,1778513243980176775,FULL
7531,9030,9047,7542893622000,9131109975000,1778513244016417233,1778513244013665579,FULL
7532,9031,9048,7542926941000,9131143294000,1778513244049606921,1778513244047722359,FULL
7533,9032,9049,7542960264000,9131176611000,1778513244083253882,1778513244080249617,FULL
7534,9033,9050,7542993577000,9131209928000,1778513244116342349,1778513244113562034,FULL
7535,9034,9051,7543026894000,9131243247000,1778513244150235511,1778513244146897451,FULL
7536,9035,9052,7543060219000,9131276565000,1778513244187862727,1778513244180076351,FULL
7537,9036,9053,7543093548000,9131309885000,1778513244218604959,1778513244213299306,FULL
7538,9037,9054,7543126858000,9131343202000,1778513244250320459,1778513244246626889,FULL
7539,9038,9055,7543160184000,9131376521000,1778513244286276859,1778513244279978176,FULL
7540,9039,9056,7543193495000,9131409839000,1778513244319001348,1778513244313283760,FULL
7541,9040,9057,7543226810000,9131443157000,1778513244353183211,1778513244346711953,FULL
7542,9041,9058,7543260130000,9131476478000,1778513244386305381,1778513244380533273,FULL
7543,9042,9059,7543293447000,9131509795000,1778513244422268392,1778513244413887782,FULL
7544,9043,9060,7543326784000,9131543113000,1778513244448597819,1778513244461920944,FULL
7545,9044,9061,7543360081000,9131576433000,1778513244488252069,1778513244483247330,FULL
7546,9045,9062,7543393400000,9131609752000,1778513244525621528,1778513244515914883,FULL
7547,9046,9063,7543426720000,9131643070000,1778513244559929834,1778513244546552585,FULL
7548,9047,9064,7543460036000,9131676389000,1778513244583129090,1778513244580178258,FULL
7549,9048,9065,7543493354000,9131709707000,1778513244616966382,1778513244613043439,FULL
7550,9049,9066,7543526672000,9131743025000,1778513244649527744,1778513244646359392,FULL
7551,9050,9067,7543559997000,9131776344000,1778513244683213353,1778513244679745383,FULL
7552,9051,9068,7543593310000,9131809665000,1778513244716585224,1778513244713108429,FULL
7553,9052,9069,7543626628000,9131842982000,1778513244749829634,1778513244747105098,FULL
7554,9053,9070,7543659949000,9131876300000,1778513244782535772,1778513244780710901,FULL
7555,9054,9071,7543693264000,9131909617000,1778513244815085874,1778513244813948097,FULL
7556,9055,9072,7543726584000,9131942936000,1778513244848115638,1778513244846338838,FULL
7557,9056,9073,7543759900000,9131976255000,1778513244882685978,1778513244881110666,FULL
7558,9057,9074,7543793220000,9132009573000,1778513244914470088,1778513244913029282,FULL
7559,9058,9075,7543826538000,9132042892000,1778513244947350483,1778513244947178487,FULL
7560,9059,9076,7543859857000,9132076210000,1778513244986917956,1778513244980586625,FULL
7561,9060,9077,7543893174000,9132109528000,1778513245020606787,1778513245013892931,FULL
7562,9061,9078,7543926494000,9132142848000,1778513245048463235,1778513245046315357,FULL
7563,9062,9079,7543959812000,9132176165000,1778513245080141717,1778513245079648977,FULL
7564,9063,9080,7543993130000,9132209484000,1778513245115226274,1778513245112839969,FULL
7565,9064,9081,7544026451000,9132242803000,1778513245148638590,1778513245147084674,FULL
7566,9065,9082,7544059768000,9132276121000,1778513245182156348,1778513245180598033,FULL
7567,9066,9083,7544093090000,9132309440000,1778513245215551590,1778513245213696933,FULL
7568,9067,9084,7544126405000,9132342758000,1778513245248448300,1778513245246375505,FULL
7569,9068,9085,7544159724000,9132376076000,1778513245282517127,1778513245280514432,FULL
7570,9069,9086,7544193042000,9132409396000,1778513245316017201,1778513245312928024,FULL
7571,9070,9087,7544226359000,9132442713000,1778513245350537912,1778513245348752806,FULL
7572,9071,9088,7544259678000,9132476033000,1778513245381477272,1778513245380499516,FULL
7573,9072,9089,7544292996000,9132509350000,1778513245415743263,1778513245413785952,FULL
7574,9073,9090,7544326316000,9132542668000,1778513245449462261,1778513245449217366,FULL
7575,9074,9091,7544359639000,9132575987000,1778513245482829299,1778513245479908957,FULL
7576,9075,9092,7544392953000,9132609307000,1778513245515775749,1778513245513046672,FULL
7577,9076,9093,7544426273000,9132642625000,1778513245549003992,1778513245546300701,FULL
7578,9077,9094,7544459590000,9132675943000,1778513245580384662,1778513245579590858,FULL
7579,9078,9095,7544492907000,9132709261000,1778513245615499941,1778513245612959479,FULL
7580,9079,9096,7544526226000,9132742579000,1778513245646983481,1778513245646280284,FULL
7581,9080,9097,7544559543000,9132775898000,1778513245684407476,1778513245679580220,FULL
7582,9081,9098,7544592863000,9132809219000,1778513245714988858,1778513245715168430,FULL
7583,9082,9099,7544626181000,9132842535000,1778513245750469874,1778513245746489162,FULL
7584,9083,9100,7544659501000,9132875853000,1778513245781747379,1778513245779836968,FULL
7585,9084,9101,7544692818000,9132909172000,1778513245814338981,1778513245812930757,FULL
7586,9085,9102,7544726136000,9132942490000,1778513245851379610,1778513245846119046,FULL
7587,9086,9103,7544759457000,9132975811000,1778513245887846689,1778513245879503517,FULL
7588,9087,9104,7544792776000,9133009127000,1778513245915225624,1778513245912773509,FULL
7589,9088,9105,7544826093000,9133042446000,1778513245947714579,1778513245946178221,FULL
7590,9089,9106,7544859410000,9133075764000,1778513245981039932,1778513245979474842,FULL
7591,9090,9107,7544892729000,9133109083000,1778513246018015914,1778513246012710686,FULL
7592,9091,9108,7544926049000,9133142402000,1778513246049027717,1778513246046208971,FULL
7593,9092,9109,7544959366000,9133175722000,1778513246081342118,1778513246079348223,FULL
7594,9093,9110,7544992688000,9133209039000,1778513246114751082,1778513246114253828,FULL
7595,9094,9111,7545026003000,9133242357000,1778513246149952693,1778513246146154500,FULL
7596,9095,9112,7545059321000,9133275675000,1778513246183164492,1778513246179208975,FULL
7597,9096,9113,7545092653000,9133308994000,1778513246215039842,1778513246213072664,FULL
7598,9097,9114,7545125958000,9133342312000,1778513246247292040,1778513246249441959,FULL
7599,9098,9115,7545159277000,9133375630000,1778513246280732115,1778513246280539767,FULL
7600,9099,9116,7545192596000,9133408950000,1778513246314068635,1778513246315985849,FULL
7601,9100,9117,7545225914000,9133442267000,1778513246349281024,1778513246349047009,FULL
7602,9101,9118,7545259232000,9133475589000,1778513246380078682,1778513246379328437,FULL
7603,9102,9119,7545292550000,9133508904000,1778513246414082213,1778513246412713001,FULL
7604,9103,9120,7545325869000,9133542224000,1778513246447307382,1778513246462367352,FULL
7605,9104,9121,7545359187000,9133575541000,1778513246480333220,1778513246484512729,FULL
7606,9105,9122,7545392506000,9133608859000,1778513246513460353,1778513246513949980,FULL
7607,9106,9123,7545425825000,9133642178000,1778513246548525114,1778513246546110742,FULL
7608,9107,9124,7545459144000,9133675497000,1778513246582242075,1778513246571193665,FULL
7609,9108,9125,7545492464000,9133708816000,1778513246613902649,1778513246604276269,FULL
7610,9109,9126,7545525780000,9133742134000,1778513246648577989,1778513246646102603,FULL
7611,9110,9127,7545559101000,9133775452000,1778513246680419635,1778513246679247244,FULL
7612,9111,9128,7545592416000,9133808773000,1778513246721531629,1778513246712536939,FULL
7613,9112,9129,7545625738000,9133842091000,1778513246748667048,1778513246745770745,FULL
7614,9113,9130,7545659057000,9133875408000,1778513246785130701,1778513246779078088,FULL
7615,9114,9131,7545692376000,9133908726000,1778513246814228303,1778513246812517467,FULL
7616,9115,9132,7545725699000,9133942045000,1778513246847671803,1778513246846297028,FULL
7617,9116,9133,7545759020000,9133975363000,1778513246881347708,1778513246879144338,FULL
7618,9117,9134,7545792332000,9134008682000,1778513246914006347,1778513246912441755,FULL
7619,9118,9135,7545825650000,9134042000000,1778513246946973481,1778513246940150189,FULL
7620,9119,9136,7545858969000,9134075319000,1778513246985630186,1778513246979053922,FULL
7621,9120,9137,7545892288000,9134108637000,1778513247028120054,1778513247012521986,FULL
7622,9121,9138,7545925608000,9134141957000,1778513247051514623,1778513247045725367,FULL
7623,9122,9139,7545958922000,9134175273000,1778513247079924213,1778513247078931414,FULL
7624,9123,9140,7545992245000,9134208594000,1778513247116812529,1778513247112408348,FULL
7625,9124,9141,7546025569000,9134241911000,1778513247148073960,1778513247145645970,FULL
7626,9125,9142,7546058884000,9134275229000,1778513247180880911,1778513247178834184,FULL
7627,9126,9143,7546092205000,9134308548000,1778513247214023100,1778513247212259081,FULL
7628,9127,9144,7546125522000,9134341866000,1778513247248966751,1778513247247450147,FULL
7629,9128,9145,7546158840000,9134375185000,1778513247280687177,1778513247279775147,FULL
7630,9129,9146,7546192157000,9134408504000,1778513247315014261,1778513247313080453,FULL
7631,9130,9147,7546225477000,9134441822000,1778513247349233105,1778513247348589775,FULL
7632,9131,9148,7546258796000,9134475141000,1778513247382444404,1778513247378931573,FULL
7633,9132,9149,7546292114000,9134508459000,1778513247414658769,1778513247412157564,FULL
7634,9133,9150,7546325434000,9134541777000,1778513247447893716,1778513247448647969,FULL
7635,9134,9151,7546358755000,9134575095000,1778513247492854428,1778513247480190866,FULL
7636,9135,9152,7546392073000,9134608414000,1778513247520946503,1778513247513021084,FULL
7637,9136,9153,7546425384000,9134641733000,1778513247549770200,1778513247546629109,FULL
7638,9137,9154,7546458705000,9134675052000,1778513247581234055,1778513247578873351,FULL
7639,9138,9155,7546492064000,9134708370000,1778513247614897201,1778513247611993603,FULL
7640,9139,9156,7546525348000,9134741689000,1778513247648448237,1778513247646355103,FULL
7641,9140,9157,7546558671000,9134775008000,1778513247684325749,1778513247679633279,FULL
7642,9141,9158,7546591980000,9134808326000,1778513247714906353,1778513247713089547,FULL
7643,9142,9159,7546625302000,9134841645000,1778513247747645861,1778513247748480018,FULL
7644,9143,9160,7546658617000,9134874962000,1778513247779618525,1778513247779428643,FULL
7645,9144,9161,7546691927000,9134908282000,1778513247812942860,1778513247813003094,FULL
7646,9145,9162,7546725245000,9134941599000,1778513247846169381,1778513247845860738,FULL
7647,9146,9163,7546758564000,9134974918000,1778513247880761795,1778513247878875546,FULL
7648,9147,9164,7546791883000,9135008236000,1778513247916109534,1778513247912025409,FULL
7649,9148,9165,7546825205000,9135041554000,1778513247948807154,1778513247945304827,FULL
7650,9149,9166,7546858529000,9135074872000,1778513247982764945,1778513247979346070,FULL
7651,9150,9167,7546891849000,9135108192000,1778513248013283291,1778513248012736486,FULL
7652,9151,9168,7546925164000,9135141511000,1778513248049026767,1778513248046286419,FULL
7653,9152,9169,7546958487000,9135174829000,1778513248080738859,1778513248081514799,FULL
7654,9153,9170,7546991800000,9135208148000,1778513248113741624,1778513248112837809,FULL
7655,9154,9171,7547025118000,9135241467000,1778513248147770081,1778513248146087486,FULL
7656,9155,9172,7547058438000,9135274783000,1778513248183328651,1778513248178535763,FULL
7657,9156,9173,7547091762000,9135308103000,1778513248217323646,1778513248211892587,FULL
7658,9157,9174,7547125069000,9135341422000,1778513248247490403,1778513248245357466,FULL
7659,9158,9175,7547158394000,9135374739000,1778513248280447667,1778513248279283803,FULL
7660,9159,9176,7547191713000,9135408058000,1778513248314273201,1778513248312661293,FULL
7661,9160,9177,7547225032000,9135441376000,1778513248346999190,1778513248346169190,FULL
7662,9161,9178,7547258350000,9135474695000,1778513248387714318,1778513248379077981,FULL
7663,9162,9179,7547291663000,9135508014000,1778513248414714978,1778513248412642488,FULL
7664,9163,9180,7547324986000,9135541332000,1778513248446984546,1778513248463514808,FULL
7665,9164,9181,7547358304000,9135574650000,1778513248488481999,1778513248485376392,FULL
7666,9165,9182,7547391625000,9135607969000,1778513248514931128,1778513248513969688,FULL
7667,9166,9183,7547424939000,9135641287000,1778513248547132086,1778513248545908618,FULL
7668,9167,9184,7547458258000,9135674606000,1778513248583010894,1778513248572333158,FULL
7669,9168,9185,7547491590000,9135707924000,1778513248613572332,1778513248611730905,FULL
7670,9169,9186,7547524897000,9135741243000,1778513248646785353,1778513248644933082,FULL
7671,9170,9187,7547558217000,9135774561000,1778513248680229798,1778513248673257047,FULL
7672,9171,9188,7547591533000,9135807881000,1778513248713628669,1778513248713468379,FULL
7673,9172,9189,7547624850000,9135841197000,1778513248746804487,1778513248745653955,FULL
7674,9173,9190,7547658170000,9135874515000,1778513248780321079,1778513248783296570,FULL
7675,9174,9191,7547691512000,9135907833000,1778513248813459990,1778513248812271381,FULL
7676,9175,9192,7547724807000,9135941152000,1778513248846774492,1778513248845370930,FULL
7677,9176,9193,7547758127000,9135974471000,1778513248882320359,1778513248879193268,FULL
7678,9177,9194,7547791445000,9136007789000,1778513248914222227,1778513248911925913,FULL
7679,9178,9195,7547824761000,9136041107000,1778513248946653460,1778513248945283199,FULL
7680,9179,9196,7547858083000,9136074426000,1778513248987654640,1778513248978604764,FULL
7681,9180,9197,7547891403000,9136107745000,1778513249017822027,1778513249011911107,FULL
7682,9181,9198,7547924716000,9136141066000,1778513249046673853,1778513249045151932,FULL
7683,9182,9199,7547958039000,9136174381000,1778513249079326343,1778513249078640033,FULL
7684,9183,9200,7547991357000,9136207700000,1778513249112241701,1778513249111870691,FULL
7685,9184,9201,7548024673000,9136241019000,1778513249145755312,1778513249145057128,FULL
7686,9185,9202,7548057994000,9136274336000,1778513249178901241,1778513249178378730,FULL
7687,9186,9203,7548091321000,9136307655000,1778513249212462999,1778513249211546685,FULL
7688,9187,9204,7548124628000,9136340974000,1778513249246188275,1778513249245236636,FULL
7689,9188,9205,7548157945000,9136374292000,1778513249279075836,1778513249278161205,FULL
7690,9189,9206,7548191266000,9136407611000,1778513249314711869,1778513249313698415,FULL
7691,9190,9207,7548224585000,9136440929000,1778513249345950392,1778513249345176090,FULL
7692,9191,9208,7548257904000,9136474249000,1778513249379361597,1778513249378208232,FULL
7693,9192,9209,7548291222000,9136507566000,1778513249414936112,1778513249411480983,FULL
7694,9193,9210,7548324538000,9136540885000,1778513249447021515,1778513249445039879,FULL
7695,9194,9211,7548357859000,9136574203000,1778513249479796597,1778513249478138094,FULL
7696,9195,9212,7548391181000,9136607522000,1778513249513913719,1778513249511427660,FULL
7697,9196,9213,7548424500000,9136640840000,1778513249546357026,1778513249545059407,FULL
7698,9197,9214,7548457814000,9136674158000,1778513249579709454,1778513249578111419,FULL
7699,9198,9215,7548491134000,9136707478000,1778513249613140491,1778513249611330022,FULL
7700,9199,9216,7548524453000,9136740796000,1778513249646369068,1778513249644678161,FULL
7701,9200,9217,7548557769000,9136774114000,1778513249679759661,1778513249677953374,FULL
7702,9201,9218,7548591091000,9136807434000,1778513249712998627,1778513249711700713,FULL
7703,9202,9219,7548624403000,9136840753000,1778513249746184815,1778513249746048064,FULL
7704,9203,9220,7548657727000,9136874070000,1778513249779627185,1778513249778080271,FULL
7705,9204,9221,7548691046000,9136907388000,1778513249813102408,1778513249814089440,FULL
7706,9205,9222,7548724359000,9136940708000,1778513249846329169,1778513249844649458,FULL
7707,9206,9223,7548757679000,9136974025000,1778513249880229257,1778513249878062355,FULL
7708,9207,9224,7548790997000,9137007344000,1778513249913102449,1778513249911173293,FULL
7709,9208,9225,7548824318000,9137040662000,1778513249946064473,1778513249944565116,FULL
7710,9209,9226,7548857634000,9137073981000,1778513249979713897,1778513249977869403,FULL
7711,9210,9227,7548890959000,9137107299000,1778513250013300636,1778513250011108025,FULL
7712,9211,9228,7548924269000,9137140619000,1778513250046167624,1778513250044638384,FULL
7713,9212,9229,7548957591000,9137173936000,1778513250078833114,1778513250077920283,FULL
7714,9213,9230,7548990909000,9137207255000,1778513250112748165,1778513250111886268,FULL
7715,9214,9231,7549024227000,9137240573000,1778513250145955260,1778513250144511487,FULL
7716,9215,9232,7549057549000,9137273891000,1778513250179483260,1778513250177831367,FULL
7717,9216,9233,7549090864000,9137307210000,1778513250213096073,1778513250211037767,FULL
7718,9217,9234,7549124183000,9137340528000,1778513250246096430,1778513250244381406,FULL
7719,9218,9235,7549157503000,9137373847000,1778513250279252674,1778513250277853562,FULL
7720,9219,9236,7549190820000,9137407165000,1778513250312733341,1778513250311124368,FULL
7721,9220,9237,7549224142000,9137440485000,1778513250346297247,1778513250345021705,FULL
7722,9221,9238,7549257463000,9137473803000,1778513250379516324,1778513250378960023,FULL
7723,9222,9239,7549290774000,9137507121000,1778513250412741474,1778513250412302496,FULL
7724,9223,9240,7549324095000,9137540440000,1778513250446219974,1778513250465500756,FULL
7725,9224,9241,7549357418000,9137573757000,1778513250479571901,1778513250487011714,FULL
7726,9225,9242,7549390730000,9137607076000,1778513250511626213,1778513250511387218,FULL
7727,9226,9243,7549424043000,9137640395000,1778513250546454606,1778513250537510205,FULL
7728,9227,9244,7549457362000,9137673713000,1778513250578368826,1778513250579895904,FULL
7729,9228,9245,7549490680000,9137707032000,1778513250611780530,1778513250609718503,FULL
7730,9229,9246,7549523998000,9137740350000,1778513250644968218,1778513250634217672,FULL
7731,9230,9247,7549557318000,9137773669000,1778513250678189591,1778513250668258955,FULL
7732,9231,9248,7549590636000,9137806988000,1778513250711548370,1778513250710771436,FULL
7733,9232,9249,7549623954000,9137840308000,1778513250744358692,1778513250744205892,FULL
7734,9233,9250,7549657273000,9137873626000,1778513250778157355,1778513250778686339,FULL
7735,9234,9251,7549690590000,9137906944000,1778513250811499097,1778513250811770151,FULL
7736,9235,9252,7549723909000,9137940263000,1778513250846823374,1778513250845410883,FULL
7737,9236,9253,7549757228000,9137973581000,1778513250878144582,1778513250878849043,FULL
7738,9237,9254,7549790546000,9138006899000,1778513250911248715,1778513250911268454,FULL
7739,9238,9255,7549823867000,9138040218000,1778513250944961917,1778513250945278831,FULL
7740,9239,9256,7549857189000,9138073536000,1778513250983319328,1778513250977673779,FULL
7741,9240,9257,7549890502000,9138106855000,1778513251013204347,1778513251009636658,FULL
7742,9241,9258,7549923821000,9138140174000,1778513251045831171,1778513251043914662,FULL
7743,9242,9259,7549957140000,9138173492000,1778513251077224619,1778513251075951576,FULL
7744,9243,9260,7549990458000,9138206811000,1778513251110288679,1778513251110714150,FULL
7745,9244,9261,7550023777000,9138240130000,1778513251143834826,1778513251144198958,FULL
7746,9245,9262,7550057095000,9138273448000,1778513251177370510,1778513251177392861,FULL
7747,9246,9263,7550090413000,9138306768000,1778513251210473662,1778513251210805614,FULL
7748,9247,9264,7550123732000,9138340085000,1778513251244108142,1778513251244335811,FULL
7749,9248,9265,7550157050000,9138373404000,1778513251277348737,1778513251277840785,FULL
7750,9249,9266,7550190368000,9138406723000,1778513251310842478,1778513251309664813,FULL
7751,9250,9267,7550223688000,9138440040000,1778513251345569520,1778513251344476793,FULL
7752,9251,9268,7550257015000,9138473360000,1778513251380840390,1778513251376110063,FULL
7753,9252,9269,7550290328000,9138506678000,1778513251414807329,1778513251410863656,FULL
7754,9253,9270,7550323656000,9138539996000,1778513251449683240,1778513251444555536,FULL
7755,9254,9271,7550356969000,9138573315000,1778513251481005485,1778513251477978715,FULL
7756,9255,9272,7550390288000,9138606633000,1778513251511690292,1778513251510926824,FULL
7757,9256,9273,7550423597000,9138639952000,1778513251544735704,1778513251544352410,FULL
7758,9257,9274,7550456915000,9138673270000,1778513251578174797,1778513251577568906,FULL
7759,9258,9275,7550490232000,9138706589000,1778513251611333115,1778513251610634848,FULL
7760,9259,9276,7550523551000,9138739908000,1778513251646027399,1778513251644282599,FULL
7761,9260,9277,7550556871000,9138773226000,1778513251679965727,1778513251677422669,FULL
7762,9261,9278,7550590188000,9138806546000,1778513251711381767,1778513251711378899,FULL
7763,9262,9279,7550623507000,9138839863000,1778513251744586140,1778513251744721282,FULL
7764,9263,9280,7550656825000,9138873180000,1778513251778091714,1778513251780385421,FULL
7765,9264,9281,7550690144000,9138906498000,1778513251811320791,1778513251809427124,FULL
7766,9265,9282,7550723464000,9138939818000,1778513251844519682,1778513251842444862,FULL
7767,9266,9283,7550756782000,9138973137000,1778513251877821832,1778513251875687395,FULL
7768,9267,9284,7550790099000,9139006455000,1778513251910930299,1778513251903714792,FULL
7769,9268,9285,7550823418000,9139039773000,1778513251944399484,1778513251943977165,FULL
7770,9269,9286,7550856736000,9139073091000,1778513251978609310,1778513251977137883,FULL
7771,9270,9287,7550890057000,9139106409000,1778513252012526861,1778513252010621432,FULL
7772,9271,9288,7550923375000,9139139729000,1778513252044305990,1778513252043897242,FULL
7773,9272,9289,7550956694000,9139173051000,1778513252077896377,1778513252077065757,FULL
7774,9273,9290,7550990013000,9139206366000,1778513252110924493,1778513252110475288,FULL
7775,9274,9291,7551023331000,9139239685000,1778513252144115311,1778513252143797819,FULL
7776,9275,9292,7551056649000,9139273003000,1778513252179751436,1778513252178226211,FULL
7777,9276,9293,7551089967000,9139306321000,1778513252210909664,1778513252210425828,FULL
7778,9277,9294,7551123286000,9139339640000,1778513252244240481,1778513252243696378,FULL
7779,9278,9295,7551156604000,9139372958000,1778513252277501835,1778513252277408166,FULL
7780,9279,9296,7551189922000,9139406277000,1778513252311005686,1778513252310429200,FULL
7781,9280,9297,7551223242000,9139439595000,1778513252344218078,1778513252344084544,FULL
7782,9281,9298,7551256560000,9139472914000,1778513252377988260,1778513252377298891,FULL
7783,9282,9299,7551289878000,9139506232000,1778513252410775174,1778513252410799755,FULL
7784,9283,9300,7551323197000,9139539548000,1778513252444110065,1778513252460369186,FULL
7785,9284,9301,7551356515000,9139572869000,1778513252478530832,1778513252481674185,FULL
7786,9285,9302,7551389835000,9139606188000,1778513252510698179,1778513252512078078,FULL
7787,9286,9303,7551423152000,9139639506000,1778513252544173365,1778513252543919180,FULL
7788,9287,9304,7551456470000,9139672825000,1778513252577494144,1778513252569051105,FULL
7789,9288,9305,7551489789000,9139706143000,1778513252610656610,1778513252610322876,FULL
7790,9289,9306,7551523107000,9139739461000,1778513252644084925,1778513252643834017,FULL
7791,9290,9307,7551556427000,9139772780000,1778513252678883430,1778513252676982957,FULL
7792,9291,9308,7551589746000,9139806099000,1778513252710555430,1778513252710354007,FULL
7793,9292,9309,7551623062000,9139839417000,1778513252742997626,1778513252743654613,FULL
7794,9293,9310,7551656381000,9139872735000,1778513252777273340,1778513252777092144,FULL
7795,9294,9311,7551689699000,9139906054000,1778513252810481917,1778513252810398343,FULL
7796,9295,9312,7551723019000,9139939373000,1778513252844109897,1778513252843781448,FULL
7797,9296,9313,7551756338000,9139972692000,1778513252877153586,1778513252877036832,FULL
7798,9297,9314,7551789655000,9140006010000,1778513252911011768,1778513252910284180,FULL
7799,9298,9315,7551822974000,9140039328000,1778513252944268677,1778513252943608508,FULL
7800,9299,9316,7551856292000,9140072647000,1778513252982397517,1778513252976985428,FULL
7801,9300,9317,7551889614000,9140105965000,1778513253012234074,1778513253004589366,FULL
7802,9301,9318,7551922930000,9140139283000,1778513253043977129,1778513253043653584,FULL
7803,9302,9319,7551956248000,9140172600000,1778513253076227160,1778513253077067504,FULL
7804,9303,9320,7551989566000,9140205920000,1778513253109895381,1778513253110283036,FULL
7805,9304,9321,7552022886000,9140239239000,1778513253142776276,1778513253143630605,FULL
7806,9305,9322,7552056204000,9140272558000,1778513253178518585,1778513253176961229,FULL
7807,9306,9323,7552089522000,9140305875000,1778513253209863663,1778513253210257724,FULL
7808,9307,9324,7552122840000,9140339194000,1778513253243117239,1778513253243552497,FULL
7809,9308,9325,7552156158000,9140372513000,1778513253276429000,1778513253277047323,FULL
7810,9309,9326,7552189478000,9140405831000,1778513253309849834,1778513253310099950,FULL
7811,9310,9327,7552222798000,9140439150000,1778513253343195058,1778513253343380242,FULL
7812,9311,9328,7552256117000,9140472468000,1778513253376938036,1778513253376594201,FULL
7813,9312,9329,7552289432000,9140505787000,1778513253410302574,1778513253411155535,FULL
7814,9313,9330,7552322751000,9140539106000,1778513253443693279,1778513253443441836,FULL
7815,9314,9331,7552356070000,9140572423000,1778513253476801505,1778513253476855330,FULL
7816,9315,9332,7552389390000,9140605742000,1778513253510496966,1778513253510426860,FULL
7817,9316,9333,7552422707000,9140639061000,1778513253543569785,1778513253543348155,FULL
7818,9317,9334,7552456026000,9140672378000,1778513253577018100,1778513253576560724,FULL
7819,9318,9335,7552489348000,9140705697000,1778513253610148826,1778513253609900756,FULL
7820,9319,9336,7552522662000,9140739016000,1778513253643628788,1778513253643268991,FULL
7821,9320,9337,7552555981000,9140772333000,1778513253676831680,1778513253676573282,FULL
7822,9321,9338,7552589299000,9140805653000,1778513253711444687,1778513253709949628,FULL
7823,9322,9339,7552622618000,9140838971000,1778513253743364147,1778513253743198272,FULL
7824,9323,9340,7552655936000,9140872290000,1778513253776704204,1778513253776630062,FULL
7825,9324,9341,7552689254000,9140905608000,1778513253810048576,1778513253810405423,FULL
7826,9325,9342,7552722572000,9140938926000,1778513253843560872,1778513253843346292,FULL
7827,9326,9343,7552755892000,9140972244000,1778513253876724079,1778513253876512769,FULL
7828,9327,9344,7552789209000,9141005564000,1778513253910085987,1778513253909916485,FULL
7829,9328,9345,7552822529000,9141038882000,1778513253943413341,1778513253943263332,FULL
7830,9329,9346,7552855847000,9141072200000,1778513253976700972,1778513253976562345,FULL
7831,9330,9347,7552889166000,9141105519000,1778513254011976398,1778513254009899247,FULL
7832,9331,9348,7552922484000,9141138836000,1778513254043640546,1778513254043482999,FULL
7833,9332,9349,7552955802000,9141172156000,1778513254076588515,1778513254076551589,FULL
7834,9333,9350,7552989120000,9141205474000,1778513254110226087,1778513254109950694,FULL
7835,9334,9351,7553022438000,9141238792000,1778513254143431386,1778513254143452724,FULL
7836,9335,9352,7553055758000,9141272114000,1778513254177353381,1778513254176386667,FULL
7837,9336,9353,7553089077000,9141305430000,1778513254210030464,1778513254209868382,FULL
7838,9337,9354,7553122394000,9141338748000,1778513254243241522,1778513254245553039,FULL
7839,9338,9355,7553155713000,9141372067000,1778513254276562190,1778513254276524946,FULL
7840,9339,9356,7553189032000,9141405385000,1778513254310057709,1778513254309735071,FULL
7841,9340,9357,7553222350000,9141438703000,1778513254343233675,1778513254343097417,FULL
7842,9341,9358,7553255670000,9141472022000,1778513254376587657,1778513254376475300,FULL
7843,9342,9359,7553288987000,9141505340000,1778513254409799679,1778513254409638963,FULL
7844,9343,9360,7553322305000,9141538658000,1778513254443145791,1778513254457539003,FULL
7845,9344,9361,7553355624000,9141571977000,1778513254476521885,1778513254479096519,FULL
7846,9345,9362,7553388944000,9141605296000,1778513254509800776,1778513254510705585,FULL
7847,9346,9363,7553422261000,9141638614000,1778513254543526032,1778513254543007386,FULL
7848,9347,9364,7553455582000,9141671933000,1778513254589369772,1778513254576164605,FULL
7849,9348,9366,7553488899000,9141705251000,1778513254624877899,1778513254635812606,FULL
7850,9349,9367,7553522217000,9141738570000,1778513254658283604,1778513254676231977,FULL
7851,9350,9368,7553555536000,9141771888000,1778513254694630499,1778513254709594416,FULL
7852,9351,9369,7553588855000,9141805206000,1778513254727880761,1778513254743013872,FULL
7853,9352,9370,7553622173000,9141838525000,1778513254761418223,1778513254776188924,FULL
7854,9353,9371,7553655492000,9141871843000,1778513254794644522,1778513254809533104,FULL
7855,9354,9371,7553688811000,9141905162000,1778513254827595527,1778513254809533104,FULL
7856,9355,9373,7553722129000,9141938481000,1778513254861207544,1778513254876165316,FULL
7857,9356,9374,7553755448000,9141971799000,1778513254896278435,1778513254909561588,FULL
7858,9357,9375,7553788766000,9142005119000,1778513254928365894,1778513254942727065,FULL
7859,9358,9376,7553822084000,9142038437000,1778513254961601693,1778513254976188670,FULL
7860,9359,9377,7553855403000,9142071754000,1778513255007883928,1778513255009424314,FULL
7861,9360,9378,7553888721000,9142105074000,1778513255030370988,1778513255044066314,FULL
7862,9361,9379,7553922039000,9142138392000,1778513255061920916,1778513255076128654,FULL
7863,9362,9379,7553955360000,9142171708000,1778513255092807406,1778513255076128654,FULL
7864,9363,9380,7553988676000,9142205029000,1778513255125569951,1778513255111780238,FULL
7865,9364,9382,7554021994000,9142238347000,1778513255161747404,1778513255176499246,FULL
7866,9365,9382,7554055313000,9142271665000,1778513255192866836,1778513255176499246,FULL
7867,9366,9384,7554088631000,9142304983000,1778513255226850960,1778513255242714980,FULL
7868,9367,9384,7554121949000,9142338302000,1778513255259891446,1778513255242714980,FULL
7869,9368,9385,7554155268000,9142371621000,1778513255292688120,1778513255278204639,FULL
7870,9369,9386,7554188586000,9142404939000,1778513255324241158,1778513255309491376,FULL
7871,9370,9387,7554221905000,9142438258000,1778513255357517327,1778513255343034443,FULL
7872,9371,9389,7554255224000,9142471575000,1778513255396161180,1778513255409449323,FULL
7873,9372,9390,7554288541000,9142504894000,1778513255427913846,1778513255443154592,FULL
7874,9373,9391,7554321861000,9142538213000,1778513255460976480,1778513255478795398,FULL
7875,9374,9391,7554355179000,9142571531000,1778513255493292178,1778513255478795398,FULL
7876,9375,9393,7554388500000,9142604850000,1778513255527624706,1778513255543021948,FULL
7877,9376,9394,7554421816000,9142638168000,1778513255562771058,1778513255576212740,FULL
7878,9377,9395,7554455134000,9142671487000,1778513255595816933,1778513255609702529,FULL
7879,9378,9395,7554488453000,9142704805000,1778513255624809295,1778513255609702529,FULL
7880,9379,9397,7554521775000,9142738123000,1778513255660716807,1778513255674909199,FULL
7881,9380,9398,7554555090000,9142771442000,1778513255693245187,1778513255708047807,FULL
7882,9381,9399,7554588410000,9142804761000,1778513255727302255,1778513255741409153,FULL
7883,9382,9400,7554621727000,9142838079000,1778513255760156150,1778513255774691889,FULL
7884,9383,9401,7554655046000,9142871397000,1778513255794176163,1778513255808068198,FULL
7885,9384,9402,7554688364000,9142904717000,1778513255827542701,1778513255841277935,FULL
7886,9385,9403,7554721683000,9142938035000,1778513255862091504,1778513255867888901,FULL
7887,9386,9404,7554755002000,9142971353000,1778513255891935024,1778513255907766518,FULL
7888,9387,9405,7554788321000,9143004672000,1778513255924913048,1778513255935750657,FULL
7889,9388,9406,7554821638000,9143037990000,1778513255958311067,1778513255976186380,FULL
7890,9389,9406,7554854957000,9143071308000,1778513255993179126,1778513255976186380,FULL
7891,9390,9407,7554888276000,9143104627000,1778513256026496887,1778513256048454815,FULL
7892,9391,9408,7554921594000,9143137946000,1778513256060742046,1778513256050180076,FULL
7893,9392,9410,7554954912000,9143171264000,1778513256094800595,1778513256109750319,FULL
7894,9393,9410,7554988231000,9143204583000,1778513256124184101,1778513256109750319,FULL
7895,9394,9412,7555021549000,9143237900000,1778513256161326637,1778513256175939831,FULL
7896,9395,9412,7555054868000,9143271219000,1778513256191989444,1778513256175939831,FULL
7897,9396,9413,7555088187000,9143304538000,1778513256225148466,1778513256209178883,FULL
7898,9397,9414,7555121503000,9143337857000,1778513256258112304,1778513256242508525,FULL
7899,9398,9415,7555154822000,9143371175000,1778513256291370214,1778513256276925361,FULL
7900,9399,9416,7555188140000,9143404493000,1778513256324036148,1778513256309165348,FULL
7901,9400,9417,7555221460000,9143437811000,1778513256358269418,1778513256342539750,FULL
7902,9401,9419,7555254780000,9143471130000,1778513256394731368,1778513256409126221,FULL
7903,9402,9419,7555288095000,9143504449000,1778513256427104972,1778513256409126221,FULL
7904,9403,9420,7555321415000,9143537766000,1778513256460709360,1778513256457022169,FULL
7905,9404,9422,7555354733000,9143571085000,1778513256495224349,1778513256509921438,FULL
7906,9405,9422,7555388051000,9143604403000,1778513256524007472,1778513256509921438,FULL
7907,9406,9423,7555421369000,9143637722000,1778513256557794450,1778513256542679013,FULL
7908,9407,9425,7555454689000,9143671041000,1778513256593400706,1778513256608699767,FULL
7909,9408,9426,7555488007000,9143704359000,1778513256629323550,1778513256642951420,FULL
7910,9409,9427,7555521325000,9143737678000,1778513256663959297,1778513256676583152,FULL
7911,9410,9428,7555554644000,9143770995000,1778513256695273561,1778513256712141181,FULL
7912,9411,9428,7555587964000,9143804314000,1778513256727416797,1778513256712141181,FULL
7913,9412,9429,7555621281000,9143837634000,1778513256759268462,1778513256745723525,FULL
7914,9413,9431,7555654599000,9143870951000,1778513256795670227,1778513256809072769,FULL
7915,9414,9432,7555687917000,9143904270000,1778513256827208451,1778513256842550410,FULL
7916,9415,9433,7555721236000,9143937588000,1778513256860458120,1778513256875839461,FULL
7917,9416,9434,7555754555000,9143970907000,1778513256895257458,1778513256909105493,FULL
7918,9417,9435,7555787873000,9144004225000,1778513256927563248,1778513256942501765,FULL
7919,9418,9436,7555821194000,9144037544000,1778513256959289674,1778513256975753057,FULL
7920,9419,9437,7555854511000,9144070862000,1778513257007913719,1778513257009082718,FULL
7921,9420,9438,7555887829000,9144104182000,1778513257030797052,1778513257042407953,FULL
7922,9421,9439,7555921149000,9144137500000,1778513257062596440,1778513257075626986,FULL
7923,9422,9440,7555954469000,9144170817000,1778513257094011888,1778513257110470522,FULL
7924,9423,9440,7555987786000,9144204138000,1778513257125373762,1778513257110470522,FULL
7925,9424,9441,7556021105000,9144237455000,1778513257158627523,1778513257142435289,FULL
7926,9425,9442,7556054422000,9144270774000,1778513257191957247,1778513257175748154,FULL
7927,9426,9443,7556087740000,9144304092000,1778513257225557949,1778513257209391701,FULL
7928,9427,9444,7556121058000,9144337411000,1778513257259121670,1778513257242523457,FULL
7929,9428,9446,7556154376000,9144370729000,1778513257292902297,1778513257308966078,FULL
7930,9429,9447,7556187695000,9144404047000,1778513257329626392,1778513257342780439,FULL
7931,9430,9448,7556221015000,9144437366000,1778513257361381818,1778513257375598790,FULL
7932,9431,9449,7556254335000,9144470684000,1778513257394082233,1778513257409035747,FULL
7933,9432,9450,7556287649000,9144504002000,1778513257428465927,1778513257442475889,FULL
7934,9433,9450,7556320967000,9144537321000,1778513257459228215,1778513257442475889,FULL
7935,9434,9452,7556354285000,9144570640000,1778513257493669168,1778513257509519319,FULL
7936,9435,9453,7556387605000,9144603959000,1778513257526880411,1778513257541993377,FULL
7937,9436,9454,7556420922000,9144637280000,1778513257560583483,1778513257575305372,FULL
7938,9437,9455,7556454241000,9144670596000,1778513257596259460,1778513257608576701,FULL
7939,9438,9456,7556487563000,9144703914000,1778513257627208931,1778513257642199526,FULL
7940,9439,9456,7556520880000,9144737232000,1778513257655592521,1778513257642199526,FULL
7941,9440,9457,7556554197000,9144770551000,1778513257688097828,1778513257675193913,FULL
7942,9441,9459,7556587517000,9144803869000,1778513257725604804,1778513257742046993,FULL
7943,9442,9460,7556620834000,9144837189000,1778513257760362327,1778513257775130008,FULL
7944,9443,9461,7556654152000,9144870508000,1778513257794002992,1778513257808616298,FULL
7945,9444,9462,7556687471000,9144903825000,1778513257826486725,1778513257841871608,FULL
7946,9445,9463,7556720790000,9144937143000,1778513257858896421,1778513257875200140,FULL
7947,9446,9464,7556754107000,9144970462000,1778513257892991303,1778513257908525634,FULL
7948,9447,9465,7556787425000,9145003780000,1778513257926704745,1778513257943964220,FULL
7949,9448,9466,7556820744000,9145037099000,1778513257959882656,1778513257975226179,FULL
7950,9449,9467,7556854063000,9145070417000,1778513257993206416,1778513258008586636,FULL
7951,9450,9468,7556887384000,9145103736000,1778513258028788913,1778513258041908816,FULL
7952,9451,9469,7556920702000,9145137054000,1778513258060253138,1778513258075133812,FULL
7953,9452,9470,7556954018000,9145170373000,1778513258092999256,1778513258108559120,FULL
7954,9453,9471,7556987336000,9145203691000,1778513258127857834,1778513258141879578,FULL
7955,9454,9472,7557020655000,9145237010000,1778513258159972515,1778513258175128500,FULL
7956,9455,9473,7557053974000,9145270328000,1778513258193225036,1778513258208452254,FULL
7957,9456,9474,7557087292000,9145303647000,1778513258226383317,1778513258241793618,FULL
7958,9457,9474,7557120613000,9145336965000,1778513258257458713,1778513258241793618,FULL
7959,9458,9475,7557153928000,9145370284000,1778513258290445384,1778513258275106039,FULL
7960,9459,9477,7557187247000,9145403602000,1778513258328128562,1778513258343443068,FULL
7961,9460,9477,7557220569000,9145436921000,1778513258359218032,1778513258343443068,FULL
7962,9461,9479,7557253888000,9145470240000,1778513258393019991,1778513258408285667,FULL
7963,9462,9479,7557287203000,9145503557000,1778513258426169995,1778513258408285667,FULL
7964,9463,9480,7557320521000,9145536875000,1778513258459603125,1778513258455533251,FULL
7965,9464,9482,7557353839000,9145570194000,1778513258492428465,1778513258508595408,FULL
7966,9465,9483,7557387161000,9145603512000,1778513258526357404,1778513258541471536,FULL
7967,9466,9484,7557420477000,9145636831000,1778513258559459205,1778513258566765664,FULL
7968,9467,9485,7557453795000,9145670149000,1778513258592792095,1778513258607962398,FULL
7969,9468,9486,7557487114000,9145703468000,1778513258626391205,1778513258641298115,FULL
7970,9469,9487,7557520432000,9145736786000,1778513258659533616,1778513258674624757,FULL
7971,9470,9488,7557553751000,9145770105000,1778513258691999459,1778513258708183194,FULL
7972,9471,9489,7557587072000,9145803425000,1778513258726180471,1778513258742249312,FULL
7973,9472,9490,7557620391000,9145836743000,1778513258760295019,1778513258774825295,FULL
7974,9473,9491,7557653710000,9145870061000,1778513258791974390,1778513258808060624,FULL
7975,9474,9492,7557687027000,9145903379000,1778513258826172179,1778513258841556487,FULL
7976,9475,9493,7557720345000,9145936698000,1778513258861501085,1778513258874744465,FULL
7977,9476,9494,7557753664000,9145970017000,1778513258891989116,1778513258908324198,FULL
7978,9477,9495,7557786984000,9146003335000,1778513258928514251,1778513258941502435,FULL
7979,9478,9496,7557820303000,9146036653000,1778513258963981674,1778513258974623765,FULL
7980,9479,9497,7557853620000,9146069972000,1778513259006838076,1778513259008100758,FULL
7981,9480,9498,7557886940000,9146103291000,1778513259029642373,1778513259041433031,FULL
7982,9481,9499,7557920256000,9146136609000,1778513259061204152,1778513259074856709,FULL
7983,9482,9499,7557953574000,9146169928000,1778513259091272799,1778513259074856709,FULL
7984,9483,9500,7557986891000,9146203249000,1778513259124044603,1778513259108102538,FULL
7985,9484,9501,7558020212000,9146236565000,1778513259157657564,1778513259141372274,FULL
7986,9485,9502,7558053530000,9146269883000,1778513259191497912,1778513259177197189,FULL
7987,9486,9504,7558086850000,9146303201000,1778513259226617043,1778513259241730366,FULL
7988,9487,9505,7558120167000,9146336520000,1778513259258346265,1778513259274688994,FULL
7989,9488,9505,7558153487000,9146369838000,1778513259289625733,1778513259274688994,FULL
7990,9489,9507,7558186804000,9146403157000,1778513259325727909,1778513259341284558,FULL
7991,9490,9508,7558220124000,9146436475000,1778513259360510376,1778513259374542850,FULL
7992,9491,9509,7558253442000,9146469794000,1778513259391708900,1778513259407816678,FULL
7993,9492,9510,7558286759000,9146503114000,1778513259424961143,1778513259441082451,FULL
7994,9493,9511,7558320079000,9146536431000,1778513259457976500,1778513259474576704,FULL
7995,9494,9512,7558353397000,9146569749000,1778513259491594702,1778513259507895032,FULL
7996,9495,9513,7558386716000,9146603068000,1778513259524994129,1778513259541194008,FULL
7997,9496,9514,7558420034000,9146636386000,1778513259560726994,1778513259575293606,FULL
7998,9497,9515,7558453352000,9146669705000,1778513259592876693,1778513259606551510,FULL
7999,9498,9516,7558486671000,9146703024000,1778513259625886920,1778513259639706043,FULL
8000,9499,9517,7558519991000,9146736341000,1778513259659668269,1778513259677640735,FULL
8001,9500,9517,7558553309000,9146769660000,1778513259692839438,1778513259677640735,FULL
8002,9501,9519,7558586627000,9146802979000,1778513259725976683,1778513259741227105,FULL
8003,9502,9520,7558619945000,9146836297000,1778513259757901791,1778513259774364861,FULL
8004,9503,9521,7558653264000,9146869617000,1778513259792190487,1778513259807729911,FULL
8005,9504,9522,7558686582000,9146902933000,1778513259825601395,1778513259841542808,FULL
8006,9505,9523,7558719901000,9146936252000,1778513259858617473,1778513259874262179,FULL
8007,9506,9524,7558753219000,9146969571000,1778513259892129269,1778513259907794135,FULL
8008,9507,9525,7558786538000,9147002889000,1778513259925381012,1778513259941006853,FULL
8009,9508,9526,7558819856000,9147036208000,1778513259958688755,1778513259974970805,FULL
8010,9509,9526,7558853175000,9147069527000,1778513259990989860,1778513259974970805,FULL
8011,9510,9528,7558886493000,9147102845000,1778513260030211003,1778513260041111632,FULL
8012,9511,9529,7558919812000,9147136163000,1778513260061089327,1778513260074698791,FULL
8013,9512,9530,7558953130000,9147169482000,1778513260096964727,1778513260107744196,FULL
8014,9513,9531,7558986449000,9147202801000,1778513260128225380,1778513260140987951,FULL
8015,9514,9532,7559019767000,9147236119000,1778513260158978594,1778513260174330371,FULL
8016,9515,9533,7559053085000,9147269437000,1778513260195209935,1778513260207629477,FULL
8017,9516,9534,7559086405000,9147302756000,1778513260227547929,1778513260241011397,FULL
8018,9517,9535,7559119721000,9147336074000,1778513260259993495,1778513260274277745,FULL
8019,9518,9536,7559153041000,9147369393000,1778513260292366803,1778513260307936718,FULL
8020,9519,9537,7559186358000,9147402711000,1778513260325253716,1778513260340844402,FULL
8021,9520,9538,7559219678000,9147436029000,1778513260358612736,1778513260374309839,FULL
8022,9521,9538,7559252996000,9147469348000,1778513260391859275,1778513260374309839,FULL
8023,9522,9539,7559286314000,9147502667000,1778513260425142296,1778513260410153125,FULL
8024,9523,9540,7559319634000,9147535984000,1778513260458471631,1778513260459482281,FULL
8025,9524,9542,7559352951000,9147569303000,1778513260494365216,1778513260503256193,FULL
8026,9525,9543,7559386271000,9147602621000,1778513260525569907,1778513260541274810,FULL
8027,9526,9544,7559419588000,9147635942000,1778513260558580949,1778513260574293863,FULL
8028,9527,9545,7559452907000,9147669259000,1778513260593739320,1778513260598339039,FULL
8029,9528,9546,7559486225000,9147702577000,1778513260625162952,1778513260631921828,FULL
8030,9529,9547,7559519545000,9147735897000,1778513260658062329,1778513260664167648,FULL
8031,9530,9548,7559552862000,9147769215000,1778513260691745975,1778513260708734368,FULL
8032,9531,9549,7559586181000,9147802533000,1778513260726116299,1778513260741778828,FULL
8033,9532,9549,7559619500000,9147835851000,1778513260758360867,1778513260741778828,FULL
8034,9533,9551,7559652818000,9147869170000,1778513260793022373,1778513260808747204,FULL
8035,9534,9551,7559686137000,9147902488000,1778513260824937908,1778513260808747204,FULL
8036,9535,9553,7559719454000,9147935807000,1778513260858165355,1778513260874305889,FULL
8037,9536,9554,7559752773000,9147969125000,1778513260891700428,1778513260907624291,FULL
8038,9537,9554,7559786092000,9148002443000,1778513260923849127,1778513260907624291,FULL
8039,9538,9556,7559819410000,9148035762000,1778513260958406690,1778513260974364280,FULL
8040,9539,9557,7559852728000,9148069080000,1778513261005610083,1778513261010279527,FULL
8041,9540,9558,7559886047000,9148102399000,1778513261027919144,1778513261041033547,FULL
8042,9541,9559,7559919367000,9148135717000,1778513261061697586,1778513261074197358,FULL
8043,9542,9560,7559952683000,9148169035000,1778513261091223609,1778513261107441186,FULL
8044,9543,9560,7559986003000,9148202354000,1778513261122213153,1778513261107441186,FULL
8045,9544,9561,7560019320000,9148235672000,1778513261154461222,1778513261140915217,FULL
8046,9545,9562,7560052640000,9148268991000,1778513261188934544,1778513261174165823,FULL
8047,9546,9563,7560085957000,9148302309000,1778513261222515377,1778513261208408198,FULL
8048,9547,9564,7560119277000,9148335627000,1778513261257639322,1778513261241129162,FULL
8049,9548,9565,7560152596000,9148368946000,1778513261290698030,1778513261274189603,FULL
8050,9549,9567,7560185914000,9148402265000,1778513261326195472,1778513261340477707,FULL
8051,9550,9567,7560219232000,9148435583000,1778513261357222368,1778513261340477707,FULL
8052,9551,9569,7560252550000,9148468901000,1778513261391333769,1778513261407958689,FULL
8053,9552,9570,7560285869000,9148502221000,1778513261427729201,1778513261441494867,FULL
8054,9553,9570,7560319188000,9148535539000,1778513261458015234,1778513261441494867,FULL
8055,9554,9572,7560352507000,9148568857000,1778513261492804387,1778513261507186514,FULL
8056,9555,9573,7560385825000,9148602175000,1778513261524794829,1778513261541170854,FULL
8057,9556,9574,7560419143000,9148635493000,1778513261557954795,1778513261573899206,FULL
8058,9557,9575,7560452462000,9148668812000,1778513261590984522,1778513261607146331,FULL
8059,9558,9575,7560485780000,9148702131000,1778513261624938683,1778513261607146331,FULL
8060,9559,9577,7560519099000,9148735449000,1778513261662071626,1778513261673864561,FULL
8061,9560,9578,7560552416000,9148768768000,1778513261694578173,1778513261707136463,FULL
8062,9561,9579,7560585738000,9148802086000,1778513261727992137,1778513261740429829,FULL
8063,9562,9580,7560619055000,9148835405000,1778513261760492147,1778513261773908785,FULL
8064,9563,9581,7560652372000,9148868723000,1778513261791452507,1778513261806992301,FULL
8065,9564,9582,7560685690000,9148902041000,1778513261825676832,1778513261840337369,FULL
8066,9565,9583,7560719009000,9148935360000,1778513261858636690,1778513261873649586,FULL
8067,9566,9583,7560752326000,9148968679000,1778513261888694596,1778513261873649586,FULL
8068,9567,9584,7560785645000,9149001997000,1778513261922489092,1778513261906976322,FULL
8069,9568,9586,7560818965000,9149035315000,1778513261960294084,1778513261973595145,FULL
8070,9569,9587,7560852282000,9149068634000,1778513261991482330,1778513262007005454,FULL
8071,9570,9588,7560885602000,9149101952000,1778513262025016015,1778513262041546029,FULL
8072,9571,9588,7560918920000,9149135271000,1778513262057392989,1778513262041546029,FULL
8073,9572,9590,7560952239000,9149168590000,1778513262090846952,1778513262106966086,FULL
8074,9573,9591,7560985558000,9149201908000,1778513262124650560,1778513262140583782,FULL
8075,9574,9592,7561018876000,9149235227000,1778513262158149856,1778513262173895184,FULL
8076,9575,9593,7561052194000,9149268545000,1778513262191579893,1778513262206954163,FULL
8077,9576,9594,7561085512000,9149301864000,1778513262226175659,1778513262240210158,FULL
8078,9577,9595,7561118831000,9149335182000,1778513262258574022,1778513262273566467,FULL
8079,9578,9596,7561152150000,9149368500000,1778513262290966552,1778513262306903703,FULL
8080,9579,9597,7561185467000,9149401819000,1778513262324113611,1778513262340015070,FULL
8081,9580,9597,7561218787000,9149435137000,1778513262356218848,1778513262340015070,FULL
8082,9581,9598,7561252105000,9149468456000,1778513262388379769,1778513262373610969,FULL
8083,9582,9599,7561285422000,9149501774000,1778513262421722678,1778513262407027815,FULL
8084,9583,9600,7561318742000,9149535092000,1778513262457554542,1778513262454618210,FULL
8085,9584,9601,7561352060000,9149568412000,1778513262490453066,1778513262475948338,FULL
8086,9585,9603,7561385379000,9149601730000,1778513262524830390,1778513262539986464,FULL
8087,9586,9604,7561418697000,9149635048000,1778513262559534803,1778513262565422238,FULL
8088,9587,9605,7561452019000,9149668366000,1778513262591692780,1778513262606666786,FULL
8089,9588,9606,7561485335000,9149701685000,1778513262624682081,1778513262639981503,FULL
8090,9589,9607,7561518652000,9149735004000,1778513262662464277,1778513262673340053,FULL
8091,9590,9608,7561551971000,9149768322000,1778513262694765400,1778513262706496402,FULL
8092,9591,9609,7561585292000,9149801640000,1778513262727092208,1778513262739982228,FULL
8093,9592,9610,7561618609000,9149834959000,1778513262759557182,1778513262773696441,FULL
8094,9593,9611,7561651927000,9149868277000,1778513262790740095,1778513262806493812,FULL
8095,9594,9612,7561685245000,9149901596000,1778513262823931931,1778513262839985990,FULL
8096,9595,9613,7561718564000,9149934914000,1778513262858577178,1778513262875870423,FULL
8097,9596,9613,7561751883000,9149968233000,1778513262890398177,1778513262875870423,FULL
8098,9597,9615,7561785201000,9150001552000,1778513262924020879,1778513262939941159,FULL
8099,9598,9616,7561818519000,9150034869000,1778513262960131184,1778513262973268376,FULL
8100,9599,9617,7561851838000,9150068188000,1778513263004051926,1778513263006353299,FULL
8101,9600,9618,7561885157000,9150101507000,1778513263026453839,1778513263039801997,FULL
8102,9601,9619,7561918472000,9150134825000,1778513263065054137,1778513263073145917,FULL
8103,9602,9620,7561951794000,9150168143000,1778513263091208714,1778513263106591836,FULL
8104,9603,9621,7561985111000,9150201463000,1778513263124170701,1778513263139813888,FULL
8105,9604,9621,7562018430000,9150234781000,1778513263156117995,1778513263139813888,FULL
8106,9605,9623,7562051747000,9150268100000,1778513263189972139,1778513263206588857,FULL
8107,9606,9623,7562085066000,9150301418000,1778513263222484927,1778513263206588857,FULL
8108,9607,9625,7562118385000,9150334736000,1778513263258441086,1778513263275260476,FULL
8109,9608,9625,7562151704000,9150368055000,1778513263289780460,1778513263275260476,FULL
8110,9609,9626,7562185022000,9150401374000,1778513263322883353,1778513263306715748,FULL
8111,9610,9628,7562218341000,9150434692000,1778513263358843845,1778513263374314969,FULL
8112,9611,9629,7562251662000,9150468011000,1778513263392117310,1778513263406640084,FULL
8113,9612,9630,7562284978000,9150501329000,1778513263425219555,1778513263440035115,FULL
8114,9613,9630,7562318296000,9150534647000,1778513263456279543,1778513263440035115,FULL
8115,9614,9631,7562351613000,9150567967000,1778513263488330965,1778513263473221148,FULL
8116,9615,9632,7562384932000,9150601284000,1778513263520821957,1778513263506860733,FULL
8117,9616,9634,7562418250000,9150634602000,1778513263558580967,1778513263573264780,FULL
8118,9617,9634,7562451569000,9150667920000,1778513263589882990,1778513263573264780,FULL
8119,9618,9636,7562484888000,9150701238000,1778513263624296332,1778513263640037342,FULL
8120,9619,9636,7562518207000,9150734557000,1778513263656594456,1778513263640037342,FULL
8121,9620,9638,7562551527000,9150767875000,1778513263690850577,1778513263706626814,FULL
8122,9621,9639,7562584843000,9150801194000,1778513263724196597,1778513263739923531,FULL
8123,9622,9640,7562618162000,9150834513000,1778513263757296990,1778513263773244674,FULL
8124,9623,9641,7562651481000,9150867831000,1778513263792583619,1778513263806613687,FULL
8125,9624,9641,7562684801000,9150901149000,1778513263823229352,1778513263806613687,FULL
8126,9625,9643,7562718119000,9150934467000,1778513263857629250,1778513263873033919,FULL
8127,9626,9644,7562751435000,9150967787000,1778513263893705852,1778513263907241405,FULL
8128,9627,9652,7562784755000,9151001105000,1778513264174391531,1778513264173020260,FULL
8129,9628,9652,7562818073000,9151034423000,1778513264174986321,1778513264173020260,FULL
8130,9629,9652,7562851389000,9151067742000,1778513264175636129,1778513264173020260,FULL
8131,9630,9652,7562884708000,9151101060000,1778513264176200568,1778513264173020260,FULL
8132,9631,9652,7562918029000,9151134379000,1778513264176763580,1778513264173020260,FULL
8133,9632,9652,7562951347000,9151167697000,1778513264177306037,1778513264173020260,FULL
8134,9633,9652,7562984665000,9151201016000,1778513264177840310,1778513264173020260,FULL
8135,9634,9652,7563017984000,9151234335000,1778513264178376730,1778513264173020260,FULL
8136,9635,9653,7563051302000,9151267654000,1778513264195246238,1778513264208482457,FULL
8137,9636,9654,7563084620000,9151300973000,1778513264227276271,1778513264238428706,FULL
8138,9637,9655,7563117939000,9151334291000,1778513264255891211,1778513264271562462,FULL
8139,9638,9655,7563151258000,9151367610000,1778513264288156928,1778513264271562462,FULL
8140,9639,9656,7563184576000,9151400929000,1778513264320394441,1778513264304912253,FULL
8141,9640,9657,7563217894000,9151434247000,1778513264355904623,1778513264339502828,FULL
8142,9641,9659,7563251213000,9151467565000,1778513264390674980,1778513264406157039,FULL
8143,9642,9659,7563284532000,9151500884000,1778513264424090110,1778513264406157039,FULL
8144,9643,9660,7563317850000,9151534201000,1778513264456187013,1778513264454608629,FULL
8145,9644,9661,7563351169000,9151567520000,1778513264492170542,1778513264478005757,FULL
8146,9645,9662,7563384487000,9151600838000,1778513264523709822,1778513264508594370,FULL
8147,9646,9664,7563417806000,9151634157000,1778513264556360016,1778513264564834071,FULL
8148,9647,9665,7563451124000,9151667475000,1778513264597125587,1778513264607037758,FULL
8149,9648,9666,7563484441000,9151700794000,1778513264627129550,1778513264639370522,FULL
8150,9649,9667,7563517765000,9151734112000,1778513264659258841,1778513264672497685,FULL
8151,9650,9668,7563551078000,9151767430000,1778513264692118403,1778513264705858735,FULL
8152,9651,9669,7563584395000,9151800750000,1778513264723851459,1778513264740120054,FULL
8153,9652,9669,7563617713000,9151834068000,1778513264756610781,1778513264740120054,FULL
8154,9653,9671,7563651033000,9151867386000,1778513264790137336,1778513264806764414,FULL
8155,9654,9671,7563684350000,9151900704000,1778513264822462941,1778513264806764414,FULL
8156,9655,9673,7563717669000,9151934023000,1778513264856894116,1778513264872444783,FULL
8157,9656,9674,7563750989000,9151967343000,1778513264890217136,1778513264907208227,FULL
8158,9657,9674,7563784309000,9152000658000,1778513264922416205,1778513264907208227,FULL
8159,9658,9676,7563817626000,9152033979000,1778513264956897305,1778513264973478886,FULL
8160,9659,9677,7563850943000,9152067297000,1778513264998703995,1778513265006669697,FULL
8161,9660,9678,7563884261000,9152100615000,1778513265028123205,1778513265039108089,FULL
8162,9661,9679,7563917580000,9152133934000,1778513265056839588,1778513265072460343,FULL
8163,9662,9679,7563950900000,9152167251000,1778513265088792048,1778513265072460343,FULL
8164,9663,9680,7563984217000,9152200572000,1778513265119156136,1778513265105850337,FULL
8165,9664,9681,7564017537000,9152233889000,1778513265152673192,1778513265139159240,FULL
8166,9665,9683,7564050854000,9152267208000,1778513265193463096,1778513265205914247,FULL
8167,9666,9683,7564084172000,9152300526000,1778513265221859149,1778513265205914247,FULL
8168,9667,9684,7564117493000,9152333845000,1778513265254756841,1778513265240562821,FULL
8169,9668,9685,7564150809000,9152367163000,1778513265289131479,1778513265273385098,FULL
8170,9669,9686,7564184127000,9152400482000,1778513265320229708,1778513265306593854,FULL
8171,9670,9687,7564217448000,9152433800000,1778513265353161140,1778513265341838922,FULL
8172,9671,9689,7564250767000,9152467119000,1778513265390696245,1778513265405663717,FULL
8173,9672,9690,7564284083000,9152500437000,1778513265426834476,1778513265439102229,FULL
8174,9673,9691,7564317404000,9152533755000,1778513265457326378,1778513265472369780,FULL
8175,9674,9691,7564350725000,9152567074000,1778513265488865398,1778513265472369780,FULL
8176,9675,9693,7564384040000,9152600393000,1778513265525306293,1778513265539891946,FULL
8177,9676,9694,7564417359000,9152633711000,1778513265557194810,1778513265573322995,FULL
8178,9677,9695,7564450678000,9152667029000,1778513265589921466,1778513265606446473,FULL
8179,9678,9695,7564483996000,9152700349000,1778513265623413595,1778513265606446473,FULL
8180,9679,9696,7564517316000,9152733667000,1778513265656173954,1778513265640922661,FULL
8181,9680,9698,7564550633000,9152766985000,1778513265689537141,1778513265705673502,FULL
8182,9681,9699,7564583953000,9152800303000,1778513265724698030,1778513265742207169,FULL
8183,9682,9699,7564617271000,9152833623000,1778513265756288235,1778513265742207169,FULL
8184,9683,9700,7564650589000,9152866941000,1778513265789539737,1778513265773624701,FULL
8185,9684,9702,7564683906000,9152900259000,1778513265822784944,1778513265834941594,FULL
8186,9685,9703,7564717225000,9152933577000,1778513265856049649,1778513265874657990,FULL
8187,9686,9703,7564750543000,9152966896000,1778513265889765906,1778513265874657990,FULL
8188,9687,9705,7564783863000,9153000214000,1778513265922789411,1778513265939621829,FULL
8189,9688,9705,7564817181000,9153033533000,1778513265955061423,1778513265939621829,FULL
8190,9689,9707,7564850498000,9153066851000,1778513265989884094,1778513266005648695,FULL
8191,9690,9707,7564883819000,9153100170000,1778513266022831415,1778513266005648695,FULL
8192,9691,9708,7564917136000,9153133488000,1778513266056258971,1778513266042956207,FULL
8193,9692,9709,7564950454000,9153166807000,1778513266089287216,1778513266074117870,FULL
8194,9693,9710,7564983774000,9153200126000,1778513266122961844,1778513266106845019,FULL
8195,9694,9711,7565017092000,9153233444000,1778513266155258337,1778513266141709129,FULL
8196,9695,9713,7565050410000,9153266762000,1778513266194188576,1778513266205785680,FULL
8197,9696,9714,7565083730000,9153300081000,1778513266223145735,1778513266232724088,FULL
8198,9697,9715,7565117047000,9153333399000,1778513266258449530,1778513266271724583,FULL
8199,9698,9716,7565150364000,9153366717000,1778513266289461093,1778513266304268641,FULL
8200,9699,9717,7565183683000,9153400036000,1778513266322628467,1778513266337585618,FULL
8201,9700,9718,7565217003000,9153433354000,1778513266355085200,1778513266371084611,FULL
8202,9701,9719,7565250323000,9153466674000,1778513266389660781,1778513266404149349,FULL
8203,9702,9719,7565283640000,9153499992000,1778513266423742904,1778513266404149349,FULL
8204,9703,9720,7565316958000,9153533310000,1778513266454951094,1778513266450401812,FULL
8205,9704,9722,7565350276000,9153566628000,1778513266489369510,1778513266504553792,FULL
8206,9705,9723,7565383597000,9153599946000,1778513266522578106,1778513266529966029,FULL
8207,9706,9724,7565416914000,9153633266000,1778513266555799182,1778513266574887375,FULL
8208,9707,9724,7565450233000,9153666584000,1778513266589139906,1778513266574887375,FULL
8209,9708,9725,7565483551000,9153699902000,1778513266621619139,1778513266605592321,FULL
8210,9709,9727,7565516869000,9153733221000,1778513266658343364,1778513266672191922,FULL
8211,9710,9728,7565550188000,9153766539000,1778513266692522801,1778513266705479288,FULL
8212,9711,9729,7565583506000,9153799858000,1778513266725402548,1778513266732409010,FULL
8213,9712,9730,7565616826000,9153833178000,1778513266758704586,1778513266770688346,FULL
8214,9713,9731,7565650145000,9153866494000,1778513266790739139,1778513266803847009,FULL
8215,9714,9732,7565683461000,9153899813000,1778513266822402880,1778513266831167988,FULL
8216,9715,9733,7565716780000,9153933132000,1778513266855472736,1778513266872496424,FULL
8217,9716,9734,7565750099000,9153966450000,1778513266889712098,1778513266905742142,FULL
8218,9717,9735,7565783417000,9153999768000,1778513266924893858,1778513266939104803,FULL
8219,9718,9736,7565816737000,9154033087000,1778513266958462968,1778513266974202281,FULL
8220,9719,9737,7565850055000,9154066406000,1778513267002701466,1778513267005606479,FULL
8221,9720,9738,7565883374000,9154099724000,1778513267027564130,1778513267038814160,FULL
8222,9721,9739,7565916691000,9154133042000,1778513267058298252,1778513267073303903,FULL
8223,9722,9739,7565950013000,9154166360000,1778513267089083984,1778513267073303903,FULL
8224,9723,9740,7565983327000,9154199680000,1778513267120394580,1778513267105281207,FULL
8225,9724,9741,7566016647000,9154232999000,1778513267154198688,1778513267138490073,FULL
8226,9725,9742,7566049965000,9154266318000,1778513267187882575,1778513267171720828,FULL
8227,9726,9744,7566083284000,9154299635000,1778513267222890559,1778513267238490390,FULL
8228,9727,9745,7566116604000,9154332954000,1778513267255364032,1778513267272184807,FULL
8229,9728,9745,7566149924000,9154366272000,1778513267288173280,1778513267272184807,FULL
8230,9729,9746,7566183239000,9154399591000,1778513267321221414,1778513267305132028,FULL
8231,9730,9747,7566216558000,9154432909000,1778513267354797024,1778513267338294691,FULL
8232,9731,9748,7566249877000,9154466228000,1778513267387854084,1778513267374233420,FULL
8233,9732,9749,7566283195000,9154499547000,1778513267421259770,1778513267405112142,FULL
8234,9733,9750,7566316513000,9154532865000,1778513267454202331,1778513267438463581,FULL
8235,9734,9752,7566349831000,9154566184000,1778513267491006222,1778513267505261883,FULL
8236,9735,9753,7566383150000,9154599502000,1778513267522570260,1778513267538359306,FULL
8237,9736,9753,7566416468000,9154632821000,1778513267554224779,1778513267538359306,FULL
8238,9737,9755,7566449787000,9154666139000,1778513267590529231,1778513267604712873,FULL
8239,9738,9756,7566483105000,9154699458000,1778513267624338320,1778513267638428530,FULL
8240,9739,9757,7566516424000,9154732776000,1778513267658205279,1778513267671635137,FULL
8241,9740,9758,7566549743000,9154766095000,1778513267690508273,1778513267706096954,FULL
8242,9741,9759,7566583062000,9154799414000,1778513267722496584,1778513267738330071,FULL
8243,9742,9760,7566616380000,9154832733000,1778513267755508237,1778513267771614066,FULL
8244,9743,9760,7566649697000,9154866057000,1778513267788761740,1778513267771614066,FULL
8245,9744,9761,7566683015000,9154899369000,1778513267821123770,1778513267807852829,FULL
8246,9745,9762,7566716334000,9154932687000,1778513267855329688,1778513267840611903,FULL
8247,9746,9764,7566749651000,9154966005000,1778513267890875500,1778513267903523392,FULL
8248,9747,9765,7566782970000,9154999324000,1778513267922370724,1778513267936913349,FULL
8249,9748,9766,7566816288000,9155032642000,1778513267954329055,1778513267971275370,FULL
8250,9749,9767,7566849607000,9155065960000,1778513267990671395,1778513268004680568,FULL
8251,9750,9768,7566882925000,9155099279000,1778513268022379987,1778513268038191431,FULL
8252,9751,9769,7566916246000,9155132597000,1778513268055497787,1778513268071512445,FULL
8253,9752,9770,7566949561000,9155165916000,1778513268088597143,1778513268104761070,FULL
8254,9753,9770,7566982879000,9155199235000,1778513268121098357,1778513268104761070,FULL
8255,9754,9772,7567016198000,9155232553000,1778513268155192776,1778513268170024054,FULL
8256,9755,9773,7567049517000,9155265871000,1778513268191185343,1778513268196559114,FULL
8257,9756,9774,7567082835000,9155299190000,1778513268222729604,1778513268236932578,FULL
8258,9757,9775,7567116158000,9155332507000,1778513268254476566,1778513268271269748,FULL
8259,9758,9775,7567149475000,9155365826000,1778513268288313322,1778513268271269748,FULL
8260,9759,9776,7567182793000,9155399144000,1778513268319626104,1778513268305797120,FULL
8261,9760,9777,7567216111000,9155432463000,1778513268351801487,1778513268337977200,FULL
8262,9761,9779,7567249430000,9155465782000,1778513268390281250,1778513268404656449,FULL
8263,9762,9779,7567282748000,9155499101000,1778513268421922158,1778513268404656449,FULL
8264,9763,9780,7567316067000,9155532419000,1778513268454791053,1778513268453954197,FULL
8265,9764,9781,7567349384000,9155565737000,1778513268487428673,1778513268475199938,FULL
8266,9765,9782,7567382704000,9155599059000,1778513268522145363,1778513268506921540,FULL
8267,9766,9784,7567416023000,9155632375000,1778513268554983222,1778513268562515117,FULL
8268,9767,9785,7567449340000,9155665693000,1778513268588267724,1778513268603179097,FULL
8269,9768,9786,7567482659000,9155699012000,1778513268620932158,1778513268629091497,FULL
8270,9769,9787,7567515978000,9155732331000,1778513268654925412,1778513268664399880,FULL
8271,9770,9788,7567549296000,9155765649000,1778513268688364357,1778513268704527994,FULL
8272,9771,9789,7567582615000,9155798967000,1778513268723183806,1778513268737905377,FULL
8273,9772,9790,7567615933000,9155832286000,1778513268754932583,1778513268771189724,FULL
8274,9773,9791,7567649249000,9155865604000,1778513268788204974,1778513268804541885,FULL
8275,9774,9792,7567682569000,9155898923000,1778513268823269087,1778513268837891454,FULL
8276,9775,9793,7567715886000,9155932240000,1778513268854982494,1778513268871180949,FULL
8277,9776,9794,7567749204000,9155965559000,1778513268889006303,1778513268904539221,FULL
8278,9777,9795,7567782523000,9155998878000,1778513268921991271,1778513268938892169,FULL
8279,9778,9795,7567815844000,9156032196000,1778513268954627336,1778513268938892169,FULL
8280,9779,9797,7567849162000,9156065515000,1778513269000813183,1778513269004405410,FULL
8281,9780,9797,7567882480000,9156098832000,1778513269022051090,1778513269004405410,FULL
8282,9781,9798,7567915799000,9156132151000,1778513269053220707,1778513269040178474,FULL
8283,9782,9799,7567949115000,9156165468000,1778513269085648347,1778513269071797744,FULL
8284,9783,9801,7567982433000,9156198789000,1778513269121792338,1778513269137898813,FULL
8285,9784,9801,7568015753000,9156232107000,1778513269153171786,1778513269137898813,FULL
8286,9785,9802,7568049070000,9156265424000,1778513269185856497,1778513269171057772,FULL
8287,9786,9803,7568082391000,9156298744000,1778513269218010252,1778513269204366267,FULL
8288,9787,9804,7568115712000,9156332062000,1778513269251092941,1778513269237896149,FULL
8289,9788,9805,7568149026000,9156365380000,1778513269285301434,1778513269270994220,FULL
8290,9789,9806,7568182344000,9156398699000,1778513269320963133,1778513269304348937,FULL
8291,9790,9807,7568215666000,9156432025000,1778513269354074433,1778513269337860244,FULL
8292,9791,9808,7568248983000,9156465336000,1778513269387065716,1778513269372249118,FULL
8293,9792,9809,7568282303000,9156498653000,1778513269421098136,1778513269404432012,FULL
8294,9793,9810,7568315621000,9156531974000,1778513269453645627,1778513269440270390,FULL
8295,9794,9812,7568348937000,9156565291000,1778513269488148764,1778513269504936232,FULL
8296,9795,9813,7568382255000,9156598608000,1778513269522818455,1778513269539458956,FULL
8297,9796,9814,7568415576000,9156631930000,1778513269555966959,1778513269571114337,FULL
8298,9797,9815,7568448895000,9156665248000,1778513269587756236,1778513269604330074,FULL
8299,9798,9816,7568482212000,9156698564000,1778513269621627583,1778513269637685568,FULL
8300,9799,9817,7568515531000,9156731884000,1778513269654850919,1778513269670972286,FULL
8301,9800,9818,7568548851000,9156765202000,1778513269687991330,1778513269704205429,FULL
8302,9801,9819,7568582170000,9156798520000,1778513269721645884,1778513269737893069,FULL
8303,9802,9819,7568615488000,9156831842000,1778513269754211949,1778513269737893069,FULL
8304,9803,9820,7568648806000,9156865159000,1778513269787481580,1778513269771173416,FULL
8305,9804,9821,7568682125000,9156898476000,1778513269818334182,1778513269804104396,FULL
8306,9805,9822,7568715441000,9156931796000,1778513269852197159,1778513269838344808,FULL
8307,9806,9823,7568748759000,9156965114000,1778513269885543846,1778513269870866403,FULL
8308,9807,9824,7568782078000,9156998433000,1778513269920374758,1778513269904036417,FULL
8309,9808,9826,7568815396000,9157031751000,1778513269956719727,1778513269970735851,FULL
8310,9809,9826,7568848714000,9157065070000,1778513269987286554,1778513269970735851,FULL
8311,9810,9827,7568882033000,9157098388000,1778513270019332365,1778513270004250084,FULL
8312,9811,9828,7568915354000,9157131709000,1778513270053852614,1778513270037524468,FULL
8313,9812,9829,7568948672000,9157165024000,1778513270085180025,1778513270070715113,FULL
8314,9813,9831,7568981990000,9157198343000,1778513270121387163,1778513270137454064,FULL
8315,9814,9831,7569015309000,9157231662000,1778513270153510659,1778513270137454064,FULL
8316,9815,9833,7569048628000,9157264981000,1778513270187907482,1778513270204012073,FULL
8317,9816,9834,7569081946000,9157298300000,1778513270220882376,1778513270237462474,FULL
8318,9817,9834,7569115264000,9157331616000,1778513270254893222,1778513270237462474,FULL
8319,9818,9835,7569148583000,9157364936000,1778513270287967375,1778513270273458906,FULL
8320,9819,9836,7569181907000,9157398255000,1778513270315884489,1778513270304192222,FULL
8321,9820,9837,7569215223000,9157431572000,1778513270349440988,1778513270337267423,FULL
8322,9821,9838,7569248538000,9157464891000,1778513270380470588,1778513270370839878,FULL
8323,9822,9839,7569281856000,9157498209000,1778513270419140107,1778513270404052355,FULL
8324,9823,9840,7569315176000,9157531527000,1778513270451095123,1778513270452776258,FULL
8325,9824,9841,7569348494000,9157564846000,1778513270485751759,1778513270475877536,FULL
8326,9825,9843,7569381812000,9157598164000,1778513270523336808,1778513270537417204,FULL
8327,9826,9844,7569415132000,9157631483000,1778513270555794207,1778513270562606147,FULL
8328,9827,9845,7569448451000,9157664801000,1778513270589006432,1778513270602606522,FULL
8329,9828,9846,7569481768000,9157698120000,1778513270620508083,1778513270626904696,FULL
8330,9829,9847,7569515086000,9157731439000,1778513270656339225,1778513270669238105,FULL
8331,9830,9848,7569548405000,9157764757000,1778513270686936014,1778513270695808590,FULL
8332,9831,9849,7569581725000,9157798076000,1778513270721258394,1778513270737327802,FULL
8333,9832,9849,7569615042000,9157831393000,1778513270753320038,1778513270737327802,FULL
8334,9833,9850,7569648360000,9157864712000,1778513270786817131,1778513270772336744,FULL
8335,9834,9852,7569681679000,9157898032000,1778513270821866670,1778513270837007678,FULL
8336,9835,9852,7569714996000,9157931351000,1778513270853624669,1778513270837007678,FULL
8337,9836,9854,7569748315000,9157964668000,1778513270887676848,1778513270903548576,FULL
8338,9837,9854,7569781634000,9157997987000,1778513270919994860,1778513270903548576,FULL
8339,9838,9856,7569814952000,9158031306000,1778513270954298629,1778513270970571210,FULL
8340,9839,9857,7569848270000,9158064623000,1778513271000577124,1778513271003807206,FULL
8341,9840,9858,7569881590000,9158097942000,1778513271021925122,1778513271036959573,FULL
8342,9841,9859,7569914908000,9158131262000,1778513271055092959,1778513271072477528,FULL
8343,9842,9859,7569948227000,9158164578000,1778513271085441547,1778513271072477528,FULL
8344,9843,9860,7569981545000,9158197900000,1778513271119124526,1778513271104264241,FULL
8345,9844,9861,7570014861000,9158231216000,1778513271152332344,1778513271137216702,FULL
8346,9845,9863,7570048179000,9158264534000,1778513271188488945,1778513271203685027,FULL
8347,9846,9864,7570081497000,9158297853000,1778513271224139071,1778513271239470628,FULL
8348,9847,9865,7570114818000,9158331172000,1778513271255701757,1778513271270371775,FULL
8349,9848,9866,7570148136000,9158364490000,1778513271290877332,1778513271304049655,FULL
8350,9849,9867,7570181456000,9158397808000,1778513271321241476,1778513271336916136,FULL
8351,9850,9868,7570214776000,9158431126000,1778513271355067287,1778513271370463943,FULL
8352,9851,9868,7570248095000,9158464445000,1778513271386196497,1778513271370463943,FULL
8353,9852,9869,7570281410000,9158497764000,1778513271418029606,1778513271405485977,FULL
8354,9853,9870,7570314729000,9158531082000,1778513271450774151,1778513271437148136,FULL
8355,9854,9871,7570348049000,9158564401000,1778513271484934810,1778513271470616963,FULL
8356,9855,9873,7570381367000,9158597719000,1778513271519858851,1778513271536553293,FULL
8357,9856,9874,7570414686000,9158631038000,1778513271552974614,1778513271568911093,FULL
8358,9857,9875,7570448004000,9158664356000,1778513271589816912,1778513271596302885,FULL
8359,9858,9876,7570481323000,9158697675000,1778513271622001721,1778513271637214141,FULL
8360,9859,9877,7570514643000,9158730993000,1778513271654977671,1778513271670428210,FULL
8361,9860,9878,7570547961000,9158764312000,1778513271691605249,1778513271702527069,FULL
8362,9861,9879,7570581278000,9158797630000,1778513271721834839,1778513271735519030,FULL
8363,9862,9880,7570614598000,9158830949000,1778513271756215699,1778513271768855450,FULL
8364,9863,9881,7570647916000,9158864267000,1778513271788662118,1778513271804617292,FULL
8365,9864,9882,7570681234000,9158897586000,1778513271822185191,1778513271837120498,FULL
8366,9865,9883,7570714554000,9158930904000,1778513271856950011,1778513271870243532,FULL
8367,9866,9884,7570747875000,9158964222000,1778513271887552448,1778513271903635248,FULL
8368,9867,9884,7570781190000,9158997542000,1778513271917080619,1778513271903635248,FULL
8369,9868,9885,7570814507000,9159030860000,1778513271948345828,1778513271936949132,FULL
8370,9869,9886,7570847825000,9159064178000,1778513271981793995,1778513271970232109,FULL
8371,9870,9888,7570881144000,9159097497000,1778513272024270270,1778513272037058578,FULL
8372,9871,9889,7570914464000,9159130816000,1778513272055627645,1778513272070208074,FULL
8373,9872,9890,7570947783000,9159164137000,1778513272088969072,1778513272103486940,FULL
8374,9873,9891,7570981100000,9159197453000,1778513272122105279,1778513272136864267,FULL
8375,9874,9892,7571014419000,9159230774000,1778513272153966500,1778513272170186244,FULL
8376,9875,9892,7571047738000,9159264088000,1778513272186102532,1778513272170186244,FULL
8377,9876,9894,7571081055000,9159297408000,1778513272220634317,1778513272236756715,FULL
8378,9877,9894,7571114373000,9159330725000,1778513272253221234,1778513272236756715,FULL
8379,9878,9895,7571147692000,9159364044000,1778513272286014260,1778513272270121432,FULL
8380,9879,9897,7571181010000,9159397362000,1778513272320501471,1778513272336737940,FULL
8381,9880,9898,7571214330000,9159430682000,1778513272356843385,1778513272370098212,FULL
8382,9881,9899,7571247648000,9159463999000,1778513272387448249,1778513272403706741,FULL
8383,9882,9899,7571280966000,9159497318000,1778513272422130681,1778513272403706741,FULL
8384,9883,9900,7571314283000,9159530637000,1778513272453321260,1778513272452316626,FULL
8385,9884,9901,7571347602000,9159563955000,1778513272486052305,1778513272474074177,FULL
8386,9885,9903,7571380920000,9159597273000,1778513272522114296,1778513272536830611,FULL
8387,9886,9904,7571414236000,9159630592000,1778513272554157941,1778513272569986052,FULL
8388,9887,9905,7571447558000,9159663910000,1778513272587692255,1778513272603203566,FULL
8389,9888,9906,7571480875000,9159697230000,1778513272621144089,1778513272629421333,FULL
8390,9889,9907,7571514195000,9159730548000,1778513272653096864,1778513272669861574,FULL
8391,9890,9908,7571547512000,9159763866000,1778513272687175469,1778513272703161698,FULL
8392,9891,9908,7571580833000,9159797185000,1778513272719804663,1778513272703161698,FULL
8393,9892,9909,7571614151000,9159830503000,1778513272749944475,1778513272736733802,FULL
8394,9893,9910,7571647469000,9159863822000,1778513272784552075,1778513272769905391,FULL
8395,9894,9912,7571680787000,9159897140000,1778513272821513982,1778513272836593843,FULL
8396,9895,9913,7571714107000,9159930458000,1778513272853518683,1778513272870053651,FULL
8397,9896,9913,7571747428000,9159963778000,1778513272886191136,1778513272870053651,FULL
8398,9897,9915,7571780743000,9159997096000,1778513272922176924,1778513272936363903,FULL
8399,9898,9916,7571814061000,9160030415000,1778513272954185865,1778513272969752193,FULL
8400,9899,9917,7571847379000,9160063733000,1778513272993788764,1778513273003053133,FULL
8401,9900,9918,7571880701000,9160097051000,1778513273022005801,1778513273037233860,FULL
8402,9901,9919,7571914015000,9160130369000,1778513273054135889,1778513273069721085,FULL
8403,9902,9919,7571947337000,9160163687000,1778513273084751956,1778513273069721085,FULL
8404,9903,9920,7571980651000,9160197006000,1778513273118931282,1778513273103025358,FULL
8405,9904,9921,7572013970000,9160230326000,1778513273149621033,1778513273136361667,FULL
8406,9905,9922,7572047288000,9160263643000,1778513273184668146,1778513273169717384,FULL
8407,9906,9924,7572080606000,9160296961000,1778513273222703320,1778513273238963385,FULL
8408,9907,9924,7572113925000,9160330280000,1778513273253310054,1778513273238963385,FULL
8409,9908,9925,7572147247000,9160363598000,1778513273284953925,1778513273269761460,FULL
8410,9909,9926,7572180565000,9160396918000,1778513273319118159,1778513273303015455,FULL
8411,9910,9927,7572213884000,9160430236000,1778513273352478141,1778513273336216025,FULL
8412,9911,9929,7572247202000,9160463554000,1778513273386568727,1778513273402851607,FULL
8413,9912,9929,7572280521000,9160496873000,1778513273416988315,1778513273402851607,FULL
8414,9913,9930,7572313840000,9160530191000,1778513273449704564,1778513273436529914,FULL
8415,9914,9931,7572347156000,9160563510000,1778513273485632982,1778513273469590615,FULL
8416,9915,9932,7572380474000,9160596828000,1778513273518471711,1778513273503389679,FULL
8417,9916,9933,7572413793000,9160630146000,1778513273552163857,1778513273536135790,FULL
8418,9917,9934,7572447112000,9160663465000,1778513273585246269,1778513273569576599,FULL
8419,9918,9935,7572480429000,9160696783000,1778513273618793046,1778513273602759317,FULL
8420,9919,9937,7572513748000,9160730101000,1778513273654185414,1778513273669551490,FULL
8421,9920,9937,7572547066000,9160763420000,1778513273685329216,1778513273669551490,FULL
8422,9921,9939,7572580385000,9160796739000,1778513273719699096,1778513273736193202,FULL
8423,9922,9939,7572613706000,9160830059000,1778513273751863795,1778513273736193202,FULL
8424,9923,9941,7572647022000,9160863376000,1778513273786676540,1778513273802718970,FULL
8425,9924,9942,7572680340000,9160896694000,1778513273820756015,1778513273836086354,FULL
8426,9925,9943,7572713659000,9160930014000,1778513273854485438,1778513273871823251,FULL
8427,9926,9944,7572746977000,9160963332000,1778513273888785078,1778513273902782361,FULL
8428,9927,9945,7572780296000,9160996650000,1778513273919508125,1778513273936047412,FULL
8429,9928,9946,7572813617000,9161029968000,1778513273953304936,1778513273969426536,FULL
8430,9929,9947,7572846933000,9161063287000,1778513273987773982,1778513274002695864,FULL
8431,9930,9947,7572880251000,9161096605000,1778513274017451558,1778513274002695864,FULL
8432,9931,9948,7572913572000,9161129923000,1778513274053074832,1778513274037019683,FULL
8433,9932,9949,7572946889000,9161163242000,1778513274082793094,1778513274070175513,FULL
8434,9933,9950,7572980206000,9161196561000,1778513274119032083,1778513274103583673,FULL
8435,9934,9952,7573013525000,9161229882000,1778513274153645238,1778513274169264950,FULL
8436,9935,9953,7573046845000,9161263198000,1778513274187154441,1778513274202756387,FULL
8437,9936,9954,7573080163000,9161296516000,1778513274219513008,1778513274236022494,FULL
8438,9937,9954,7573113482000,9161329835000,1778513274252498865,1778513274236022494,FULL
8439,9938,9955,7573146801000,9161363153000,1778513274285530129,1778513274270046241,FULL
8440,9939,9956,7573180119000,9161396471000,1778513274316411619,1778513274302570558,FULL
8441,9940,9957,7573213437000,9161429791000,1778513274349551771,1778513274335808628,FULL
8442,9941,9958,7573246755000,9161463109000,1778513274382999253,1778513274369489249,FULL
8443,9942,9959,7573280074000,9161496427000,1778513274418269308,1778513274402533820,FULL
8444,9943,9960,7573313395000,9161529746000,1778513274452115008,1778513274451200760,FULL
8445,9944,9961,7573346711000,9161563064000,1778513274485742487,1778513274473289974,FULL
8446,9945,9963,7573380030000,9161596382000,1778513274521414242,1778513274535735819,FULL
8447,9946,9964,7573413350000,9161629701000,1778513274554503135,1778513274568865760,FULL
8448,9947,9965,7573446668000,9161663020000,1778513274589347306,1778513274602446048,FULL
8449,9948,9966,7573479987000,9161696338000,1778513274619505674,1778513274629884377,FULL
8450,9949,9967,7573513306000,9161729658000,1778513274652313033,1778513274670453840,FULL
8451,9950,9967,7573546622000,9161762975000,1778513274685420574,1778513274670453840,FULL
8452,9951,9968,7573579941000,9161796294000,1778513274718693668,1778513274703200266,FULL
8453,9952,9969,7573613260000,9161829612000,1778513274751871023,1778513274738103264,FULL
8454,9953,9970,7573646576000,9161862930000,1778513274785580373,1778513274769235224,FULL
8455,9954,9972,7573679897000,9161896249000,1778513274822117322,1778513274835883417,FULL
8456,9955,9973,7573713216000,9161929568000,1778513274854271354,1778513274869082654,FULL
8457,9956,9974,7573746536000,9161962886000,1778513274890562584,1778513274902381575,FULL
8458,9957,9975,7573779853000,9161996203000,1778513274920667786,1778513274936051177,FULL
8459,9958,9976,7573813170000,9162029523000,1778513274957136458,1778513274968978287,FULL
8460,9959,9977,7573846489000,9162062841000,1778513275000197876,1778513275002620816,FULL
8461,9960,9978,7573879808000,9162096159000,1778513275022200607,1778513275035898589,FULL
8462,9961,9979,7573913125000,9162129479000,1778513275056632227,1778513275068972715,FULL
8463,9962,9980,7573946445000,9162162796000,1778513275084080531,1778513275096724430,FULL
8464,9963,9981,7573979760000,9162196115000,1778513275116617744,1778513275135985072,FULL
8465,9964,9981,7574013078000,9162229434000,1778513275148190913,1778513275135985072,FULL
8466,9965,9982,7574046397000,9162262752000,1778513275181299139,1778513275169098680,FULL
8467,9966,9984,7574079715000,9162296071000,1778513275220037602,1778513275235817372,FULL
8468,9967,9984,7574113033000,9162329389000,1778513275251082535,1778513275235817372,FULL
8469,9968,9986,7574146353000,9162362707000,1778513275286172573,1778513275302412233,FULL
8470,9969,9986,7574179673000,9162396027000,1778513275317398967,1778513275302412233,FULL
8471,9970,9987,7574212990000,9162429344000,1778513275351750254,1778513275335753079,FULL
8472,9971,9989,7574246309000,9162462663000,1778513275387354213,1778513275402139756,FULL
8473,9972,9989,7574279629000,9162495981000,1778513275418317703,1778513275402139756,FULL
8474,9973,9990,7574312948000,9162529300000,1778513275451726444,1778513275436177800,FULL
8475,9974,9991,7574346264000,9162562618000,1778513275485221629,1778513275469674348,FULL
8476,9975,9992,7574379584000,9162595937000,1778513275518643444,1778513275503779576,FULL
8477,9976,9993,7574412903000,9162629255000,1778513275551565598,1778513275535666251,FULL
8478,9977,9995,7574446225000,9162662573000,1778513275586941319,1778513275602789384,FULL
8479,9978,9995,7574479542000,9162695892000,1778513275619045926,1778513275602789384,FULL
8480,9979,9996,7574512858000,9162729211000,1778513275648966945,1778513275636271637,FULL
8481,9980,9997,7574546176000,9162762530000,1778513275683203048,1778513275669591076,FULL
8482,9981,9998,7574579496000,9162795848000,1778513275718134625,1778513275702940441,FULL
8483,9982,9999,7574612813000,9162829166000,1778513275751380312,1778513275735908643,FULL
8484,9983,10001,7574646132000,9162862485000,1778513275785795395,1778513275802094933,FULL
8485,9984,10001,7574679450000,9162895802000,1778513275818295979,1778513275802094933,FULL
8486,9985,10002,7574712770000,9162929122000,1778513275852168142,1778513275836117588,FULL
8487,9986,10003,7574746088000,9162962440000,1778513275884195527,1778513275869478767,FULL
8488,9987,10005,7574779407000,9162995759000,1778513275924092923,1778513275936180312,FULL
8489,9988,10006,7574812725000,9163029078000,1778513275953187265,1778513275969530473,FULL
8490,9989,10007,7574846046000,9163062395000,1778513275987234426,1778513276002702043,FULL
8491,9990,10008,7574879364000,9163095714000,1778513276020980349,1778513276036242980,FULL
8492,9991,10009,7574912679000,9163129032000,1778513276053076826,1778513276069440865,FULL
8493,9992,10009,7574946004000,9163162351000,1778513276085904166,1778513276069440865,FULL
8494,9993,10010,7574979317000,9163195670000,1778513276119671385,1778513276102775582,FULL
8495,9994,10011,7575012635000,9163228988000,1778513276151922287,1778513276137687673,FULL
8496,9995,10012,7575045953000,9163262306000,1778513276184287688,1778513276168652709,FULL
8497,9996,10014,7575079271000,9163295624000,1778513276223697940,1778513276238441001,FULL
8498,9997,10014,7575112592000,9163328943000,1778513276253461034,1778513276238441001,FULL
8499,9998,10016,7575145911000,9163362261000,1778513276286559890,1778513276302588255,FULL
8500,9999,10017,7575179227000,9163395580000,1778513276323917257,1778513276337720733,FULL
8501,10000,10018,7575212547000,9163428898000,1778513276354153013,1778513276368555011,FULL
8502,10001,10019,7575245866000,9163462218000,1778513276389005647,1778513276401758155,FULL
8503,10002,10019,7575279181000,9163495535000,1778513276418113878,1778513276401758155,FULL
8504,10003,10020,7575312503000,9163528854000,1778513276451648470,1778513276452416113,FULL
8505,10004,10021,7575345819000,9163562172000,1778513276485665501,1778513276474921434,FULL
8506,10005,10023,7575379137000,9163595490000,1778513276521624530,1778513276537625776,FULL
8507,10006,10024,7575412456000,9163628810000,1778513276555759764,1778513276568374036,FULL
8508,10007,10025,7575445778000,9163662128000,1778513276587197822,1778513276601661790,FULL
8509,10008,10025,7575479100000,9163695446000,1778513276614815477,1778513276601661790,FULL
8510,10009,10026,7575512413000,9163728765000,1778513276634698342,1778513276629539319,FULL
8511,10010,10027,7575545729000,9163762082000,1778513276667247611,1778513276669690211,FULL
8512,10011,10028,7575579048000,9163795401000,1778513276700364003,1778513276703741291,FULL
8513,10012,10029,7575612364000,9163828719000,1778513276732860495,1778513276731019251,FULL
8514,10013,10030,7575645683000,9163862038000,1778513276767037747,1778513276769040423,FULL
8515,10014,10031,7575679001000,9163895357000,1778513276799689533,1778513276801597462,FULL
8516,10015,10032,7575712322000,9163928675000,1778513276833502270,1778513276835558303,FULL
8517,10016,10033,7575745639000,9163961995000,1778513276866806050,1778513276868314970,FULL
8518,10017,10034,7575778956000,9163995312000,1778513276899552465,1778513276901572984,FULL
8519,10018,10035,7575812275000,9164028631000,1778513276933494923,1778513276934871405,FULL
8520,10019,10036,7575845595000,9164061949000,1778513276971591689,1778513276968386120,FULL
8521,10020,10037,7575878914000,9164095268000,1778513277001227674,1778513277001587208,FULL
8522,10021,10038,7575912234000,9164128586000,1778513277033119098,1778513277035011369,FULL
8523,10022,10039,7575945551000,9164161904000,1778513277065516220,1778513277068352271,FULL
8524,10023,10040,7575978868000,9164195226000,1778513277099037442,1778513277101791524,FULL
8525,10024,10041,7576012186000,9164228542000,1778513277132348332,1778513277135857456,FULL
8526,10025,10042,7576045506000,9164261860000,1778513277165695686,1778513277168389013,FULL
8527,10026,10043,7576078823000,9164295179000,1778513277199422183,1778513277201860748,FULL
8528,10027,10044,7576112144000,9164328497000,1778513277232897350,1778513277235512332,FULL
8529,10028,10045,7576145462000,9164361816000,1778513277265948113,1778513277267062047,FULL
8530,10029,10046,7576178779000,9164395135000,1778513277299266689,1778513277300192822,FULL
8531,10030,10047,7576212098000,9164428453000,1778513277332739337,1778513277326074203,FULL
8532,10031,10048,7576245419000,9164461771000,1778513277366040709,1778513277366849644,FULL
8533,10032,10049,7576278733000,9164495090000,1778513277399354766,1778513277400184935,FULL
8534,10033,10050,7576312054000,9164528408000,1778513277433546833,1778513277433957574,FULL
8535,10034,10051,7576345372000,9164561727000,1778513277465779790,1778513277468389650,FULL
8536,10035,10052,7576378689000,9164595045000,1778513277500608313,1778513277501619646,FULL
8537,10036,10053,7576412012000,9164628364000,1778513277535158561,1778513277535705985,FULL
8538,10037,10054,7576445327000,9164661681000,1778513277566544064,1778513277570527132,FULL
8539,10038,10055,7576478661000,9164695001000,1778513277599300109,1778513277601685722,FULL
8540,10039,10056,7576511964000,9164728319000,1778513277632551204,1778513277634926940,FULL
8541,10040,10057,7576545282000,9164761637000,1778513277666483032,1778513277668235694,FULL
8542,10041,10058,7576578601000,9164794956000,1778513277699186355,1778513277701516856,FULL
8543,10042,10059,7576611919000,9164828275000,1778513277733286145,1778513277734935887,FULL
8544,10043,10060,7576645238000,9164861593000,1778513277765705674,1778513277766798469,FULL
8545,10044,10061,7576678556000,9164894911000,1778513277799895334,1778513277799913022,FULL
8546,10045,10062,7576711874000,9164928230000,1778513277835167092,1778513277833413441,FULL
8547,10046,10063,7576745195000,9164961548000,1778513277866378375,1778513277867898387,FULL
8548,10047,10064,7576778512000,9164994867000,1778513277898999495,1778513277901488028,FULL
8549,10048,10065,7576811829000,9165028185000,1778513277933006138,1778513277934772745,FULL
8550,10049,10066,7576845149000,9165061503000,1778513277966266159,1778513277969419338,FULL
8551,10050,10067,7576878468000,9165094823000,1778513277999054629,1778513278001545085,FULL
8552,10051,10068,7576911787000,9165128140000,1778513278034301647,1778513278034867709,FULL
8553,10052,10069,7576945104000,9165161460000,1778513278065637096,1778513278068581163,FULL
8554,10053,10070,7576978422000,9165194777000,1778513278100749097,1778513278101397885,FULL
8555,10054,10071,7577011743000,9165228095000,1778513278132272599,1778513278134729676,FULL
8556,10055,10072,7577045059000,9165261414000,1778513278166216723,1778513278166635629,FULL
8557,10056,10073,7577078376000,9165294731000,1778513278199720982,1778513278199882643,FULL
8558,10057,10074,7577111695000,9165328051000,1778513278232368824,1778513278233022399,FULL
8559,10058,10075,7577145014000,9165361371000,1778513278266238876,1778513278267976600,FULL
8560,10059,10076,7577178333000,9165394689000,1778513278298878884,1778513278301207596,FULL
8561,10060,10077,7577211651000,9165428024000,1778513278332919471,1778513278334380240,FULL
8562,10061,10078,7577244972000,9165461325000,1778513278365549646,1778513278368222804,FULL
8563,10062,10079,7577278287000,9165494644000,1778513278399557437,1778513278401074914,FULL
8564,10063,10080,7577311606000,9165527963000,1778513278432818273,1778513278449632948,FULL
8565,10064,10081,7577344927000,9165561281000,1778513278465448281,1778513278470949465,FULL
8566,10065,10082,7577378243000,9165594601000,1778513278499547016,1778513278502967676,FULL
8567,10066,10083,7577411565000,9165627919000,1778513278533295346,1778513278534433337,FULL
8568,10067,10084,7577444882000,9165661236000,1778513278566035280,1778513278559068656,FULL
8569,10068,10085,7577478198000,9165694557000,1778513278599680667,1778513278599737784,FULL
8570,10069,10086,7577511523000,9165727875000,1778513278632043604,1778513278624977616,FULL
8571,10070,10087,7577544836000,9165761192000,1778513278665982377,1778513278662048111,FULL
8572,10071,10088,7577578156000,9165794511000,1778513278698687107,1778513278702681814,FULL
8573,10072,10089,7577611474000,9165827829000,1778513278732573714,1778513278735213186,FULL
8574,10073,10090,7577644791000,9165861148000,1778513278765860309,1778513278770361478,FULL
8575,10074,10091,7577678109000,9165894466000,1778513278799257939,1778513278803668529,FULL
8576,10075,10092,7577711428000,9165927784000,1778513278831975040,1778513278834555325,FULL
8577,10076,10093,7577744747000,9165961104000,1778513278865302856,1778513278867942874,FULL
8578,10077,10094,7577778065000,9165994422000,1778513278899189833,1778513278901187296,FULL
8579,10078,10095,7577811384000,9166027740000,1778513278931958970,1778513278934204145,FULL
8580,10079,10096,7577844701000,9166061059000,1778513278970078366,1778513278961563364,FULL
8581,10080,10097,7577878020000,9166094377000,1778513279000238067,1778513278999629554,FULL
8582,10081,10098,7577911342000,9166127696000,1778513279032178842,1778513279032946623,FULL
8583,10082,10099,7577944658000,9166161012000,1778513279066418131,1778513279063056760,FULL
8584,10083,10100,7577977977000,9166194337000,1778513279098665236,1778513279101285818,FULL
8585,10084,10101,7578011297000,9166227651000,1778513279131828110,1778513279134200076,FULL
8586,10085,10102,7578044615000,9166260970000,1778513279166843353,1778513279166585173,FULL
8587,10086,10103,7578077931000,9166294287000,1778513279198155838,1778513279193686653,FULL
8588,10087,10104,7578111249000,9166327606000,1778513279232003279,1778513279232961776,FULL
8589,10088,10105,7578144569000,9166360924000,1778513279265206208,1778513279267382390,FULL
8590,10089,10106,7578177886000,9166394243000,1778513279298476599,1778513279301325545,FULL
8591,10090,10107,7578211204000,9166427562000,1778513279331853266,1778513279334122897,FULL
8592,10091,10108,7578244529000,9166460881000,1778513279365999685,1778513279367557650,FULL
8593,10092,10109,7578277845000,9166494199000,1778513279398560861,1778513279401031495,FULL
8594,10093,10110,7578311160000,9166527517000,1778513279431823382,1778513279434185084,FULL
8595,10094,10111,7578344483000,9166560836000,1778513279465000867,1778513279467631985,FULL
8596,10095,10112,7578377798000,9166594155000,1778513279498574847,1778513279500825851,FULL
8597,10096,10113,7578411120000,9166627473000,1778513279532286326,1778513279534441306,FULL
8598,10097,10114,7578444435000,9166660791000,1778513279565802196,1778513279567705820,FULL
8599,10098,10115,7578477754000,9166694110000,1778513279599161456,1778513279601481458,FULL
8600,10099,10116,7578511076000,9166727428000,1778513279632491069,1778513279634200811,FULL
8601,10100,10117,7578544395000,9166760747000,1778513279665083967,1778513279667448362,FULL
8602,10101,10118,7578577711000,9166794065000,1778513279698805316,1778513279700758764,FULL
8603,10102,10119,7578611026000,9166827385000,1778513279731611805,1778513279733991278,FULL
8604,10103,10120,7578644345000,9166860702000,1778513279765494152,1778513279767591159,FULL
8605,10104,10121,7578677663000,9166894019000,1778513279798927727,1778513279800909524,FULL
8606,10105,10122,7578710981000,9166927338000,1778513279832145877,1778513279834051002,FULL
8607,10106,10123,7578744302000,9166960656000,1778513279864866663,1778513279867317553,FULL
8608,10107,10124,7578777623000,9166993975000,1778513279898722770,1778513279900597234,FULL
8609,10108,10125,7578810938000,9167027295000,1778513279932101716,1778513279934401779,FULL
8610,10109,10126,7578844257000,9167060612000,1778513279964725595,1778513279967241001,FULL
8611,10110,10127,7578877575000,9167093930000,1778513279998836866,1778513280000588329,FULL
8612,10111,10128,7578910895000,9167127248000,1778513280031460486,1778513280036513650,FULL
8613,10112,10129,7578944212000,9167160568000,1778513280065585072,1778513280067372909,FULL
8614,10113,10130,7578977530000,9167193887000,1778513280098173562,1778513280100647368,FULL
8615,10114,10131,7579010852000,9167227204000,1778513280132132353,1778513280134002918,FULL
8616,10115,10132,7579044174000,9167260523000,1778513280166367012,1778513280167000712,FULL
8617,10116,10133,7579077486000,9167293841000,1778513280198218029,1778513280200440539,FULL
8618,10117,10134,7579110804000,9167327160000,1778513280232101025,1778513280233767293,FULL
8619,10118,10135,7579144124000,9167360478000,1778513280264645572,1778513280267002048,FULL
8620,10119,10136,7579177441000,9167393798000,1778513280298672806,1778513280300495004,FULL
8621,10120,10137,7579210759000,9167427115000,1778513280331406296,1778513280333646759,FULL
8622,10121,10138,7579244082000,9167460434000,1778513280365227218,1778513280367160326,FULL
8623,10122,10139,7579277396000,9167493753000,1778513280398778273,1778513280400475247,FULL
8624,10123,10140,7579310718000,9167527071000,1778513280431357912,1778513280449077447,FULL
8625,10124,10141,7579344037000,9167560390000,1778513280465093224,1778513280472015338,FULL
8626,10125,10142,7579377353000,9167593708000,1778513280498124358,1778513280501801015,FULL
8627,10126,10143,7579410674000,9167627026000,1778513280531998817,1778513280534046649,FULL
8628,10127,10144,7579443991000,9167660344000,1778513280565696333,1778513280566980666,FULL
8629,10128,10145,7579477314000,9167693663000,1778513280598796281,1778513280600297939,FULL
8630,10129,10146,7579510628000,9167726982000,1778513280631836156,1778513280633492935,FULL
8631,10130,10147,7579543945000,9167760301000,1778513280664502072,1778513280666967743,FULL
8632,10131,10148,7579577264000,9167793620000,1778513280700361862,1778513280700156665,FULL
8633,10132,10149,7579610582000,9167826937000,1778513280731190389,1778513280733526530,FULL
8634,10133,10150,7579643900000,9167860256000,1778513280765020867,1778513280766968319,FULL
8635,10134,10151,7579677218000,9167893575000,1778513280797789282,1778513280800158927,FULL
8636,10135,10152,7579710538000,9167926893000,1778513280831784350,1778513280835119980,FULL
8637,10136,10153,7579743856000,9167960211000,1778513280864702078,1778513280866800546,FULL
8638,10137,10154,7579777175000,9167993530000,1778513280897950451,1778513280900074226,FULL
8639,10138,10155,7579810492000,9168026848000,1778513280931683430,1778513280933531479,FULL
8640,10139,10156,7579843812000,9168060167000,1778513280969515717,1778513280966950325,FULL
8641,10140,10157,7579877129000,9168093486000,1778513281001378160,1778513281000155913,FULL
8642,10141,10158,7579910450000,9168126803000,1778513281031294012,1778513281033415649,FULL
8643,10142,10159,7579943767000,9168160120000,1778513281063898559,1778513281066619275,FULL
8644,10143,10160,7579977085000,9168193445000,1778513281097308874,1778513281101089073,FULL
8645,10144,10161,7580010405000,9168226758000,1778513281130583524,1778513281134336458,FULL
8646,10145,10162,7580043724000,9168260077000,1778513281164406946,1778513281167740155,FULL
8647,10146,10163,7580077044000,9168293395000,1778513281198544236,1778513281200173121,FULL
8648,10147,10164,7580110360000,9168326713000,1778513281231418686,1778513281233440246,FULL
8649,10148,10165,7580143681000,9168360032000,1778513281264252730,1778513281269261699,FULL
8650,10149,10166,7580176996000,9168393350000,1778513281297649583,1778513281300101921,FULL
8651,10150,10167,7580210314000,9168426669000,1778513281330929826,1778513281333247547,FULL
8652,10151,10168,7580243634000,9168459988000,1778513281364167809,1778513281366680393,FULL
8653,10152,10169,7580276952000,9168493307000,1778513281397771401,1778513281400238015,FULL
8654,10153,10170,7580310270000,9168526625000,1778513281430872997,1778513281433382344,FULL
8655,10154,10171,7580343591000,9168559943000,1778513281464153629,1778513281466841819,FULL
8656,10155,10172,7580376907000,9168593261000,1778513281497580500,1778513281499966335,FULL
8657,10156,10173,7580410228000,9168626580000,1778513281531366978,1778513281533933897,FULL
8658,10157,10174,7580443544000,9168659899000,1778513281564712590,1778513281566713823,FULL
8659,10158,10175,7580476865000,9168693218000,1778513281597529227,1778513281600063318,FULL
8660,10159,10177,7580510181000,9168726535000,1778513281651097034,1778513281667594854,FULL
8661,10160,10178,7580543503000,9168759853000,1778513281685864094,1778513281700058376,FULL
8662,10161,10178,7580576824000,9168793172000,1778513281715467505,1778513281700058376,FULL
8663,10162,10179,7580610140000,9168826491000,1778513281747255579,1778513281733612220,FULL
8664,10163,10180,7580643458000,9168859811000,1778513281780253769,1778513281767705096,FULL
8665,10164,10181,7580676777000,9168893129000,1778513281815061403,1778513281799966879,FULL
8666,10165,10183,7580710095000,9168926446000,1778513281850675436,1778513281866623294,FULL
8667,10166,10184,7580743415000,9168959765000,1778513281884868576,1778513281898653487,FULL
8668,10167,10185,7580776733000,9168993084000,1778513281917364846,1778513281931920612,FULL
8669,10168,10186,7580810051000,9169026403000,1778513281949382324,1778513281965287754,FULL
8670,10169,10187,7580843369000,9169059721000,1778513281982336570,1778513281994143144,FULL
8671,10170,10188,7580876688000,9169093040000,1778513282019650752,1778513282033407600,FULL
8672,10171,10188,7580910006000,9169126357000,1778513282049410273,1778513282033407600,FULL
8673,10172,10189,7580943324000,9169159676000,1778513282080380947,1778513282067829473,FULL
8674,10173,10190,7580976642000,9169192994000,1778513282114628569,1778513282100033404,FULL
8675,10174,10192,7581009961000,9169226313000,1778513282153811786,1778513282166511618,FULL
8676,10175,10193,7581043280000,9169259632000,1778513282185222530,1778513282199971704,FULL
8677,10176,10194,7581076600000,9169292950000,1778513282218392015,1778513282233110663,FULL
8678,10177,10195,7581109918000,9169326268000,1778513282254962353,1778513282266564397,FULL
8679,10178,10196,7581143238000,9169359588000,1778513282285434440,1778513282299889744,FULL
8680,10179,10197,7581176555000,9169392907000,1778513282318449815,1778513282333197424,FULL
8681,10180,10197,7581209873000,9169426225000,1778513282347877913,1778513282333197424,FULL
8682,10181,10198,7581243190000,9169459542000,1778513282380396904,1778513282366444234,FULL
8683,10182,10199,7581276509000,9169492862000,1778513282413286559,1778513282400066411,FULL
8684,10183,10200,7581309827000,9169526181000,1778513282450209985,1778513282448479057,FULL
8685,10184,10201,7581343147000,9169559499000,1778513282481240363,1778513282471486373,FULL
8686,10185,10203,7581376465000,9169592818000,1778513282515061285,1778513282533065226,FULL
8687,10186,10204,7581409783000,9169626136000,1778513282550018769,1778513282566166686,FULL
8688,10187,10204,7581443103000,9169659454000,1778513282582168894,1778513282566166686,FULL
8689,10188,10205,7581476420000,9169692772000,1778513282615484692,1778513282599452441,FULL
8690,10189,10206,7581509737000,9169726091000,1778513282648741232,1778513282632546308,FULL
8691,10190,10207,7581543058000,9169759410000,1778513282681961493,1778513282666112689,FULL
8692,10191,10208,7581576375000,9169792728000,1778513282714448337,1778513282700233343,FULL
8693,10192,10209,7581609693000,9169826046000,1778513282749364766,1778513282733628670,FULL
8694,10193,10210,7581643011000,9169859365000,1778513282781892054,1778513282766804148,FULL
8695,10194,10211,7581676330000,9169892683000,1778513282815381776,1778513282799935589,FULL
8696,10195,10212,7581709649000,9169926002000,1778513282847694511,1778513282832834792,FULL
8697,10196,10214,7581742968000,9169959320000,1778513282882073223,1778513282894572995,FULL
8698,10197,10215,7581776285000,9169992638000,1778513282919710642,1778513282934984273,FULL
8699,10198,10216,7581809609000,9170025956000,1778513282955346934,1778513282966888523,FULL
8700,10199,10217,7581842924000,9170059275000,1778513282996286800,1778513283003276543,FULL
8701,10200,10218,7581876242000,9170092593000,1778513283018489234,1778513283032916777,FULL
8702,10201,10219,7581909562000,9170125913000,1778513283051131668,1778513283066069181,FULL
8703,10202,10219,7581942879000,9170159230000,1778513283080594673,1778513283066069181,FULL
8704,10203,10220,7581976197000,9170192550000,1778513283113404514,1778513283099303306,FULL
8705,10204,10221,7582009516000,9170225868000,1778513283147633932,1778513283132684560,FULL
8706,10205,10222,7582042835000,9170259188000,1778513283181269004,1778513283165971777,FULL
8707,10206,10223,7582076152000,9170292505000,1778513283214282657,1778513283200904979,FULL
8708,10207,10224,7582109471000,9170325824000,1778513283249210160,1778513283232691840,FULL
8709,10208,10225,7582142790000,9170359141000,1778513283281207083,1778513283265978835,FULL
8710,10209,10226,7582176107000,9170392460000,1778513283313873851,1778513283299358422,FULL
8711,10210,10227,7582209427000,9170425779000,1778513283348562653,1778513283332539029,FULL
8712,10211,10229,7582242746000,9170459097000,1778513283384038280,1778513283399387165,FULL
8713,10212,10230,7582276063000,9170492415000,1778513283417570612,1778513283432642753,FULL
8714,10213,10231,7582309383000,9170525734000,1778513283451126945,1778513283465762749,FULL
8715,10214,10231,7582342701000,9170559053000,1778513283481471459,1778513283465762749,FULL
8716,10215,10232,7582376021000,9170592371000,1778513283514750146,1778513283499219558,FULL
8717,10216,10233,7582409338000,9170625690000,1778513283548140055,1778513283533039196,FULL
8718,10217,10234,7582442656000,9170659007000,1778513283581417890,1778513283565854862,FULL
8719,10218,10236,7582475973000,9170692327000,1778513283614898983,1778513283626898887,FULL
8720,10219,10237,7582509292000,9170725646000,1778513283650150353,1778513283666259601,FULL
8721,10220,10238,7582542611000,9170758964000,1778513283686310195,1778513283699101082,FULL
8722,10221,10239,7582575933000,9170792282000,1778513283716793597,1778513283732493928,FULL
8723,10222,10239,7582609248000,9170825600000,1778513283748252247,1778513283732493928,FULL
8724,10223,10240,7582642568000,9170858919000,1778513283782484110,1778513283765911329,FULL
8725,10224,10241,7582675886000,9170892237000,1778513283814833159,1778513283799178325,FULL
8726,10225,10243,7582709205000,9170925557000,1778513283850231953,1778513283865781018,FULL
8727,10226,10244,7582742523000,9170958874000,1778513283883605491,1778513283899001755,FULL
8728,10227,10245,7582775842000,9170992193000,1778513283917522894,1778513283932398804,FULL
8729,10228,10245,7582809161000,9171025511000,1778513283948892046,1778513283932398804,FULL
8730,10229,10246,7582842480000,9171058830000,1778513283981707608,1778513283965778724,FULL
8731,10230,10251,7582875795000,9171092148000,1778513284124151907,1778513284133426318,FULL
8732,10231,10251,7582909113000,9171125468000,1778513284124737438,1778513284133426318,FULL
8733,10232,10251,7582942435000,9171158786000,1778513284125163841,1778513284133426318,FULL
8734,10233,10251,7582975752000,9171192104000,1778513284125601225,1778513284133426318,FULL
8735,10234,10251,7583009068000,9171225422000,1778513284147817288,1778513284133426318,FULL
8736,10235,10252,7583042393000,9171258741000,1778513284181839486,1778513284165749544,FULL
8737,10236,10253,7583075707000,9171292059000,1778513284214852120,1778513284199028003,FULL
8738,10237,10254,7583109025000,9171325378000,1778513284247312316,1778513284232298720,FULL
8739,10238,10255,7583142343000,9171358697000,1778513284278662838,1778513284265579715,FULL
8740,10239,10256,7583175661000,9171392019000,1778513284311902415,1778513284298996246,FULL
8741,10240,10258,7583208979000,9171425333000,1778513284351766459,1778513284365587125,FULL
8742,10241,10259,7583242298000,9171458652000,1778513284384169303,1778513284398978064,FULL
8743,10242,10259,7583275619000,9171491971000,1778513284417346140,1778513284398978064,FULL
8744,10243,10260,7583308939000,9171525289000,1778513284450935546,1778513284447625319,FULL
8745,10244,10261,7583342255000,9171558607000,1778513284481543965,1778513284470146695,FULL
8746,10245,10263,7583375575000,9171591926000,1778513284514922929,1778513284532208562,FULL
8747,10246,10264,7583408893000,9171625244000,1778513284550089429,1778513284565483742,FULL
8748,10247,10265,7583442210000,9171658563000,1778513284584165886,1778513284598661497,FULL
8749,10248,10266,7583475531000,9171691882000,1778513284619517440,1778513284631983714,FULL
8750,10249,10267,7583508848000,9171725199000,1778513284652145727,1778513284665391412,FULL
8751,10250,10268,7583542172000,9171758519000,1778513284684460813,1778513284698960867,FULL
8752,10251,10269,7583575486000,9171791837000,1778513284717157321,1778513284732974337,FULL
8753,10252,10269,7583608805000,9171825155000,1778513284745559523,1778513284732974337,FULL
8754,10253,10270,7583642121000,9171858474000,1778513284778454492,1778513284766313332,FULL
8755,10254,10271,7583675441000,9171891794000,1778513284811659050,1778513284799516216,FULL
8756,10255,10272,7583708758000,9171925111000,1778513284849352413,1778513284833053931,FULL
8757,10256,10273,7583742075000,9171958429000,1778513284880780138,1778513284868780681,FULL
8758,10257,10274,7583775396000,9171991747000,1778513284915578310,1778513284899215314,FULL
8759,10258,10276,7583808713000,9172025066000,1778513284951211287,1778513284965387031,FULL
8760,10259,10277,7583842032000,9172058384000,1778513284995509229,1778513284998607952,FULL
8761,10260,10278,7583875353000,9172091703000,1778513285019907824,1778513285032789513,FULL
8762,10261,10279,7583908670000,9172125021000,1778513285050652593,1778513285066115045,FULL
8763,10262,10279,7583941992000,9172158338000,1778513285079582252,1778513285066115045,FULL
8764,10263,10280,7583975307000,9172191659000,1778513285112469610,1778513285099448539,FULL
8765,10264,10281,7584008624000,9172224977000,1778513285147349706,1778513285132073541,FULL
8766,10265,10282,7584041941000,9172258295000,1778513285181358108,1778513285165218963,FULL
8767,10266,10284,7584075260000,9172291613000,1778513285215803876,1778513285232090562,FULL
8768,10267,10284,7584108581000,9172324932000,1778513285247826761,1778513285232090562,FULL
8769,10268,10285,7584141899000,9172358250000,1778513285277576708,1778513285266968597,FULL
8770,10269,10286,7584175217000,9172391568000,1778513285310491084,1778513285298563738,FULL
8771,10270,10287,7584208535000,9172424887000,1778513285346928220,1778513285331843677,FULL
8772,10271,10289,7584241853000,9172458206000,1778513285382740899,1778513285398814682,FULL
8773,10272,10290,7584275173000,9172491524000,1778513285416211250,1778513285431985049,FULL
8774,10273,10291,7584308492000,9172524843000,1778513285449576400,1778513285465242341,FULL
8775,10274,10292,7584341810000,9172558161000,1778513285483475358,1778513285498545169,FULL
8776,10275,10293,7584375129000,9172591480000,1778513285516703768,1778513285532118698,FULL
8777,10276,10294,7584408448000,9172624798000,1778513285550583486,1778513285565182251,FULL
8778,10277,10294,7584441765000,9172658117000,1778513285581142628,1778513285565182251,FULL
8779,10278,10295,7584475084000,9172691435000,1778513285614025856,1778513285598460265,FULL
8780,10279,10296,7584508402000,9172724754000,1778513285647753594,1778513285631925314,FULL
8781,10280,10298,7584541719000,9172758072000,1778513285686655963,1778513285698367120,FULL
8782,10281,10299,7584575039000,9172791391000,1778513285720009761,1778513285731786466,FULL
8783,10282,10299,7584608358000,9172824709000,1778513285744881147,1778513285731786466,FULL
8784,10283,10300,7584641677000,9172858027000,1778513285765424968,1778513285765077201,FULL
8785,10284,10301,7584675011000,9172891347000,1778513285803177053,1778513285798396715,FULL
8786,10285,10302,7584708317000,9172924664000,1778513285832150860,1778513285831729858,FULL
8787,10286,10303,7584741630000,9172957983000,1778513285862674353,1778513285865054760,FULL
8788,10287,10304,7584774945000,9172991301000,1778513285895965818,1778513285898305774,FULL
8789,10288,10305,7584808264000,9173024620000,1778513285929375467,1778513285931618898,FULL
8790,10289,10306,7584841584000,9173057939000,1778513285962654562,1778513285964925319,FULL
8791,10290,10307,7584874901000,9173091258000,1778513285994944778,1778513285999019991,FULL
8792,10291,10308,7584908219000,9173124576000,1778513286030314869,1778513286031762288,FULL
8793,10292,10309,7584941538000,9173157893000,1778513286062257922,1778513286064911451,FULL
8794,10293,10310,7584974856000,9173191212000,1778513286095705552,1778513286092930645,FULL
8795,10294,10311,7585008174000,9173224531000,1778513286130901367,1778513286131759642,FULL
8796,10295,10312,7585041494000,9173257849000,1778513286162673533,1778513286164958361,FULL
8797,10296,10313,7585074814000,9173291168000,1778513286197490593,1778513286198193745,FULL
8798,10297,10314,7585108133000,9173324486000,1778513286229292925,1778513286231622220,FULL
8799,10298,10315,7585141450000,9173357805000,1778513286262361819,1778513286264976937,FULL
8800,10299,10316,7585174768000,9173391124000,1778513286295751153,1778513286298246543,FULL
8801,10300,10317,7585208086000,9173424442000,1778513286328996100,1778513286331561779,FULL
8802,10301,10318,7585241406000,9173457760000,1778513286362304749,1778513286364915866,FULL
8803,10302,10319,7585274723000,9173491078000,1778513286395596862,1778513286398323841,FULL
8804,10303,10320,7585308042000,9173524397000,1778513286428986734,1778513286446954967,FULL
8805,10304,10321,7585341362000,9173557715000,1778513286462449789,1778513286468241985,FULL
8806,10305,10322,7585374681000,9173591034000,1778513286495801753,1778513286499897088,FULL
8807,10306,10323,7585408000000,9173624353000,1778513286528835054,1778513286531491044,FULL
8808,10307,10324,7585441317000,9173657671000,1778513286562124945,1778513286564641799,FULL
8809,10308,10325,7585474635000,9173690990000,1778513286595688666,1778513286598842638,FULL
8810,10309,10326,7585507954000,9173724308000,1778513286628870632,1778513286632048856,FULL
8811,10310,10327,7585541273000,9173757627000,1778513286661532308,1778513286665587682,FULL
8812,10311,10328,7585574593000,9173790944000,1778513286700351992,1778513286698877621,FULL
8813,10312,10329,7585607910000,9173824263000,1778513286728825952,1778513286732261856,FULL
8814,10313,10330,7585641228000,9173857582000,1778513286762033640,1778513286765514648,FULL
8815,10314,10331,7585674546000,9173890901000,1778513286795405382,1778513286798878790,FULL
8816,10315,10332,7585707864000,9173924219000,1778513286830458476,1778513286832209952,FULL
8817,10316,10333,7585741183000,9173957539000,1778513286862121273,1778513286865554557,FULL
8818,10317,10334,7585774500000,9173990855000,1778513286895355794,1778513286899770062,FULL
8819,10318,10335,7585807820000,9174024175000,1778513286928790128,1778513286932207750,FULL
8820,10319,10336,7585841139000,9174057493000,1778513286967298556,1778513286965435505,FULL
8821,10320,10337,7585874457000,9174090811000,1778513286998085492,1778513286998812925,FULL
8822,10321,10338,7585907776000,9174124130000,1778513287028906872,1778513287032014921,FULL
8823,10322,10339,7585941094000,9174157446000,1778513287061148366,1778513287065393119,FULL
8824,10323,10340,7585974412000,9174190767000,1778513287094154519,1778513287098643967,FULL
8825,10324,10341,7586007730000,9174224085000,1778513287127831517,1778513287132138497,FULL
8826,10325,10342,7586041051000,9174257403000,1778513287161090297,1778513287165418547,FULL
8827,10326,10343,7586074368000,9174290722000,1778513287194745499,1778513287198883856,FULL
8828,10327,10344,7586107688000,9174324040000,1778513287228317220,1778513287233176582,FULL
8829,10328,10345,7586141006000,9174357359000,1778513287261614759,1778513287265367569,FULL
8830,10329,10346,7586174323000,9174390677000,1778513287295014185,1778513287298790841,FULL
8831,10330,10347,7586207645000,9174423995000,1778513287328315169,1778513287334731977,FULL
8832,10331,10348,7586240960000,9174457315000,1778513287363763666,1778513287368888723,FULL
8833,10332,10349,7586274281000,9174490633000,1778513287394885432,1778513287398969675,FULL
8834,10333,10350,7586307595000,9174523952000,1778513287428145175,1778513287433903135,FULL
8835,10334,10351,7586340915000,9174557270000,1778513287461858839,1778513287464389843,FULL
8836,10335,10352,7586374231000,9174590588000,1778513287495667817,1778513287497987242,FULL
8837,10336,10353,7586407553000,9174623907000,1778513287528577508,1778513287527484588,FULL
8838,10337,10354,7586440869000,9174657225000,1778513287561930805,1778513287569837756,FULL
8839,10338,10355,7586474189000,9174690544000,1778513287595278251,1778513287599553248,FULL
8840,10339,10356,7586507507000,9174723862000,1778513287628731585,1778513287634004917,FULL
8841,10340,10357,7586540824000,9174757181000,1778513287662968854,1778513287665111044,FULL
8842,10341,10358,7586574146000,9174790499000,1778513287695338588,1778513287697970043,FULL
8843,10342,10359,7586607464000,9174823818000,1778513287732222923,1778513287727940589,FULL
8844,10343,10360,7586640784000,9174857138000,1778513287761748316,1778513287768549236,FULL
8845,10344,10361,7586674101000,9174890455000,1778513287794612896,1778513287799024739,FULL
8846,10345,10362,7586707420000,9174923773000,1778513287828472559,1778513287836315048,FULL
8847,10346,10363,7586740737000,9174957092000,1778513287862180964,1778513287865750228,FULL
8848,10347,10364,7586774055000,9174990410000,1778513287894930045,1778513287897871772,FULL
8849,10348,10365,7586807373000,9175023728000,1778513287928296454,1778513287931674151,FULL
8850,10349,10366,7586840692000,9175057048000,1778513287961679751,1778513287965290383,FULL
8851,10350,10367,7586874020000,9175090366000,1778513287995020641,1778513287998564730,FULL
8852,10351,10368,7586907331000,9175123685000,1778513288028365921,1778513288031662023,FULL
8853,10352,10369,7586940648000,9175157004000,1778513288061572683,1778513288064417246,FULL
8854,10353,10370,7586973965000,9175190322000,1778513288094893258,1778513288097710630,FULL
8855,10354,10371,7587007284000,9175223640000,1778513288128259704,1778513288131107587,FULL
8856,10355,10372,7587040603000,9175256958000,1778513288161524632,1778513288164288157,FULL
8857,10356,10373,7587073922000,9175290277000,1778513288196161638,1778513288197658003,FULL
8858,10357,10374,7587107247000,9175323596000,1778513288228674296,1778513288231062349,FULL
8859,10358,10375,7587140560000,9175356913000,1778513288261584413,1778513288264308493,FULL
8860,10359,10376,7587173878000,9175390232000,1778513288294782083,1778513288297695820,FULL
8861,10360,10377,7587207196000,9175423551000,1778513288328242176,1778513288331033944,FULL
8862,10361,10378,7587240514000,9175456869000,1778513288361569621,1778513288364228792,FULL
8863,10362,10379,7587273833000,9175490188000,1778513288394800031,1778513288397871988,FULL
8864,10363,10380,7587307150000,9175523507000,1778513288428251291,1778513288446754777,FULL
8865,10364,10381,7587340470000,9175556824000,1778513288461361721,1778513288468710585,FULL
8866,10365,10382,7587373789000,9175590144000,1778513288494285819,1778513288498832814,FULL
8867,10366,10383,7587407108000,9175623472000,1778513288528173074,1778513288531153948,FULL
8868,10367,10384,7587440425000,9175656780000,1778513288561432557,1778513288556591056,FULL
8869,10368,10385,7587473743000,9175690099000,1778513288595258109,1778513288597695605,FULL
8870,10369,10386,7587507066000,9175723417000,1778513288628190078,1778513288634061349,FULL
8871,10370,10387,7587540381000,9175756735000,1778513288661417692,1778513288665168068,FULL
8872,10371,10388,7587573700000,9175790054000,1778513288694345383,1778513288698414267,FULL
8873,10372,10389,7587607023000,9175823372000,1778513288728019214,1778513288731315433,FULL
8874,10373,10390,7587640336000,9175856691000,1778513288761196217,1778513288764007341,FULL
8875,10374,10391,7587673655000,9175890010000,1778513288794590366,1778513288797463724,FULL
8876,10375,10392,7587706972000,9175923328000,1778513288828000663,1778513288830565831,FULL
8877,10376,10393,7587740291000,9175956646000,1778513288860739911,1778513288864831188,FULL
8878,10377,10394,7587773610000,9175989965000,1778513288896047873,1778513288898119386,FULL
8879,10378,10395,7587806929000,9176023283000,1778513288927288674,1778513288931758767,FULL
8880,10379,10396,7587840247000,9176056602000,1778513288966422559,1778513288963993902,FULL
8881,10380,10401,7587873566000,9176089921000,1778513289126842040,1778513289131434627,FULL
8882,10381,10401,7587906885000,9176123240000,1778513289127758178,1778513289131434627,FULL
8883,10382,10401,7587940202000,9176156556000,1778513289127967491,1778513289131434627,FULL
8884,10383,10401,7587973520000,9176189878000,1778513289128128693,1778513289131434627,FULL
8885,10384,10401,7588006838000,9176223195000,1778513289128285691,1778513289131434627,FULL
8886,10385,10402,7588040160000,9176256513000,1778513289160370317,1778513289163852482,FULL
8887,10386,10403,7588073477000,9176289831000,1778513289194621401,1778513289197280754,FULL
8888,10387,10404,7588106795000,9176323149000,1778513289227797423,1778513289230686044,FULL
8889,10388,10405,7588140114000,9176356468000,1778513289260786446,1778513289264000946,FULL
8890,10389,10406,7588173433000,9176389786000,1778513289295517970,1778513289297143572,FULL
8891,10390,10407,7588206750000,9176423106000,1778513289327085638,1778513289330492048,FULL
8892,10391,10408,7588240069000,9176456433000,1778513289360395918,1778513289363781340,FULL
8893,10392,10409,7588273390000,9176489742000,1778513289393852992,1778513289397169852,FULL
8894,10393,10410,7588306706000,9176523060000,1778513289427080958,1778513289430573735,FULL
8895,10394,10411,7588340025000,9176556379000,1778513289460870417,1778513289463864360,FULL
8896,10395,10412,7588373342000,9176589697000,1778513289494321695,1778513289497189040,FULL
8897,10396,10413,7588406663000,9176623016000,1778513289527657678,1778513289530397869,FULL
8898,10397,10414,7588439979000,9176656334000,1778513289560848348,1778513289565319552,FULL
8899,10398,10415,7588473298000,9176689653000,1778513289594293904,1778513289597438336,FULL
8900,10399,10416,7588506618000,9176722971000,1778513289627647386,1778513289630708276,FULL
8901,10400,10417,7588539935000,9176756290000,1778513289661158460,1778513289663961327,FULL
8902,10401,10418,7588573264000,9176789608000,1778513289694274149,1778513289698706271,FULL
8903,10402,10419,7588606573000,9176822928000,1778513289727513503,1778513289730764796,FULL
8904,10403,10420,7588639890000,9176856245000,1778513289760840097,1778513289764045884,FULL
8905,10404,10421,7588673209000,9176889564000,1778513289794149395,1778513289799697190,FULL
8906,10405,10422,7588706527000,9176922882000,1778513289827471286,1778513289830607152,FULL
8907,10406,10423,7588739845000,9176956201000,1778513289860846064,1778513289863944869,FULL
8908,10407,10424,7588773164000,9176989519000,1778513289894012271,1778513289897208142,FULL
8909,10408,10425,7588806482000,9177022837000,1778513289927466753,1778513289930608654,FULL
8910,10409,10426,7588839802000,9177056156000,1778513289960711552,1778513289963914205,FULL
8911,10410,10427,7588873120000,9177089475000,1778513289993528651,1778513289997223441,FULL
8912,10411,10428,7588906438000,9177122793000,1778513290027400536,1778513290030491769,FULL
8913,10412,10429,7588939756000,9177156112000,1778513290060603391,1778513290063847190,FULL
8914,10413,10430,7588973075000,9177189430000,1778513290093855967,1778513290097861437,FULL
8915,10414,10431,7589006394000,9177222748000,1778513290127295171,1778513290130476031,FULL
8916,10415,10432,7589039712000,9177256067000,1778513290160526562,1778513290163786396,FULL
8917,10416,10433,7589073031000,9177289385000,1778513290194156931,1778513290197109743,FULL
8918,10417,10434,7589106350000,9177322704000,1778513290227545673,1778513290230473256,FULL
8919,10418,10435,7589139670000,9177356023000,1778513290260828045,1778513290263797528,FULL
8920,10419,10436,7589172987000,9177389341000,1778513290294430784,1778513290299167411,FULL
8921,10420,10437,7589206306000,9177422659000,1778513290328099504,1778513290330327130,FULL
8922,10421,10438,7589239624000,9177455978000,1778513290360628144,1778513290363837364,FULL
8923,10422,10439,7589272943000,9177489297000,1778513290393834665,1778513290397243098,FULL
8924,10423,10440,7589306260000,9177522615000,1778513290427428368,1778513290446395886,FULL
8925,10424,10441,7589339580000,9177555933000,1778513290460551427,1778513290467687051,FULL
8926,10425,10442,7589372897000,9177589252000,1778513290493995594,1778513290498133370,FULL
8927,10426,10443,7589406217000,9177622570000,1778513290528848394,1778513290530300709,FULL
8928,10427,10444,7589439536000,9177655889000,1778513290560539950,1778513290555233340,FULL
8929,10428,10445,7589472852000,9177689207000,1778513290593840822,1778513290599286602,FULL
8930,10429,10446,7589506172000,9177722526000,1778513290627204953,1778513290630141121,FULL
8931,10430,10447,7589539490000,9177755844000,1778513290660526158,1778513290658460775,FULL
8932,10431,10448,7589572810000,9177789163000,1778513290694138971,1778513290697508714,FULL
8933,10432,10449,7589606133000,9177822481000,1778513290732172572,1778513290730842061,FULL
8934,10433,10451,7589639448000,9177855799000,1778513290780763209,1778513290795244350,FULL
8935,10434,10452,7589672766000,9177889119000,1778513290814816684,1778513290821015491,FULL
8936,10435,10453,7589706086000,9177922437000,1778513290845205124,1778513290854988294,FULL
8937,10436,10454,7589739403000,9177955755000,1778513290875931449,1778513290896578654,FULL
8938,10437,10454,7589772721000,9177989074000,1778513290908910195,1778513290896578654,FULL
8939,10438,10455,7589806039000,9178022392000,1778513290945285405,1778513290931017046,FULL
8940,10439,10457,7589839358000,9178055711000,1778513290992945293,1778513290996749229,FULL
8941,10440,10458,7589872678000,9178089029000,1778513291017298278,1778513291030008391,FULL
8942,10441,10458,7589905995000,9178122348000,1778513291046791005,1778513291030008391,FULL
8943,10442,10459,7589939317000,9178155663000,1778513291076771468,1778513291063575661,FULL
8944,10443,10460,7589972632000,9178188986000,1778513291109593030,1778513291096641399,FULL
8945,10444,10461,7590005951000,9178222303000,1778513291142874217,1778513291129946579,FULL
8946,10445,10462,7590039270000,9178255622000,1778513291176442087,1778513291163324240,FULL
8947,10446,10463,7590072587000,9178288940000,1778513291210254564,1778513291196763937,FULL
8948,10447,10464,7590105906000,9178322258000,1778513291244731628,1778513291230049766,FULL
8949,10448,10465,7590139229000,9178355577000,1778513291277096491,1778513291263364150,FULL
8950,10449,10466,7590172543000,9178388895000,1778513291310439270,1778513291296576997,FULL
8951,10450,10467,7590205862000,9178422214000,1778513291344005732,1778513291330373876,FULL
8952,10451,10468,7590239180000,9178455533000,1778513291377883487,1778513291363130302,FULL
8953,10452,10469,7590272498000,9178488851000,1778513291411554930,1778513291396643036,FULL
8954,10453,10470,7590305817000,9178522169000,1778513291444729970,1778513291432568598,FULL
8955,10454,10471,7590339136000,9178555487000,1778513291478552577,1778513291463289507,FULL
8956,10455,10472,7590372455000,9178588806000,1778513291511524416,1778513291496643576,FULL
8957,10456,10473,7590405772000,9178622125000,1778513291544504736,1778513291531966940,FULL
8958,10457,10474,7590439092000,9178655443000,1778513291578497953,1778513291563646099,FULL
8959,10458,10475,7590472409000,9178688762000,1778513291612767815,1778513291596479006,FULL
8960,10459,10476,7590505729000,9178722080000,1778513291644589017,1778513291629753260,FULL
8961,10460,10477,7590539047000,9178755398000,1778513291677962129,1778513291663269809,FULL
8962,10461,10478,7590572365000,9178788717000,1778513291711604109,1778513291696327806,FULL
8963,10462,10479,7590605683000,9178822036000,1778513291744144285,1778513291729902520,FULL
8964,10463,10480,7590639006000,9178855353000,1778513291777059180,1778513291763199441,FULL
8965,10464,10481,7590672320000,9178888673000,1778513291808787772,1778513291796550510,FULL
8966,10465,10482,7590705639000,9178921990000,1778513291843289688,1778513291830590850,FULL
8967,10466,10484,7590738957000,9178955310000,1778513291882161057,1778513291896528901,FULL
8968,10467,10485,7590772275000,9178988628000,1778513291913471950,1778513291929740527,FULL
8969,10468,10486,7590805595000,9179021946000,1778513291946458362,1778513291963035392,FULL
8970,10469,10487,7590838915000,9179055265000,1778513291979846715,1778513291996406368,FULL
8971,10470,10488,7590872232000,9179088583000,1778513292013614508,1778513292029722363,FULL
8972,10471,10489,7590905550000,9179121902000,1778513292047206192,1778513292063202282,FULL
8973,10472,10489,7590938872000,9179155220000,1778513292078516104,1778513292063202282,FULL
8974,10473,10490,7590972187000,9179188539000,1778513292110116494,1778513292096443018,FULL
8975,10474,10491,7591005507000,9179221857000,1778513292142350451,1778513292129689310,FULL
8976,10475,10492,7591038825000,9179255176000,1778513292166207682,1778513292165232209,FULL
8977,10476,10493,7591072143000,9179288494000,1778513292194039315,1778513292196319022,FULL
8978,10477,10494,7591105464000,9179321811000,1778513292227206226,1778513292229565203,FULL
8979,10478,10495,7591138804000,9179355132000,1778513292262984998,1778513292262862124,FULL
8980,10479,10496,7591172105000,9179388449000,1778513292295752190,1778513292297720900,FULL
8981,10480,10497,7591205414000,9179421769000,1778513292326302740,1778513292330754564,FULL
8982,10481,10498,7591238736000,9179455086000,1778513292359883109,1778513292362512296,FULL
8983,10482,10499,7591272051000,9179488405000,1778513292392967576,1778513292380105960,FULL
8984,10483,10500,7591305369000,9179521723000,1778513292426323799,1778513292419135604,FULL
8985,10484,10502,7591338688000,9179555042000,1778513292459476636,1778513292468765035,FULL
8986,10485,10503,7591372006000,9179588360000,1778513292493073801,1778513292500430082,FULL
8987,10486,10504,7591405327000,9179621679000,1778513292526297100,1778513292532236703,FULL
8988,10487,10505,7591438643000,9179654997000,1778513292559687045,1778513292565968731,FULL
8989,10488,10506,7591471962000,9179688316000,1778513292592992547,1778513292599839146,FULL
8990,10489,10507,7591505282000,9179721635000,1778513292626344882,1778513292634159335,FULL
8991,10490,10508,7591538599000,9179754953000,1778513292659558440,1778513292667583588,FULL
8992,10491,10509,7591571918000,9179788271000,1778513292691964673,1778513292701413800,FULL
8993,10492,10510,7591605236000,9179821590000,1778513292726053611,1778513292736003431,FULL
8994,10493,10511,7591638553000,9179854907000,1778513292761435869,1778513292771343980,FULL
8995,10494,10512,7591671880000,9179888226000,1778513292793280979,1778513292801419099,FULL
8996,10495,10513,7591705190000,9179921545000,1778513292829063640,1778513292836451651,FULL
8997,10496,10514,7591738530000,9179954864000,1778513292862691731,1778513292870189994,FULL
8998,10497,10515,7591771831000,9179988182000,1778513292895511256,1778513292902580331,FULL
8999,10498,10516,7591805148000,9180021501000,1778513292927721454,1778513292937787233,FULL
9000,10499,10517,7591838476000,9180054820000,1778513292968378971,1778513292970473234,FULL
9001,10500,10518,7591871792000,9180088139000,1778513292999950991,1778513293001958580,FULL
9002,10501,10519,7591905109000,9180121456000,1778513293034259149,1778513293035013318,FULL
9003,10502,10520,7591938433000,9180154773000,1778513293073070908,1778513293069722522,FULL
9004,10503,10521,7591971739000,9180188093000,1778513293102343897,1778513293101633475,FULL
9005,10504,10522,7592005064000,9180221412000,1778513293133809677,1778513293134443641,FULL
9006,10505,10523,7592038390000,9180254731000,1778513293174664562,1778513293167850301,FULL
9007,10506,10524,7592071708000,9180288048000,1778513293196420815,1778513293202011399,FULL
9008,10507,10525,7592105018000,9180321367000,1778513293228608606,1778513293234475939,FULL
9009,10508,10526,7592138349000,9180354686000,1778513293264485507,1778513293268761777,FULL
9010,10509,10527,7592171657000,9180388005000,1778513293302647383,1778513293302717525,FULL
9011,10510,10528,7592204969000,9180421322000,1778513293335836757,1778513293336293591,FULL
9012,10511,10529,7592238306000,9180454642000,1778513293368702467,1778513293369622419,FULL
9013,10512,10530,7592271606000,9180487959000,1778513293401480604,1778513293402822082,FULL
9014,10513,10531,7592304927000,9180521277000,1778513293429623030,1778513293436717756,FULL
9015,10514,10532,7592338246000,9180554596000,1778513293462905884,1778513293470038121,FULL
9016,10515,10533,7592371568000,9180587915000,1778513293494360461,1778513293502777566,FULL
9017,10516,10534,7592404882000,9180621233000,1778513293527796868,1778513293535639139,FULL
9018,10517,10535,7592438209000,9180654552000,1778513293561868973,1778513293571061225,FULL
9019,10518,10536,7592471516000,9180687870000,1778513293595533934,1778513293603279045,FULL
9020,10519,10537,7592504837000,9180721189000,1778513293627435284,1778513293636411708,FULL
9021,10520,10538,7592538158000,9180754508000,1778513293660319346,1778513293670654583,FULL
9022,10521,10539,7592571473000,9180787826000,1778513293695757455,1778513293705005179,FULL
9023,10522,10540,7592604794000,9180821144000,1778513293727667064,1778513293736242546,FULL
9024,10523,10541,7592638111000,9180854463000,1778513293761069935,1778513293769938537,FULL
9025,10524,10542,7592671435000,9180887782000,1778513293799053406,1778513293802965164,FULL
9026,10525,10543,7592704756000,9180921100000,1778513293836426217,1778513293838460619,FULL
9027,10526,10544,7592738080000,9180954419000,1778513293864539180,1778513293869072622,FULL
9028,10527,10545,7592771386000,9180987737000,1778513293905129032,1778513293902991944,FULL
9029,10528,10546,7592804706000,9181021055000,1778513293932704149,1778513293935716908,FULL
9030,10529,10547,7592838025000,9181054374000,1778513293963315661,1778513293969197605,FULL
9031,10530,10548,7592871348000,9181087693000,1778513293999738167,1778513294004204916,FULL
9032,10531,10549,7592904662000,9181121011000,1778513294030556102,1778513294036090443,FULL
9033,10532,10550,7592937982000,9181154330000,1778513294067021552,1778513294069581066,FULL
9034,10533,10551,7592971309000,9181187648000,1778513294102218663,1778513294103913329,FULL
9035,10534,10552,7593004614000,9181220967000,1778513294138955036,1778513294136114983,FULL
9036,10535,10553,7593037930000,9181254285000,1778513294167124463,1778513294169479070,FULL
9037,10536,10554,7593071256000,9181287604000,1778513294206663973,1778513294203488725,FULL
9038,10537,10555,7593104569000,9181320922000,1778513294237924996,1778513294236089411,FULL
9039,10538,10556,7593137889000,9181354240000,1778513294267686257,1778513294269552349,FULL
9040,10539,10557,7593171214000,9181387560000,1778513294299976140,1778513294302974028,FULL
9041,10540,10558,7593204531000,9181420877000,1778513294332517020,1778513294335806231,FULL
9042,10541,10559,7593237848000,9181454196000,1778513294360935147,1778513294369751035,FULL
9043,10542,10560,7593271164000,9181487511000,1778513294395247731,1778513294414482439,FULL
9044,10543,10561,7593304479000,9181520832000,1778513294427161322,1778513294439700678,FULL
9045,10544,10562,7593337797000,9181554151000,1778513294460673766,1778513294469744649,FULL
9046,10545,10563,7593371115000,9181587468000,1778513294494893424,1778513294500711536,FULL
9047,10546,10564,7593404435000,9181620788000,1778513294527292584,1778513294533711849,FULL
9048,10547,10565,7593437759000,9181654107000,1778513294560266793,1778513294567741874,FULL
9049,10548,10566,7593471074000,9181687424000,1778513294593994290,1778513294600650817,FULL
9050,10549,10567,7593504390000,9181720743000,1778513294627080813,1778513294634270031,FULL
9051,10550,10568,7593537715000,9181754063000,1778513294660570923,1778513294667721117,FULL
9052,10551,10569,7593571028000,9181787380000,1778513294693725649,1778513294701716791,FULL
9053,10552,10570,7593604352000,9181820699000,1778513294727167242,1778513294735456930,FULL
9054,10553,10571,7593637674000,9181854017000,1778513294760417300,1778513294767911914,FULL
9055,10554,10572,7593670983000,9181887336000,1778513294793631543,1778513294802750172,FULL
9056,10555,10573,7593704300000,9181920654000,1778513294829052949,1778513294834868160,FULL
9057,10556,10574,7593737621000,9181953972000,1778513294860076604,1778513294868938759,FULL
9058,10557,10575,7593770937000,9181987291000,1778513294894467335,1778513294902154736,FULL
9059,10558,10576,7593804268000,9182020609000,1778513294928576143,1778513294935295325,FULL
9060,10559,10577,7593837580000,9182053928000,1778513294965271906,1778513294968560913,FULL
9061,10560,10578,7593870894000,9182087247000,1778513294996485633,1778513295001746020,FULL
9062,10561,10579,7593904212000,9182120565000,1778513295028959236,1778513295035367827,FULL
9063,10562,10580,7593937532000,9182153880000,1778513295059785931,1778513295068549804,FULL
9064,10563,10581,7593970848000,9182187202000,1778513295093562705,1778513295103515617,FULL
9065,10564,10582,7594004169000,9182220520000,1778513295127648273,1778513295135299719,FULL
9066,10565,10583,7594037486000,9182253839000,1778513295159724973,1778513295168995747,FULL
9067,10566,10584,7594070808000,9182287158000,1778513295192847124,1778513295201777006,FULL
9068,10567,10585,7594104125000,9182320475000,1778513295228321677,1778513295237886659,FULL
9069,10568,10586,7594137447000,9182353794000,1778513295260433729,1778513295269013435,FULL
9070,10569,10587,7594170760000,9182387112000,1778513295293843840,1778513295301953563,FULL
9071,10570,10588,7594204087000,9182420431000,1778513295330332716,1778513295335444334,FULL
9072,10571,10589,7594237399000,9182453750000,1778513295360388382,1778513295369084455,FULL
9073,10572,10590,7594270722000,9182487068000,1778513295394462098,1778513295402457523,FULL
9074,10573,10591,7594304064000,9182520386000,1778513295428551702,1778513295435474706,FULL
9075,10574,10592,7594337360000,9182553705000,1778513295460193147,1778513295468857034,FULL
9076,10575,10593,7594370669000,9182587023000,1778513295494840839,1778513295502053937,FULL
9077,10576,10594,7594403992000,9182620342000,1778513295527215795,1778513295535651318,FULL
9078,10577,10595,7594437308000,9182653661000,1778513295559928895,1778513295568740352,FULL
9079,10578,10596,7594470628000,9182686979000,1778513295593751762,1778513295601894108,FULL
9080,10579,10597,7594503944000,9182720298000,1778513295627940921,1778513295638310110,FULL
9081,10580,10598,7594537262000,9182753616000,1778513295660887630,1778513295668464172,FULL
9082,10581,10599,7594570589000,9182786934000,1778513295693280827,1778513295702112645,FULL
9083,10582,10600,7594603904000,9182820253000,1778513295727928611,1778513295738021541,FULL
9084,10583,10601,7594637219000,9182853571000,1778513295760191142,1778513295769886346,FULL
9085,10584,10602,7594670537000,9182886891000,1778513295793466385,1778513295804506828,FULL
9086,10585,10603,7594703859000,9182920208000,1778513295827005273,1778513295835332625,FULL
9087,10586,10604,7594737176000,9182953527000,1778513295861538225,1778513295867923219,FULL
9088,10587,10605,7594770501000,9182986845000,1778513295893370705,1778513295902410666,FULL
9089,10588,10606,7594803822000,9183020163000,1778513295927818398,1778513295936590245,FULL
9090,10589,10607,7594837130000,9183053482000,1778513295960028467,1778513295968621752,FULL
9091,10590,10608,7594870446000,9183086801000,1778513295993394227,1778513296001558528,FULL
9092,10591,10609,7594903765000,9183120119000,1778513296029360960,1778513296035180983,FULL
9093,10592,10610,7594937089000,9183153438000,1778513296059842992,1778513296068305480,FULL
9094,10593,10611,7594970402000,9183186757000,1778513296093020736,1778513296101843343,FULL
9095,10594,10612,7595003725000,9183220075000,1778513296126922509,1778513296135062005,FULL
9096,10595,10613,7595037055000,9183253393000,1778513296159933903,1778513296167735210,FULL
9097,10596,10614,7595070360000,9183286712000,1778513296193243663,1778513296202554005,FULL
9098,10597,10615,7595103681000,9183320030000,1778513296228507922,1778513296235275468,FULL
9099,10598,10616,7595136995000,9183353348000,1778513296259154489,1778513296268003339,FULL
9100,10599,10617,7595170314000,9183386667000,1778513296293407870,1778513296301793404,FULL
9101,10600,10618,7595203631000,9183419985000,1778513296328359299,1778513296334772605,FULL
9102,10601,10619,7595236955000,9183453304000,1778513296360540664,1778513296368211914,FULL
9103,10602,10620,7595270272000,9183486622000,1778513296393359615,1778513296413714310,FULL
9104,10603,10621,7595303593000,9183519941000,1778513296427917660,1778513296439218491,FULL
9105,10604,10622,7595336916000,9183553260000,1778513296461846432,1778513296469577644,FULL
9106,10605,10623,7595370228000,9183586578000,1778513296493833485,1778513296500045110,FULL
9107,10606,10624,7595403550000,9183619896000,1778513296526457624,1778513296533529233,FULL
9108,10607,10625,7595436861000,9183653215000,1778513296559579627,1778513296566209679,FULL
9109,10608,10626,7595470183000,9183686534000,1778513296593982543,1778513296599415675,FULL
9110,10609,10627,7595503498000,9183719852000,1778513296627064270,1778513296634659595,FULL
9111,10610,10628,7595536818000,9183753171000,1778513296660560825,1778513296666664140,FULL
9112,10611,10629,7595570135000,9183786489000,1778513296693376906,1778513296701534120,FULL
9113,10612,10630,7595603455000,9183819809000,1778513296727104181,1778513296734432359,FULL
9114,10613,10631,7595636771000,9183853127000,1778513296760985269,1778513296769055490,FULL
9115,10614,10632,7595670092000,9183886444000,1778513296793714629,1778513296800970979,FULL
9116,10615,10633,7595703408000,9183919762000,1778513296826040160,1778513296834723507,FULL
9117,10616,10634,7595736730000,9183953082000,1778513296862320000,1778513296869347637,FULL
9118,10617,10635,7595770047000,9183986399000,1778513296892995233,1778513296900552319,FULL
9119,10618,10636,7595803363000,9184019718000,1778513296927820849,1778513296935541187,FULL
9120,10619,10637,7595836689000,9184053036000,1778513296965089939,1778513296967735600,FULL
9121,10620,10638,7595870005000,9184086355000,1778513296996898586,1778513297001724403,FULL
9122,10621,10639,7595903319000,9184119673000,1778513297026723846,1778513297034579550,FULL
9123,10622,10640,7595936639000,9184152989000,1778513297057812297,1778513297068210468,FULL
9124,10623,10641,7595969956000,9184186313000,1778513297091807792,1778513297101149263,FULL
9125,10624,10642,7596003277000,9184219628000,1778513297125852989,1778513297134737125,FULL
9126,10625,10643,7596036599000,9184252947000,1778513297158483257,1778513297169519995,FULL
9127,10626,10644,7596069912000,9184286265000,1778513297192502011,1778513297201752408,FULL
9128,10627,10645,7596103238000,9184319584000,1778513297229490548,1778513297234898737,FULL
9129,10628,10646,7596136548000,9184352903000,1778513297259306679,1778513297269210871,FULL
9130,10629,10647,7596169868000,9184386221000,1778513297292374442,1778513297301359729,FULL
9131,10630,10648,7596203187000,9184419540000,1778513297327274631,1778513297334547891,FULL
9132,10631,10649,7596236507000,9184452858000,1778513297359217073,1778513297367965367,FULL
9133,10632,10650,7596269823000,9184486176000,1778513297392809109,1778513297401579470,FULL
9134,10633,10651,7596303146000,9184519495000,1778513297425340434,1778513297434833521,FULL
9135,10634,10652,7596336461000,9184552813000,1778513297462710911,1778513297468985878,FULL
9136,10635,10653,7596369790000,9184586132000,1778513297493379367,1778513297501335271,FULL
9137,10636,10654,7596403101000,9184619450000,1778513297525810600,1778513297534565952,FULL
9138,10637,10655,7596436420000,9184652769000,1778513297560220738,1778513297567430469,FULL
9139,10638,10656,7596469733000,9184686087000,1778513297593669609,1778513297601707918,FULL
9140,10639,10657,7596503072000,9184719407000,1778513297638338713,1778513297637302928,FULL
9141,10640,10658,7596536370000,9184752725000,1778513297664618122,1778513297667995263,FULL
9142,10641,10659,7596569703000,9184786043000,1778513297699291017,1778513297701079815,FULL
9143,10642,10660,7596603019000,9184819361000,1778513297736446200,1778513297734901046,FULL
9144,10643,10661,7596636327000,9184852680000,1778513297764690996,1778513297768115338,FULL
9145,10644,10662,7596669645000,9184885999000,1778513297793784486,1778513297801161058,FULL
9146,10645,10663,7596702971000,9184919317000,1778513297826612382,1778513297834616551,FULL
9147,10646,10664,7596736283000,9184952636000,1778513297860320565,1778513297867470476,FULL
9148,10647,10665,7596769606000,9184985954000,1778513297893242478,1778513297901329059,FULL
9149,10648,10666,7596802923000,9185019272000,1778513297928003020,1778513297934624054,FULL
9150,10649,10667,7596836257000,9185052591000,1778513297967179849,1778513297967711514,FULL
9151,10650,10668,7596869564000,9185085909000,1778513297998594741,1778513298001472986,FULL
9152,10651,10669,7596902880000,9185119227000,1778513298029019680,1778513298034578871,FULL
9153,10652,10670,7596936197000,9185152546000,1778513298059197233,1778513298066971542,FULL
9154,10653,10671,7596969516000,9185185864000,1778513298094772508,1778513298101793411,FULL
9155,10654,10672,7597002834000,9185219184000,1778513298126773245,1778513298134611651,FULL
9156,10655,10673,7597036157000,9185252501000,1778513298159620770,1778513298168244439,FULL
9157,10656,10674,7597069472000,9185285820000,1778513298193244546,1778513298201353455,FULL
9158,10657,10675,7597102788000,9185319139000,1778513298226737602,1778513298233505183,FULL
9159,10658,10676,7597136108000,9185352457000,1778513298263618658,1778513298269112989,FULL
9160,10659,10677,7597169425000,9185385775000,1778513298293730712,1778513298301176959,FULL
9161,10660,10678,7597202746000,9185419094000,1778513298328908083,1778513298333383501,FULL
9162,10661,10679,7597236062000,9185452412000,1778513298360992302,1778513298367727745,FULL
9163,10662,10680,7597269386000,9185485731000,1778513298396341745,1778513298415392751,FULL
9164,10663,10680,7597302704000,9185519049000,1778513298425710010,1778513298415392751,FULL
9165,10664,10682,7597336016000,9185552368000,1778513298458537054,1778513298466794257,FULL
9166,10665,10683,7597369334000,9185585687000,1778513298491350357,1778513298498050920,FULL
9167,10666,10684,7597402651000,9185619004000,1778513298524163734,1778513298530207389,FULL
9168,10667,10685,7597435969000,9185652323000,1778513298557103536,1778513298563483810,FULL
9169,10668,10686,7597469287000,9185685641000,1778513298590325761,1778513298597363188,FULL
9170,10669,10687,7597502605000,9185718960000,1778513298624043351,1778513298630551554,FULL
9171,10670,10688,7597535924000,9185752279000,1778513298657028319,1778513298664299749,FULL
9172,10671,10689,7597569245000,9185785597000,1778513298690302488,1778513298698542864,FULL
9173,10672,10690,7597602564000,9185818916000,1778513298723713285,1778513298731136848,FULL
9174,10673,10691,7597635880000,9185852234000,1778513298757645169,1778513298764287603,FULL
9175,10674,10692,7597669202000,9185885552000,1778513298790304307,1778513298799802540,FULL
9176,10675,10693,7597702516000,9185918871000,1778513298823846325,1778513298832001694,FULL
9177,10676,10694,7597735835000,9185952190000,1778513298856808756,1778513298865288837,FULL
9178,10677,10695,7597769152000,9185985509000,1778513298890164868,1778513298898483166,FULL
9179,10678,10696,7597802471000,9186018826000,1778513298924008253,1778513298931824438,FULL
9180,10679,10697,7597835792000,9186052152000,1778513298961885170,1778513298965491522,FULL
9181,10680,10698,7597869107000,9186085462000,1778513299003712915,1778513298998833276,FULL
9182,10681,10699,7597902430000,9186118790000,1778513299030054879,1778513299031833404,FULL
9183,10682,10700,7597935755000,9186152107000,1778513299059445404,1778513299065253509,FULL
9184,10683,10701,7597969072000,9186185418000,1778513299093214067,1778513299098589633,FULL
9185,10684,10702,7598002393000,9186218736000,1778513299125598467,1778513299131923498,FULL
9186,10685,10703,7598035720000,9186252055000,1778513299158926210,1778513299165159938,FULL
9187,10686,10704,7598069027000,9186285373000,1778513299192279507,1778513299198361489,FULL
9188,10687,10705,7598102350000,9186318689000,1778513299225313160,1778513299232705197,FULL
9189,10688,10706,7598135687000,9186352008000,1778513299259636762,1778513299265561511,FULL
9190,10689,10707,7598168990000,9186385328000,1778513299292789006,1778513299299060393,FULL
9191,10690,10708,7598202298000,9186418646000,1778513299325903880,1778513299332172982,FULL
9192,10691,10709,7598235616000,9186451964000,1778513299359710618,1778513299365778937,FULL
9193,10692,10710,7598268933000,9186485283000,1778513299392727011,1778513299398809657,FULL
9194,10693,10711,7598302269000,9186518603000,1778513299426244714,1778513299432501648,FULL
9195,10694,10712,7598335583000,9186551919000,1778513299459241997,1778513299465545775,FULL
9196,10695,10713,7598368905000,9186585240000,1778513299492543980,1778513299499478282,FULL
9197,10696,10714,7598402232000,9186618558000,1778513299526462698,1778513299532158709,FULL
9198,10697,10715,7598435523000,9186651875000,1778513299560843540,1778513299565782275,FULL
9199,10698,10716,7598468856000,9186685196000,1778513299595100773,1778513299598909513,FULL
9200,10699,10717,7598502166000,9186718516000,1778513299629957591,1778513299632073935,FULL
9201,10700,10718,7598535492000,9186751835000,1778513299663883068,1778513299665805351,FULL
9202,10701,10719,7598568802000,9186785159000,1778513299695143591,1778513299698789646,FULL
9203,10702,10720,7598602120000,9186818477000,1778513299727253754,1778513299731602516,FULL
9204,10703,10721,7598635445000,9186851788000,1778513299760856734,1778513299765659392,FULL
9205,10704,10722,7598668764000,9186885107000,1778513299795594591,1778513299799745602,FULL
9206,10705,10723,7598702090000,9186918425000,1778513299829447772,1778513299831956107,FULL
9207,10706,10724,7598735404000,9186951751000,1778513299861893727,1778513299865393397,FULL
9208,10707,10725,7598768718000,9186985063000,1778513299894523292,1778513299898695596,FULL
9209,10708,10726,7598802037000,9187018382000,1778513299930710430,1778513299933007285,FULL
9210,10709,10727,7598835353000,9187051707000,1778513299963649435,1778513299965793748,FULL
9211,10710,10728,7598868672000,9187085019000,1778513299999207543,1778513299998202511,FULL
9212,10711,10729,7598901988000,9187118338000,1778513300030537973,1778513300034060074,FULL
9213,10712,10730,7598935301000,9187151654000,1778513300061308761,1778513300065254607,FULL
9214,10713,10731,7598968619000,9187184976000,1778513300094921518,1778513300098060089,FULL
9215,10714,10732,7599001939000,9187218296000,1778513300126919052,1778513300132537406,FULL
9216,10715,10733,7599035269000,9187251621000,1778513300161437523,1778513300164759911,FULL
9217,10716,10734,7599068580000,9187284928000,1778513300194365936,1778513300199238432,FULL
9218,10717,10735,7599101895000,9187318247000,1778513300228792370,1778513300231769341,FULL
9219,10718,10736,7599135222000,9187351564000,1778513300261624248,1778513300264948319,FULL
9220,10719,10737,7599168542000,9187384884000,1778513300292867715,1778513300298531589,FULL
9221,10720,10738,7599201860000,9187418205000,1778513300331353977,1778513300334015878,FULL
9222,10721,10739,7599235182000,9187451531000,1778513300363095477,1778513300365191430,FULL
9223,10722,10740,7599268500000,9187484838000,1778513300393549435,1778513300409512634,FULL
9224,10723,10741,7599301813000,9187518157000,1778513300427629484,1778513300435947639,FULL
9225,10724,10742,7599335133000,9187551484000,1778513300460319659,1778513300464904954,FULL
9226,10725,10743,7599368441000,9187584798000,1778513300495978062,1778513300496891424,FULL
9227,10726,10744,7599401762000,9187618115000,1778513300530187443,1778513300529679591,FULL
9228,10727,10745,7599435084000,9187651432000,1778513300563781608,1778513300563621321,FULL
9229,10728,10746,7599468416000,9187684749000,1778513300605182729,1778513300596734743,FULL
9230,10729,10747,7599501716000,9187718069000,1778513300631669783,1778513300632001960,FULL
9231,10730,10748,7599535046000,9187751388000,1778513300667532629,1778513300664560536,FULL
9232,10731,10749,7599568353000,9187784714000,1778513300695759536,1778513300697322981,FULL
9233,10732,10750,7599601676000,9187818023000,1778513300727525942,1778513300730576402,FULL
9234,10733,10751,7599634992000,9187851349000,1778513300760123155,1778513300764769888,FULL
9235,10734,10752,7599668320000,9187884659000,1778513300794080909,1778513300797411038,FULL
9236,10735,10753,7599701642000,9187917979000,1778513300829502185,1778513300831744190,FULL
9237,10736,10754,7599734959000,9187951304000,1778513300864004952,1778513300864343284,FULL
9238,10737,10755,7599768274000,9187984616000,1778513300896592184,1778513300898258421,FULL
9239,10738,10756,7599801600000,9188017933000,1778513300931956479,1778513300931638138,FULL
9240,10739,10757,7599834910000,9188051254000,1778513300970269668,1778513300965103946,FULL
9241,10740,10758,7599868225000,9188084571000,1778513301005587631,1778513300998301905,FULL
9242,10741,10759,7599901538000,9188117901000,1778513301032910677,1778513301031567437,FULL
9243,10742,10760,7599934865000,9188151211000,1778513301066898412,1778513301064841173,FULL
9244,10743,10761,7599968175000,9188184533000,1778513301100561928,1778513301098088002,FULL
9245,10744,10762,7600001495000,9188217855000,1778513301137661316,1778513301131538514,FULL
9246,10745,10763,7600034813000,9188251169000,1778513301169269391,1778513301165057488,FULL
9247,10746,10764,7600068128000,9188284483000,1778513301200223547,1778513301198274336,FULL
9248,10747,10765,7600101447000,9188317806000,1778513301233888471,1778513301231448739,FULL
9249,10748,10766,7600134773000,9188351126000,1778513301264533205,1778513301264691439,FULL
9250,10749,10767,7600168087000,9188384440000,1778513301300882600,1778513301298043155,FULL
9251,10750,10768,7600201404000,9188417761000,1778513301332360047,1778513301331817220,FULL
9252,10751,10769,7600234723000,9188451079000,1778513301370296426,1778513301364519961,FULL
9253,10752,10770,7600268076000,9188484398000,1778513301402076333,1778513301397895418,FULL
9254,10753,10771,7600301364000,9188517722000,1778513301434875136,1778513301431196691,FULL
9255,10754,10772,7600334683000,9188551033000,1778513301477803666,1778513301464858516,FULL
9256,10755,10773,7600367997000,9188584351000,1778513301509287521,1778513301497924606,FULL
9257,10756,10774,7600401313000,9188617675000,1778513301535482375,1778513301531768373,FULL
9258,10757,10775,7600434639000,9188650993000,1778513301561526564,1778513301567091330,FULL
9259,10758,10776,7600467952000,9188684305000,1778513301589158366,1778513301598833192,FULL
9260,10759,10777,7600501273000,9188717622000,1778513301622707143,1778513301632101058,FULL
9261,10760,10778,7600534589000,9188750940000,1778513301656919098,1778513301664579042,FULL
9262,10761,10779,7600567909000,9188784258000,1778513301690201156,1778513301698807843,FULL
9263,10762,10780,7600601231000,9188817577000,1778513301724699145,1778513301731409937,FULL
9264,10763,10781,7600634552000,9188850895000,1778513301756715697,1778513301765279742,FULL
9265,10764,10782,7600667893000,9188884214000,1778513301790677933,1778513301798363739,FULL
9266,10765,10783,7600701187000,9188917532000,1778513301823501403,1778513301831466772,FULL
9267,10766,10784,7600734518000,9188950850000,1778513301857452620,1778513301865358280,FULL
9268,10767,10785,7600767824000,9188984168000,1778513301890463162,1778513301898341501,FULL
9269,10768,10786,7600801142000,9189017487000,1778513301923506833,1778513301931352591,FULL
9270,10769,10787,7600834488000,9189050806000,1778513301957339163,1778513301965488689,FULL
9271,10770,10788,7600867780000,9189084124000,1778513301999990492,1778513301998348558,FULL
9272,10771,10789,7600901119000,9189117443000,1778513302024990025,1778513302031308612,FULL
9273,10772,10790,7600934446000,9189150762000,1778513302056779728,1778513302064927475,FULL
9274,10773,10791,7600967759000,9189184080000,1778513302092325188,1778513302099480032,FULL
9275,10774,10792,7601001050000,9189217399000,1778513302121987154,1778513302132830452,FULL
9276,10775,10793,7601034365000,9189250716000,1778513302155990852,1778513302164762386,FULL
9277,10776,10794,7601067683000,9189284034000,1778513302188805063,1778513302197975474,FULL
9278,10777,10795,7601101001000,9189317354000,1778513302221938418,1778513302230667827,FULL
9279,10778,10796,7601134319000,9189350672000,1778513302258006946,1778513302264497724,FULL
9280,10779,10797,7601167639000,9189383990000,1778513302288784326,1778513302297800404,FULL
9281,10780,10798,7601200956000,9189417311000,1778513302322070884,1778513302331449081,FULL
9282,10781,10799,7601234275000,9189450628000,1778513302354931557,1778513302372520409,FULL
9283,10782,10799,7601267594000,9189483946000,1778513302388726442,1778513302372520409,FULL
9284,10783,10800,7601300912000,9189517264000,1778513302422010222,1778513302436047299,FULL
9285,10784,10801,7601334230000,9189550583000,1778513302455274835,1778513302461284705,FULL
9286,10785,10802,7601367548000,9189583903000,1778513302488902149,1778513302491862818,FULL
9287,10786,10803,7601400870000,9189617220000,1778513302521799914,1778513302514584748,FULL
9288,10787,10804,7601434186000,9189650539000,1778513302555715131,1778513302548093204,FULL
9289,10788,10806,7601467506000,9189683857000,1778513302590325416,1778513302598148353,FULL
9290,10789,10807,7601500840000,9189717176000,1778513302629565263,1778513302631019000,FULL
9291,10790,10808,7601534146000,9189750493000,1778513302658746419,1778513302664582085,FULL
9292,10791,10809,7601567465000,9189783812000,1778513302689728297,1778513302697708897,FULL
9293,10792,10810,7601600779000,9189817130000,1778513302721209262,1778513302731200871,FULL
9294,10793,10811,7601634097000,9189850450000,1778513302755037407,1778513302763851039,FULL
9295,10794,10812,7601667416000,9189883769000,1778513302790443868,1778513302797148793,FULL
9296,10795,10813,7601700735000,9189917086000,1778513302821721465,1778513302830447381,FULL
9297,10796,10814,7601734056000,9189950405000,1778513302855128336,1778513302863770116,FULL
9298,10797,10815,7601767372000,9189983723000,1778513302888464226,1778513302897737309,FULL
9299,10798,10816,7601800689000,9190017042000,1778513302921172327,1778513302930816991,FULL
9300,10799,10817,7601834009000,9190050362000,1778513302960077177,1778513302965665915,FULL
9301,10800,10818,7601867327000,9190083679000,1778513302991717733,1778513302999712292,FULL
9302,10801,10819,7601900647000,9190116997000,1778513303021788547,1778513303031530598,FULL
9303,10802,10820,7601933964000,9190150318000,1778513303054148484,1778513303066570965,FULL
9304,10803,10821,7601967282000,9190183635000,1778513303089589223,1778513303102088883,FULL
9305,10804,10822,7602000603000,9190216953000,1778513303120824321,1778513303131281806,FULL
9306,10805,10823,7602033921000,9190250271000,1778513303154042268,1778513303164490802,FULL
9307,10806,10824,7602067237000,9190283589000,1778513303189979520,1778513303198907934,FULL
9308,10807,10825,7602100564000,9190316909000,1778513303221394134,1778513303230751906,FULL
9309,10808,10826,7602133877000,9190350227000,1778513303255795902,1778513303264226733,FULL
9310,10809,10827,7602167196000,9190383545000,1778513303288592909,1778513303298183092,FULL
9311,10810,10828,7602200512000,9190416864000,1778513303321526192,1778513303331358014,FULL
9312,10811,10829,7602233834000,9190450183000,1778513303354531142,1778513303363908776,FULL
9313,10812,10830,7602267149000,9190483501000,1778513303388232843,1778513303398314964,FULL
9314,10813,10831,7602300468000,9190516819000,1778513303421560622,1778513303432402766,FULL
9315,10814,10832,7602333785000,9190550137000,1778513303454930475,1778513303463842816,FULL
9316,10815,10833,7602367105000,9190583457000,1778513303488311550,1778513303497741731,FULL
9317,10816,10834,7602400422000,9190616775000,1778513303522127065,1778513303530950986,FULL
9318,10817,10835,7602433742000,9190650093000,1778513303554913368,1778513303563946965,FULL
9319,10818,10836,7602467061000,9190683412000,1778513303588648551,1778513303598377283,FULL
9320,10819,10837,7602500383000,9190716730000,1778513303621632408,1778513303630928489,FULL
9321,10820,10838,7602533697000,9190750048000,1778513303656484134,1778513303664538721,FULL
9322,10821,10839,7602567015000,9190783368000,1778513303688775591,1778513303702229674,FULL
9323,10822,10840,7602600334000,9190816685000,1778513303721406952,1778513303732547642,FULL
9324,10823,10841,7602633652000,9190850005000,1778513303754980895,1778513303765003756,FULL
9325,10824,10842,7602666971000,9190883324000,1778513303789276145,1778513303798462139,FULL
9326,10825,10843,7602700290000,9190916641000,1778513303823043642,1778513303831026344,FULL
9327,10826,10844,7602733613000,9190949959000,1778513303856651215,1778513303864770724,FULL
9328,10827,10845,7602766945000,9190983278000,1778513303891728180,1778513303897212875,FULL
9329,10828,10846,7602800260000,9191016597000,1778513303924514668,1778513303931077550,FULL
9330,10829,10847,7602833584000,9191049916000,1778513303956526795,1778513303963700218,FULL
9331,10830,10848,7602866887000,9191083236000,1778513303991503371,1778513303996911121,FULL
9332,10831,10849,7602900202000,9191116553000,1778513304022940837,1778513304031956933,FULL
9333,10832,10850,7602933528000,9191149873000,1778513304059118846,1778513304064319011,FULL
9334,10833,10851,7602966854000,9191183192000,1778513304091449154,1778513304097133696,FULL
9335,10834,10852,7603000160000,9191216510000,1778513304122567994,1778513304132330599,FULL
9336,10835,10853,7603033480000,9191249829000,1778513304155979439,1778513304163745575,FULL
9337,10836,10854,7603066810000,9191283146000,1778513304189273552,1778513304197220401,FULL
9338,10837,10855,7603100116000,9191316466000,1778513304223101585,1778513304231681533,FULL
9339,10838,10856,7603133455000,9191349783000,1778513304259157928,1778513304263603227,FULL
9340,10839,10857,7603166769000,9191383103000,1778513304289910438,1778513304297574808,FULL
9341,10840,10858,7603200077000,9191416420000,1778513304325502749,1778513304330825099,FULL
9342,10841,10859,7603233408000,9191449740000,1778513304355059642,1778513304363657766,FULL
9343,10842,10860,7603266703000,9191483060000,1778513304387894205,1778513304409198402,FULL
9344,10843,10861,7603300022000,9191516376000,1778513304421921069,1778513304432955026,FULL
9345,10844,10862,7603333341000,9191549693000,1778513304454187026,1778513304464003950,FULL
9346,10845,10863,7603366660000,9191583009000,1778513304487724525,1778513304495507444,FULL
9347,10846,10864,7603399976000,9191616327000,1778513304521507355,1778513304529341804,FULL
9348,10847,10865,7603433297000,9191649645000,1778513304556517062,1778513304561802288,FULL
9349,10848,10866,7603466629000,9191682965000,1778513304593168528,1778513304595428836,FULL
9350,10849,10867,7603499942000,9191716284000,1778513304624530810,1778513304630723682,FULL
9351,10850,10868,7603533256000,9191749601000,1778513304656996542,1778513304662181602,FULL
9352,10851,10869,7603566574000,9191782924000,1778513304693959691,1778513304696296274,FULL
9353,10852,10870,7603599892000,9191816240000,1778513304723881191,1778513304729483289,FULL
9354,10853,10871,7603633207000,9191849565000,1778513304753600879,1778513304762918005,FULL
9355,10854,10872,7603666524000,9191882882000,1778513304787457578,1778513304796213833,FULL
9356,10855,10873,7603699842000,9191916195000,1778513304822062992,1778513304829606068,FULL
9357,10856,10874,7603733166000,9191949516000,1778513304854568410,1778513304862913933,FULL
9358,10857,10875,7603766481000,9191982839000,1778513304887162697,1778513304896412260,FULL
9359,10858,10876,7603799799000,9192016154000,1778513304920807399,1778513304930831114,FULL
9360,10859,10877,7603833119000,9192049471000,1778513304958788907,1778513304963551837,FULL
9361,10860,10878,7603866434000,9192082787000,1778513304989153143,1778513304996753185,FULL
9362,10861,10879,7603899755000,9192116105000,1778513305020844273,1778513305031723775,FULL
9363,10862,10880,7603933072000,9192149427000,1778513305053576318,1778513305062715607,FULL
9364,10863,10881,7603966393000,9192182743000,1778513305086393954,1778513305096620966,FULL
9365,10864,10882,7603999710000,9192216060000,1778513305119861047,1778513305129923609,FULL
9366,10865,10883,7604033034000,9192249379000,1778513305153115716,1778513305163291918,FULL
9367,10866,10884,7604066347000,9192282701000,1778513305186858287,1778513305196801800,FULL
9368,10867,10885,7604099664000,9192316020000,1778513305219957847,1778513305230931528,FULL
9369,10868,10886,7604132984000,9192349342000,1778513305253799898,1778513305263331791,FULL
9370,10869,10887,7604166303000,9192382661000,1778513305286492573,1778513305296604953,FULL
9371,10870,10888,7604199620000,9192415980000,1778513305321200782,1778513305329847726,FULL
9372,10871,10889,7604232940000,9192449292000,1778513305353699904,1778513305363204091,FULL
9373,10872,10890,7604266256000,9192482609000,1778513305389659637,1778513305396478197,FULL
9374,10873,10891,7604299581000,9192515932000,1778513305420804865,1778513305430144837,FULL
9375,10874,10892,7604332896000,9192549247000,1778513305454092867,1778513305463324740,FULL
9376,10875,10893,7604366217000,9192582566000,1778513305489099165,1778513305496453367,FULL
9377,10876,10894,7604399534000,9192615883000,1778513305520935220,1778513305529802287,FULL
9378,10877,10895,7604432851000,9192649205000,1778513305553767134,1778513305563048301,FULL
9379,10878,10896,7604466168000,9192682521000,1778513305587346540,1778513305596478924,FULL
9380,10879,10897,7604499493000,9192715837000,1778513305620578672,1778513305629764864,FULL
9381,10880,10898,7604532806000,9192749156000,1778513305655515286,1778513305662915268,FULL
9382,10881,10899,7604566124000,9192782474000,1778513305687015715,1778513305697254604,FULL
9383,10882,10900,7604599442000,9192815794000,1778513305720350346,1778513305730709135,FULL
9384,10883,10901,7604632761000,9192849111000,1778513305753677125,1778513305762961140,FULL
9385,10884,10902,7604666078000,9192882432000,1778513305787213420,1778513305796346153,FULL
9386,10885,10903,7604699401000,9192915752000,1778513305820400146,1778513305830343493,FULL
9387,10886,10904,7604732717000,9192949073000,1778513305855314056,1778513305862974142,FULL
9388,10887,10905,7604766035000,9192982391000,1778513305886911928,1778513305897124629,FULL
9389,10888,10906,7604799352000,9193015713000,1778513305920201393,1778513305929688557,FULL
9390,10889,10907,7604832673000,9193049028000,1778513305955991239,1778513305962994737,FULL
9391,10890,10908,7604865989000,9193082341000,1778513305989436424,1778513305996252307,FULL
9392,10891,10909,7604899312000,9193115668000,1778513306023136774,1778513306031441543,FULL
9393,10892,10910,7604932635000,9193148979000,1778513306057953297,1778513306063684233,FULL
9394,10893,10911,7604965963000,9193182295000,1778513306091294965,1778513306096300383,FULL
9395,10894,10912,7604999284000,9193215615000,1778513306126360670,1778513306129580156,FULL
9396,10895,10913,7605032591000,9193248934000,1778513306172465593,1778513306165217017,FULL
9397,10896,10914,7605065902000,9193282251000,1778513306195441203,1778513306196281793,FULL
9398,10897,10915,7605099227000,9193315570000,1778513306225747199,1778513306229632861,FULL
9399,10898,10916,7605132543000,9193348888000,1778513306256013733,1778513306262982597,FULL
9400,10899,10917,7605165871000,9193382206000,1778513306289636898,1778513306296338147,FULL
9401,10900,10918,7605199186000,9193415525000,1778513306321905263,1778513306329722641,FULL
9402,10901,10919,7605232505000,9193448844000,1778513306355238875,1778513306362834323,FULL
9403,10902,10920,7605265821000,9193482161000,1778513306388731727,1778513306408296645,FULL
9404,10903,10921,7605299138000,9193515482000,1778513306421575493,1778513306432274619,FULL
9405,10904,10922,7605332451000,9193548799000,1778513306455131140,1778513306464154424,FULL
9406,10905,10923,7605365793000,9193582117000,1778513306487947850,1778513306494789722,FULL
9407,10906,10924,7605399111000,9193615435000,1778513306522040288,1778513306527264632,FULL
9408,10907,10925,7605432417000,9193648754000,1778513306554744241,1778513306562317647,FULL
9409,10908,10926,7605465724000,9193682072000,1778513306589792502,1778513306594510394,FULL
9410,10909,10927,7605499044000,9193715391000,1778513306622388141,1778513306627960332,FULL
9411,10910,10928,7605532362000,9193748710000,1778513306658608853,1778513306661096384,FULL
9412,10911,10929,7605565688000,9193782028000,1778513306694107183,1778513306694743246,FULL
9413,10912,10930,7605599000000,9193815346000,1778513306727843014,1778513306728080259,FULL
9414,10913,10931,7605632323000,9193848665000,1778513306754669510,1778513306762845166,FULL
9415,10914,10932,7605665643000,9193881985000,1778513306788436692,1778513306796031291,FULL
9416,10915,10933,7605698955000,9193915302000,1778513306820707038,1778513306829138436,FULL
9417,10916,10934,7605732272000,9193948620000,1778513306853590544,1778513306862347673,FULL
9418,10917,10935,7605765593000,9193981939000,1778513306886942582,1778513306895521262,FULL
9419,10918,10936,7605798908000,9194015257000,1778513306920731005,1778513306928753239,FULL
9420,10919,10937,7605832229000,9194048576000,1778513306958745012,1778513306962232158,FULL
9421,10920,10938,7605865545000,9194081894000,1778513306988738771,1778513306995478042,FULL
9422,10921,10939,7605898863000,9194115213000,1778513307020500752,1778513307028860814,FULL
9423,10922,10940,7605932182000,9194148532000,1778513307052817986,1778513307062116995,FULL
9424,10923,10941,7605965504000,9194181850000,1778513307086538762,1778513307095352657,FULL
9425,10924,10942,7605998820000,9194215168000,1778513307119430212,1778513307129310905,FULL
9426,10925,10943,7606032137000,9194248487000,1778513307160549965,1778513307162804009,FULL
9427,10926,10944,7606065457000,9194281805000,1778513307196635678,1778513307196157800,FULL
9428,10927,10945,7606098779000,9194315123000,1778513307228102199,1778513307229191668,FULL
9429,10928,10946,7606132094000,9194348443000,1778513307255156341,1778513307262389942,FULL
9430,10929,10947,7606165415000,9194381761000,1778513307286300217,1778513307296223895,FULL
9431,10930,10948,7606198730000,9194415079000,1778513307327174565,1778513307329411168,FULL
9432,10931,10949,7606232048000,9194448397000,1778513307353431400,1778513307363083975,FULL
9433,10932,10950,7606265366000,9194481716000,1778513307387456672,1778513307396252971,FULL
9434,10933,10951,7606298686000,9194515034000,1778513307419750333,1778513307429003138,FULL
9435,10934,10952,7606332017000,9194548353000,1778513307452944669,1778513307462654740,FULL
9436,10935,10953,7606365323000,9194581678000,1778513307488407407,1778513307496834097,FULL
9437,10936,10954,7606398639000,9194614990000,1778513307519682856,1778513307529710837,FULL
9438,10937,10955,7606431959000,9194648308000,1778513307552869804,1778513307563633863,FULL
9439,10938,10955,7606465276000,9194681627000,1778513307586429710,1778513307563633863,FULL
9440,10939,10956,7606498604000,9194714945000,1778513307620993347,1778513307624991792,FULL
9441,10940,10957,7606531921000,9194748264000,1778513307653876446,1778513307658365083,FULL
9442,10941,10958,7606565235000,9194781582000,1778513307689804883,1778513307692991880,FULL
9443,10942,10959,7606598556000,9194814901000,1778513307719617292,1778513307722860463,FULL
9444,10943,10960,7606631867000,9194848219000,1778513307753013737,1778513307756057441,FULL
9445,10944,10961,7606665187000,9194881538000,1778513307787426746,1778513307784391835,FULL
9446,10945,10962,7606698504000,9194914856000,1778513307819675444,1778513307825219702,FULL
9447,10946,10963,7606731822000,9194948175000,1778513307853058611,1778513307857427134,FULL
9448,10947,10964,7606765144000,9194981493000,1778513307886227448,1778513307890577871,FULL
9449,10948,10965,7606798459000,9195014811000,1778513307919224934,1778513307923952865,FULL
9450,10949,10966,7606831778000,9195048130000,1778513307953152189,1778513307957132158,FULL
9451,10950,10967,7606865098000,9195081448000,1778513307988017026,1778513307990548244,FULL
9452,10951,10968,7606898415000,9195114767000,1778513308018986441,1778513308024040293,FULL
9453,10952,10969,7606931732000,9195148085000,1778513308052793752,1778513308057127456,FULL
9454,10953,10970,7606965054000,9195181404000,1778513308086184383,1778513308091193592,FULL
9455,10954,10971,7606998370000,9195214723000,1778513308119123555,1778513308123836297,FULL
9456,10955,10972,7607031692000,9195248041000,1778513308152892089,1778513308157110163,FULL
9457,10956,10973,7607065008000,9195281361000,1778513308186292479,1778513308190518397,FULL
9458,10957,10974,7607098326000,9195314678000,1778513308219571481,1778513308223806485,FULL
9459,10958,10975,7607131646000,9195347996000,1778513308252239452,1778513308257130924,FULL
9460,10959,10976,7607164970000,9195381315000,1778513308286109800,1778513308293003691,FULL
9461,10960,10977,7607198281000,9195414633000,1778513308320235793,1778513308323865968,FULL
9462,10961,10978,7607231599000,9195447952000,1778513308352281660,1778513308356992224,FULL
9463,10962,10979,7607264918000,9195481271000,1778513308386189933,1778513308390428218,FULL
9464,10963,10980,7607298236000,9195514589000,1778513308419442250,1778513308437578747,FULL
9465,10964,10981,7607331555000,9195547908000,1778513308452820232,1778513308458073457,FULL
9466,10965,10982,7607364874000,9195581226000,1778513308487037632,1778513308491756115,FULL
9467,10966,10983,7607398192000,9195614544000,1778513308519456217,1778513308523741456,FULL
9468,10967,10984,7607431512000,9195647862000,1778513308552737423,1778513308557141154,FULL
9469,10968,10985,7607464829000,9195681181000,1778513308585912444,1778513308590230225,FULL
9470,10969,10986,7607498146000,9195714500000,1778513308619673089,1778513308623603812,FULL
9471,10970,10987,7607531482000,9195747819000,1778513308653078627,1778513308657258174,FULL
9472,10971,10988,7607564791000,9195781137000,1778513308685298233,1778513308690330819,FULL
9473,10972,10989,7607598105000,9195814455000,1778513308719110544,1778513308723811183,FULL
9474,10973,10990,7607631423000,9195847774000,1778513308752407694,1778513308757071363,FULL
9475,10974,10991,7607664741000,9195881092000,1778513308785701863,1778513308790666337,FULL
9476,10975,10992,7607698061000,9195914411000,1778513308818942161,1778513308823868425,FULL
9477,10976,10993,7607731378000,9195947729000,1778513308851781798,1778513308857006662,FULL
9478,10977,10994,7607764698000,9195981048000,1778513308885786588,1778513308890167677,FULL
9479,10978,10995,7607798018000,9196014366000,1778513308919003387,1778513308917999021,FULL
9480,10979,10996,7607831333000,9196047684000,1778513308957697795,1778513308957150738,FULL
9481,10980,10997,7607864652000,9196081003000,1778513308987365817,1778513308990249457,FULL
9482,10981,10998,7607897972000,9196114322000,1778513309020788947,1778513309023690080,FULL
9483,10982,10999,7607931289000,9196147639000,1778513309051550957,1778513309057094444,FULL
9484,10983,11000,7607964610000,9196180959000,1778513309084370630,1778513309090826768,FULL
9485,10984,11001,7607997926000,9196214277000,1778513309117924685,1778513309124555241,FULL
9486,10985,11002,7608031248000,9196247595000,1778513309151226687,1778513309157828718,FULL
9487,10986,11003,7608064564000,9196280914000,1778513309184562096,1778513309190676328,FULL
9488,10987,11004,7608097881000,9196314233000,1778513309218427703,1778513309223841528,FULL
9489,10988,11005,7608131204000,9196347551000,1778513309251797481,1778513309257021302,FULL
9490,10989,11006,7608164527000,9196380870000,1778513309284893930,1778513309292526961,FULL
9491,10990,11007,7608197837000,9196414187000,1778513309320159170,1778513309323163500,FULL
9492,10991,11008,7608231156000,9196447506000,1778513309351508507,1778513309355504337,FULL
9493,10992,11009,7608264473000,9196480825000,1778513309385053710,1778513309389522140,FULL
9494,10993,11010,7608297794000,9196514144000,1778513309418032512,1778513309425769218,FULL
9495,10994,11011,7608331111000,9196547463000,1778513309451461901,1778513309456974974,FULL
9496,10995,11012,7608364429000,9196580782000,1778513309485320471,1778513309490654687,FULL
9497,10996,11013,7608397747000,9196614102000,1778513309519951700,1778513309523524038,FULL
9498,10997,11014,7608431068000,9196647418000,1778513309551993678,1778513309556889773,FULL
9499,10998,11015,7608464384000,9196680737000,1778513309585386549,1778513309590687264,FULL
9500,10999,11016,7608497703000,9196714056000,1778513309618703699,1778513309623654540,FULL
9501,11000,11017,7608531022000,9196747375000,1778513309653130596,1778513309657213088,FULL
9502,11001,11018,7608564342000,9196780693000,1778513309685424793,1778513309690361769,FULL
9503,11002,11019,7608597657000,9196814012000,1778513309718541630,1778513309724206722,FULL
9504,11003,11020,7608630977000,9196847330000,1778513309751957001,1778513309756907130,FULL
9505,11004,11021,7608664294000,9196880648000,1778513309785382002,1778513309790146163,FULL
9506,11005,11022,7608697612000,9196913967000,1778513309818004548,1778513309823405047,FULL
9507,11006,11023,7608730931000,9196947286000,1778513309851947228,1778513309856922743,FULL
9508,11007,11024,7608764251000,9196980604000,1778513309885207397,1778513309889970037,FULL
9509,11008,11025,7608797569000,9197013922000,1778513309918644934,1778513309923388549,FULL
9510,11009,11026,7608830889000,9197047241000,1778513309951862215,1778513309956583564,FULL
9511,11010,11027,7608864206000,9197080559000,1778513309985259382,1778513309990170815,FULL
9512,11011,11028,7608897523000,9197113878000,1778513310018541032,1778513310023295386,FULL
9513,11012,11029,7608930842000,9197147197000,1778513310051928052,1778513310056604825,FULL
9514,11013,11030,7608964160000,9197180515000,1778513310084598764,1778513310090006282,FULL
9515,11014,11031,7608997478000,9197213833000,1778513310118422297,1778513310123283963,FULL
9516,11015,11032,7609030797000,9197247152000,1778513310152015629,1778513310158562309,FULL
9517,11016,11033,7609064119000,9197280470000,1778513310185186836,1778513310190090154,FULL
9518,11017,11034,7609097435000,9197313788000,1778513310218489893,1778513310223216799,FULL
9519,11018,11035,7609130756000,9197347108000,1778513310256738991,1778513310256643849,FULL
9520,11019,11036,7609164078000,9197380427000,1778513310284508033,1778513310289931714,FULL
9521,11020,11037,7609197391000,9197413745000,1778513310318376177,1778513310323269616,FULL
9522,11021,11038,7609230710000,9197447064000,1778513310351740511,1778513310356462927,FULL
9523,11022,11039,7609264028000,9197480381000,1778513310385032772,1778513310389896976,FULL
9524,11023,11040,7609297346000,9197513700000,1778513310418219979,1778513310439437778,FULL
9525,11024,11041,7609330665000,9197547023000,1778513310451701034,1778513310461722768,FULL
9526,11025,11042,7609363984000,9197580341000,1778513310485049388,1778513310490900339,FULL
9527,11026,11043,7609397304000,9197613657000,1778513310518300686,1778513310523151067,FULL
9528,11027,11044,7609430624000,9197646975000,1778513310552720639,1778513310548199474,FULL
9529,11028,11045,7609463938000,9197680294000,1778513310584508861,1778513310589733446,FULL
9530,11029,11046,7609497258000,9197713612000,1778513310618166544,1778513310622840794,FULL
9531,11030,11047,7609530576000,9197746931000,1778513310653863650,1778513310656617877,FULL
9532,11031,11048,7609563901000,9197780250000,1778513310684854009,1778513310689604968,FULL
9533,11032,11049,7609597212000,9197813568000,1778513310717614998,1778513310725925674,FULL
9534,11033,11050,7609630531000,9197846886000,1778513310751342736,1778513310759665924,FULL
9535,11034,11051,7609663849000,9197880205000,1778513310784803107,1778513310790400426,FULL
9536,11035,11052,7609697168000,9197913523000,1778513310818025461,1778513310825206832,FULL
9537,11036,11053,7609730487000,9197946842000,1778513310851637552,1778513310856341033,FULL
9538,11037,11054,7609763805000,9197980160000,1778513310884643613,1778513310889581880,FULL
9539,11038,11055,7609797124000,9198013478000,1778513310917524915,1778513310923162632,FULL
9540,11039,11056,7609830442000,9198046796000,1778513310957855417,1778513310956896882,FULL
9541,11040,11057,7609863760000,9198080115000,1778513310988527076,1778513310989754066,FULL
9542,11041,11058,7609897080000,9198113435000,1778513311018191061,1778513311022888711,FULL
9543,11042,11059,7609930397000,9198146751000,1778513311050462777,1778513311056195669,FULL
9544,11043,11060,7609963716000,9198180074000,1778513311084123775,1778513311089708921,FULL
9545,11044,11061,7609997039000,9198213390000,1778513311117064707,1778513311123052027,FULL
9546,11045,11062,7610030354000,9198246710000,1778513311150375356,1778513311156246782,FULL
9547,11046,11063,7610063672000,9198280026000,1778513311184479628,1778513311189743238,FULL
9548,11047,11064,7610096995000,9198313345000,1778513311217406911,1778513311226470756,FULL
9549,11048,11065,7610130309000,9198346663000,1778513311254132469,1778513311257557364,FULL
9550,11049,11066,7610163649000,9198379982000,1778513311286334724,1778513311290433475,FULL
9551,11050,11067,7610196957000,9198413300000,1778513311319856242,1778513311325551248,FULL
9552,11051,11068,7610230269000,9198446619000,1778513311361717172,1778513311356325194,FULL
9553,11052,11069,7610263591000,9198479937000,1778513311386055120,1778513311392450995,FULL
9554,11053,11070,7610296906000,9198513255000,1778513311417499011,1778513311419922527,FULL
9555,11054,11071,7610330220000,9198546574000,1778513311452062296,1778513311443327839,FULL
9556,11055,11072,7610363537000,9198579893000,1778513311487002929,1778513311475253477,FULL
9557,11056,11073,7610396856000,9198613212000,1778513311517860771,1778513311511279650,FULL
9558,11057,11074,7610430174000,9198646530000,1778513311550656075,1778513311556127330,FULL
9559,11058,11075,7610463493000,9198679848000,1778513311584529385,1778513311589884080,FULL
9560,11059,11076,7610496811000,9198713166000,1778513311617784480,1778513311619811070,FULL
9561,11060,11077,7610530129000,9198746487000,1778513311652681984,1778513311642463982,FULL
9562,11061,11078,7610563449000,9198779805000,1778513311684858219,1778513311675548553,FULL
9563,11062,11079,7610596766000,9198813123000,1778513311717942594,1778513311707050177,FULL
9564,11063,11080,7610630090000,9198846441000,1778513311751209707,1778513311751300011,FULL
9565,11064,11081,7610663403000,9198879759000,1778513311784052510,1778513311791288201,FULL
9566,11065,11082,7610696723000,9198913078000,1778513311817653231,1778513311816732586,FULL
9567,11066,11083,7610730040000,9198946396000,1778513311851172712,1778513311840371729,FULL
9568,11067,11085,7610763360000,9198979714000,1778513311884373196,1778513311896128472,FULL
9569,11068,11086,7610796678000,9199013034000,1778513311917377719,1778513311932173459,FULL
9570,11069,11087,7610829998000,9199046351000,1778513311965258901,1778513311965198753,FULL
9571,11070,11088,7610863323000,9199079670000,1778513311993181293,1778513311998130992,FULL
9572,11071,11089,7610896640000,9199112989000,1778513312022303191,1778513312029041214,FULL
9573,11072,11090,7610929960000,9199146307000,1778513312053574510,1778513312061762973,FULL
9574,11073,11091,7610963277000,9199179625000,1778513312087314989,1778513312094805323,FULL
9575,11074,11092,7610996589000,9199212944000,1778513312121028356,1778513312127756506,FULL
9576,11075,11093,7611029909000,9199246262000,1778513312150977005,1778513312161049001,FULL
9577,11076,11094,7611063225000,9199279581000,1778513312188973346,1778513312196143220,FULL
9578,11077,11095,7611096549000,9199312900000,1778513312220007760,1778513312228209264,FULL
9579,11078,11096,7611129864000,9199346218000,1778513312268949468,1778513312262590970,FULL
9580,11079,11097,7611163204000,9199379538000,1778513312307952873,1778513312294096334,FULL
9581,11080,11098,7611196510000,9199412855000,1778513312339146619,1778513312327811640,FULL
9582,11081,11099,7611229824000,9199446173000,1778513312358664618,1778513312362196051,FULL
9583,11082,11100,7611263154000,9199479491000,1778513312389226796,1778513312408133813,FULL
9584,11083,11101,7611296470000,9199512810000,1778513312423804618,1778513312435923194,FULL
9585,11084,11102,7611329788000,9199546129000,1778513312457206211,1778513312466046312,FULL
9586,11085,11103,7611363100000,9199579447000,1778513312489086876,1778513312494817351,FULL
9587,11086,11104,7611396413000,9199612766000,1778513312521019744,1778513312530685562,FULL
9588,11087,11105,7611429734000,9199646084000,1778513312551173001,1778513312562741384,FULL
9589,11088,11106,7611463049000,9199679402000,1778513312589980019,1778513312592405247,FULL
9590,11089,11107,7611496366000,9199712722000,1778513312619780502,1778513312625800908,FULL
9591,11090,11108,7611529687000,9199746040000,1778513312653068912,1778513312659195883,FULL
9592,11091,11109,7611563007000,9199779357000,1778513312685334591,1778513312693302981,FULL
9593,11092,11110,7611596322000,9199812675000,1778513312717620233,1778513312726998787,FULL
9594,11093,11111,7611629641000,9199845995000,1778513312750308519,1778513312760038192,FULL
9595,11094,11112,7611662958000,9199879313000,1778513312784143256,1778513312793165263,FULL
9596,11095,11113,7611696277000,9199912631000,1778513312817455072,1778513312828485035,FULL
9597,11096,11114,7611729594000,9199945951000,1778513312850306672,1778513312859908511,FULL
9598,11097,11115,7611762913000,9199979267000,1778513312884337129,1778513312893078748,FULL
9599,11098,11116,7611796234000,9200012587000,1778513312916813176,1778513312927096940,FULL
9600,11099,11117,7611829551000,9200045907000,1778513312956218373,1778513312960409934,FULL
9601,11100,11118,7611862870000,9200079235000,1778513312986084800,1778513312993678096,FULL
9602,11101,11119,7611896187000,9200112547000,1778513313017556376,1778513313027119405,FULL
9603,11102,11120,7611929506000,9200145875000,1778513313049950628,1778513313060471436,FULL
9604,11103,11121,7611962824000,9200179179000,1778513313083108206,1778513313093628729,FULL
9605,11104,11122,7611996144000,9200212501000,1778513313118030616,1778513313127715235,FULL
9606,11105,11123,7612029468000,9200245820000,1778513313153782963,1778513313160263663,FULL
9607,11106,11124,7612062807000,9200279135000,1778513313186883485,1778513313194019098,FULL
9608,11107,11125,7612096109000,9200312452000,1778513313220395207,1778513313227966309,FULL
9609,11108,11126,7612129433000,9200345773000,1778513313253608469,1778513313261482857,FULL
9610,11109,11127,7612162752000,9200379090000,1778513313287984052,1778513313293668604,FULL
9611,11110,11128,7612196057000,9200412408000,1778513313317762183,1778513313327824257,FULL
9612,11111,11129,7612229378000,9200445727000,1778513313350057751,1778513313360294742,FULL
9613,11112,11130,7612262690000,9200479044000,1778513313383638843,1778513313393548885,FULL
9614,11113,11131,7612296011000,9200512363000,1778513313416652033,1778513313428183812,FULL
9615,11114,11132,7612329328000,9200545681000,1778513313449874165,1778513313460639741,FULL
9616,11115,11133,7612362646000,9200579001000,1778513313484547078,1778513313493916884,FULL
9617,11116,11134,7612395980000,9200612324000,1778513313520343184,1778513313527205638,FULL
9618,11117,11135,7612429303000,9200645638000,1778513313553931738,1778513313560448875,FULL
9619,11118,11136,7612462610000,9200678956000,1778513313587317572,1778513313593865109,FULL
9620,11119,11137,7612495937000,9200712274000,1778513313620914163,1778513313628314334,FULL
9621,11120,11138,7612529243000,9200745596000,1778513313655740964,1778513313660499988,FULL
9622,11121,11139,7612562562000,9200778911000,1778513313689706866,1778513313694016518,FULL
9623,11122,11140,7612595890000,9200812230000,1778513313722037304,1778513313727219940,FULL
9624,11123,11141,7612629204000,9200845551000,1778513313752325986,1778513313760696322,FULL
9625,11124,11142,7612662513000,9200878868000,1778513313784468926,1778513313793992113,FULL
9626,11125,11143,7612695834000,9200912186000,1778513313816731883,1778513313827326163,FULL
9627,11126,11144,7612729149000,9200945503000,1778513313851526906,1778513313861878609,FULL
9628,11127,11145,7612762470000,9200978820000,1778513313883715975,1778513313894192669,FULL
9629,11128,11146,7612795788000,9201012139000,1778513313916447316,1778513313927209778,FULL
9630,11129,11147,7612829104000,9201045458000,1778513313950229146,1778513313960741067,FULL
9631,11130,11148,7612862424000,9201078776000,1778513313983784367,1778513313994942961,FULL
9632,11131,11149,7612895742000,9201112094000,1778513314018344652,1778513314026956931,FULL
9633,11132,11150,7612929060000,9201145413000,1778513314049662397,1778513314061233898,FULL
9634,11133,11154,7612962380000,9201178732000,1778513314199102530,1778513314194490414,FULL
9635,11134,11154,7612995697000,9201212050000,1778513314199370194,1778513314194490414,FULL
9636,11135,11154,7613029016000,9201245368000,1778513314199628524,1778513314194490414,FULL
9637,11136,11154,7613062334000,9201278686000,1778513314199872929,1778513314194490414,FULL
9638,11137,11155,7613095652000,9201312005000,1778513314220532619,1778513314229571466,FULL
9639,11138,11156,7613128974000,9201345323000,1778513314250468842,1778513314263355271,FULL
9640,11139,11157,7613162292000,9201378643000,1778513314283496143,1778513314295694405,FULL
9641,11140,11158,7613195610000,9201411961000,1778513314316150633,1778513314329499321,FULL
9642,11141,11159,7613228926000,9201445279000,1778513314350759287,1778513314363083110,FULL
9643,11142,11159,7613262255000,9201478597000,1778513314383525165,1778513314363083110,FULL
9644,11143,11160,7613295563000,9201511917000,1778513314416012324,1778513314411630625,FULL
9645,11144,11162,7613328882000,9201545235000,1778513314450026281,1778513314463533756,FULL
9646,11145,11163,7613362201000,9201578555000,1778513314483297968,1778513314492316054,FULL
9647,11146,11164,7613395519000,9201611871000,1778513314516753820,1778513314525154386,FULL
9648,11147,11165,7613428837000,9201645191000,1778513314549402958,1778513314558032200,FULL
9649,11148,11166,7613462157000,9201678508000,1778513314583238788,1778513314591333288,FULL
9650,11149,11167,7613495475000,9201711827000,1778513314616763158,1778513314625351109,FULL
9651,11150,11168,7613528793000,9201745147000,1778513314649989123,1778513314659227488,FULL
9652,11151,11169,7613562114000,9201778465000,1778513314682756168,1778513314695077865,FULL
9653,11152,11170,7613595431000,9201811782000,1778513314716832735,1778513314728504285,FULL
9654,11153,11171,7613628749000,9201845101000,1778513314749826703,1778513314763434246,FULL
9655,11154,11172,7613662065000,9201878419000,1778513314782579322,1778513314796283949,FULL
9656,11155,11173,7613695385000,9201911738000,1778513314818408519,1778513314827401946,FULL
9657,11156,11174,7613728706000,9201945057000,1778513314849788634,1778513314863697857,FULL
9658,11157,11175,7613762023000,9201978375000,1778513314883905627,1778513314896696577,FULL
9659,11158,11176,7613795351000,9202011694000,1778513314916791078,1778513314925951000,FULL
9660,11159,11177,7613828660000,9202045014000,1778513314954300795,1778513314959864674,FULL
9661,11160,11178,7613861981000,9202078331000,1778513314984060797,1778513314993299483,FULL
9662,11161,11179,7613895296000,9202111649000,1778513315016005831,1778513315026444109,FULL
9663,11162,11180,7613928614000,9202144967000,1778513315048741431,1778513315062193932,FULL
9664,11163,11181,7613961933000,9202178286000,1778513315082100284,1778513315092464419,FULL
9665,11164,11182,7613995251000,9202211604000,1778513315115441286,1778513315126377204,FULL
9666,11165,11183,7614028570000,9202244923000,1778513315149099321,1778513315159551497,FULL
9667,11166,11184,7614061887000,9202278241000,1778513315182531858,1778513315192944324,FULL
9668,11167,11185,7614095210000,9202311562000,1778513315215811842,1778513315227482548,FULL
9669,11168,11186,7614128526000,9202344882000,1778513315251142304,1778513315259098874,FULL
9670,11169,11187,7614161843000,9202378206000,1778513315282497548,1778513315292908308,FULL
9671,11170,11188,7614195161000,9202411525000,1778513315315971678,1778513315326174693,FULL
9672,11171,11189,7614228479000,9202444838000,1778513315349419863,1778513315359490984,FULL
9673,11172,11190,7614261801000,9202478153000,1778513315383239323,1778513315392924996,FULL
9674,11173,11191,7614295126000,9202511480000,1778513315415885665,1778513315426296046,FULL
9675,11174,11192,7614328437000,9202544792000,1778513315449531126,1778513315459378302,FULL
9676,11175,11193,7614361754000,9202578109000,1778513315483126291,1778513315492642334,FULL
9677,11176,11194,7614395074000,9202611427000,1778513315515922724,1778513315526484935,FULL
9678,11177,11195,7614428391000,9202644746000,1778513315550734858,1778513315559915170,FULL
9679,11178,11196,7614461710000,9202678064000,1778513315582280156,1778513315593438737,FULL
9680,11179,11197,7614495029000,9202711384000,1778513315616398557,1778513315626788176,FULL
9681,11180,11198,7614528349000,9202744701000,1778513315651031304,1778513315659883210,FULL
9682,11181,11199,7614561665000,9202778018000,1778513315683154762,1778513315693346092,FULL
9683,11182,11200,7614594986000,9202811339000,1778513315715735161,1778513315727155786,FULL
9684,11183,11201,7614628304000,9202844656000,1778513315749771895,1778513315760103543,FULL
9685,11184,11202,7614661621000,9202877980000,1778513315783574484,1778513315793170059,FULL
9686,11185,11203,7614694940000,9202911300000,1778513315816114476,1778513315826525868,FULL
9687,11186,11204,7614728257000,9202944615000,1778513315848835484,1778513315859872511,FULL
9688,11187,11205,7614761576000,9202977934000,1778513315882804312,1778513315893426336,FULL
9689,11188,11206,7614794897000,9203011249000,1778513315916048166,1778513315926444535,FULL
9690,11189,11207,7614828212000,9203044567000,1778513315950442434,1778513315959942526,FULL
9691,11190,11208,7614861538000,9203077887000,1778513315984461206,1778513315994859873,FULL
9692,11191,11209,7614894867000,9203111203000,1778513316019799372,1778513316026225126,FULL
9693,11192,11210,7614928170000,9203144522000,1778513316053119818,1778513316060949586,FULL
9694,11193,11211,7614961486000,9203177839000,1778513316083061484,1778513316092748353,FULL
9695,11194,11212,7614994807000,9203211158000,1778513316116444004,1778513316126377861,FULL
9696,11195,11213,7615028127000,9203244476000,1778513316148668554,1778513316159627206,FULL
9697,11196,11214,7615061442000,9203277794000,1778513316182644308,1778513316193068457,FULL
9698,11197,11215,7615094761000,9203311116000,1778513316215996383,1778513316226714354,FULL
9699,11198,11216,7615128082000,9203344432000,1778513316249277681,1778513316259781905,FULL
9700,11199,11217,7615161401000,9203377750000,1778513316282981290,1778513316293547467,FULL
9701,11200,11218,7615194726000,9203411068000,1778513316316712639,1778513316326067671,FULL
9702,11201,11219,7615228035000,9203444388000,1778513316350523302,1778513316359672494,FULL
9703,11202,11219,7615261353000,9203477705000,1778513316383550196,1778513316359672494,FULL
9704,11203,11221,7615294681000,9203511024000,1778513316421164893,1778513316430907898,FULL
9705,11204,11222,7615327999000,9203544342000,1778513316452699210,1778513316459240810,FULL
9706,11205,11223,7615361319000,9203577665000,1778513316487556843,1778513316491135335,FULL
9707,11206,11224,7615394630000,9203610979000,1778513316516467762,1778513316524250607,FULL
9708,11207,11225,7615427950000,9203644298000,1778513316549402323,1778513316557665877,FULL
9709,11208,11226,7615461264000,9203677616000,1778513316582363421,1778513316592382837,FULL
9710,11209,11227,7615494582000,9203710937000,1778513316616093307,1778513316624564526,FULL
9711,11210,11228,7615527903000,9203744253000,1778513316648966202,1778513316657864945,FULL
9712,11211,11229,7615561218000,9203777572000,1778513316682283019,1778513316692228483,FULL
9713,11212,11230,7615594538000,9203810889000,1778513316714895546,1778513316725671604,FULL
9714,11213,11231,7615627859000,9203844208000,1778513316748947003,1778513316758062791,FULL
9715,11214,11232,7615661174000,9203877526000,1778513316782476521,1778513316792103573,FULL
9716,11215,11233,7615694492000,9203910846000,1778513316816687254,1778513316838527754,FULL
9717,11216,11233,7615727811000,9203944166000,1778513316848649473,1778513316838527754,FULL
9718,11217,11234,7615761131000,9203977482000,1778513316884249858,1778513316888060479,FULL
9719,11218,11235,7615794448000,9204010801000,1778513316915001442,1778513316921544173,FULL
9720,11219,11236,7615827766000,9204044119000,1778513316954157586,1778513316954869240,FULL
9721,11220,11237,7615861086000,9204077438000,1778513316984222715,1778513316988370287,FULL
9722,11221,11238,7615894404000,9204110759000,1778513317015745013,1778513317021151877,FULL
9723,11222,11239,7615927723000,9204144075000,1778513317047936490,1778513317053984578,FULL
9724,11223,11240,7615961040000,9204177395000,1778513317081366842,1778513317087382681,FULL
9725,11224,11241,7615994360000,9204210711000,1778513317114315255,1778513317120588416,FULL
9726,11225,11242,7616027677000,9204244030000,1778513317147854365,1778513317154791696,FULL
9727,11226,11243,7616060996000,9204277349000,1778513317182936996,1778513317188126578,FULL
9728,11227,11244,7616094316000,9204310667000,1778513317214509035,1778513317221898658,FULL
9729,11228,11245,7616127635000,9204343986000,1778513317249912200,1778513317255252706,FULL
9730,11229,11246,7616160952000,9204377305000,1778513317282041454,1778513317288312257,FULL
9731,11230,11247,7616194276000,9204410622000,1778513317314848647,1778513317321737952,FULL
9732,11231,11248,7616227589000,9204443942000,1778513317361487193,1778513317352722523,FULL
9733,11232,11249,7616260908000,9204477259000,1778513317396990561,1778513317385932702,FULL
9734,11233,11250,7616294226000,9204510580000,1778513317430166323,1778513317413162717,FULL
9735,11234,11251,7616327546000,9204543897000,1778513317467124435,1778513317454010007,FULL
9736,11235,11252,7616360864000,9204577216000,1778513317502976021,1778513317487180631,FULL
9737,11236,11253,7616394183000,9204610534000,1778513317536298596,1778513317520489161,FULL
9738,11237,11254,7616427504000,9204643852000,1778513317569879040,1778513317553842449,FULL
9739,11238,11255,7616460820000,9204677170000,1778513317600978805,1778513317587043758,FULL
9740,11239,11256,7616494138000,9204710489000,1778513317634687358,1778513317621419333,FULL
9741,11240,11257,7616527459000,9204743807000,1778513317665116446,1778513317652763122,FULL
9742,11241,11258,7616560776000,9204777126000,1778513317694571488,1778513317685840636,FULL
9743,11242,11259,7616594096000,9204810444000,1778513317725391386,1778513317719203795,FULL
9744,11243,11260,7616627413000,9204843763000,1778513317765104062,1778513317753915478,FULL
9745,11244,11261,7616660732000,9204877081000,1778513317798007475,1778513317787304266,FULL
9746,11245,11262,7616694051000,9204910403000,1778513317831520512,1778513317821307623,FULL
9747,11246,11263,7616727370000,9204943718000,1778513317866817733,1778513317854374544,FULL
9748,11247,11264,7616760688000,9204977038000,1778513317898857341,1778513317887204652,FULL
9749,11248,11265,7616794007000,9205010357000,1778513317933291997,1778513317920407350,FULL
9750,11249,11266,7616827325000,9205043678000,1778513317966583740,1778513317952575113,FULL
9751,11250,11267,7616860643000,9205076997000,1778513317999842483,1778513317985798810,FULL
9752,11251,11268,7616893962000,9205110314000,1778513318031933608,1778513318019180691,FULL
9753,11252,11269,7616927281000,9205143633000,1778513318066353561,1778513318046505205,FULL
9754,11253,11270,7616960599000,9205176952000,1778513318099696915,1778513318087261162,FULL
9755,11254,11271,7616993917000,9205210271000,1778513318131865336,1778513318120503508,FULL
9756,11255,11272,7617027236000,9205243589000,1778513318166292900,1778513318153850741,FULL
9757,11256,11273,7617060554000,9205276907000,1778513318199672549,1778513318187096142,FULL
9758,11257,11274,7617093872000,9205310225000,1778513318233831282,1778513318220417208,FULL
9759,11258,11275,7617127192000,9205343544000,1778513318266411662,1778513318257181723,FULL
9760,11259,11276,7617160510000,9205376864000,1778513318299079448,1778513318288255219,FULL
9761,11260,11277,7617193828000,9205410181000,1778513318333301718,1778513318323773320,FULL
9762,11261,11278,7617227147000,9205443499000,1778513318366729163,1778513318356475060,FULL
9763,11262,11279,7617260464000,9205476818000,1778513318397024437,1778513318386826266,FULL
9764,11263,11280,7617293783000,9205510136000,1778513318429566651,1778513318434574138,FULL
9765,11264,11281,7617327102000,9205543454000,1778513318468748220,1778513318454379854,FULL
9766,11265,11282,7617360421000,9205576773000,1778513318503368134,1778513318487929641,FULL
9767,11266,11284,7617393740000,9205610091000,1778513318535774238,1778513318545094884,FULL
9768,11267,11285,7617427058000,9205643410000,1778513318567694384,1778513318585400902,FULL
9769,11268,11286,7617460376000,9205676729000,1778513318598842001,1778513318610035590,FULL
9770,11269,11287,7617493693000,9205710047000,1778513318634422238,1778513318646276147,FULL
9771,11270,11287,7617527013000,9205743365000,1778513318666803231,1778513318646276147,FULL
9772,11271,11288,7617560331000,9205776684000,1778513318700485469,1778513318689658950,FULL
9773,11272,11290,7617593654000,9205810003000,1778513318738207388,1778513318753860181,FULL
9774,11273,11290,7617626970000,9205843320000,1778513318762916035,1778513318753860181,FULL
9775,11274,11291,7617660286000,9205876639000,1778513318791895731,1778513318786684586,FULL
9776,11275,11292,7617693604000,9205909957000,1778513318832627932,1778513318819995393,FULL
9777,11276,11293,7617726923000,9205943277000,1778513318863647365,1778513318854483189,FULL
9778,11277,11294,7617760241000,9205976595000,1778513318899337805,1778513318887519851,FULL
9779,11278,11295,7617793561000,9206009913000,1778513318933209653,1778513318920905806,FULL
9780,11279,11297,7617826879000,9206043232000,1778513318978982171,1778513318986675708,FULL
9781,11280,11297,7617860198000,9206076551000,1778513319000458279,1778513318986675708,FULL
9782,11281,11298,7617893513000,9206109867000,1778513319032863364,1778513319019975534,FULL
9783,11282,11299,7617926835000,9206143185000,1778513319064415088,1778513319049281454,FULL
9784,11283,11307,7617960154000,9206176505000,1778513319307224795,1778513319320629646,FULL
9785,11284,11307,7617993471000,9206209822000,1778513319307825863,1778513319320629646,FULL
9786,11285,11307,7618026789000,9206243140000,1778513319308176470,1778513319320629646,FULL
9787,11286,11307,7618060106000,9206276460000,1778513319308585984,1778513319320629646,FULL
9788,11287,11307,7618093427000,9206309777000,1778513319309036294,1778513319320629646,FULL
9789,11288,11307,7618126750000,9206343096000,1778513319309447623,1778513319320629646,FULL
9790,11289,11307,7618160064000,9206376415000,1778513319309856545,1778513319320629646,FULL
9791,11290,11307,7618193380000,9206409733000,1778513319327205640,1778513319320629646,FULL
9792,11291,11308,7618226698000,9206443051000,1778513319360213664,1778513319353863139,FULL
9793,11292,11309,7618260018000,9206476370000,1778513319393789292,1778513319386470379,FULL
9794,11293,11310,7618293337000,9206509688000,1778513319427460272,1778513319419828557,FULL
9795,11294,11311,7618326656000,9206543007000,1778513319465455909,1778513319455431120,FULL
9796,11295,11312,7618359974000,9206576325000,1778513319500932907,1778513319486542560,FULL
9797,11296,11313,7618393294000,9206609644000,1778513319533810561,1778513319519791461,FULL
9798,11297,11315,7618426612000,9206642963000,1778513319574374690,1778513319586338503,FULL
9799,11298,11316,7618459931000,9206676281000,1778513319603742419,1778513319620071177,FULL
9800,11299,11316,7618493253000,9206709599000,1778513319633023740,1778513319620071177,FULL
9801,11300,11317,7618526570000,9206742918000,1778513319665059644,1778513319653228671,FULL
9802,11301,11318,7618559887000,9206776239000,1778513319696783237,1778513319686431202,FULL
9803,11302,11319,7618593204000,9206809555000,1778513319729131749,1778513319719762657,FULL
9804,11303,11320,7618626523000,9206842874000,1778513319763924198,1778513319753103372,FULL
9805,11304,11321,7618659849000,9206876192000,1778513319793730995,1778513319788421308,FULL
9806,11305,11322,7618693160000,9206909510000,1778513319827001886,1778513319819756024,FULL
9807,11306,11323,7618726479000,9206942829000,1778513319862010167,1778513319853098350,FULL
9808,11307,11324,7618759796000,9206976147000,1778513319898684800,1778513319886275492,FULL
9809,11308,11325,7618793116000,9207009466000,1778513319932386612,1778513319919755798,FULL
9810,11309,11326,7618826434000,9207042784000,1778513319967367633,1778513319952993828,FULL
9811,11310,11327,7618859752000,9207076104000,1778513319999430315,1778513319986397524,FULL
9812,11311,11328,7618893071000,9207109423000,1778513320032535467,1778513320019811312,FULL
9813,11312,11329,7618926390000,9207142741000,1778513320065192364,1778513320053206507,FULL
9814,11313,11330,7618959708000,9207176058000,1778513320100017924,1778513320086328872,FULL
9815,11314,11331,7618993030000,9207209378000,1778513320132612155,1778513320121164536,FULL
9816,11315,11333,7619026345000,9207242696000,1778513320164927093,1778513320170518855,FULL
9817,11316,11334,7619059664000,9207276019000,1778513320193647310,1778513320194899638,FULL
9818,11317,11335,7619092981000,9207309333000,1778513320226952089,1778513320224831385,FULL
9819,11318,11336,7619126299000,9207342651000,1778513320258818773,1778513320258562041,FULL
9820,11319,11337,7619159617000,9207375969000,1778513320281958233,1778513320291677646,FULL
9821,11320,11338,7619192936000,9207409288000,1778513320315484288,1778513320325069583,FULL
9822,11321,11339,7619226252000,9207442606000,1778513320347440545,1778513320359315363,FULL
9823,11322,11339,7619259571000,9207475924000,1778513320380946748,1778513320359315363,FULL
9824,11323,11340,7619292889000,9207509243000,1778513320414127196,1778513320409340009,FULL
9825,11324,11342,7619326209000,9207542561000,1778513320447576752,1778513320459752151,FULL
9826,11325,11343,7619359527000,9207575880000,1778513320480237575,1778513320491149866,FULL
9827,11326,11344,7619392848000,9207609200000,1778513320514031183,1778513320523797717,FULL
9828,11327,11345,7619426163000,9207642518000,1778513320547287370,1778513320557846517,FULL
9829,11328,11346,7619459481000,9207675835000,1778513320580216728,1778513320591173899,FULL
9830,11329,11347,7619492801000,9207709154000,1778513320613879744,1778513320624616205,FULL
9831,11330,11348,7619526118000,9207742473000,1778513320648734119,1778513320658363657,FULL
9832,11331,11349,7619559437000,9207775791000,1778513320680344842,1778513320690886102,FULL
9833,11332,11350,7619592757000,9207809109000,1778513320713805101,1778513320723534212,FULL
9834,11333,11351,7619626076000,9207842428000,1778513320751561167,1778513320758961740,FULL
9835,11334,11352,7619659393000,9207875746000,1778513320788968644,1778513320795668089,FULL
9836,11335,11353,7619692733000,9207909066000,1778513320818852886,1778513320827043193,FULL
9837,11336,11354,7619726036000,9207942384000,1778513320850959326,1778513320858577054,FULL
9838,11337,11355,7619759369000,9207975702000,1778513320886328769,1778513320891163925,FULL
9839,11338,11356,7619792693000,9208009021000,1778513320916794578,1778513320924495806,FULL
9840,11339,11357,7619826003000,9208042339000,1778513320953041234,1778513320957533338,FULL
9841,11340,11358,7619859305000,9208075658000,1778513320981487398,1778513320990478038,FULL
9842,11341,11359,7619892624000,9208108976000,1778513321015557670,1778513321024176435,FULL
9843,11342,11360,7619925954000,9208142293000,1778513321051095870,1778513321058114422,FULL
9844,11343,11361,7619959289000,9208175614000,1778513321085108105,1778513321092137685,FULL
9845,11344,11362,7619992586000,9208208931000,1778513321122465453,1778513321126388262,FULL
9846,11345,11363,7620025909000,9208242249000,1778513321159110587,1778513321160318045,FULL
9847,11346,11364,7620059217000,9208275568000,1778513321182534526,1778513321194145162,FULL
9848,11347,11365,7620092535000,9208308887000,1778513321214375635,1778513321226383850,FULL
9849,11348,11366,7620125854000,9208342209000,1778513321246634389,1778513321257604808,FULL
9850,11349,11367,7620159174000,9208375525000,1778513321280418126,1778513321291133909,FULL
9851,11350,11368,7620192491000,9208408842000,1778513321313469038,1778513321326474753,FULL
9852,11351,11369,7620225808000,9208442161000,1778513321346439173,1778513321357646470,FULL
9853,11352,11370,7620259127000,9208475479000,1778513321379836803,1778513321391252386,FULL
9854,11353,11371,7620292444000,9208508799000,1778513321413128546,1778513321424166271,FULL
9855,11354,11372,7620325763000,9208542117000,1778513321446986079,1778513321459340543,FULL
9856,11355,11373,7620359082000,9208575435000,1778513321479940584,1778513321490732591,FULL
9857,11356,11374,7620392401000,9208608753000,1778513321514358500,1778513321524163249,FULL
9858,11357,11375,7620425723000,9208642082000,1778513321550708359,1778513321558517658,FULL
9859,11358,11376,7620459048000,9208675391000,1778513321582595635,1778513321590797105,FULL
9860,11359,11377,7620492361000,9208708724000,1778513321615804582,1778513321625425881,FULL
9861,11360,11378,7620525684000,9208742033000,1778513321651416634,1778513321658237175,FULL
9862,11361,11379,7620559003000,9208775373000,1778513321682514288,1778513321690547141,FULL
9863,11362,11380,7620592312000,9208808665000,1778513321713609072,1778513321726326109,FULL
9864,11363,11381,7620625631000,9208841992000,1778513321750955680,1778513321758247893,FULL
9865,11364,11382,7620658963000,9208875305000,1778513321783053417,1778513321790567988,FULL
9866,11365,11383,7620692271000,9208908622000,1778513321823279605,1778513321824911434,FULL
9867,11366,11384,7620725588000,9208941960000,1778513321850507152,1778513321857244862,FULL
9868,11367,11385,7620758915000,9208975258000,1778513321884058410,1778513321891593086,FULL
9869,11368,11386,7620792224000,9209008575000,1778513321916522310,1778513321925718515,FULL
9870,11369,11387,7620825555000,9209041895000,1778513321949934699,1778513321957199970,FULL
9871,11370,11388,7620858868000,9209075212000,1778513321984803277,1778513321992097633,FULL
9872,11371,11389,7620892180000,9209108530000,1778513322014052192,1778513322023897103,FULL
9873,11372,11390,7620925498000,9209141858000,1778513322047055975,1778513322057347909,FULL
9874,11373,11391,7620958814000,9209175167000,1778513322080750009,1778513322091617689,FULL
9875,11374,11392,7620992156000,9209208485000,1778513322113715626,1778513322125248864,FULL
9876,11375,11393,7621025453000,9209241804000,1778513322146856259,1778513322158807299,FULL
9877,11376,11394,7621058770000,9209275122000,1778513322179528489,1778513322190851748,FULL
9878,11377,11395,7621092087000,9209308442000,1778513322213522521,1778513322224220629,FULL
9879,11378,11396,7621125406000,9209341759000,1778513322246581451,1778513322258688981,FULL
9880,11379,11397,7621158723000,9209375077000,1778513322280580538,1778513322290459748,FULL
9881,11380,11398,7621192053000,9209408397000,1778513322313985020,1778513322325175098,FULL
9882,11381,11399,7621225360000,9209441715000,1778513322346093461,1778513322357276398,FULL
9883,11382,11399,7621258681000,9209475034000,1778513322380108362,1778513322357276398,FULL
9884,11383,11400,7621292004000,9209508352000,1778513322413384938,1778513322409914000,FULL
9885,11384,11401,7621325318000,9209541670000,1778513322446574330,1778513322431902288,FULL
9886,11385,11403,7621358633000,9209574989000,1778513322479342264,1778513322490936217,FULL
9887,11386,11404,7621391952000,9209608309000,1778513322521522339,1778513322523992379,FULL
9888,11387,11405,7621425274000,9209641625000,1778513322548358408,1778513322556363436,FULL
9889,11388,11406,7621458594000,9209674944000,1778513322579737023,1778513322589582819,FULL
9890,11389,11407,7621491908000,9209708263000,1778513322616958187,1778513322624008690,FULL
9891,11390,11408,7621525234000,9209741584000,1778513322648691150,1778513322657108833,FULL
9892,11391,11409,7621558558000,9209774900000,1778513322679903878,1778513322689401058,FULL
9893,11392,11410,7621591864000,9209808219000,1778513322714935694,1778513322722509423,FULL
9894,11393,11411,7621625183000,9209841536000,1778513322748315492,1778513322756940868,FULL
9895,11394,11412,7621658503000,9209874855000,1778513322783086071,1778513322790129825,FULL
9896,11395,11413,7621691834000,9209908175000,1778513322819246431,1778513322823845424,FULL
9897,11396,11414,7621725144000,9209941492000,1778513322848013703,1778513322858821827,FULL
9898,11397,11415,7621758464000,9209974811000,1778513322884987073,1778513322890596038,FULL
9899,11398,11416,7621791785000,9210008130000,1778513322920688161,1778513322924291287,FULL
9900,11399,11417,7621825097000,9210041448000,1778513322955660405,1778513322957092414,FULL
9901,11400,11418,7621858416000,9210074767000,1778513322987918714,1778513322991137881,FULL
9902,11401,11419,7621891738000,9210108085000,1778513323022837680,1778513323026616705,FULL
9903,11402,11420,7621925054000,9210141405000,1778513323054351478,1778513323058958966,FULL
9904,11403,11421,7621958378000,9210174721000,1778513323085964942,1778513323092906249,FULL
9905,11404,11422,7621991687000,9210208039000,1778513323112372776,1778513323124163502,FULL
9906,11405,11423,7622025007000,9210241358000,1778513323147285001,1778513323158203914,FULL
9907,11406,11424,7622058351000,9210274677000,1778513323181744676,1778513323190902413,FULL
9908,11407,11425,7622091652000,9210307997000,1778513323212754720,1778513323223715077,FULL
9909,11408,11426,7622124962000,9210341315000,1778513323245807095,1778513323258051282,FULL
9910,11409,11427,7622158279000,9210374634000,1778513323279538722,1778513323291182184,FULL
9911,11410,11428,7622191609000,9210407951000,1778513323312476543,1778513323324449788,FULL
9912,11411,11429,7622224916000,9210441270000,1778513323345979653,1778513323357683226,FULL
9913,11412,11430,7622258235000,9210474588000,1778513323379005065,1778513323390146320,FULL
9914,11413,11431,7622291554000,9210507907000,1778513323414389897,1778513323423948956,FULL
9915,11414,11432,7622324872000,9210541224000,1778513323445761308,1778513323457270763,FULL
9916,11415,11433,7622358192000,9210574543000,1778513323479881209,1778513323491020104,FULL
9917,11416,11434,7622391510000,9210607867000,1778513323512359164,1778513323523809528,FULL
9918,11417,11435,7622424827000,9210641181000,1778513323546283288,1778513323557256686,FULL
9919,11418,11436,7622458146000,9210674501000,1778513323578913501,1778513323590360514,FULL
9920,11419,11437,7622491465000,9210707820000,1778513323612274039,1778513323624152446,FULL
9921,11420,11438,7622524784000,9210741139000,1778513323647281042,1778513323657874639,FULL
9922,11421,11439,7622558101000,9210774455000,1778513323681417479,1778513323690493861,FULL
9923,11422,11440,7622591422000,9210807779000,1778513323712711317,1778513323724096480,FULL
9924,11423,11441,7622624738000,9210841092000,1778513323745938208,1778513323757444287,FULL
9925,11424,11442,7622658055000,9210874410000,1778513323779517763,1778513323790518190,FULL
9926,11425,11443,7622691389000,9210907730000,1778513323812506805,1778513323823580685,FULL
9927,11426,11444,7622724696000,9210941047000,1778513323845566013,1778513323857012547,FULL
9928,11427,11445,7622758014000,9210974365000,1778513323879436638,1778513323890388298,FULL
9929,11428,11446,7622791333000,9211007685000,1778513323912381958,1778513323923638236,FULL
9930,11429,11447,7622824649000,9211041003000,1778513323947741494,1778513323956818915,FULL
9931,11430,11448,7622857967000,9211074322000,1778513323979052072,1778513323990264759,FULL
9932,11431,11449,7622891285000,9211107642000,1778513324012257538,1778513324023573362,FULL
9933,11432,11450,7622924604000,9211140959000,1778513324045585966,1778513324057092927,FULL
9934,11433,11451,7622957922000,9211174288000,1778513324078845357,1778513324090418698,FULL
9935,11434,11452,7622991242000,9211207607000,1778513324112535836,1778513324123560433,FULL
9936,11435,11453,7623024560000,9211240917000,1778513324145494045,1778513324156895333,FULL
9937,11436,11454,7623057878000,9211274232000,1778513324179417392,1778513324190169141,FULL
9938,11437,11455,7623091201000,9211307557000,1778513324215117517,1778513324223515578,FULL
9939,11438,11456,7623124519000,9211340868000,1778513324248338334,1778513324257515267,FULL
9940,11439,11457,7623157840000,9211374188000,1778513324281261136,1778513324289845733,FULL
9941,11440,11458,7623191159000,9211407506000,1778513324314100995,1778513324323299187,FULL
9942,11441,11459,7623224474000,9211440825000,1778513324345566775,1778513324356850122,FULL
9943,11442,11460,7623257789000,9211474143000,1778513324379352253,1778513324401634985,FULL
9944,11443,11460,7623291109000,9211507461000,1778513324412141909,1778513324401634985,FULL
9945,11444,11462,7623324425000,9211540779000,1778513324447489537,1778513324457174633,FULL
9946,11445,11463,7623357743000,9211574099000,1778513324478021290,1778513324490190833,FULL
9947,11446,11464,7623391064000,9211607419000,1778513324512536557,1778513324521686732,FULL
9948,11447,11465,7623424383000,9211640735000,1778513324545115826,1778513324555115075,FULL
9949,11448,11466,7623457701000,9211674054000,1778513324578910137,1778513324588217866,FULL
9950,11449,11467,7623491017000,9211707371000,1778513324612369933,1778513324621480545,FULL
9951,11450,11468,7623524339000,9211740690000,1778513324644911702,1778513324655111460,FULL
9952,11451,11469,7623557654000,9211774009000,1778513324678860846,1778513324688500638,FULL
9953,11452,11470,7623590977000,9211807328000,1778513324711589594,1778513324721821593,FULL
9954,11453,11471,7623624291000,9211840646000,1778513324745494812,1778513324756094966,FULL
9955,11454,11472,7623657610000,9211873964000,1778513324778742444,1778513324791398902,FULL
9956,11455,11473,7623690928000,9211907284000,1778513324813759483,1778513324822622656,FULL
9957,11456,11474,7623724257000,9211940602000,1778513324846700081,1778513324856021277,FULL
9958,11457,11475,7623757569000,9211973919000,1778513324878532506,1778513324889216975,FULL
9959,11458,11476,7623790887000,9212007238000,1778513324912277892,1778513324922633652,FULL
9960,11459,11477,7623824204000,9212040557000,1778513324950545249,1778513324955691888,FULL
9961,11460,11478,7623857522000,9212073875000,1778513324981259963,1778513324989025769,FULL
9962,11461,11479,7623890846000,9212107193000,1778513325013278145,1778513325023835896,FULL
9963,11462,11480,7623924163000,9212140514000,1778513325045136643,1778513325056073399,FULL
9964,11463,11481,7623957483000,9212173831000,1778513325077809133,1778513325090917747,FULL
9965,11464,11482,7623990797000,9212207149000,1778513325111015766,1778513325123005289,FULL
9966,11465,11483,7624024115000,9212240469000,1778513325144492951,1778513325156547224,FULL
9967,11466,11483,7624057434000,9212273786000,1778513325177997673,1778513325156547224,FULL
9968,11467,11484,7624090752000,9212307104000,1778513325211497561,1778513325218663271,FULL
9969,11468,11485,7624124071000,9212340423000,1778513325244743823,1778513325252062245,FULL
9970,11469,11486,7624157388000,9212373741000,1778513325292992038,1778513325286345710,FULL
9971,11470,11487,7624190709000,9212407060000,1778513325327136883,1778513325317891090,FULL
9972,11471,11488,7624224041000,9212440380000,1778513325361138803,1778513325351204805,FULL
9973,11472,11489,7624257346000,9212473697000,1778513325398522799,1778513325385180532,FULL
9974,11473,11490,7624290663000,9212507016000,1778513325429191162,1778513325416456266,FULL
9975,11474,11491,7624323984000,9212540334000,1778513325463090064,1778513325449716334,FULL
9976,11475,11493,7624357301000,9212573653000,1778513325500042361,1778513325520221059,FULL
9977,11476,11493,7624390621000,9212606970000,1778513325530385598,1778513325520221059,FULL
9978,11477,11494,7624423939000,9212640289000,1778513325564221131,1778513325551828291,FULL
9979,11478,11495,7624457256000,9212673608000,1778513325599497964,1778513325589362798,FULL
9980,11479,11496,7624490574000,9212706927000,1778513325630267177,1778513325620996844,FULL
9981,11480,11497,7624523895000,9212740245000,1778513325664414893,1778513325651208626,FULL
9982,11481,11498,7624557212000,9212773563000,1778513325700331959,1778513325684670433,FULL
9983,11482,11499,7624590534000,9212806881000,1778513325728290221,1778513325718446087,FULL
9984,11483,11500,7624623848000,9212840200000,1778513325761420799,1778513325751508935,FULL
9985,11484,11501,7624657166000,9212873518000,1778513325798765165,1778513325785907843,FULL
9986,11485,11502,7624690484000,9212906838000,1778513325830366037,1778513325818287937,FULL
9987,11486,11503,7624723805000,9212940156000,1778513325863208895,1778513325849647208,FULL
9988,11487,11504,7624757125000,9212973476000,1778513325896604007,1778513325879592678,FULL
9989,11488,11505,7624790443000,9213006792000,1778513325926929244,1778513325918862205,FULL
9990,11489,11506,7624823758000,9213040111000,1778513325963806116,1778513325951631037,FULL
9991,11490,11507,7624857080000,9213073429000,1778513325997068914,1778513325984325906,FULL
9992,11491,11508,7624890397000,9213106749000,1778513326025257933,1778513326017572270,FULL
9993,11492,11509,7624923714000,9213140066000,1778513326057451687,1778513326050974299,FULL
9994,11493,11510,7624957032000,9213173385000,1778513326097026437,1778513326084299180,FULL
9995,11494,11511,7624990351000,9213206704000,1778513326132106069,1778513326117565692,FULL
9996,11495,11512,7625023671000,9213240024000,1778513326164943483,1778513326150809722,FULL
9997,11496,11513,7625056989000,9213273340000,1778513326195982953,1778513326184260528,FULL
9998,11497,11514,7625090306000,9213306660000,1778513326227006997,1778513326217567503,FULL
9999,11498,11515,7625123625000,9213339977000,1778513326260555329,1778513326250957569,FULL
10000,11499,11516,7625156944000,9213373296000,1778513326300744944,1778513326284126063,FULL
10001,11500,11517,7625190263000,9213406615000,1778513326330233282,1778513326319968179,FULL
10002,11501,11518,7625223582000,9213439935000,1778513326363072770,1778513326350797104,FULL
10003,11502,11519,7625256900000,9213473254000,1778513326396114590,1778513326384135226,FULL
10004,11503,11520,7625290220000,9213506571000,1778513326429395295,1778513326431287196,FULL
10005,11504,11521,7625323538000,9213539890000,1778513326462703797,1778513326452341381,FULL
10006,11505,11522,7625356855000,9213573209000,1778513326495771783,1778513326485081731,FULL
10007,11506,11524,7625390175000,9213606527000,1778513326529155876,1778513326540081848,FULL
10008,11507,11525,7625423492000,9213639846000,1778513326563027946,1778513326578215757,FULL
10009,11508,11525,7625456812000,9213673165000,1778513326595952026,1778513326578215757,FULL
10010,11509,11526,7625490129000,9213706483000,1778513326629724986,1778513326617224750,FULL
10011,11510,11527,7625523448000,9213739802000,1778513326663041876,1778513326650542280,FULL
10012,11511,11528,7625556766000,9213773121000,1778513326696368489,1778513326683876513,FULL
10013,11512,11529,7625590089000,9213806438000,1778513326733037826,1778513326719217079,FULL
10014,11513,11531,7625623408000,9213839757000,1778513326768774042,1778513326783909212,FULL
10015,11514,11531,7625656723000,9213873074000,1778513326788123469,1778513326783909212,FULL
10016,11515,11532,7625690040000,9213906394000,1778513326813112891,1778513326817164872,FULL
10017,11516,11533,7625723365000,9213939713000,1778513326847976914,1778513326850484087,FULL
10018,11517,11534,7625756682000,9213973030000,1778513326878170541,1778513326883816172,FULL
10019,11518,11535,7625789994000,9214006349000,1778513326911650078,1778513326917091073,FULL
10020,11519,11536,7625823313000,9214039668000,1778513326949671956,1778513326950430491,FULL
10021,11520,11537,7625856630000,9214072986000,1778513326979542364,1778513326983829743,FULL
10022,11521,11538,7625889950000,9214106304000,1778513327013173936,1778513327017148846,FULL
10023,11522,11539,7625923267000,9214139622000,1778513327043566691,1778513327051977584,FULL
10024,11523,11540,7625956585000,9214172943000,1778513327076518381,1778513327083813924,FULL
10025,11524,11541,7625989904000,9214206260000,1778513327109989844,1778513327117114658,FULL
10026,11525,11542,7626023221000,9214239578000,1778513327143284531,1778513327150321855,FULL
10027,11526,11543,7626056541000,9214272897000,1778513327177180194,1778513327183640070,FULL
10028,11527,11544,7626089861000,9214306215000,1778513327211877181,1778513327217095210,FULL
10029,11528,11545,7626123178000,9214339535000,1778513327243746846,1778513327250405480,FULL
10030,11529,11546,7626156496000,9214372852000,1778513327277669304,1778513327283777824,FULL
10031,11530,11547,7626189816000,9214406171000,1778513327310314757,1778513327316966151,FULL
10032,11531,11548,7626223133000,9214439490000,1778513327343987940,1778513327350219478,FULL
10033,11532,11549,7626256469000,9214472808000,1778513327376862743,1778513327383620729,FULL
10034,11533,11550,7626289770000,9214506126000,1778513327410907200,1778513327417000869,FULL
10035,11534,11551,7626323089000,9214539443000,1778513327444237368,1778513327450418491,FULL
10036,11535,11552,7626356411000,9214572762000,1778513327477634961,1778513327483741872,FULL
10037,11536,11553,7626389727000,9214606081000,1778513327510735243,1778513327517005625,FULL
10038,11537,11554,7626423045000,9214639399000,1778513327544176632,1778513327552606818,FULL
10039,11538,11555,7626456365000,9214672718000,1778513327577384987,1778513327583650832,FULL
10040,11539,11556,7626489682000,9214706036000,1778513327613754123,1778513327617022602,FULL
10041,11540,11557,7626523006000,9214739355000,1778513327648378222,1778513327651792081,FULL
10042,11541,11558,7626556320000,9214772674000,1778513327677323566,1778513327683611236,FULL
10043,11542,11559,7626589638000,9214805993000,1778513327711475540,1778513327715659538,FULL
10044,11543,11560,7626622954000,9214839310000,1778513327743850107,1778513327748892624,FULL
10045,11544,11561,7626656274000,9214872629000,1778513327777237145,1778513327782131710,FULL
10046,11545,11562,7626689592000,9214905948000,1778513327810475981,1778513327816746653,FULL
10047,11546,11563,7626722910000,9214939266000,1778513327844069776,1778513327850297162,FULL
10048,11547,11564,7626756231000,9214972584000,1778513327876656581,1778513327883451082,FULL
10049,11548,11565,7626789547000,9215005903000,1778513327910491652,1778513327916840944,FULL
10050,11549,11566,7626822865000,9215039222000,1778513327944493979,1778513327950144271,FULL
10051,11550,11567,7626856184000,9215072540000,1778513327977315949,1778513327983424893,FULL
10052,11551,11568,7626889504000,9215105859000,1778513328010388046,1778513328016777941,FULL
10053,11552,11569,7626922822000,9215139178000,1778513328043793954,1778513328050320432,FULL
10054,11553,11570,7626956139000,9215172495000,1778513328077074974,1778513328083482296,FULL
10055,11554,11571,7626989457000,9215205814000,1778513328110427235,1778513328115346044,FULL
10056,11555,11572,7627022776000,9215239133000,1778513328143215964,1778513328148450946,FULL
10057,11556,11573,7627056094000,9215272451000,1778513328177017424,1778513328182235879,FULL
10058,11557,11574,7627089414000,9215305770000,1778513328210640126,1778513328210256978,FULL
10059,11558,11575,7627122733000,9215339088000,1778513328245028876,1778513328250321776,FULL
10060,11559,11576,7627156049000,9215372406000,1778513328277285814,1778513328284786887,FULL
10061,11560,11577,7627189370000,9215405724000,1778513328314033780,1778513328319721586,FULL
10062,11561,11578,7627222691000,9215439043000,1778513328345348414,1778513328351995441,FULL
10063,11562,11579,7627256007000,9215472362000,1778513328377256726,1778513328386345831,FULL
10064,11563,11580,7627289331000,9215505680000,1778513328410459396,1778513328417437364,FULL
10065,11564,11581,7627322645000,9215538999000,1778513328443728046,1778513328435994833,FULL
10066,11565,11583,7627355960000,9215572318000,1778513328477149028,1778513328487064265,FULL
10067,11566,11584,7627389280000,9215605636000,1778513328509808055,1778513328519567765,FULL
10068,11567,11585,7627422601000,9215638954000,1778513328545511902,1778513328553364568,FULL
10069,11568,11586,7627455921000,9215672272000,1778513328577063552,1778513328588161843,FULL
10070,11569,11587,7627489237000,9215705591000,1778513328610320647,1778513328620346532,FULL
10071,11570,11588,7627522555000,9215738909000,1778513328644167309,1778513328653977966,FULL
10072,11571,11589,7627555874000,9215772227000,1778513328676480803,1778513328690980460,FULL
10073,11572,11590,7627589191000,9215805546000,1778513328710168912,1778513328726590319,FULL
10074,11573,11591,7627622509000,9215838865000,1778513328744520051,1778513328757290967,FULL
10075,11574,11592,7627655828000,9215872183000,1778513328776369753,1778513328791965669,FULL
10076,11575,11593,7627689147000,9215905503000,1778513328810191786,1778513328821433291,FULL
10077,11576,11594,7627722465000,9215938820000,1778513328843303364,1778513328856475934,FULL
10078,11577,11595,7627755784000,9215972140000,1778513328884175768,1778513328891192895,FULL
10079,11578,11596,7627789106000,9216005458000,1778513328911541536,1778513328924234223,FULL
10080,11579,11597,7627822423000,9216038776000,1778513328950122982,1778513328956335432,FULL
10081,11580,11598,7627855741000,9216072094000,1778513328980986843,1778513328991739774,FULL
10082,11581,11599,7627889063000,9216105413000,1778513329014274845,1778513329027623539,FULL
10083,11582,11600,7627922378000,9216138729000,1778513329045850642,1778513329056615536,FULL
10084,11583,11601,7627955707000,9216172050000,1778513329076279860,1778513329089067759,FULL
10085,11584,11632,7627989015000,9216205368000,1778513330133005010,1778513330121621314,FULL
10086,11585,11632,7628022331000,9216238699000,1778513330134279849,1778513330121621314,FULL
10087,11586,11632,7628055651000,9216272018000,1778513330136001071,1778513330121621314,FULL
10088,11587,11633,7628088968000,9216305324000,1778513330139201056,1778513330154378997,FULL
10089,11588,11633,7628122284000,9216338640000,1778513330139736439,1778513330154378997,FULL
10090,11589,11633,7628155607000,9216371958000,1778513330140081565,1778513330154378997,FULL
10091,11590,11633,7628188925000,9216405276000,1778513330142093378,1778513330154378997,FULL
10092,11591,11633,7628222241000,9216438596000,1778513330142420541,1778513330154378997,FULL
10093,11592,11633,7628255559000,9216471913000,1778513330143198625,1778513330154378997,FULL
10094,11593,11633,7628288878000,9216505233000,1778513330143556733,1778513330154378997,FULL
10095,11594,11633,7628322200000,9216538552000,1778513330144511000,1778513330154378997,FULL
10096,11595,11633,7628355515000,9216571875000,1778513330144941662,1778513330154378997,FULL
10097,11596,11633,7628388833000,9216605193000,1778513330145689118,1778513330154378997,FULL
10098,11597,11633,7628422152000,9216638516000,1778513330147744448,1778513330154378997,FULL
10099,11598,11633,7628455473000,9216671842000,1778513330148177666,1778513330154378997,FULL
10100,11599,11633,7628488789000,9216705144000,1778513330148711975,1778513330154378997,FULL
10101,11600,11633,7628522109000,9216738469000,1778513330149363320,1778513330154378997,FULL
10102,11601,11633,7628555435000,9216771783000,1778513330149998906,1778513330154378997,FULL
10103,11617,11635,7629088526000,9217304877000,1778513330212002902,1778513330222902038,FULL
10104,11618,11636,7629121859000,9217338195000,1778513330244128361,1778513330254392900,FULL
10105,11619,11637,7629155169000,9217371514000,1778513330279941743,1778513330287764504,FULL
10106,11620,11638,7629188480000,9217404832000,1778513330313449558,1778513330321968154,FULL
10107,11621,11639,7629221807000,9217438151000,1778513330348987795,1778513330354509229,FULL
10108,11622,11639,7629255121000,9217471469000,1778513330380205282,1778513330354509229,FULL
10109,11623,11640,7629288438000,9217504787000,1778513330411266548,1778513330405936806,FULL
10110,11624,11642,7629321752000,9217538107000,1778513330442648755,1778513330454835574,FULL
10111,11625,11643,7629355070000,9217571423000,1778513330479860716,1778513330486413953,FULL
10112,11626,11644,7629388388000,9217604744000,1778513330509723106,1778513330518783900,FULL
10113,11627,11645,7629421707000,9217638063000,1778513330542868239,1778513330552642998,FULL
10114,11628,11646,7629455030000,9217671379000,1778513330578115868,1778513330585794696,FULL
10115,11629,11647,7629488344000,9217704699000,1778513330609158968,1778513330619501778,FULL
10116,11630,11648,7629521662000,9217738017000,1778513330642877687,1778513330653332321,FULL
10117,11631,11649,7629554982000,9217771335000,1778513330675647176,1778513330686507204,FULL
10118,11632,11650,7629588300000,9217804655000,1778513330710295423,1778513330721830529,FULL
10119,11633,11651,7629621619000,9217837972000,1778513330742266865,1778513330756663007,FULL
10120,11634,11652,7629654939000,9217871292000,1778513330776180175,1778513330791230914,FULL
10121,11635,11653,7629688255000,9217904610000,1778513330809960005,1778513330820598260,FULL
10122,11636,11654,7629721574000,9217937927000,1778513330844406847,1778513330854974705,FULL
10123,11637,11655,7629754894000,9217971246000,1778513330876581305,1778513330888088885,FULL
10124,11638,11656,7629788212000,9218004564000,1778513330908823725,1778513330920528645,FULL
10125,11639,11657,7629821530000,9218037883000,1778513330942631462,1778513330953826342,FULL
10126,11640,11658,7629854848000,9218071201000,1778513330976243868,1778513330987478442,FULL
10127,11641,11659,7629888167000,9218104520000,1778513331009308206,1778513331021148432,FULL
10128,11642,11660,7629921485000,9218137840000,1778513331042013492,1778513331055183399,FULL
10129,11643,11661,7629954803000,9218171157000,1778513331076147429,1778513331088852907,FULL
10130,11644,11662,7629988123000,9218204475000,1778513331109208452,1778513331122082419,FULL
10131,11645,11663,7630021440000,9218237794000,1778513331143882069,1778513331155053304,FULL
10132,11646,11664,7630054760000,9218271113000,1778513331175934787,1778513331188778274,FULL
10133,11647,11665,7630088078000,9218304431000,1778513331209365047,1778513331222980018,FULL
10134,11648,11666,7630121398000,9218337748000,1778513331242565068,1778513331256718506,FULL
10135,11649,11667,7630154716000,9218371068000,1778513331276095938,1778513331289634040,FULL
10136,11650,11668,7630188046000,9218404387000,1778513331309625567,1778513331323733821,FULL
10137,11651,11669,7630221353000,9218437706000,1778513331342928625,1778513331356549097,FULL
10138,11652,11670,7630254671000,9218471024000,1778513331381548978,1778513331388419103,FULL
10139,11653,11671,7630287989000,9218504342000,1778513331411662624,1778513331420726050,FULL
10140,11654,11672,7630321309000,9218537663000,1778513331452128495,1778513331457414307,FULL
10141,11655,11673,7630354624000,9218570979000,1778513331478153814,1778513331486971854,FULL
10142,11656,11674,7630387945000,9218604297000,1778513331510476067,1778513331520512900,FULL
10143,11657,11675,7630421262000,9218637615000,1778513331541305669,1778513331554653700,FULL
10144,11658,11676,7630454580000,9218670935000,1778513331574640170,1778513331587287384,FULL
10145,11659,11677,7630487899000,9218704252000,1778513331608099207,1778513331620573859,FULL
10146,11660,11678,7630521217000,9218737572000,1778513331641677614,1778513331653913666,FULL
10147,11661,11679,7630554536000,9218770890000,1778513331675193187,1778513331687141493,FULL
10148,11662,11680,7630587857000,9218804208000,1778513331710400687,1778513331721540568,FULL
10149,11663,11681,7630621177000,9218837531000,1778513331741764061,1778513331755132947,FULL
10150,11664,11682,7630654497000,9218870850000,1778513331780439359,1778513331787142582,FULL
10151,11665,11683,7630687813000,9218904169000,1778513331824244176,1778513331821398973,FULL
10152,11666,11684,7630721130000,9218937506000,1778513331858944811,1778513331855042147,FULL
10153,11667,11685,7630754451000,9218970801000,1778513331894010535,1778513331887055060,FULL
10154,11668,11686,7630787769000,9219004139000,1778513331925048413,1778513331921377488,FULL
10155,11669,11687,7630821087000,9219037444000,1778513331957971715,1778513331953793174,FULL
10156,11670,11688,7630854410000,9219070757000,1778513331988469635,1778513331987089797,FULL
10157,11671,11689,7630887730000,9219104074000,1778513332015011115,1778513332020606584,FULL
10158,11672,11690,7630921042000,9219137392000,1778513332042984302,1778513332055328174,FULL
10159,11673,11691,7630954358000,9219170710000,1778513332075615904,1778513332088021654,FULL
10160,11674,11692,7630987674000,9219204029000,1778513332109079719,1778513332120397471,FULL
10161,11675,11693,7631020996000,9219237349000,1778513332141924466,1778513332153701779,FULL
10162,11676,11694,7631054314000,9219270666000,1778513332175637538,1778513332187901392,FULL
10163,11677,11695,7631087630000,9219303985000,1778513332208937039,1778513332220420448,FULL
10164,11678,11696,7631120950000,9219337304000,1778513332242208930,1778513332253878106,FULL
10165,11679,11697,7631154268000,9219370627000,1778513332276722660,1778513332287048415,FULL
10166,11680,11698,7631187585000,9219403943000,1778513332308304532,1778513332321246048,FULL
10167,11681,11699,7631220904000,9219437263000,1778513332342566949,1778513332353748270,FULL
10168,11682,11699,7631254230000,9219470587000,1778513332375100033,1778513332353748270,FULL
10169,11683,11700,7631287541000,9219503895000,1778513332409662411,1778513332399496310,FULL
10170,11684,11702,7631320863000,9219537217000,1778513332443501981,1778513332454360520,FULL
10171,11685,11703,7631354202000,9219570534000,1778513332477389643,1778513332485862901,FULL
10172,11686,11704,7631387501000,9219603857000,1778513332514435106,1778513332518449493,FULL
10173,11687,11705,7631420822000,9219637173000,1778513332543314598,1778513332551860651,FULL
10174,11688,11706,7631454150000,9219670489000,1778513332575665980,1778513332585167533,FULL
10175,11689,11707,7631487454000,9219703807000,1778513332610373153,1778513332618882337,FULL
10176,11690,11708,7631520775000,9219737125000,1778513332643315214,1778513332652085293,FULL
10177,11691,11709,7631554098000,9219770443000,1778513332675475246,1778513332686303944,FULL
10178,11692,11710,7631587408000,9219803762000,1778513332708080274,1778513332719625400,FULL
10179,11693,11711,7631620726000,9219837080000,1778513332741925529,1778513332752997299,FULL
10180,11694,11712,7631654044000,9219870399000,1778513332775220772,1778513332786189867,FULL
10181,11695,11713,7631687362000,9219903717000,1778513332808597902,1778513332819468471,FULL
10182,11696,11714,7631720683000,9219937035000,1778513332841845330,1778513332852648169,FULL
10183,11697,11715,7631753999000,9219970354000,1778513332874849909,1778513332886059402,FULL
10184,11698,11716,7631787318000,9220003673000,1778513332908502963,1778513332919857297,FULL
10185,11699,11717,7631820637000,9220036991000,1778513332943737093,1778513332953459491,FULL
10186,11700,11718,7631853954000,9220070309000,1778513332975229910,1778513332988814649,FULL
10187,11701,11719,7631887284000,9220103628000,1778513333009083387,1778513333019870108,FULL
10188,11702,11720,7631920597000,9220136948000,1778513333044411849,1778513333053336914,FULL
10189,11703,11721,7631953916000,9220170265000,1778513333075737390,1778513333086785294,FULL
10190,11704,11722,7631987237000,9220203584000,1778513333108489602,1778513333119944992,FULL
10191,11705,11723,7632020549000,9220236902000,1778513333141647031,1778513333153264281,FULL
10192,11706,11724,7632053867000,9220270220000,1778513333174552092,1778513333186844920,FULL
10193,11707,11725,7632087185000,9220303539000,1778513333219002403,1778513333219914748,FULL
10194,11708,11726,7632120507000,9220336857000,1778513333242712450,1778513333253347258,FULL
10195,11709,11727,7632153824000,9220370175000,1778513333277423955,1778513333287114024,FULL
10196,11710,11728,7632187143000,9220403494000,1778513333307983838,1778513333320050965,FULL
10197,11711,11729,7632220458000,9220436813000,1778513333343634333,1778513333353314051,FULL
10198,11712,11730,7632253778000,9220470131000,1778513333375357185,1778513333387258019,FULL
10199,11713,11730,7632287102000,9220503450000,1778513333408036656,1778513333387258019,FULL
10200,11714,11731,7632320416000,9220536768000,1778513333447233874,1778513333440501838,FULL
10201,11715,11732,7632353732000,9220570087000,1778513333476993320,1778513333482744855,FULL
10202,11716,11733,7632387055000,9220603406000,1778513333508496545,1778513333515815721,FULL
10203,11717,11734,7632420371000,9220636724000,1778513333540830686,1778513333549247601,FULL
10204,11718,11735,7632453689000,9220670042000,1778513333573987097,1778513333584761054,FULL
10205,11719,11736,7632487008000,9220703360000,1778513333607016953,1778513333615265000,FULL
10206,11720,11737,7632520324000,9220736679000,1778513333640542694,1778513333648483197,FULL
10207,11721,11738,7632553643000,9220769998000,1778513333676037265,1778513333682986956,FULL
10208,11722,11739,7632586964000,9220803316000,1778513333707074920,1778513333714929925,FULL
10209,11723,11740,7632620282000,9220836634000,1778513333740723178,1778513333748281121,FULL
10210,11724,11741,7632653600000,9220869953000,1778513333774148511,1778513333781545096,FULL
10211,11725,11742,7632686919000,9220903272000,1778513333808179839,1778513333815612174,FULL
10212,11726,11743,7632720236000,9220936591000,1778513333841019827,1778513333848746206,FULL
10213,11727,11744,7632753557000,9220969909000,1778513333874144164,1778513333882078124,FULL
10214,11728,11745,7632786874000,9221003227000,1778513333907788181,1778513333914768234,FULL
10215,11729,11746,7632820192000,9221036545000,1778513333940997683,1778513333947947117,FULL
10216,11730,11747,7632853509000,9221069864000,1778513333974058947,1778513333981268480,FULL
10217,11731,11748,7632886830000,9221103183000,1778513334008550992,1778513334015332799,FULL
10218,11732,11749,7632920149000,9221136500000,1778513334040630654,1778513334048787512,FULL
10219,11733,11750,7632953465000,9221169819000,1778513334074512576,1778513334081999358,FULL
10220,11734,11751,7632986783000,9221203138000,1778513334107895929,1778513334114862836,FULL
10221,11735,12274,7633020102000,9221236456000,1778513351531878115,1778513351542259755,FULL
10222,11736,12274,7633053421000,9221269776000,1778513351532617404,1778513351542259755,FULL
10223,11737,12274,7633086740000,9221303093000,1778513351533167213,1778513351542259755,FULL
10224,11738,12274,7633120058000,9221336413000,1778513351541134981,1778513351542259755,FULL
10225,11739,12274,7633153380000,9221369732000,1778513351542698779,1778513351542259755,FULL
10226,11740,12274,7633186698000,9221403051000,1778513351545515842,1778513351542259755,FULL
10227,11741,12274,7633220013000,9221436370000,1778513351547149381,1778513351542259755,FULL
10228,11742,12274,7633253330000,9221469688000,1778513351548084630,1778513351542259755,FULL
10229,11743,12274,7633286649000,9221503006000,1778513351552770192,1778513351542259755,FULL
10230,11744,12274,7633319968000,9221536325000,1778513351554112437,1778513351542259755,FULL
10231,11745,12274,7633353288000,9221569643000,1778513351555882104,1778513351542259755,FULL
10232,11746,12274,7633386605000,9221602961000,1778513351559613176,1778513351542259755,FULL
10233,11747,12275,7633419926000,9221636280000,1778513351561274140,1778513351578331647,FULL
10234,11748,12275,7633453243000,9221669600000,1778513351561987262,1778513351578331647,FULL
10235,11749,12275,7633486561000,9221702916000,1778513351564533383,1778513351578331647,FULL
10236,11750,12275,7633519882000,9221736235000,1778513351566697120,1778513351578331647,FULL
10237,11751,12275,7633553198000,9221769554000,1778513351568070031,1778513351578331647,FULL
10238,11752,12275,7633586518000,9221802871000,1778513351574375632,1778513351578331647,FULL
10239,12260,12278,7650512307000,9238728660000,1778513351656632822,1778513351656673260,FULL
10240,12261,12279,7650545632000,9238761978000,1778513351679582174,1778513351680945525,FULL
10241,12262,12280,7650578946000,9238795297000,1778513351708284798,1778513351714840809,FULL
10242,12263,12281,7650612272000,9238828615000,1778513351743940627,1778513351750971996,FULL
10243,12264,12282,7650645591000,9238861933000,1778513351781312827,1778513351782578598,FULL
10244,12265,12283,7650678902000,9238895252000,1778513351816524345,1778513351816816749,FULL
10245,12266,12284,7650712226000,9238928570000,1778513351845412208,1778513351848748385,FULL
10246,12267,12285,7650745536000,9238961890000,1778513351879213871,1778513351880075008,FULL
10247,12268,12286,7650778865000,9238995207000,1778513351927749583,1778513351913715201,FULL
10248,12269,12287,7650812176000,9239028526000,1778513351945911818,1778513351948831213,FULL
10249,12270,12288,7650845497000,9239061844000,1778513351968718819,1778513351981049994,FULL
10250,12271,12289,7650878814000,9239095162000,1778513352001268774,1778513352013781326,FULL
10251,12272,12290,7650912144000,9239128482000,1778513352035115140,1778513352047869441,FULL
10252,12273,12291,7650945447000,9239161799000,1778513352067655983,1778513352080041426,FULL
10253,12274,12886,7650978764000,9239195117000,1778513371936340933,1778513371935373242,FULL
10254,12275,12886,7651012082000,9239228435000,1778513371936949020,1778513371935373242,FULL
10255,12276,12886,7651045400000,9239261754000,1778513371937501477,1778513371935373242,FULL
10256,12277,12886,7651078725000,9239295073000,1778513371937983638,1778513371935373242,FULL
10257,12278,12886,7651112037000,9239328392000,1778513371938479374,1778513371935373242,FULL
10258,12279,12886,7651145355000,9239361710000,1778513371939004461,1778513371935373242,FULL
10259,12280,12886,7651178674000,9239395028000,1778513371940651110,1778513371935373242,FULL
10260,12281,12886,7651211992000,9239428347000,1778513371941354103,1778513371935373242,FULL
10261,12282,12887,7651245310000,9239461666000,1778513371956147040,1778513371968659253,FULL
10262,12283,12887,7651278631000,9239494985000,1778513371960450384,1778513371968659253,FULL
10263,12284,12887,7651311947000,9239528302000,1778513371963904773,1778513371968659253,FULL
10264,12285,12887,7651345266000,9239561623000,1778513371966440858,1778513371968659253,FULL
10265,12286,12887,7651378586000,9239594946000,1778513371969511085,1778513371968659253,FULL
10266,12287,12887,7651411903000,9239628257000,1778513371970031894,1778513371968659253,FULL
10267,12288,12887,7651445222000,9239661578000,1778513371972951475,1778513371968659253,FULL
10268,12289,12887,7651478550000,9239694909000,1778513371975206562,1778513371968659253,FULL
10269,12290,12887,7651511870000,9239728229000,1778513371977026506,1778513371968659253,FULL
10270,12291,12887,7651545195000,9239761532000,1778513371978766580,1778513371968659253,FULL
10271,12872,12889,7670903219000,9259119568000,1778513372047574375,1778513372034565709,FULL
10272,12873,12934,7670936537000,9259152886000,1778513373550144154,1778513373534988962,FULL
10273,12874,12934,7670969867000,9259186212000,1778513373550596779,1778513373534988962,FULL
10274,12875,12934,7671003178000,9259219522000,1778513373550905405,1778513373534988962,FULL
10275,12876,12934,7671036488000,9259252841000,1778513373551120755,1778513373534988962,FULL
10276,12877,12935,7671069816000,9259286159000,1778513373553691598,1778513373568003124,FULL
10277,12878,12935,7671103142000,9259319478000,1778513373555875835,1778513373568003124,FULL
10278,12879,12935,7671136449000,9259352797000,1778513373556391218,1778513373568003124,FULL
10279,12880,12935,7671169769000,9259386116000,1778513373556626623,1778513373568003124,FULL
10280,12881,12935,7671203097000,9259419437000,1778513373556870731,1778513373568003124,FULL
10281,12882,12935,7671236396000,9259452750000,1778513373557092248,1778513373568003124,FULL
10282,12883,12935,7671269723000,9259486077000,1778513373557299690,1778513373568003124,FULL
10283,12884,12935,7671303033000,9259519390000,1778513373557498392,1778513373568003124,FULL
10284,12885,12935,7671336353000,9259552711000,1778513373557715278,1778513373568003124,FULL
10285,12886,12935,7671369671000,9259586027000,1778513373559125134,1778513373568003124,FULL
10286,12887,12935,7671402989000,9259619344000,1778513373562060529,1778513373568003124,FULL
10287,12888,12935,7671436309000,9259652663000,1778513373562467858,1778513373568003124,FULL
10288,12889,12935,7671469626000,9259685982000,1778513373565441271,1778513373568003124,FULL
10289,12890,12935,7671502945000,9259719300000,1778513373565780619,1778513373568003124,FULL
10290,12920,12937,7672502502000,9260718854000,1778513373633371705,1778513373634169429,FULL
10291,12921,12938,7672535820000,9260752173000,1778513373668726870,1778513373667186776,FULL
10292,12922,12939,7672569142000,9260785489000,1778513373695672513,1778513373701186466,FULL
10293,12923,12940,7672602468000,9260818810000,1778513373735640111,1778513373734786993,FULL
10294,12924,12941,7672635774000,9260852126000,1778513373759951300,1778513373768003987,FULL
10295,12925,12942,7672669101000,9260885445000,1778513373791671911,1778513373802822317,FULL
10296,12926,12943,7672702417000,9260918762000,1778513373823974424,1778513373834739953,FULL
10297,12927,12944,7672735730000,9260952080000,1778513373856856967,1778513373867794337,FULL
10298,12928,12945,7672769051000,9260985400000,1778513373890812684,1778513373901704213,FULL
10299,12929,12946,7672802367000,9261018718000,1778513373923895688,1778513373928258345,FULL
10300,12930,12947,7672835685000,9261052036000,1778513373956616418,1778513373950802868,FULL
10301,12931,12948,7672869009000,9261085356000,1778513373992144619,1778513373984213859,FULL
10302,12932,12949,7672902323000,9261118673000,1778513374024986403,1778513374022126530,FULL
10303,12933,12950,7672935640000,9261151994000,1778513374057158602,1778513374067269630,FULL
10304,12934,12951,7672968961000,9261185310000,1778513374089709741,1778513374100562660,FULL
10305,12935,12952,7673002277000,9261218628000,1778513374124002214,1778513374132713590,FULL
10306,12936,12953,7673035604000,9261251947000,1778513374156964108,1778513374160352842,FULL
10307,12937,12954,7673068915000,9261285265000,1778513374190238833,1778513374199870219,FULL
10308,12938,12955,7673102233000,9261318584000,1778513374224709063,1778513374227206806,FULL
10309,12939,12956,7673135560000,9261351902000,1778513374257443922,1778513374257210924,FULL
10310,12940,12957,7673168871000,9261385221000,1778513374289697139,1778513374292020458,FULL
10311,12941,12958,7673202191000,9261418542000,1778513374323821354,1778513374321504413,FULL
10312,12942,12959,7673235508000,9261451858000,1778513374356474937,1778513374345493181,FULL
10313,12943,12960,7673268826000,9261485176000,1778513374391367996,1778513374386344509,FULL
10314,12944,12961,7673302144000,9261518495000,1778513374424135929,1778513374410611089,FULL
10315,12945,12962,7673335463000,9261551813000,1778513374456359739,1778513374442411929,FULL
10316,12946,12964,7673368782000,9261585131000,1778513374490407807,1778513374504271887,FULL
10317,12947,12965,7673402099000,9261618450000,1778513374523104019,1778513374537173569,FULL
10318,12948,12966,7673435418000,9261651770000,1778513374556953292,1778513374570748633,FULL
10319,12949,12967,7673468735000,9261685086000,1778513374589763633,1778513374606408122,FULL
10320,12950,12968,7673502055000,9261718405000,1778513374627821177,1778513374638221259,FULL
10321,12951,12969,7673535373000,9261751725000,1778513374657692530,1778513374671748249,FULL
10322,12952,12970,7673568692000,9261785042000,1778513374689965894,1778513374705445683,FULL
10323,12953,12971,7673602010000,9261818360000,1778513374724715696,1778513374739804480,FULL
10324,12954,12972,7673635334000,9261851679000,1778513374758856763,1778513374772212408,FULL
10325,12955,12972,7673668652000,9261884997000,1778513374788986705,1778513374772212408,FULL
10326,12956,12973,7673701966000,9261918317000,1778513374822267096,1778513374807536529,FULL
10327,12957,12974,7673735284000,9261951634000,1778513374855812040,1778513374843815012,FULL
10328,12958,12976,7673768603000,9261984952000,1778513374889236651,1778513374905213474,FULL
10329,12959,12977,7673801920000,9262018271000,1778513374923711752,1778513374940922906,FULL
10330,12960,12978,7673835242000,9262051590000,1778513374957349620,1778513374971514796,FULL
10331,12961,12979,7673868571000,9262084909000,1778513374990526346,1778513375005332728,FULL
10332,12962,12980,7673901890000,9262118227000,1778513375023199280,1778513375038096281,FULL
10333,12963,12981,7673935196000,9262151556000,1778513375056158619,1778513375071964824,FULL
10334,12964,12982,7673968515000,9262184867000,1778513375089192364,1778513375105275373,FULL
10335,12965,12982,7674001832000,9262218183000,1778513375122538291,1778513375105275373,FULL
10336,12966,12984,7674035150000,9262251500000,1778513375156395250,1778513375171753860,FULL
10337,12967,12985,7674068468000,9262284818000,1778513375189739103,1778513375205148833,FULL
10338,12968,12985,7674101788000,9262318138000,1778513375222453148,1778513375205148833,FULL
10339,12969,12987,7674135107000,9262351456000,1778513375257572242,1778513375271825614,FULL
10340,12970,12988,7674168425000,9262384775000,1778513375289707515,1778513375304996127,FULL
10341,12971,12989,7674201745000,9262418102000,1778513375323067109,1778513375338313768,FULL
10342,12972,12990,7674235061000,9262451414000,1778513375358585717,1778513375371643464,FULL
10343,12973,12991,7674268380000,9262484747000,1778513375389693113,1778513375405841041,FULL
10344,12974,12992,7674301702000,9262518051000,1778513375422935708,1778513375439993766,FULL
10345,12975,12993,7674335016000,9262551369000,1778513375456572002,1778513375471577998,FULL
10346,12976,12994,7674368336000,9262584688000,1778513375489019235,1778513375505014064,FULL
10347,12977,12995,7674401654000,9262618008000,1778513375523328337,1778513375538278057,FULL
10348,12978,12996,7674434973000,9262651332000,1778513375556706598,1778513375571376089,FULL
10349,12979,12997,7674468291000,9262684644000,1778513375589687325,1778513375605736386,FULL
10350,12980,12998,7674501610000,9262717961000,1778513375622407870,1778513375638276534,FULL
10351,12981,12999,7674534928000,9262751280000,1778513375657951793,1778513375671858228,FULL
10352,12982,13000,7674568245000,9262784598000,1778513375689491072,1778513375705139314,FULL
10353,12983,13001,7674601565000,9262817918000,1778513375722772722,1778513375738308623,FULL
10354,12984,13002,7674634883000,9262851234000,1778513375756664310,1778513375771602875,FULL
10355,12985,13003,7674668202000,9262884554000,1778513375789905831,1778513375804690277,FULL
10356,12986,13004,7674701520000,9262917876000,1778513375822891225,1778513375838793392,FULL
10357,12987,13005,7674734839000,9262951196000,1778513375856168635,1778513375871449502,FULL
10358,12988,13006,7674768158000,9262984510000,1778513375889298231,1778513375904640663,FULL
10359,12989,13007,7674801474000,9263017832000,1778513375922178570,1778513375938882536,FULL
10360,12990,13008,7674834795000,9263051156000,1778513375956077918,1778513375971449665,FULL
10361,12991,13009,7674868113000,9263084470000,1778513375991213511,1778513376004707621,FULL
10362,12992,13010,7674901431000,9263117782000,1778513376023202620,1778513376038719200,FULL
10363,12993,13011,7674934754000,9263151110000,1778513376057365742,1778513376071232645,FULL
10364,12994,13012,7674968083000,9263184419000,1778513376091723251,1778513376105349167,FULL
10365,12995,13013,7675001393000,9263217737000,1778513376125725727,1778513376138271923,FULL
10366,12996,13014,7675034719000,9263251055000,1778513376157296858,1778513376171069809,FULL
10367,12997,13015,7675068063000,9263284373000,1778513376193837918,1778513376205382737,FULL
10368,12998,13016,7675101346000,9263317692000,1778513376224757445,1778513376240392158,FULL
10369,12999,13016,7675134691000,9263351010000,1778513376256303521,1778513376240392158,FULL
10370,13000,13018,7675167979000,9263384329000,1778513376291181247,1778513376305712859,FULL
10371,13001,13019,7675201299000,9263417651000,1778513376322564287,1778513376338284304,FULL
10372,13002,13019,7675234619000,9263450965000,1778513376356574874,1778513376338284304,FULL
10373,13003,13020,7675267936000,9263484285000,1778513376389086847,1778513376389004887,FULL
10374,13004,13021,7675301252000,9263517602000,1778513376421786448,1778513376409602133,FULL
10375,13005,13023,7675334571000,9263550921000,1778513376455720851,1778513376469969049,FULL
10376,13006,13024,7675367889000,9263584239000,1778513376489008556,1778513376502827491,FULL
10377,13007,13025,7675401208000,9263617558000,1778513376521808397,1778513376536081725,FULL
10378,13008,13026,7675434526000,9263650879000,1778513376556308793,1778513376569565290,FULL
10379,13009,13027,7675467846000,9263684195000,1778513376588565602,1778513376603077540,FULL
10380,13010,13028,7675501164000,9263717513000,1778513376626440537,1778513376636360848,FULL
10381,13011,13029,7675534481000,9263750835000,1778513376656513684,1778513376670275520,FULL
10382,13012,13030,7675567802000,9263784151000,1778513376688530681,1778513376703894917,FULL
10383,13013,13031,7675601119000,9263817469000,1778513376721363873,1778513376737366742,FULL
10384,13014,13032,7675634437000,9263850789000,1778513376754828466,1778513376771220303,FULL
10385,13015,13033,7675667757000,9263884106000,1778513376789122920,1778513376803917913,FULL
10386,13016,13034,7675701075000,9263917425000,1778513376822494754,1778513376837248721,FULL
10387,13017,13035,7675734399000,9263950745000,1778513376856315917,1778513376870614639,FULL
10388,13018,13036,7675767713000,9263984062000,1778513376890193561,1778513376903861188,FULL
10389,13019,13037,7675801030000,9264017380000,1778513376921549102,1778513376937235532,FULL
10390,13020,13038,7675834347000,9264050699000,1778513376954970732,1778513376970482136,FULL
10391,13021,13039,7675867667000,9264084019000,1778513376988638026,1778513377004399216,FULL
10392,13022,13040,7675900994000,9264117338000,1778513377022374486,1778513377037892262,FULL
10393,13023,13041,7675934305000,9264150654000,1778513377054864182,1778513377071148441,FULL
10394,13024,13042,7675967628000,9264183974000,1778513377105570019,1778513377105050446,FULL
10395,13025,13049,7676000942000,9264217291000,1778513377331678161,1778513377338172766,FULL
10396,13026,13049,7676034261000,9264250609000,1778513377332135267,1778513377338172766,FULL
10397,13027,13049,7676067582000,9264283928000,1778513377332533856,1778513377338172766,FULL
10398,13028,13049,7676100902000,9264317246000,1778513377332953573,1778513377338172766,FULL
10399,13029,13049,7676134217000,9264350565000,1778513377333331218,1778513377338172766,FULL
10400,13030,13049,7676167533000,9264383883000,1778513377334611852,1778513377338172766,FULL
10401,13031,13049,7676200858000,9264417203000,1778513377338315776,1778513377338172766,FULL
10402,13032,13050,7676234170000,9264450521000,1778513377375949473,1778513377371302020,FULL
10403,13033,13051,7676267491000,9264483839000,1778513377406516152,1778513377404479699,FULL
10404,13034,13052,7676300810000,9264517158000,1778513377434462395,1778513377438555833,FULL
10405,13035,13053,7676334125000,9264550476000,1778513377469282437,1778513377471193073,FULL
10406,13036,13054,7676367445000,9264583794000,1778513377511882748,1778513377504633250,FULL
10407,13037,13055,7676400765000,9264617113000,1778513377540925424,1778513377537951409,FULL
10408,13038,13056,7676434086000,9264650433000,1778513377574878993,1778513377571289809,FULL
10409,13039,13057,7676467402000,9264683750000,1778513377608905024,1778513377604761282,FULL
10410,13040,13058,7676500719000,9264717068000,1778513377639093281,1778513377637822851,FULL
10411,13041,13059,7676534039000,9264750388000,1778513377673194423,1778513377671254750,FULL
10412,13042,13060,7676567357000,9264783705000,1778513377706628682,1778513377704929276,FULL
10413,13043,13061,7676600675000,9264817024000,1778513377739200673,1778513377737810810,FULL
10414,13044,13062,7676633994000,9264850342000,1778513377773339814,1778513377771512336,FULL
10415,13045,13063,7676667313000,9264883660000,1778513377806566743,1778513377804153984,FULL
10416,13046,13064,7676700632000,9264916979000,1778513377839361528,1778513377837743918,FULL
10417,13047,13065,7676733953000,9264950299000,1778513377873423522,1778513377870740006,FULL
10418,13048,13066,7676767268000,9264983618000,1778513377906619098,1778513377904624105,FULL
10419,13049,13067,7676800586000,9265016935000,1778513377938911148,1778513377937536194,FULL
10420,13050,13068,7676833904000,9265050253000,1778513377973211398,1778513377970973815,FULL
10421,13051,13069,7676867223000,9265083573000,1778513378001431046,1778513378006192493,FULL
10422,13052,13070,7676900541000,9265116890000,1778513378034463366,1778513378037442284,FULL
10423,13053,13071,7676933860000,9265150208000,1778513378067870255,1778513378070969867,FULL
10424,13054,13072,7676967179000,9265183527000,1778513378104682313,1778513378103973511,FULL
10425,13055,13073,7677000498000,9265216846000,1778513378140806063,1778513378137254615,FULL
10426,13056,13074,7677033815000,9265250164000,1778513378172235954,1778513378171530228,FULL
10427,13057,13075,7677067134000,9265283483000,1778513378206541686,1778513378203885749,FULL
10428,13058,13076,7677100453000,9265316800000,1778513378242952674,1778513378237306166,FULL
10429,13059,13077,7677133770000,9265350119000,1778513378272853897,1778513378270546678,FULL
10430,13060,13078,7677167090000,9265383438000,1778513378308235025,1778513378305896299,FULL
10431,13061,13079,7677200410000,9265416757000,1778513378338930609,1778513378337355754,FULL
10432,13062,13080,7677233726000,9265450075000,1778513378373061899,1778513378382946166,FULL
10433,13063,13081,7677267045000,9265483394000,1778513378405394670,1778513378409156505,FULL
10434,13064,13082,7677300363000,9265516711000,1778513378439752253,1778513378437799154,FULL
10435,13065,13083,7677333680000,9265550030000,1778513378471917045,1778513378469258609,FULL
10436,13066,13084,7677366999000,9265583349000,1778513378506255702,1778513378501937256,FULL
10437,13067,13085,7677400318000,9265616667000,1778513378539764332,1778513378535425265,FULL
10438,13068,13086,7677433637000,9265649987000,1778513378572945631,1778513378568720869,FULL
10439,13069,13087,7677466956000,9265683304000,1778513378607138642,1778513378602377100,FULL
10440,13070,13089,7677500275000,9265716623000,1778513378655479263,1778513378669110973,FULL
10441,13071,13089,7677533593000,9265749943000,1778513378680482630,1778513378669110973,FULL
10442,13072,13090,7677566912000,9265783260000,1778513378709180069,1778513378702521576,FULL
10443,13073,13091,7677600229000,9265816579000,1778513378738198227,1778513378736579358,FULL
10444,13074,13092,7677633549000,9265849898000,1778513378772769012,1778513378769991220,FULL
10445,13075,13093,7677666867000,9265883218000,1778513378805993088,1778513378803363619,FULL
10446,13076,13094,7677700186000,9265916537000,1778513378837024614,1778513378836702279,FULL
10447,13077,13095,7677733504000,9265949856000,1778513378869407903,1778513378869944976,FULL
10448,13078,13096,7677766823000,9265983174000,1778513378898309951,1778513378903372893,FULL
10449,13079,13097,7677800142000,9266016492000,1778513378924356196,1778513378936634090,FULL
10450,13080,13098,7677833464000,9266049810000,1778513378954445750,1778513378969958750,FULL
10451,13081,13099,7677866779000,9266083129000,1778513378987747400,1778513379003159151,FULL
10452,13082,13100,7677900094000,9266116446000,1778513379020800867,1778513379036627753,FULL
10453,13083,13101,7677933412000,9266149766000,1778513379054501680,1778513379069826414,FULL
10454,13084,13102,7677966732000,9266183085000,1778513379087351372,1778513379103129129,FULL
10455,13085,13103,7678000050000,9266216403000,1778513379120716743,1778513379137021875,FULL
10456,13086,13104,7678033367000,9266249721000,1778513379154093559,1778513379170505959,FULL
10457,13087,13105,7678066686000,9266283040000,1778513379187917240,1778513379203799322,FULL
10458,13088,13106,7678100006000,9266316358000,1778513379220707655,1778513379237021631,FULL
10459,13089,13107,7678133325000,9266349677000,1778513379255189996,1778513379270540103,FULL
10460,13090,13108,7678166646000,9266382995000,1778513379288224871,1778513379304240110,FULL
10461,13091,13108,7678199972000,9266416315000,1778513379320695252,1778513379304240110,FULL
10462,13092,13109,7678233280000,9266449632000,1778513379354386824,1778513379365717849,FULL
10463,13093,13110,7678266598000,9266482951000,1778513379387120128,1778513379399271247,FULL
10464,13094,13111,7678299915000,9266516269000,1778513379421070586,1778513379433018958,FULL
10465,13095,13112,7678333234000,9266549587000,1778513379454918396,1778513379465895307,FULL
10466,13096,13113,7678366554000,9266582906000,1778513379487073558,1778513379499350705,FULL
10467,13097,13114,7678399870000,9266616225000,1778513379521047627,1778513379528610756,FULL
10468,13098,13115,7678433189000,9266649543000,1778513379555815428,1778513379567176790,FULL
10469,13099,13116,7678466507000,9266682861000,1778513379587947294,1778513379598534709,FULL
10470,13100,13117,7678499828000,9266716180000,1778513379621004558,1778513379631959016,FULL
10471,13101,13118,7678533146000,9266749499000,1778513379653752121,1778513379665211954,FULL
10472,13102,13119,7678566469000,9266782816000,1778513379688247944,1778513379698522409,FULL
10473,13103,13120,7678599781000,9266816133000,1778513379727601197,1778513379732191454,FULL
10474,13104,13121,7678633100000,9266849452000,1778513379756027639,1778513379765274542,FULL
10475,13105,13122,7678666420000,9266882770000,1778513379788773905,1778513379798329278,FULL
10476,13106,13123,7678699744000,9266916089000,1778513379824831249,1778513379832636243,FULL
10477,13107,13124,7678733056000,9266949407000,1778513379855612943,1778513379865109540,FULL
10478,13108,13125,7678766374000,9266982725000,1778513379887751032,1778513379898469365,FULL
10479,13109,13126,7678799692000,9267016044000,1778513379920880313,1778513379931755766,FULL
10480,13110,13127,7678833010000,9267049364000,1778513379953650376,1778513379965090147,FULL
10481,13111,13128,7678866328000,9267082682000,1778513379987533686,1778513379998378140,FULL
10482,13112,13129,7678899648000,9267115999000,1778513380021184314,1778513380034494235,FULL
10483,13113,13130,7678932968000,9267149318000,1778513380054325058,1778513380067254530,FULL
10484,13114,13131,7678966284000,9267182637000,1778513380087557376,1778513380098576338,FULL
10485,13115,13132,7678999602000,9267215955000,1778513380120192292,1778513380131697647,FULL
10486,13116,13133,7679032921000,9267249274000,1778513380154248341,1778513380165200805,FULL
10487,13117,13134,7679066238000,9267282592000,1778513380187454937,1778513380198380521,FULL
10488,13118,13135,7679099558000,9267315910000,1778513380220733772,1778513380232370101,FULL
10489,13119,13136,7679132877000,9267349229000,1778513380256328805,1778513380266580327,FULL
10490,13120,13137,7679166199000,9267382547000,1778513380287726420,1778513380298896868,FULL
10491,13121,13138,7679199522000,9267415868000,1778513380321256326,1778513380328240919,FULL
10492,13122,13139,7679232835000,9267449184000,1778513380353532154,1778513380345114646,FULL
10493,13123,13140,7679266152000,9267482505000,1778513380387361168,1778513380381945550,FULL
10494,13124,13141,7679299468000,9267515823000,1778513380420163120,1778513380405181660,FULL
10495,13125,13143,7679332786000,9267549143000,1778513380453978172,1778513380468237923,FULL
10496,13126,13144,7679366105000,9267582459000,1778513380487303507,1778513380501470048,FULL
10497,13127,13145,7679399423000,9267615780000,1778513380520157050,1778513380535483646,FULL
10498,13128,13146,7679432742000,9267649097000,1778513380554253562,1778513380568907380,FULL
10499,13129,13147,7679466061000,9267682416000,1778513380586967922,1778513380602484464,FULL
10500,13130,13148,7679499382000,9267715734000,1778513380624591601,1778513380635488961,FULL
10501,13131,13149,7679532698000,9267749053000,1778513380656192176,1778513380672386143,FULL
10502,13132,13149,7679566018000,9267782371000,1778513380686665837,1778513380672386143,FULL
10503,13133,13150,7679599336000,9267815690000,1778513380719491177,1778513380705143346,FULL
10504,13134,13151,7679632652000,9267849009000,1778513380753335155,1778513380738170973,FULL
10505,13135,13152,7679665977000,9267882327000,1778513380787102448,1778513380772510994,FULL
10506,13136,13153,7679699297000,9267915646000,1778513380821017054,1778513380803901136,FULL
10507,13137,13155,7679732616000,9267948964000,1778513380857174841,1778513380874069961,FULL
10508,13138,13156,7679765942000,9267982283000,1778513380890970782,1778513380902645871,FULL
10509,13139,13157,7679799268000,9268015602000,1778513380924101119,1778513380935982865,FULL
10510,13140,13158,7679832579000,9268048920000,1778513380956251503,1778513380969301915,FULL
10511,13141,13159,7679865899000,9268082238000,1778513380989185897,1778513381002530521,FULL
10512,13142,13160,7679899219000,9268115554000,1778513381019850594,1778513381035863718,FULL
10513,13143,13161,7679932519000,9268148875000,1778513381053642090,1778513381070481255,FULL
10514,13144,13162,7679965838000,9268182193000,1778513381089034940,1778513381102711667,FULL
10515,13145,13163,7679999157000,9268215511000,1778513381119776562,1778513381136468361,FULL
10516,13146,13163,7680032474000,9268248830000,1778513381153655631,1778513381136468361,FULL
10517,13147,13164,7680065795000,9268282148000,1778513381186733580,1778513381172966954,FULL
10518,13148,13166,7680099111000,9268315467000,1778513381220053359,1778513381236355992,FULL
10519,13149,13166,7680132429000,9268348786000,1778513381252741442,1778513381236355992,FULL
10520,13150,13168,7680165747000,9268382104000,1778513381288171606,1778513381303078590,FULL
10521,13151,13169,7680199073000,9268415424000,1778513381320579988,1778513381335725998,FULL
10522,13152,13170,7680232389000,9268448742000,1778513381353539401,1778513381369621265,FULL
10523,13153,13171,7680265706000,9268482059000,1778513381387987594,1778513381403210719,FULL
10524,13154,13172,7680299029000,9268515378000,1778513381420218848,1778513381436422659,FULL
10525,13155,13173,7680332341000,9268548696000,1778513381453364999,1778513381469791374,FULL
10526,13156,13173,7680365659000,9268582015000,1778513381486046637,1778513381469791374,FULL
10527,13157,13175,7680398977000,9268615333000,1778513381519920078,1778513381536560084,FULL
10528,13158,13176,7680432297000,9268648652000,1778513381553394744,1778513381569646802,FULL
10529,13159,13177,7680465615000,9268681970000,1778513381586766986,1778513381603194646,FULL
10530,13160,13178,7680498935000,9268715289000,1778513381619831898,1778513381635752906,FULL
10531,13161,13179,7680532253000,9268748609000,1778513381653328545,1778513381669971318,FULL
10532,13176,13435,7681032030000,9269248383000,1778513390219143129,1778513390228067286,FULL
10533,13177,13435,7681065347000,9269281700000,1778513390223757729,1778513390228067286,FULL
10534,13178,13435,7681098669000,9269315019000,1778513390224350667,1778513390228067286,FULL
10535,13179,13435,7681131984000,9269348339000,1778513390224934624,1778513390228067286,FULL
10536,13180,13435,7681165303000,9269381658000,1778513390229201727,1778513390228067286,FULL
10537,13181,13435,7681198628000,9269414977000,1778513390230046126,1778513390228067286,FULL
10538,13182,13435,7681231941000,9269448295000,1778513390232119048,1778513390228067286,FULL
10539,13183,13435,7681265259000,9269481614000,1778513390236040637,1778513390228067286,FULL
10540,13184,13435,7681298577000,9269514931000,1778513390236731463,1778513390228067286,FULL
10541,13185,13435,7681331894000,9269548249000,1778513390237407919,1778513390228067286,FULL
10542,13186,13435,7681365212000,9269581568000,1778513390238078745,1778513390228067286,FULL
10543,13187,13435,7681398532000,9269614886000,1778513390244015812,1778513390228067286,FULL
10544,13188,13436,7681431850000,9269648207000,1778513390244773341,1778513390261255800,FULL
10545,13189,13436,7681465168000,9269681524000,1778513390245513408,1778513390261255800,FULL
10546,13190,13436,7681498490000,9269714842000,1778513390246186956,1778513390261255800,FULL
10547,13191,13436,7681531805000,9269748162000,1778513390256051612,1778513390261255800,FULL
10548,13192,13436,7681565125000,9269781479000,1778513390257762890,1778513390261255800,FULL
10549,13396,13436,7688362094000,9276578450000,1778513390260036699,1778513390261255800,FULL
10550,13421,13438,7689195063000,9277411416000,1778513390335740904,1778513390328930704,FULL
10551,13422,13439,7689228383000,9277444733000,1778513390366589505,1778513390361498206,FULL
10552,13423,13440,7689261699000,9277478050000,1778513390394895189,1778513390408576493,FULL
10553,13424,13441,7689295018000,9277511370000,1778513390424733079,1778513390429883788,FULL
10554,13425,13442,7689328343000,9277544688000,1778513390455684309,1778513390461004118,FULL
10555,13426,13443,7689361656000,9277578006000,1778513390487518197,1778513390487578084,FULL
10556,13427,13444,7689394980000,9277611324000,1778513390518641240,1778513390530660299,FULL
10557,13428,13445,7689428300000,9277644644000,1778513390555258577,1778513390556576272,FULL
10558,13429,13447,7689461612000,9277677961000,1778513390598421772,1778513390605218600,FULL
10559,13430,13448,7689494926000,9277711280000,1778513390625171305,1778513390638012396,FULL
10560,13431,13449,7689528244000,9277744598000,1778513390659848033,1778513390668183253,FULL
10561,13432,13450,7689561575000,9277777917000,1778513390691931900,1778513390704498811,FULL
10562,13433,13451,7689594881000,9277811236000,1778513390722358858,1778513390732878075,FULL
10563,13434,13452,7689628205000,9277844553000,1778513390753409143,1778513390768507843,FULL
10564,13435,13453,7689661524000,9277877871000,1778513390791599945,1778513390803364063,FULL
10565,13436,13454,7689694846000,9277911190000,1778513390823120187,1778513390835806047,FULL
10566,13437,13454,7689728158000,9277944511000,1778513390852583581,1778513390835806047,FULL
10567,13438,13455,7689761481000,9277977827000,1778513390886407041,1778513390869666814,FULL
10568,13439,13456,7689794798000,9278011146000,1778513390919926429,1778513390903643246,FULL
10569,13440,13458,7689828122000,9278044466000,1778513390953680241,1778513390970582916,FULL
10570,13441,13458,7689861432000,9278077783000,1778513390985066911,1778513390970582916,FULL
10571,13442,13459,7689894764000,9278111102000,1778513391018978666,1778513391004354962,FULL
10572,13443,13460,7689928071000,9278144421000,1778513391051030421,1778513391037094832,FULL
10573,13444,13462,7689961384000,9278177739000,1778513391084401885,1778513391099577119,FULL
10574,13445,13462,7689994703000,9278211057000,1778513391116261921,1778513391099577119,FULL
10575,13446,13463,7690028024000,9278244376000,1778513391149108057,1778513391132990723,FULL
10576,13447,13464,7690061339000,9278277694000,1778513391182824147,1778513391166034683,FULL
10577,13448,13465,7690094655000,9278311011000,1778513391215473359,1778513391200234557,FULL
10578,13449,13467,7690127974000,9278344328000,1778513391253503459,1778513391266290348,FULL
10579,13450,13468,7690161293000,9278377645000,1778513391284287451,1778513391299568268,FULL
10580,13451,13468,7690194612000,9278410966000,1778513391315370420,1778513391299568268,FULL
10581,13452,13470,7690227932000,9278444283000,1778513391352526678,1778513391365917629,FULL
10582,13453,13471,7690261250000,9278477602000,1778513391383766238,1778513391400508167,FULL
10583,13454,13471,7690294568000,9278510920000,1778513391416062269,1778513391400508167,FULL
10584,13455,13472,7690327890000,9278544241000,1778513391449202773,1778513391432535581,FULL
10585,13456,13473,7690361207000,9278577564000,1778513391482504589,1778513391466605086,FULL
10586,13457,13474,7690394523000,9278610883000,1778513391515280300,1778513391500471130,FULL
10587,13458,13475,7690427840000,9278644201000,1778513391549057056,1778513391532494026,FULL
10588,13459,13476,7690461160000,9278677527000,1778513391581895915,1778513391565927445,FULL
10589,13460,13478,7690494478000,9278710832000,1778513391616359404,1778513391633517905,FULL
10590,13461,13479,7690527796000,9278744154000,1778513391655639454,1778513391665620059,FULL
10591,13462,13480,7690561125000,9278777479000,1778513391685710805,1778513391700373484,FULL
10592,13463,13481,7690594443000,9278810789000,1778513391719754188,1778513391733313518,FULL
10593,13464,13482,7690627759000,9278844105000,1778513391752415678,1778513391765856150,FULL
10594,13465,13483,7690661082000,9278877424000,1778513391785264481,1778513391799220143,FULL
10595,13466,13484,7690694396000,9278910744000,1778513391818636408,1778513391834277861,FULL
10596,13467,13484,7690727711000,9278944061000,1778513391848321633,1778513391834277861,FULL
10597,13468,13485,7690761024000,9278977379000,1778513391882540532,1778513391865467505,FULL
10598,13469,13487,7690794345000,9279010700000,1778513391918082825,1778513391935802458,FULL
10599,13470,13487,7690827662000,9279044017000,1778513391948586727,1778513391935802458,FULL
10600,13471,13489,7690860982000,9279077335000,1778513391982745868,1778513391999560918,FULL
10601,13472,13490,7690894299000,9279110654000,1778513392018082200,1778513392033225539,FULL
10602,13473,13491,7690927627000,9279143972000,1778513392052315136,1778513392065590616,FULL
10603,13474,13492,7690960942000,9279177291000,1778513392088192926,1778513392099872342,FULL
10604,13475,13493,7690994282000,9279210608000,1778513392126275414,1778513392132130976,FULL
10605,13476,13494,7691027575000,9279243929000,1778513392157285662,1778513392166324387,FULL
10606,13477,13495,7691060920000,9279277249000,1778513392192686494,1778513392198754612,FULL
10607,13478,13496,7691094215000,9279310565000,1778513392221951242,1778513392234328973,FULL
10608,13479,13497,7691127553000,9279343882000,1778513392252077259,1778513392266228703,FULL
10609,13480,13498,7691160854000,9279377208000,1778513392284391845,1778513392298857889,FULL
10610,13481,13499,7691194172000,9279410520000,1778513392318518579,1778513392333670165,FULL
10611,13482,13499,7691227489000,9279443842000,1778513392350726907,1778513392333670165,FULL
10612,13483,13500,7691260808000,9279477157000,1778513392383600617,1778513392377818999,FULL
10613,13484,13502,7691294130000,9279510478000,1778513392417208930,1778513392432741915,FULL
10614,13485,13503,7691327465000,9279543796000,1778513392454588019,1778513392464158557,FULL
10615,13486,13504,7691360771000,9279577116000,1778513392489474244,1778513392496891538,FULL
10616,13487,13505,7691394090000,9279610433000,1778513392519587854,1778513392530244606,FULL
10617,13488,13506,7691427400000,9279643760000,1778513392549973794,1778513392563848746,FULL
10618,13489,13507,7691460719000,9279677077000,1778513392582838374,1778513392597110999,FULL
10619,13490,13508,7691494034000,9279710388000,1778513392615282033,1778513392631331892,FULL
10620,13491,13509,7691527351000,9279743705000,1778513392650455534,1778513392664909439,FULL
10621,13492,13509,7691560672000,9279777023000,1778513392681536114,1778513392664909439,FULL
10622,13493,13511,7691593990000,9279810342000,1778513392714970355,1778513392731460521,FULL
10623,13494,13512,7691627306000,9279843660000,1778513392749578529,1778513392764595221,FULL
10624,13495,13512,7691660626000,9279876978000,1778513392781491675,1778513392764595221,FULL
10625,13496,13514,7691693944000,9279910297000,1778513392815327060,1778513392831929924,FULL
10626,13497,13515,7691727262000,9279943615000,1778513392848734653,1778513392865519434,FULL
10627,13498,13515,7691760579000,9279976933000,1778513392881393013,1778513392865519434,FULL
10628,13499,13517,7691793900000,9280010254000,1778513392916168537,1778513392931873795,FULL
10629,13500,13518,7691827219000,9280043574000,1778513392948810397,1778513392965675952,FULL
10630,13501,13518,7691860536000,9280076891000,1778513392981559720,1778513392965675952,FULL
10631,13502,13519,7691893862000,9280110210000,1778513393015570973,1778513393000585727,FULL
10632,13503,13520,7691927174000,9280143527000,1778513393048579978,1778513393036739453,FULL
10633,13504,13521,7691960490000,9280176844000,1778513393081925313,1778513393067939208,FULL
10634,13505,13522,7691993810000,9280210163000,1778513393114492711,1778513393102184971,FULL
10635,13506,13523,7692027126000,9280243482000,1778513393150357038,1778513393132428569,FULL
10636,13507,13524,7692060460000,9280276801000,1778513393181864133,1778513393169309621,FULL
10637,13508,13526,7692093766000,9280310118000,1778513393217225205,1778513393232989378,FULL
10638,13509,13526,7692127091000,9280343436000,1778513393247987974,1778513393232989378,FULL
10639,13510,13527,7692160403000,9280376755000,1778513393282033783,1778513393266382501,FULL
10640,13511,13528,7692193721000,9280410074000,1778513393314445831,1778513393298612117,FULL
10641,13512,13529,7692227040000,9280443392000,1778513393348418659,1778513393333749945,FULL
10642,13513,13530,7692260357000,9280476712000,1778513393381663106,1778513393365233050,FULL
10643,13514,13531,7692293677000,9280510029000,1778513393414393947,1778513393398685654,FULL
10644,13515,13533,7692326993000,9280543347000,1778513393450543271,1778513393467576601,FULL
10645,13516,13533,7692360315000,9280576666000,1778513393481293911,1778513393467576601,FULL
10646,13517,13534,7692393633000,9280609985000,1778513393515183092,1778513393499814013,FULL
10647,13518,13535,7692426949000,9280643304000,1778513393548225078,1778513393534555846,FULL
10648,13519,13536,7692460269000,9280676622000,1778513393581097880,1778513393566984515,FULL
10649,13520,13537,7692493588000,9280709940000,1778513393615191485,1778513393602177713,FULL
10650,13521,13538,7692526905000,9280743259000,1778513393648848075,1778513393631770873,FULL
10651,13522,13540,7692560225000,9280776577000,1778513393683031290,1778513393698925671,FULL
10652,13523,13541,7692593549000,9280809896000,1778513393717151598,1778513393732426663,FULL
10653,13524,13541,7692626862000,9280843224000,1778513393749029207,1778513393732426663,FULL
10654,13525,13542,7692660180000,9280876536000,1778513393780949927,1778513393766833795,FULL
10655,13526,13544,7692693499000,9280909852000,1778513393814773887,1778513393831426747,FULL
10656,13527,13545,7692726818000,9280943171000,1778513393849380819,1778513393866861054,FULL
10657,13528,13545,7692760134000,9280976490000,1778513393881317965,1778513393866861054,FULL
10658,13529,13546,7692793454000,9281009810000,1778513393914811020,1778513393898062420,FULL
10659,13530,13547,7692826772000,9281043129000,1778513393948505314,1778513393931576116,FULL
10660,13531,13548,7692860095000,9281076443000,1778513393981533411,1778513393965743676,FULL
10661,13532,13549,7692893410000,9281109765000,1778513394014180902,1778513393998133216,FULL
10662,13533,13550,7692926726000,9281143084000,1778513394048142656,1778513394032496534,FULL
10663,13534,13551,7692960044000,9281176401000,1778513394080765072,1778513394065215071,FULL
10664,13535,13552,7692993366000,9281209725000,1778513394114073629,1778513394098201864,FULL
10665,13536,13553,7693026681000,9281243043000,1778513394147975754,1778513394132301999,FULL
10666,13537,13555,7693060002000,9281276358000,1778513394185370824,1778513394198089217,FULL
10667,13538,13556,7693093319000,9281309673000,1778513394216232537,1778513394232284018,FULL
10668,13539,13556,7693126642000,9281342999000,1778513394247600689,1778513394232284018,FULL
10669,13540,13557,7693159956000,9281376312000,1778513394280031088,1778513394264610133,FULL
10670,13541,13558,7693193276000,9281409628000,1778513394313610939,1778513394298849933,FULL
10671,13542,13559,7693226593000,9281442949000,1778513394346797757,1778513394331413712,FULL
10672,13543,13560,7693259910000,9281476264000,1778513394380199943,1778513394377076902,FULL
10673,13544,13561,7693293231000,9281509583000,1778513394413738349,1778513394400896765,FULL
10674,13545,14256,7693326548000,9281542904000,1778513417577670770,1778513417585152252,FULL
10675,13546,14256,7693359869000,9281576222000,1778513417585018730,1778513417585152252,FULL
10676,13547,14256,7693393186000,9281609539000,1778513417586274476,1778513417585152252,FULL
10677,13548,14256,7693426503000,9281642860000,1778513417586788397,1778513417585152252,FULL
10678,13549,14256,7693459823000,9281676178000,1778513417587283355,1778513417585152252,FULL
10679,13550,14256,7693493143000,9281709506000,1778513417587933181,1778513417585152252,FULL
10680,13551,14256,7693526461000,9281742823000,1778513417588471509,1778513417585152252,FULL
10681,13552,14256,7693559776000,9281776136000,1778513417591740382,1778513417585152252,FULL
10682,13553,14256,7693593097000,9281809452000,1778513417593334402,1778513417585152252,FULL
10683,13554,14256,7693626419000,9281842774000,1778513417596099058,1778513417585152252,FULL
10684,13555,14256,7693659732000,9281876089000,1778513417600591622,1778513417585152252,FULL
10685,13556,14256,7693693051000,9281909408000,1778513417601554612,1778513417585152252,FULL
10686,13557,14257,7693726374000,9281942726000,1778513417608172339,1778513417618373006,FULL
10687,13558,14257,7693759688000,9281976045000,1778513417608826332,1778513417618373006,FULL
10688,13559,14257,7693793008000,9282009364000,1778513417609382844,1778513417618373006,FULL
10689,13560,14257,7693826324000,9282042684000,1778513417609907043,1778513417618373006,FULL
10690,13561,14257,7693859644000,9282076000000,1778513417610442852,1778513417618373006,FULL
10691,13562,14257,7693892963000,9282109320000,1778513417610981587,1778513417618373006,FULL
10692,14242,14259,7716549535000,9304765889000,1778513417687911926,1778513417679984450,FULL
10693,14243,14260,7716582859000,9304799208000,1778513417715666857,1778513417719805548,FULL
10694,14244,14261,7716616169000,9304832527000,1778513417746987787,1778513417745038176,FULL
10695,14245,14262,7716649490000,9304865845000,1778513417784663631,1778513417785237900,FULL
10696,14246,14263,7716682827000,9304899163000,1778513417810829708,1778513417816830133,FULL
10697,14247,14264,7716716126000,9304932481000,1778513417843221275,1778513417845758484,FULL
10698,14248,14265,7716749447000,9304965801000,1778513417872509264,1778513417888474091,FULL
10699,14249,14266,7716782770000,9304999119000,1778513417910031110,1778513417919127055,FULL
10700,14250,14373,7716816086000,9305032438000,1778513421470760901,1778513421487360910,FULL
10701,14251,14373,7716849398000,9305065756000,1778513421471019046,1778513421487360910,FULL
10702,14252,14373,7716882722000,9305099074000,1778513421471202878,1778513421487360910,FULL
10703,14253,14373,7716916038000,9305132393000,1778513421475050004,1778513421487360910,FULL
10704,14254,14373,7716949356000,9305165710000,1778513421475950439,1778513421487360910,FULL
10705,14255,14373,7716982674000,9305199029000,1778513421478192989,1778513421487360910,FULL
10706,14256,14373,7717015992000,9305232348000,1778513421479673992,1778513421487360910,FULL
10707,14257,14373,7717049307000,9305265666000,1778513421481588787,1778513421487360910,FULL
10708,14258,14373,7717082624000,9305298985000,1778513421482211243,1778513421487360910,FULL
10709,14259,14373,7717115944000,9305332303000,1778513421483978892,1778513421487360910,FULL
10710,14260,14373,7717149261000,9305365621000,1778513421485054954,1778513421487360910,FULL
10711,14261,14373,7717182580000,9305398940000,1778513421486189942,1778513421487360910,FULL
10712,14262,14373,7717215901000,9305432259000,1778513421487208413,1778513421487360910,FULL
10713,14263,14373,7717249217000,9305465577000,1778513421488382179,1778513421487360910,FULL
10714,14264,14373,7717282537000,9305498896000,1778513421489249169,1778513421487360910,FULL
10715,14265,14373,7717315853000,9305532214000,1778513421490471694,1778513421487360910,FULL
10716,14266,14373,7717349172000,9305565533000,1778513421490807486,1778513421487360910,FULL
10717,14267,14373,7717382491000,9305598851000,1778513421491804032,1778513421487360910,FULL
10718,14359,14376,7720447793000,9308664151000,1778513421572300093,1778513421583761704,FULL
10719,14360,14377,7720481114000,9308697469000,1778513421602926882,1778513421616996532,FULL
10720,14361,14378,7720514441000,9308730788000,1778513421638904337,1778513421650201990,FULL
10721,14362,14379,7720547761000,9308764106000,1778513421671038166,1778513421684727140,FULL
10722,14363,14380,7720581071000,9308797424000,1778513421702685426,1778513421717039106,FULL
10723,14364,14381,7720614384000,9308830743000,1778513421735157177,1778513421750185546,FULL
10724,14365,14382,7720647706000,9308864063000,1778513421769360503,1778513421783452652,FULL
10725,14366,14383,7720681019000,9308897382000,1778513421801811421,1778513421817025014,FULL
10726,14367,14384,7720714338000,9308930699000,1778513421840232295,1778513421850224083,FULL
10727,14368,14385,7720747658000,9308964018000,1778513421869936056,1778513421883427930,FULL
10728,14369,14386,7720780980000,9308997337000,1778513421901788888,1778513421916671981,FULL
10729,14370,14387,7720814294000,9309030654000,1778513421936411395,1778513421950204121,FULL
10730,14371,14388,7720847613000,9309063973000,1778513421968006489,1778513421983394227,FULL
10731,14372,14389,7720880932000,9309097292000,1778513422001411952,1778513422016949423,FULL
10732,14373,14390,7720914251000,9309130611000,1778513422034499604,1778513422050058363,FULL
10733,14374,14391,7720947569000,9309163930000,1778513422068266027,1778513422083232285,FULL
10734,14375,14392,7720980887000,9309197248000,1778513422101579214,1778513422119059977,FULL
10735,14376,14393,7721014205000,9309230566000,1778513422134602626,1778513422149918810,FULL
10736,14377,14394,7721047523000,9309263884000,1778513422168826026,1778513422183222970,FULL
10737,14378,14395,7721080844000,9309297204000,1778513422201455886,1778513422216576686,FULL
10738,14379,14396,7721114160000,9309330523000,1778513422236360816,1778513422249788663,FULL
10739,14380,14397,7721147480000,9309363841000,1778513422268682550,1778513422283473061,FULL
10740,14381,14398,7721180802000,9309397159000,1778513422301967996,1778513422317402457,FULL
10741,14382,14399,7721214117000,9309430482000,1778513422335476700,1778513422350726043,FULL
10742,14383,14399,7721247435000,9309463796000,1778513422368342613,1778513422350726043,FULL
10743,14384,14400,7721280756000,9309497114000,1778513422401823169,1778513422401505925,FULL
10744,14385,14401,7721314072000,9309530433000,1778513422435505648,1778513422423900079,FULL
10745,14386,14403,7721347390000,9309563752000,1778513422468840038,1778513422483378007,FULL
10746,14387,14404,7721380709000,9309597069000,1778513422501779248,1778513422510936501,FULL
10747,14388,14405,7721414027000,9309630388000,1778513422534767457,1778513422550522305,FULL
10748,14389,14406,7721447346000,9309663707000,1778513422568579823,1778513422583696393,FULL
10749,14390,14407,7721480665000,9309697025000,1778513422601973065,1778513422617410346,FULL
10750,14391,14408,7721513986000,9309730343000,1778513422638770845,1778513422649689110,FULL
10751,14392,14409,7721547302000,9309763662000,1778513422688822078,1778513422683290212,FULL
10752,14393,14410,7721580624000,9309796980000,1778513422722896701,1778513422717060165,FULL
10753,14394,14411,7721613941000,9309830299000,1778513422753711488,1778513422750405825,FULL
10754,14395,14412,7721647261000,9309863617000,1778513422785871280,1778513422783789097,FULL
10755,14396,14413,7721680577000,9309896935000,1778513422821157205,1778513422817180757,FULL
10756,14397,14414,7721713898000,9309930255000,1778513422848891932,1778513422850492695,FULL
10757,14398,14415,7721747215000,9309963570000,1778513422876466346,1778513422883744245,FULL
10758,14399,14416,7721780531000,9309996892000,1778513422911136463,1778513422917549346,FULL
10759,14401,15044,7721847166000,9310063528000,1778513443827241810,1778513443814237909,FULL
10760,14402,15045,7721880486000,9310096844000,1778513443836418602,1778513443847942751,FULL
10761,14403,15045,7721913804000,9310130165000,1778513443837006448,1778513443847942751,FULL
10762,14404,15045,7721947123000,9310163483000,1778513443837595423,1778513443847942751,FULL
10763,14405,15045,7721980441000,9310196802000,1778513443838195769,1778513443847942751,FULL
10764,14406,15045,7722013761000,9310230120000,1778513443839276424,1778513443847942751,FULL
10765,14407,15045,7722047078000,9310263439000,1778513443844211280,1778513443847942751,FULL
10766,14408,15045,7722080396000,9310296758000,1778513443844966568,1778513443847942751,FULL
10767,14409,15045,7722113716000,9310330076000,1778513443852005013,1778513443847942751,FULL
10768,14410,15045,7722147033000,9310363394000,1778513443852666228,1778513443847942751,FULL
10769,14411,15045,7722180354000,9310396712000,1778513443853197815,1778513443847942751,FULL
10770,14412,15045,7722213671000,9310430032000,1778513443853755716,1778513443847942751,FULL
10771,14413,15045,7722246988000,9310463350000,1778513443855052129,1778513443847942751,FULL
10772,14414,15045,7722280308000,9310496669000,1778513443855854731,1778513443847942751,FULL
10773,14415,15045,7722313626000,9310529988000,1778513443856962627,1778513443847942751,FULL
10774,14416,15045,7722346946000,9310563306000,1778513443860162371,1778513443847942751,FULL
10775,14417,15045,7722380265000,9310596624000,1778513443863838055,1778513443847942751,FULL
10776,15001,15046,7741838255000,9330054619000,1778513443871960655,1778513443880526382,FULL
10777,15030,15048,7742804497000,9331020855000,1778513443934016873,1778513443947093481,FULL
10778,15031,15048,7742837815000,9331054172000,1778513443960835739,1778513443947093481,FULL
10779,15032,15191,7742871133000,9331087492000,1778513448748104766,1778513448740444968,FULL
10780,15033,15191,7742904455000,9331120811000,1778513448748955053,1778513448740444968,FULL
10781,15034,15191,7742937766000,9331154129000,1778513448749246383,1778513448740444968,FULL
10782,15035,15191,7742971084000,9331187447000,1778513448749549991,1778513448740444968,FULL
10783,15036,15191,7743004402000,9331220765000,1778513448749764026,1778513448740444968,FULL
10784,15037,15191,7743037721000,9331254084000,1778513448749982616,1778513448740444968,FULL
10785,15038,15191,7743071038000,9331287403000,1778513448750277039,1778513448740444968,FULL
10786,15039,15192,7743104356000,9331320721000,1778513448761005482,1778513448774233273,FULL
10787,15040,15192,7743137674000,9331354040000,1778513448762203821,1778513448774233273,FULL
10788,15041,15192,7743170993000,9331387358000,1778513448762652002,1778513448774233273,FULL
10789,15042,15192,7743204311000,9331420676000,1778513448767485562,1778513448774233273,FULL
10790,15043,15192,7743237631000,9331453995000,1778513448768431830,1778513448774233273,FULL
10791,15044,15192,7743270949000,9331487313000,1778513448769624095,1778513448774233273,FULL
10792,15045,15192,7743304268000,9331520633000,1778513448770822879,1778513448774233273,FULL
10793,15046,15192,7743337587000,9331553951000,1778513448771911978,1778513448774233273,FULL
10794,15047,15192,7743370906000,9331587270000,1778513448772950319,1778513448774233273,FULL
10795,15048,15192,7743404222000,9331620588000,1778513448774229787,1778513448774233273,FULL
10796,15049,15192,7743437541000,9331653906000,1778513448774945428,1778513448774233273,FULL
10797,15177,15194,7747702313000,9335918672000,1778513448826666199,1778513448840361101,FULL
10798,15178,15195,7747735642000,9335951991000,1778513448861978291,1778513448875921241,FULL
